1,34,x7f97b47c6070,1,300.0,0.0,2,[4],1
1,34,x7f97b47c6070,2,100.0,0.0,2,[4],4
1,34,x7f97b47c6070,3,-100.0,0.0,2,[0],2
1,34,x7f97b47c6070,4,500.0,2.0,3,[5],4
1,34,x7f97b47c6070,5,200.02,0.0,3,[4],0
1,34,x7f97b47c6070,6,-300.0,0.0,4,[0],4
1,34,x7f97b47c6070,7,399.15,2.0,4,[0],4
1,34,x7f97b47c6070,8,-67.78,1.0,5,[0],4
1,34,x7f97b47c6070,9,-27.68,0.0,5,[0],4
1,34,x7f97b47c6070,10,300.0,0.0,5,[4],1
1,34,x7f97b47c6070,11,300.0,0.0,2,[0],0
1,34,x7f97b47c6070,12,16.13,0.0,5,[0],4
1,34,x7f97b47c6070,13,97.75,0.0,5,[6],2
1,34,x7f97b47c6070,14,100.0,0.0,2,[0],1
1,34,x7f97b47c6070,15,-41.92,0.0,5,[0],3
1,34,x7f97b47c6070,16,-100.0,0.0,5,[1],2
1,34,x7f97b47c6070,17,-118.69,0.0,5,[0],3
1,34,x7f97b47c6070,18,-100.0,0.0,5,[1],2
1,34,x7f97b47c6070,19,300.0,0.0,5,[4],2
1,34,x7f97b47c6070,20,100.0,0.0,2,[0],4
1,34,x7f97b47c6070,21,-300.0,0.0,5,[4],2
1,34,x7f97b47c6070,22,-300.0,0.0,2,[0],2
1,34,x7f97b47c6070,23,374.05,2.0,5,[0],4
1,34,x7f97b47c6070,24,200.0,0.0,5,[4],2
1,34,x7f97b47c6070,25,0.0,1.0,2,[1],0
1,34,x7f97b47c6070,26,-200.0,0.0,5,[1],2
1,34,x7f97b47c6070,27,103.6,0.0,5,[4],0
1,34,x7f97b47c6070,28,200.0,0.0,2,[0],3
1,34,x7f97b47c6070,29,-112.37,1.0,5,[0],3
1,34,x7f97b47c6070,30,100.01,0.0,5,[4],2
1,34,x7f97b47c6070,31,300.0,0.0,2,[0],1
1,34,x7f97b47c6070,32,-311.35,0.0,5,[0],3
1,34,x7f97b47c6070,33,20.89,1.0,5,[4],4
1,34,x7f97b47c6070,34,100.0,0.0,2,[0],2
1,34,x7f97b47c6070,35,-53.58,0.0,5,[0],4
1,34,x7f97b47c6070,36,-117.85,0.0,5,[0],3
1,34,x7f97b47c6070,37,112.66,0.0,5,[4],1
1,34,x7f97b47c6070,38,100.0,0.0,2,[0],1
1,34,x7f97b47c6070,39,-612.76,0.0,5,[0],3
1,34,x7f97b47c6070,40,-474.4,0.0,5,[5],2
1,34,x7f97b47c6070,41,700.0,2.0,2,[0],4
1,34,x7f97b47c6070,42,-300.0,0.0,5,[4],1
1,34,x7f97b47c6070,43,-200.0,0.0,2,[0],1
1,34,x7f97b47c6070,44,-400.0,0.0,5,[4],0
1,34,x7f97b47c6070,45,0.0,1.0,2,[1],0
1,34,x7f97b47c6070,46,-472.57,1.0,5,[0],3
1,34,x7f97b47c6070,47,-625.45,0.0,5,[0],3
1,34,x7f97b47c6070,48,-613.55,1.0,5,[0],3
1,34,x7f97b47c6070,49,799.42,2.0,5,[4],1
1,34,x7f97b47c6070,50,-200.0,1.0,2,[1],4
1,34,x7f97b47c6070,51,-66.03,0.0,5,[0],3
1,34,x7f97b47c6070,52,302.93,1.0,5,[5],0
1,34,x7f97b47c6070,53,300.0,0.0,2,[0],4
1,34,x7f97b47c6070,54,-184.55,0.0,5,[0],3
1,34,x7f97b47c6070,55,-97.79,0.0,5,[1],2
1,34,x7f97b47c6070,56,-112.94,0.0,5,[0],3
1,34,x7f97b47c6070,57,200.0,0.0,5,[4],2
1,34,x7f97b47c6070,58,100.0,0.0,2,[1],2
1,34,x7f97b47c6070,59,199.76,1.0,5,[4],1
1,34,x7f97b47c6070,60,100.0,0.0,2,[1],0
1,34,x7f97b47c6070,61,100.0,0.0,5,[4],0
1,34,x7f97b47c6070,62,0.0,0.0,2,[0],0
1,34,x7f97b47c6070,63,90.3,1.0,5,[0],3
1,34,x7f97b47c6070,64,100.01,0.0,5,[5],0
1,34,x7f97b47c6070,65,0.0,1.0,2,[0],1
1,34,x7f97b47c6070,66,-99.98,0.0,5,[1],2
1,34,x7f97b47c6070,67,-26.64,0.0,5,[0],3
1,34,x7f97b47c6070,68,-21.86,0.0,5,[0],2
1,34,x7f97b47c6070,69,-129.99,1.0,5,[0],3
1,34,x7f97b47c6070,70,134.0,0.0,5,[4],2
1,34,x7f97b47c6070,71,200.0,0.0,2,[0],1
1,34,x7f97b47c6070,72,-100.92,0.0,5,[1],2
1,34,x7f97b47c6070,73,102.82,1.0,5,[5],4
1,34,x7f97b47c6070,74,0.0,1.0,2,[0],1
1,34,x7f97b47c6070,75,-396.04,0.0,5,[4],1
1,34,x7f97b47c6070,76,-300.0,0.0,2,[0],2
1,34,x7f97b47c6070,77,390.66,2.0,5,[0],3
1,34,x7f97b47c6070,78,-40.95,0.0,5,[1],2
1,34,x7f97b47c6070,79,-18.07,1.0,5,[5],4
1,34,x7f97b47c6070,80,100.0,0.0,2,[0],3
1,34,x7f97b47c6070,81,100.12,0.0,5,[5],2
1,34,x7f97b47c6070,82,200.0,0.0,2,[0],2
1,34,x7f97b47c6070,83,200.0,0.0,5,[4],2
1,34,x7f97b47c6070,84,0.0,0.0,2,[1],0
1,34,x7f97b47c6070,85,-0.23,1.0,5,[0],4
1,34,x7f97b47c6070,86,-500.42,0.0,5,[6],0
1,34,x7f97b47c6070,87,-500.0,0.0,2,[0],2
1,34,x7f97b47c6070,88,-534.33,0.0,5,[6],2
1,34,x7f97b47c6070,89,700.0,2.0,2,[0],3
1,34,x7f97b47c6070,90,478.79,2.0,5,[6],4
1,34,x7f97b47c6070,91,-100.0,0.0,2,[1],0
1,34,x7f97b47c6070,92,100.0,0.0,5,[1],2
1,34,x7f97b47c6070,93,-501.28,0.0,5,[0],2
1,34,x7f97b47c6070,94,-480.09,0.0,5,[4],1
1,34,x7f97b47c6070,95,700.0,2.0,2,[0],3
1,34,x7f97b47c6070,96,-396.3,0.0,5,[4],1
1,34,x7f97b47c6070,97,400.0,1.0,2,[0],4
1,34,x7f97b47c6070,98,-300.0,0.0,5,[4],1
1,34,x7f97b47c6070,99,0.0,0.0,2,[1],2
1,34,x7f97b47c6070,100,-500.0,0.0,5,[1],2
1,34,x7f97b47c6070,101,-500.0,0.0,5,[1],2
1,34,x7f97b47c6070,102,700.0,2.0,5,[4],4
1,34,x7f97b47c6070,103,0.0,0.0,2,[1],2
1,34,x7f97b47c6070,104,0.0,0.0,5,[1],0
1,34,x7f97b47c6070,105,200.01,1.0,5,[4],1
1,34,x7f97b47c6070,106,0.0,1.0,2,[0],1
1,34,x7f97b47c6070,107,-0.06,0.0,5,[0],3
1,34,x7f97b47c6070,108,132.51,0.0,5,[4],2
1,34,x7f97b47c6070,109,400.0,1.0,2,[0],2
1,34,x7f97b47c6070,110,0.0,0.0,5,[1],0
1,34,x7f97b47c6070,111,100.43,0.0,5,[4],0
1,34,x7f97b47c6070,112,200.0,1.0,2,[0],4
1,34,x7f97b47c6070,113,197.54,1.0,5,[5],2
1,34,x7f97b47c6070,114,300.0,0.0,2,[0],0
1,34,x7f97b47c6070,115,202.5,1.0,5,[4],1
1,34,x7f97b47c6070,116,100.0,0.0,2,[1],2
1,34,x7f97b47c6070,117,92.57,0.0,5,[6],0
1,34,x7f97b47c6070,118,100.0,0.0,2,[1],2
1,34,x7f97b47c6070,119,299.99,1.0,5,[4],2
1,34,x7f97b47c6070,120,0.0,1.0,2,[1],2
1,34,x7f97b47c6070,121,-400.07,0.0,5,[5],2
1,34,x7f97b47c6070,122,-500.0,0.0,2,[0],3
1,34,x7f97b47c6070,123,466.86,2.0,5,[0],3
1,34,x7f97b47c6070,124,100.0,1.0,5,[1],0
1,34,x7f97b47c6070,125,214.02,1.0,5,[0],3
1,34,x7f97b47c6070,126,115.46,0.0,5,[4],1
1,34,x7f97b47c6070,127,400.0,1.0,2,[0],2
1,34,x7f97b47c6070,128,202.86,1.0,5,[4],2
1,34,x7f97b47c6070,129,200.0,1.0,2,[1],4
1,34,x7f97b47c6070,130,-160.98,0.0,5,[0],3
1,34,x7f97b47c6070,131,121.5,1.0,5,[6],4
1,34,x7f97b47c6070,132,0.0,1.0,2,[0],4
1,34,x7f97b47c6070,133,-146.61,0.0,5,[0],3
1,34,x7f97b47c6070,134,98.68,0.0,5,[4],1
1,34,x7f97b47c6070,135,100.0,0.0,2,[1],0
1,34,x7f97b47c6070,136,82.78,0.0,5,[6],0
1,34,x7f97b47c6070,137,300.0,0.0,2,[0],4
1,34,x7f97b47c6070,138,238.32,1.0,5,[4],4
1,34,x7f97b47c6070,139,100.0,0.0,2,[1],0
1,34,x7f97b47c6070,140,-98.98,0.0,5,[1],2
1,34,x7f97b47c6070,141,-100.33,1.0,5,[1],4
1,34,x7f97b47c6070,142,198.88,1.0,5,[4],4
1,34,x7f97b47c6070,143,0.0,1.0,2,[1],4
1,34,x7f97b47c6070,144,-57.99,1.0,5,[6],4
1,34,x7f97b47c6070,145,100.0,0.0,2,[1],0
1,34,x7f97b47c6070,146,102.86,0.0,5,[5],0
1,34,x7f97b47c6070,147,300.0,0.0,2,[0],4
1,34,x7f97b47c6070,148,-228.0,0.0,5,[0],4
1,34,x7f97b47c6070,149,99.18,0.0,5,[5],0
1,34,x7f97b47c6070,150,300.0,0.0,2,[0],4
1,34,x7f97b47c6070,151,-30.46,1.0,5,[1],4
1,34,x7f97b47c6070,152,300.0,0.0,5,[4],0
1,34,x7f97b47c6070,153,300.0,0.0,2,[0],4
1,34,x7f97b47c6070,154,199.99,0.0,5,[4],1
1,34,x7f97b47c6070,155,-100.0,0.0,2,[0],4
1,34,x7f97b47c6070,156,192.39,0.0,5,[0],4
1,34,x7f97b47c6070,157,300.0,0.0,5,[4],2
1,34,x7f97b47c6070,158,300.0,0.0,2,[0],3
1,34,x7f97b47c6070,159,-4.16,0.0,5,[1],2
1,34,x7f97b47c6070,160,100.0,0.0,5,[1],0
1,34,x7f97b47c6070,161,-155.51,0.0,5,[0],3
1,34,x7f97b47c6070,162,200.0,0.0,5,[4],0
1,34,x7f97b47c6070,163,39.4,0.0,3,[0],3
1,34,x7f97b47c6070,164,-124.67,0.0,5,[0],4
1,34,x7f97b47c6070,165,70.27,0.0,5,[0],4
1,34,x7f97b47c6070,166,-270.06,0.0,5,[0],4
1,34,x7f97b47c6070,167,65.49,0.0,5,[0],3
1,34,x7f97b47c6070,168,-168.29,0.0,5,[0],4
1,34,x7f97b47c6070,169,-154.27,0.0,5,[0],4
1,34,x7f97b47c6070,170,57.02,0.0,5,[0],3
1,34,x7f97b47c6070,171,-38.95,0.0,5,[0],4
1,34,x7f97b47c6070,172,-249.88,0.0,5,[0],4
1,34,x7f97b47c6070,173,-65.47,0.0,5,[0],3
1,34,x7f97b47c6070,174,-277.52,0.0,5,[0],4
1,34,x7f97b47c6070,175,-166.31,0.0,5,[0],4
1,34,x7f97b47c6070,176,-182.65,0.0,5,[0],4
1,34,x7f97b47c6070,177,300.0,2.0,5,[1],4
1,34,x7f97b47c6070,178,-136.42,0.0,5,[0],4
1,34,x7f97b47c6070,179,101.99,0.0,5,[6],2
1,34,x7f97b47c6070,180,700.0,2.0,3,[10],4
1,34,x7f97b47c6070,181,300.0,0.0,2,[0],4
1,34,x7f97b47c6070,182,-200.0,1.0,5,[1],4
1,34,x7f97b47c6070,183,127.18,0.0,5,[4],1
1,34,x7f97b47c6070,184,100.0,0.0,2,[1],2
1,34,x7f97b47c6070,185,-8.55,0.0,5,[0],4
1,34,x7f97b47c6070,186,-225.43,0.0,5,[0],3
1,34,x7f97b47c6070,187,-136.44,0.0,5,[0],4
1,34,x7f97b47c6070,188,300.0,0.0,5,[4],2
1,34,x7f97b47c6070,189,100.0,0.0,2,[0],0
1,34,x7f97b47c6070,190,-158.78,0.0,5,[0],3
1,34,x7f97b47c6070,191,-127.16,0.0,5,[0],3
1,34,x7f97b47c6070,192,300.0,0.0,5,[4],0
1,34,x7f97b47c6070,193,300.0,0.0,2,[0],4
1,34,x7f97b47c6070,194,-218.64,0.0,5,[0],4
1,34,x7f97b47c6070,195,-33.06,0.0,5,[0],4
1,34,x7f97b47c6070,196,300.0,0.0,5,[4],2
1,34,x7f97b47c6070,197,100.0,0.0,2,[0],4
1,34,x7f97b47c6070,198,-122.04,0.0,5,[0],4
1,34,x7f97b47c6070,199,99.05,0.0,5,[4],1
1,34,x7f97b47c6070,200,100.0,0.0,2,[0],3
1,34,x7f97b47c6070,201,87.64,0.0,5,[0],4
1,34,x7f97b47c6070,202,65.34,0.0,5,[4],1
1,34,x7f97b47c6070,203,100.0,0.0,2,[0],4
1,34,x7f97b47c6070,204,-100.64,0.0,5,[4],1
1,34,x7f97b47c6070,205,200.0,0.0,2,[0],3
1,34,x7f97b47c6070,206,136.66,0.0,5,[4],1
1,34,x7f97b47c6070,207,0.0,0.0,2,[1],2
1,34,x7f97b47c6070,208,26.9,0.0,5,[5],2
1,34,x7f97b47c6070,209,200.0,1.0,2,[0],4
1,34,x7f97b47c6070,210,20.43,1.0,5,[6],4
1,34,x7f97b47c6070,211,300.0,0.0,2,[0],3
1,34,x7f97b47c6070,212,-95.82,0.0,5,[0],4
1,34,x7f97b47c6070,213,-220.86,0.0,5,[0],4
1,34,x7f97b47c6070,214,-111.54,1.0,5,[1],4
1,34,x7f97b47c6070,215,-88.64,0.0,5,[0],4
1,34,x7f97b47c6070,216,300.0,0.0,5,[4],1
1,34,x7f97b47c6070,217,100.0,0.0,2,[0],4
1,34,x7f97b47c6070,218,-121.79,0.0,5,[0],4
1,34,x7f97b47c6070,219,253.23,0.0,5,[4],1
1,34,x7f97b47c6070,220,300.0,0.0,2,[0],4
1,34,x7f97b47c6070,221,-200.0,1.0,5,[1],4
1,34,x7f97b47c6070,222,198.77,0.0,5,[6],0
1,34,x7f97b47c6070,223,300.0,0.0,2,[0],4
1,34,x7f97b47c6070,224,300.0,0.0,5,[4],1
1,34,x7f97b47c6070,225,300.0,0.0,2,[0],4
1,34,x7f97b47c6070,226,300.0,0.0,5,[4],2
1,34,x7f97b47c6070,227,100.0,0.0,2,[1],2
1,34,x7f97b47c6070,228,-118.65,0.0,5,[0],3
1,34,x7f97b47c6070,229,-400.71,0.0,5,[4],1
1,34,x7f97b47c6070,230,300.0,2.0,2,[1],4
1,34,x7f97b47c6070,231,536.27,2.0,5,[6],4
1,34,x7f97b47c6070,232,200.0,0.0,2,[0],2
1,34,x7f97b47c6070,233,-113.81,1.0,5,[0],3
1,34,x7f97b47c6070,234,-104.39,1.0,5,[1],4
1,34,x7f97b47c6070,235,97.06,0.0,5,[4],0
1,34,x7f97b47c6070,236,0.0,1.0,2,[1],4
1,34,x7f97b47c6070,237,37.11,1.0,5,[6],4
1,34,x7f97b47c6070,238,200.0,0.0,2,[0],3
1,34,x7f97b47c6070,239,-124.34,1.0,5,[0],4
1,34,x7f97b47c6070,240,3.15,0.0,5,[0],4
1,34,x7f97b47c6070,241,-200.0,1.0,5,[1],4
1,34,x7f97b47c6070,242,188.89,0.0,5,[0],4
1,34,x7f97b47c6070,243,-200.0,1.0,5,[1],4
1,34,x7f97b47c6070,244,118.8,0.0,5,[0],0
1,34,x7f97b47c6070,245,59.18,0.0,5,[0],3
1,34,x7f97b47c6070,246,-40.32,0.0,5,[0],4
1,34,x7f97b47c6070,247,-151.9,0.0,5,[0],4
1,34,x7f97b47c6070,248,-60.28,0.0,5,[0],3
1,34,x7f97b47c6070,249,190.06,0.0,5,[5],2
1,34,x7f97b47c6070,250,300.0,0.0,2,[0],4
1,34,x7f97b47c6070,251,-192.77,0.0,5,[0],4
1,34,x7f97b47c6070,252,-100.85,0.0,5,[0],4
1,34,x7f97b47c6070,253,300.0,0.0,5,[4],2
1,34,x7f97b47c6070,254,300.0,0.0,2,[0],4
1,34,x7f97b47c6070,255,-252.34,0.0,5,[0],4
1,34,x7f97b47c6070,256,-127.54,0.0,5,[0],4
1,34,x7f97b47c6070,257,300.0,0.0,5,[4],1
1,34,x7f97b47c6070,258,300.0,0.0,2,[0],0
1,34,x7f97b47c6070,259,-2.14,0.0,5,[0],4
1,34,x7f97b47c6070,260,0.0,1.0,5,[1],2
1,34,x7f97b47c6070,261,-36.7,0.0,5,[0],4
1,34,x7f97b47c6070,262,-101.32,0.0,5,[0],4
1,34,x7f97b47c6070,263,-30.85,1.0,5,[1],4
1,34,x7f97b47c6070,264,227.66,0.0,5,[4],1
1,34,x7f97b47c6070,265,100.0,0.0,2,[0],4
1,34,x7f97b47c6070,266,113.61,0.0,5,[5],2
1,34,x7f97b47c6070,267,100.0,0.0,2,[0],4
1,34,x7f97b47c6070,268,-100.0,0.0,5,[1],2
1,34,x7f97b47c6070,269,-100.0,1.0,5,[1],4
1,34,x7f97b47c6070,270,-109.23,0.0,5,[0],3
1,34,x7f97b47c6070,271,300.0,2.0,5,[1],4
1,34,x7f97b47c6070,272,-300.0,0.0,5,[4],0
1,34,x7f97b47c6070,273,300.0,2.0,2,[1],4
1,34,x7f97b47c6070,274,300.0,2.0,4,[6],4
1,34,x7f97b47c6070,275,-475.43,0.0,5,[5],4
1,34,x7f97b47c6070,276,500.0,2.0,2,[0],4
1,34,x7f97b47c6070,277,-636.86,1.0,5,[0],3
1,34,x7f97b47c6070,278,-300.0,0.0,5,[4],0
1,34,x7f97b47c6070,279,200.0,0.0,2,[0],3
1,34,x7f97b47c6070,280,-728.9,1.0,5,[0],3
1,34,x7f97b47c6070,281,499.88,2.0,5,[5],4
1,34,x7f97b47c6070,282,200.0,1.0,2,[0],0
1,34,x7f97b47c6070,283,300.86,1.0,5,[4],0
1,34,x7f97b47c6070,284,300.0,0.0,2,[0],4
1,34,x7f97b47c6070,285,200.65,1.0,5,[5],4
1,34,x7f97b47c6070,286,300.0,0.0,2,[0],4
1,34,x7f97b47c6070,287,401.2,2.0,5,[1],4
1,34,x7f97b47c6070,288,-201.77,0.0,5,[0],4
1,34,x7f97b47c6070,289,-51.01,0.0,5,[0],4
1,34,x7f97b47c6070,290,-200.0,1.0,5,[1],4
1,34,x7f97b47c6070,291,-200.0,1.0,5,[1],4
1,34,x7f97b47c6070,292,-1.42,0.0,5,[0],3
1,34,x7f97b47c6070,293,-241.04,0.0,5,[0],3
1,34,x7f97b47c6070,294,-44.7,0.0,5,[0],4
1,34,x7f97b47c6070,295,300.0,0.0,5,[4],2
1,34,x7f97b47c6070,296,100.0,0.0,2,[0],1
1,34,x7f97b47c6070,297,380.62,2.0,5,[1],4
1,34,x7f97b47c6070,298,-143.14,1.0,5,[1],4
1,34,x7f97b47c6070,299,-8.61,0.0,5,[0],4
1,34,x7f97b47c6070,300,300.0,0.0,5,[4],2
1,34,x7f97b47c6070,301,299.85,1.0,3,[10],4
1,34,x7f97b47c6070,302,100.0,0.0,2,[0],4
1,34,x7f97b47c6070,303,-200.0,1.0,5,[1],4
1,34,x7f97b47c6070,304,300.0,0.0,5,[4],2
1,34,x7f97b47c6070,305,-49.12,0.0,3,[0],4
1,34,x7f97b47c6070,306,-14.25,0.0,5,[0],4
1,34,x7f97b47c6070,307,300.0,0.0,5,[4],0
1,34,x7f97b47c6070,308,-214.02,0.0,3,[0],4
1,34,x7f97b47c6070,309,101.1,0.0,5,[4],2
1,34,x7f97b47c6070,310,-75.05,1.0,3,[1],4
1,34,x7f97b47c6070,311,-13.99,1.0,5,[6],4
1,34,x7f97b47c6070,312,-91.13,0.0,3,[0],4
1,34,x7f97b47c6070,313,200.0,0.0,5,[4],1
1,34,x7f97b47c6070,314,-152.19,1.0,3,[1],4
1,34,x7f97b47c6070,315,1.77,1.0,5,[6],4
1,34,x7f97b47c6070,316,200.0,1.0,3,[10],2
1,34,x7f97b47c6070,317,300.0,0.0,2,[0],4
1,34,x7f97b47c6070,318,-210.74,0.0,5,[0],4
1,34,x7f97b47c6070,319,-92.29,0.0,5,[0],4
1,34,x7f97b47c6070,320,-24.92,0.0,5,[0],4
1,34,x7f97b47c6070,321,300.0,0.0,5,[4],2
1,34,x7f97b47c6070,322,300.0,0.0,2,[0],4
1,34,x7f97b47c6070,323,-100.49,0.0,5,[0],4
1,34,x7f97b47c6070,324,-62.71,0.0,5,[0],4
1,34,x7f97b47c6070,325,-71.58,0.0,5,[0],4
1,34,x7f97b47c6070,326,300.0,0.0,5,[4],0
1,34,x7f97b47c6070,327,300.0,0.0,2,[0],4
1,34,x7f97b47c6070,328,200.0,0.0,5,[4],0
1,34,x7f97b47c6070,329,-200.0,1.0,2,[1],4
1,34,x7f97b47c6070,330,-100.21,1.0,5,[1],4
1,34,x7f97b47c6070,331,32.45,1.0,5,[6],4
1,34,x7f97b47c6070,332,300.0,0.0,2,[0],4
1,34,x7f97b47c6070,333,300.0,0.0,5,[4],0
1,34,x7f97b47c6070,334,300.0,0.0,2,[0],0
1,34,x7f97b47c6070,335,300.0,0.0,5,[4],1
1,34,x7f97b47c6070,336,300.0,0.0,2,[0],4
1,34,x7f97b47c6070,337,-187.11,0.0,5,[0],4
1,34,x7f97b47c6070,338,300.0,0.0,5,[4],0
1,34,x7f97b47c6070,339,300.0,0.0,2,[0],1
1,34,x7f97b47c6070,340,200.0,0.0,5,[4],1
1,34,x7f97b47c6070,341,0.0,1.0,2,[1],4
1,34,x7f97b47c6070,342,200.0,0.0,5,[4],2
1,34,x7f97b47c6070,343,0.0,1.0,2,[1],4
1,34,x7f97b47c6070,344,200.0,0.0,5,[4],0
1,34,x7f97b47c6070,345,100.0,0.0,2,[0],4
1,34,x7f97b47c6070,346,271.66,1.0,5,[4],0
1,34,x7f97b47c6070,347,300.0,0.0,2,[0],4
1,34,x7f97b47c6070,348,208.4,1.0,5,[4],0
1,34,x7f97b47c6070,349,0.0,1.0,2,[1],4
1,34,x7f97b47c6070,350,-0.03,0.0,5,[5],0
1,34,x7f97b47c6070,351,100.0,0.0,2,[0],0
1,34,x7f97b47c6070,352,200.0,0.0,5,[4],0
1,34,x7f97b47c6070,353,300.0,0.0,2,[0],3
1,34,x7f97b47c6070,354,0.0,0.0,5,[1],0
1,34,x7f97b47c6070,355,41.5,0.0,5,[5],0
1,34,x7f97b47c6070,356,0.0,0.0,2,[0],1
1,34,x7f97b47c6070,357,300.88,1.0,5,[4],0
1,34,x7f97b47c6070,358,200.0,1.0,2,[0],4
1,34,x7f97b47c6070,359,198.54,1.0,5,[6],4
1,34,x7f97b47c6070,360,300.0,0.0,2,[0],0
1,34,x7f97b47c6070,361,-300.0,0.0,5,[4],1
1,34,x7f97b47c6070,362,500.0,2.0,2,[1],4
1,34,x7f97b47c6070,363,-300.0,0.0,5,[4],0
1,34,x7f97b47c6070,364,0.0,1.0,2,[1],4
1,34,x7f97b47c6070,365,-400.0,0.0,5,[4],0
1,34,x7f97b47c6070,366,100.0,0.0,2,[0],3
1,34,x7f97b47c6070,367,-500.0,0.0,5,[6],0
1,34,x7f97b47c6070,368,100.0,0.0,2,[0],4
1,34,x7f97b47c6070,369,-502.64,0.0,5,[0],2
1,34,x7f97b47c6070,370,-400.0,0.0,4,[6],0
1,34,x7f97b47c6070,371,900.0,2.0,3,[4],1
1,34,x7f97b47c6070,372,-100.0,0.0,3,[5],0
1,34,x7f97b47c6070,373,300.01,1.0,3,[4],0
1,34,x7f97b47c6070,374,300.0,0.0,2,[4],0
1,34,x7f97b47c6070,375,199.83,1.0,5,[0],3
1,34,x7f97b47c6070,376,100.0,0.0,5,[4],0
1,34,x7f97b47c6070,377,0.0,1.0,2,[0],4
1,34,x7f97b47c6070,378,-408.47,0.0,5,[4],0
1,34,x7f97b47c6070,379,500.0,2.0,2,[1],2
1,34,x7f97b47c6070,380,-403.51,0.0,5,[4],0
1,34,x7f97b47c6070,381,-200.0,1.0,2,[1],4
1,34,x7f97b47c6070,382,700.04,2.0,5,[5],2
1,34,x7f97b47c6070,383,300.0,2.0,2,[1],4
1,34,x7f97b47c6070,384,-373.36,0.0,5,[0],0
1,34,x7f97b47c6070,385,-200.0,1.0,5,[4],0
1,34,x7f97b47c6070,386,-200.0,1.0,2,[1],4
1,34,x7f97b47c6070,387,-200.0,1.0,5,[4],0
1,34,x7f97b47c6070,388,300.0,0.0,2,[0],4
1,34,x7f97b47c6070,389,900.0,2.0,4,[4],2
1,34,x7f97b47c6070,390,200.0,0.0,3,[5],1
1,34,x7f97b47c6070,391,301.81,1.0,5,[4],1
1,34,x7f97b47c6070,392,100.0,0.0,2,[0],4
1,34,x7f97b47c6070,393,200.01,0.0,5,[4],0
1,34,x7f97b47c6070,394,300.0,0.0,2,[0],4
1,34,x7f97b47c6070,395,100.59,0.0,5,[4],0
1,34,x7f97b47c6070,396,0.0,1.0,2,[1],2
1,34,x7f97b47c6070,397,91.53,0.0,4,[4],0
1,34,x7f97b47c6070,398,100.29,0.0,4,[4],1
1,34,x7f97b47c6070,399,79.22,0.0,3,[5],0
1,34,x7f97b47c6070,400,400.0,1.0,2,[4],0
1,34,x7f97b47c6070,401,200.0,1.0,2,[4],0
1,34,x7f97b47c6070,402,300.0,0.0,2,[4],0
1,34,x7f97b47c6070,403,300.0,0.0,4,[4],1
1,34,x7f97b47c6070,404,300.0,0.0,3,[4],0
1,34,x7f97b47c6070,405,300.0,0.0,3,[4],0
1,34,x7f97b47c6070,406,99.88,0.0,5,[4],0
1,34,x7f97b47c6070,407,0.0,1.0,2,[1],4
1,34,x7f97b47c6070,408,-237.2,0.0,4,[0],3
1,34,x7f97b47c6070,409,100.0,0.0,4,[4],0
1,34,x7f97b47c6070,410,200.0,0.0,3,[4],2
1,34,x7f97b47c6070,411,-400.0,0.0,4,[0],3
1,34,x7f97b47c6070,412,300.0,1.0,3,[4],4
1,34,x7f97b47c6070,413,400.0,1.0,2,[4],0
1,34,x7f97b47c6070,414,0.0,0.0,2,[4],0
1,34,x7f97b47c6070,415,300.0,1.0,3,[4],0
1,34,x7f97b47c6070,416,-181.85,0.0,3,[0],3
1,34,x7f97b47c6070,417,300.0,0.0,2,[4],3
1,34,x7f97b47c6070,418,0.0,0.0,3,[5],0
1,34,x7f97b47c6070,419,-152.21,0.0,3,[0],4
1,34,x7f97b47c6070,420,-100.0,0.0,3,[0],2
1,34,x7f97b47c6070,421,200.0,1.0,2,[5],0
1,34,x7f97b47c6070,422,-300.0,0.0,3,[10],2
1,34,x7f97b47c6070,423,-399.8,0.0,4,[4],0
1,34,x7f97b47c6070,424,300.0,2.0,3,[1],4
1,34,x7f97b47c6070,425,300.0,0.0,2,[10],0
1,34,x7f97b47c6070,426,-403.7,0.0,4,[4],0
1,34,x7f97b47c6070,427,300.0,0.0,3,[10],1
1,34,x7f97b47c6070,428,300.0,0.0,2,[4],0
1,34,x7f97b47c6070,429,300.0,0.0,2,[0],1
1,34,x7f97b47c6070,430,-300.0,0.0,4,[6],0
1,34,x7f97b47c6070,431,61.11,0.0,3,[0],4
1,34,x7f97b47c6070,432,100.0,0.0,2,[10],0
1,34,x7f97b47c6070,433,796.3,2.0,4,[4],0
1,34,x7f97b47c6070,434,-137.27,0.0,3,[0],4
1,34,x7f97b47c6070,435,100.0,0.0,2,[10],0
1,34,x7f97b47c6070,436,5.39,0.0,4,[0],3
1,34,x7f97b47c6070,437,300.0,0.0,2,[4],0
1,34,x7f97b47c6070,438,-163.82,0.0,3,[0],4
1,34,x7f97b47c6070,439,300.0,0.0,5,[4],0
1,34,x7f97b47c6070,440,700.0,2.0,3,[10],4
1,34,x7f97b47c6070,441,300.0,0.0,2,[0],4
1,34,x7f97b47c6070,442,-399.73,0.0,5,[4],1
1,34,x7f97b47c6070,443,300.0,2.0,3,[1],4
1,34,x7f97b47c6070,444,-400.0,0.0,5,[4],0
1,34,x7f97b47c6070,445,-24.0,0.0,3,[0],4
1,34,x7f97b47c6070,446,-300.0,0.0,5,[4],0
1,34,x7f97b47c6070,447,-112.4,0.0,3,[0],4
1,34,x7f97b47c6070,448,-300.0,0.0,5,[5],0
1,34,x7f97b47c6070,449,63.04,0.0,3,[0],4
1,34,x7f97b47c6070,450,-605.3,0.0,5,[0],3
1,34,x7f97b47c6070,451,-438.51,0.0,5,[5],0
1,34,x7f97b47c6070,452,221.81,0.0,3,[10],1
1,34,x7f97b47c6070,453,100.0,0.0,2,[0],4
1,34,x7f97b47c6070,454,-493.44,0.0,5,[5],0
1,34,x7f97b47c6070,455,99.95,0.0,3,[0],4
1,34,x7f97b47c6070,456,-770.55,0.0,5,[0],3
1,34,x7f97b47c6070,457,789.38,2.0,5,[4],1
1,34,x7f97b47c6070,458,-113.58,0.0,3,[0],4
1,34,x7f97b47c6070,459,197.82,0.0,5,[4],0
1,34,x7f97b47c6070,460,100.0,0.0,3,[0],4
1,34,x7f97b47c6070,461,200.0,0.0,5,[4],0
1,34,x7f97b47c6070,462,900.0,2.0,3,[10],4
1,34,x7f97b47c6070,463,0.0,0.0,2,[0],0
1,34,x7f97b47c6070,464,100.25,0.0,5,[4],0
1,34,x7f97b47c6070,465,400.0,1.0,2,[0],4
1,34,x7f97b47c6070,466,100.08,0.0,5,[4],0
1,34,x7f97b47c6070,467,-100.0,0.0,2,[0],4
1,34,x7f97b47c6070,468,98.18,0.0,5,[4],0
1,34,x7f97b47c6070,469,300.0,0.0,2,[0],4
1,34,x7f97b47c6070,470,89.62,0.0,4,[6],0
1,34,x7f97b47c6070,471,400.0,1.0,3,[4],0
1,34,x7f97b47c6070,472,300.0,0.0,2,[4],0
1,34,x7f97b47c6070,473,100.0,0.0,5,[4],0
1,34,x7f97b47c6070,474,-200.0,1.0,2,[1],4
1,34,x7f97b47c6070,475,47.75,0.0,5,[5],0
1,34,x7f97b47c6070,476,300.0,0.0,2,[0],4
1,34,x7f97b47c6070,477,286.1,1.0,5,[4],0
1,34,x7f97b47c6070,478,0.0,1.0,2,[1],2
1,34,x7f97b47c6070,479,200.0,0.0,5,[5],0
1,34,x7f97b47c6070,480,0.0,1.0,2,[1],4
1,34,x7f97b47c6070,481,291.1,1.0,5,[4],0
1,34,x7f97b47c6070,482,100.0,0.0,2,[0],4
1,34,x7f97b47c6070,483,0.0,0.0,5,[6],0
1,34,x7f97b47c6070,484,-100.0,0.0,2,[1],2
1,34,x7f97b47c6070,485,299.8,1.0,5,[4],0
1,34,x7f97b47c6070,486,100.0,0.0,2,[0],4
1,34,x7f97b47c6070,487,300.05,1.0,5,[4],0
1,34,x7f97b47c6070,488,100.0,0.0,2,[0],4
1,34,x7f97b47c6070,489,200.0,0.0,5,[5],0
1,34,x7f97b47c6070,490,100.0,0.0,2,[0],4
1,34,x7f97b47c6070,491,0.0,0.0,5,[6],0
1,34,x7f97b47c6070,492,300.0,0.0,2,[0],4
1,34,x7f97b47c6070,493,300.0,0.0,5,[4],0
1,34,x7f97b47c6070,494,300.0,0.0,2,[0],4
1,34,x7f97b47c6070,495,300.0,0.0,5,[4],0
1,34,x7f97b47c6070,496,100.0,0.0,2,[0],4
1,34,x7f97b47c6070,497,-3.63,0.0,5,[0],3
1,34,x7f97b47c6070,498,200.0,0.0,5,[4],1
1,34,x7f97b47c6070,499,100.0,0.0,2,[0],4
1,34,x7f97b47c6070,500,99.46,0.0,5,[4],1
1,34,x7f97b47c6070,501,100.0,0.0,2,[0],4
1,34,x7f97b47c6070,502,96.93,0.0,5,[4],1
1,34,x7f97b47c6070,503,100.0,0.0,2,[0],1
1,34,x7f97b47c6070,504,0.0,0.0,5,[6],0
1,34,x7f97b47c6070,505,300.0,0.0,2,[0],4
1,34,x7f97b47c6070,506,-100.0,0.0,5,[1],0
1,34,x7f97b47c6070,507,199.74,0.0,5,[4],0
1,34,x7f97b47c6070,508,100.0,0.0,2,[0],4
1,34,x7f97b47c6070,509,-100.0,0.0,5,[1],0
1,34,x7f97b47c6070,510,300.0,0.0,5,[4],0
1,34,x7f97b47c6070,511,300.0,0.0,2,[0],4
1,34,x7f97b47c6070,512,103.12,0.0,5,[4],1
1,34,x7f97b47c6070,513,-200.0,1.0,2,[1],4
1,34,x7f97b47c6070,514,0.82,0.0,5,[5],0
1,34,x7f97b47c6070,515,300.0,0.0,2,[0],4
1,34,x7f97b47c6070,516,-2.97,0.0,5,[6],0
1,34,x7f97b47c6070,517,100.0,0.0,2,[0],4
1,34,x7f97b47c6070,518,200.0,0.0,5,[4],0
1,34,x7f97b47c6070,519,300.0,0.0,2,[0],4
1,34,x7f97b47c6070,520,-79.31,0.0,5,[0],3
1,34,x7f97b47c6070,521,267.92,1.0,5,[4],4
1,34,x7f97b47c6070,522,100.0,0.0,2,[0],4
1,34,x7f97b47c6070,523,141.5,0.0,5,[4],0
1,34,x7f97b47c6070,524,100.0,0.0,2,[0],4
1,34,x7f97b47c6070,525,-0.01,0.0,5,[6],0
1,34,x7f97b47c6070,526,300.0,0.0,2,[0],4
1,34,x7f97b47c6070,527,-100.0,0.0,5,[1],0
1,34,x7f97b47c6070,528,300.0,0.0,5,[4],0
1,34,x7f97b47c6070,529,300.0,0.0,2,[0],4
1,34,x7f97b47c6070,530,-300.0,0.0,5,[4],0
1,34,x7f97b47c6070,531,700.0,2.0,2,[1],4
1,34,x7f97b47c6070,532,-300.0,0.0,5,[4],0
1,34,x7f97b47c6070,533,-100.0,0.0,2,[0],4
1,34,x7f97b47c6070,534,-643.01,0.0,5,[1],0
1,34,x7f97b47c6070,535,-300.0,0.0,5,[4],0
1,34,x7f97b47c6070,536,0.0,1.0,2,[1],2
1,34,x7f97b47c6070,537,-500.02,0.0,5,[0],0
1,34,x7f97b47c6070,538,717.36,2.0,5,[4],0
1,34,x7f97b47c6070,539,300.0,2.0,2,[1],4
1,34,x7f97b47c6070,540,-414.89,1.0,5,[0],0
1,34,x7f97b47c6070,541,-411.08,0.0,5,[4],0
1,34,x7f97b47c6070,542,300.0,0.0,2,[0],0
1,34,x7f97b47c6070,543,-700.0,0.0,5,[1],0
1,34,x7f97b47c6070,544,-299.26,1.0,5,[4],1
1,34,x7f97b47c6070,545,100.0,0.0,2,[0],4
1,34,x7f97b47c6070,546,776.27,2.0,5,[4],1
1,34,x7f97b47c6070,547,0.0,0.0,3,[0],2
1,34,x7f97b47c6070,548,200.0,0.0,5,[4],1
1,34,x7f97b47c6070,549,400.0,1.0,3,[10],4
1,34,x7f97b47c6070,550,-200.0,1.0,2,[1],4
1,34,x7f97b47c6070,551,170.31,0.0,5,[4],1
1,34,x7f97b47c6070,552,800.0,2.0,3,[10],4
1,34,x7f97b47c6070,553,100.0,0.0,2,[0],4
1,34,x7f97b47c6070,554,100.0,0.0,5,[4],1
1,34,x7f97b47c6070,555,300.0,0.0,3,[10],0
1,34,x7f97b47c6070,556,100.0,0.0,2,[0],4
1,34,x7f97b47c6070,557,100.18,0.0,5,[5],1
1,34,x7f97b47c6070,558,-200.0,1.0,3,[1],4
1,34,x7f97b47c6070,559,100.28,1.0,5,[4],1
1,34,x7f97b47c6070,560,-11.14,0.0,3,[0],4
1,34,x7f97b47c6070,561,0.0,0.0,5,[4],1
1,34,x7f97b47c6070,562,-99.97,1.0,3,[1],4
1,34,x7f97b47c6070,563,100.22,0.0,5,[5],1
1,34,x7f97b47c6070,564,200.0,1.0,3,[10],4
1,34,x7f97b47c6070,565,300.0,0.0,2,[0],3
1,34,x7f97b47c6070,566,300.0,1.0,5,[4],1
1,34,x7f97b47c6070,567,-74.71,0.0,3,[0],4
1,34,x7f97b47c6070,568,200.0,0.0,5,[5],1
1,34,x7f97b47c6070,569,200.0,0.0,3,[10],1
1,34,x7f97b47c6070,570,-200.0,1.0,2,[1],4
1,34,x7f97b47c6070,571,400.0,1.0,5,[4],1
1,34,x7f97b47c6070,572,338.47,1.0,3,[10],4
1,34,x7f97b47c6070,573,100.0,0.0,2,[0],4
1,34,x7f97b47c6070,574,18.6,0.0,5,[4],1
1,34,x7f97b47c6070,575,-113.17,1.0,3,[1],4
1,34,x7f97b47c6070,576,105.51,0.0,5,[5],1
1,34,x7f97b47c6070,577,400.0,1.0,3,[10],4
1,34,x7f97b47c6070,578,100.0,0.0,2,[0],4
1,34,x7f97b47c6070,579,247.23,1.0,5,[4],1
1,34,x7f97b47c6070,580,-104.88,0.0,3,[0],4
1,34,x7f97b47c6070,581,0.0,0.0,5,[5],1
1,34,x7f97b47c6070,582,-163.41,0.0,3,[0],4
1,34,x7f97b47c6070,583,300.0,1.0,5,[4],1
1,34,x7f97b47c6070,584,400.0,1.0,3,[10],4
1,34,x7f97b47c6070,585,300.0,0.0,2,[0],4
1,34,x7f97b47c6070,586,200.0,0.0,5,[4],1
1,34,x7f97b47c6070,587,-8.45,0.0,3,[0],4
1,34,x7f97b47c6070,588,112.7,0.0,5,[4],1
1,34,x7f97b47c6070,589,200.0,1.0,3,[10],4
1,34,x7f97b47c6070,590,300.0,0.0,2,[0],4
1,34,x7f97b47c6070,591,199.83,0.0,5,[4],1
1,34,x7f97b47c6070,592,-2.78,0.0,3,[0],4
1,34,x7f97b47c6070,593,170.06,0.0,5,[4],1
1,34,x7f97b47c6070,594,-159.8,0.0,3,[0],4
1,34,x7f97b47c6070,595,100.03,0.0,5,[4],1
1,34,x7f97b47c6070,596,-86.83,1.0,3,[1],4
1,34,x7f97b47c6070,597,100.02,0.0,5,[4],1
1,34,x7f97b47c6070,598,99.99,0.0,3,[10],0
1,34,x7f97b47c6070,599,-67.56,0.0,4,[0],3
1,34,x7f97b47c6070,600,100.0,0.0,2,[6],1
1,34,x7f97b47c6070,601,75.32,1.0,3,[0],4
1,34,x7f97b47c6070,602,43.12,0.0,5,[4],1
1,34,x7f97b47c6070,603,-5.29,1.0,3,[0],4
1,34,x7f97b47c6070,604,295.17,1.0,5,[4],1
1,34,x7f97b47c6070,605,300.0,0.0,3,[10],0
1,34,x7f97b47c6070,606,300.0,0.0,2,[0],4
1,34,x7f97b47c6070,607,-41.04,0.0,5,[0],3
1,34,x7f97b47c6070,608,279.65,1.0,5,[4],1
1,34,x7f97b47c6070,609,299.85,1.0,3,[10],4
1,34,x7f97b47c6070,610,300.0,0.0,2,[0],4
1,34,x7f97b47c6070,611,296.3,1.0,5,[4],1
1,34,x7f97b47c6070,612,-101.45,0.0,3,[0],4
1,34,x7f97b47c6070,613,300.0,0.0,5,[4],1
1,34,x7f97b47c6070,614,300.0,1.0,3,[10],4
1,34,x7f97b47c6070,615,100.0,0.0,2,[0],4
1,34,x7f97b47c6070,616,200.02,0.0,5,[4],1
1,34,x7f97b47c6070,617,200.0,1.0,3,[10],4
1,34,x7f97b47c6070,618,300.0,0.0,2,[0],4
1,34,x7f97b47c6070,619,-99.9,1.0,5,[1],4
1,34,x7f97b47c6070,620,-0.0,0.0,5,[4],1
1,34,x7f97b47c6070,621,-19.74,0.0,3,[0],4
1,34,x7f97b47c6070,622,189.56,0.0,5,[4],1
1,34,x7f97b47c6070,623,200.0,1.0,3,[10],4
1,34,x7f97b47c6070,624,300.0,0.0,2,[0],4
1,34,x7f97b47c6070,625,300.0,0.0,5,[4],1
1,34,x7f97b47c6070,626,-206.47,0.0,3,[0],4
1,34,x7f97b47c6070,627,300.0,0.0,5,[4],1
1,34,x7f97b47c6070,628,-75.59,0.0,3,[0],4
1,34,x7f97b47c6070,629,300.0,0.0,5,[4],1
1,34,x7f97b47c6070,630,-60.72,0.0,3,[0],4
1,34,x7f97b47c6070,631,-146.27,0.0,5,[4],1
1,34,x7f97b47c6070,632,-200.0,1.0,3,[1],4
1,34,x7f97b47c6070,633,-100.11,0.0,5,[0],3
1,34,x7f97b47c6070,634,100.92,0.0,5,[4],1
1,34,x7f97b47c6070,635,187.7,1.0,3,[0],4
1,34,x7f97b47c6070,636,200.0,0.0,5,[4],1
1,34,x7f97b47c6070,637,-1.21,1.0,3,[0],4
1,34,x7f97b47c6070,638,400.0,1.0,5,[4],1
1,34,x7f97b47c6070,639,-29.6,0.0,3,[0],4
1,34,x7f97b47c6070,640,328.46,1.0,5,[4],1
1,34,x7f97b47c6070,641,-112.02,0.0,3,[0],4
1,34,x7f97b47c6070,642,300.41,1.0,5,[4],1
1,34,x7f97b47c6070,643,400.0,1.0,3,[10],4
1,34,x7f97b47c6070,644,100.0,0.0,2,[0],4
1,34,x7f97b47c6070,645,300.0,0.0,5,[4],1
1,34,x7f97b47c6070,646,400.0,1.0,3,[10],4
1,34,x7f97b47c6070,647,300.0,0.0,2,[0],4
1,34,x7f97b47c6070,648,200.0,0.0,5,[4],1
1,34,x7f97b47c6070,649,400.0,1.0,3,[10],1
1,34,x7f97b47c6070,650,-100.0,0.0,2,[0],4
1,34,x7f97b47c6070,651,48.98,0.0,5,[0],3
1,34,x7f97b47c6070,652,1.2,0.0,5,[4],1
1,34,x7f97b47c6070,653,0.1,0.0,3,[10],1
1,34,x7f97b47c6070,654,0.0,1.0,2,[1],4
1,34,x7f97b47c6070,655,100.23,0.0,5,[4],1
1,34,x7f97b47c6070,656,-100.02,1.0,3,[1],4
1,34,x7f97b47c6070,657,-100.15,0.0,5,[4],1
1,34,x7f97b47c6070,658,200.33,0.0,3,[10],1
1,34,x7f97b47c6070,659,300.0,0.0,2,[0],4
1,34,x7f97b47c6070,660,98.06,0.0,5,[6],1
1,34,x7f97b47c6070,661,300.0,0.0,3,[10],1
1,34,x7f97b47c6070,662,100.0,0.0,2,[0],4
1,34,x7f97b47c6070,663,400.0,1.0,5,[4],1
1,34,x7f97b47c6070,664,99.18,0.0,3,[10],1
1,34,x7f97b47c6070,665,300.0,0.0,2,[0],4
1,34,x7f97b47c6070,666,400.0,1.0,5,[4],1
1,34,x7f97b47c6070,667,232.77,0.0,3,[10],1
1,34,x7f97b47c6070,668,100.0,0.0,2,[0],4
1,34,x7f97b47c6070,669,-399.71,0.0,5,[4],1
1,34,x7f97b47c6070,670,-200.0,1.0,3,[10],1
1,34,x7f97b47c6070,671,300.0,2.0,2,[1],4
1,34,x7f97b47c6070,672,-400.0,0.0,5,[4],1
1,34,x7f97b47c6070,673,400.0,1.0,3,[10],1
1,34,x7f97b47c6070,674,100.0,0.0,2,[0],4
1,34,x7f97b47c6070,675,-500.0,0.0,5,[4],1
1,34,x7f97b47c6070,676,100.0,0.0,3,[10],1
1,34,x7f97b47c6070,677,300.0,0.0,2,[0],4
1,34,x7f97b47c6070,678,-399.98,0.0,5,[5],1
1,34,x7f97b47c6070,679,210.67,0.0,3,[10],1
1,34,x7f97b47c6070,680,100.0,0.0,2,[0],4
1,34,x7f97b47c6070,681,-540.75,0.0,5,[0],0
1,34,x7f97b47c6070,682,600.09,2.0,5,[4],1
1,34,x7f97b47c6070,683,200.0,0.0,3,[10],1
1,34,x7f97b47c6070,684,400.0,1.0,2,[0],4
1,34,x7f97b47c6070,685,100.15,0.0,5,[4],1
1,34,x7f97b47c6070,686,200.0,0.0,3,[10],1
1,34,x7f97b47c6070,687,100.0,0.0,2,[0],4
1,34,x7f97b47c6070,688,100.71,1.0,5,[5],4
1,34,x7f97b47c6070,689,776.27,2.0,3,[10],1
1,34,x7f97b47c6070,690,100.0,0.0,2,[0],4
1,34,x7f97b47c6070,691,200.0,0.0,5,[4],1
1,34,x7f97b47c6070,692,200.0,0.0,3,[10],1
1,34,x7f97b47c6070,693,85.0,0.0,4,[5],2
1,34,x7f97b47c6070,694,216.61,1.0,3,[10],1
1,34,x7f97b47c6070,695,100.14,0.0,3,[4],1
1,34,x7f97b47c6070,696,200.0,0.0,3,[10],1
1,34,x7f97b47c6070,697,100.0,0.0,2,[0],4
1,34,x7f97b47c6070,698,100.15,0.0,4,[4],1
1,34,x7f97b47c6070,699,188.66,0.0,3,[10],1
1,34,x7f97b47c6070,700,100.0,0.0,2,[0],4
1,34,x7f97b47c6070,701,100.0,0.0,4,[5],1
1,34,x7f97b47c6070,702,186.83,0.0,3,[10],1
1,34,x7f97b47c6070,703,300.0,0.0,2,[0],4
1,34,x7f97b47c6070,704,200.78,1.0,4,[4],1
1,34,x7f97b47c6070,705,300.0,0.0,3,[10],1
1,34,x7f97b47c6070,706,300.0,0.0,2,[0],4
1,34,x7f97b47c6070,707,100.11,0.0,4,[5],1
1,34,x7f97b47c6070,708,300.0,0.0,3,[10],1
1,34,x7f97b47c6070,709,100.0,0.0,2,[0],4
1,34,x7f97b47c6070,710,185.0,0.0,4,[4],1
1,34,x7f97b47c6070,711,100.0,0.0,3,[10],1
1,34,x7f97b47c6070,712,300.0,0.0,2,[0],4
1,34,x7f97b47c6070,713,200.0,0.0,4,[4],1
1,34,x7f97b47c6070,714,-400.1,0.0,3,[10],1
1,34,x7f97b47c6070,715,500.0,2.0,2,[1],4
1,34,x7f97b47c6070,716,190.91,0.0,4,[4],1
1,34,x7f97b47c6070,717,70.7,0.0,3,[10],1
1,34,x7f97b47c6070,718,100.0,0.0,2,[0],4
1,34,x7f97b47c6070,719,205.72,0.0,4,[4],1
1,34,x7f97b47c6070,720,199.98,0.0,3,[10],1
1,34,x7f97b47c6070,721,100.0,0.0,2,[0],4
1,34,x7f97b47c6070,722,-400.28,0.0,4,[4],1
1,34,x7f97b47c6070,723,700.05,2.0,3,[10],1
1,34,x7f97b47c6070,724,0.0,1.0,2,[1],4
1,34,x7f97b47c6070,725,-444.09,0.0,4,[4],1
1,34,x7f97b47c6070,726,-399.99,0.0,3,[10],1
1,34,x7f97b47c6070,727,-500.0,0.0,2,[0],3
1,34,x7f97b47c6070,728,-446.27,0.0,4,[4],1
1,34,x7f97b47c6070,729,540.41,2.0,3,[0],4
1,34,x7f97b47c6070,730,-500.0,0.0,3,[5],1
1,34,x7f97b47c6070,731,-66.15,0.0,3,[0],4
1,34,x7f97b47c6070,732,700.0,2.0,2,[4],1
1,34,x7f97b47c6070,733,300.0,0.0,3,[10],1
1,34,x7f97b47c6070,734,900.0,2.0,4,[4],1
1,34,x7f97b47c6070,735,400.0,1.0,3,[10],1
1,34,x7f97b47c6070,736,200.0,0.0,2,[5],1
1,34,x7f97b47c6070,737,100.0,0.0,2,[0],4
1,34,x7f97b47c6070,738,300.0,0.0,4,[4],1
1,34,x7f97b47c6070,739,198.55,0.0,3,[10],1
1,34,x7f97b47c6070,740,0.0,0.0,2,[6],1
1,34,x7f97b47c6070,741,300.0,0.0,2,[0],3
1,34,x7f97b47c6070,742,97.75,0.0,4,[5],1
1,34,x7f97b47c6070,743,800.01,2.0,3,[10],1
1,34,x7f97b47c6070,744,-200.0,1.0,2,[4],1
1,34,x7f97b47c6070,745,100.0,0.0,2,[0],4
1,34,x7f97b47c6070,746,199.86,0.0,4,[4],1
1,34,x7f97b47c6070,747,200.01,0.0,3,[10],1
1,34,x7f97b47c6070,748,900.0,2.0,2,[4],1
1,34,x7f97b47c6070,749,100.0,0.0,2,[0],4
1,34,x7f97b47c6070,750,98.64,0.0,4,[4],1
1,34,x7f97b47c6070,751,100.0,0.0,3,[10],1
1,34,x7f97b47c6070,752,300.0,0.0,2,[4],1
1,34,x7f97b47c6070,753,300.0,0.0,2,[0],4
1,34,x7f97b47c6070,754,190.46,0.0,4,[4],1
1,34,x7f97b47c6070,755,300.0,0.0,3,[10],1
1,34,x7f97b47c6070,756,100.0,0.0,2,[4],1
1,34,x7f97b47c6070,757,300.0,0.0,2,[0],4
1,34,x7f97b47c6070,758,300.0,0.0,4,[4],1
1,34,x7f97b47c6070,759,300.0,0.0,3,[10],1
1,34,x7f97b47c6070,760,300.0,0.0,3,[5],1
1,34,x7f97b47c6070,761,300.0,0.0,3,[10],1
1,34,x7f97b47c6070,762,300.0,0.0,2,[0],4
1,34,x7f97b47c6070,763,199.86,0.0,4,[4],1
1,34,x7f97b47c6070,764,300.0,0.0,3,[10],1
1,34,x7f97b47c6070,765,100.0,0.0,2,[0],4
1,34,x7f97b47c6070,766,98.64,0.0,4,[4],1
1,34,x7f97b47c6070,767,200.0,0.0,3,[10],1
1,34,x7f97b47c6070,768,-200.0,1.0,2,[1],4
1,34,x7f97b47c6070,769,190.46,0.0,4,[4],1
1,34,x7f97b47c6070,770,100.12,0.0,3,[10],1
1,34,x7f97b47c6070,771,100.0,0.0,2,[0],4
1,34,x7f97b47c6070,772,300.0,0.0,4,[4],1
1,34,x7f97b47c6070,773,100.51,0.0,3,[10],1
1,34,x7f97b47c6070,774,100.0,0.0,2,[0],4
1,34,x7f97b47c6070,775,200.0,0.0,4,[4],1
1,34,x7f97b47c6070,776,400.0,1.0,3,[10],1
1,34,x7f97b47c6070,777,300.0,0.0,2,[0],4
1,34,x7f97b47c6070,778,71.54,0.0,4,[4],1
1,34,x7f97b47c6070,779,200.0,0.0,3,[10],1
1,34,x7f97b47c6070,780,-200.0,1.0,2,[1],4
1,34,x7f97b47c6070,781,0.01,0.0,4,[4],1
1,34,x7f97b47c6070,782,99.95,0.0,3,[10],1
1,34,x7f97b47c6070,783,-200.0,1.0,2,[1],4
1,34,x7f97b47c6070,784,99.72,0.0,4,[5],1
1,34,x7f97b47c6070,785,300.0,0.0,3,[10],1
1,34,x7f97b47c6070,786,300.0,0.0,2,[0],4
1,34,x7f97b47c6070,787,295.68,1.0,4,[4],1
1,34,x7f97b47c6070,788,-200.0,0.0,3,[1],0
1,34,x7f97b47c6070,789,99.81,0.0,3,[4],1
1,34,x7f97b47c6070,790,200.0,1.0,3,[10],1
1,34,x7f97b47c6070,791,100.0,0.0,3,[0],1
1,34,x7f97b47c6070,792,200.0,0.0,3,[4],1
1,34,x7f97b47c6070,793,200.0,1.0,3,[10],1
1,34,x7f97b47c6070,794,300.0,0.0,3,[4],1
1,34,x7f97b47c6070,795,300.0,0.0,3,[10],1
1,34,x7f97b47c6070,796,200.0,0.0,3,[6],1
1,34,x7f97b47c6070,797,300.0,0.0,2,[0],4
1,34,x7f97b47c6070,798,300.0,0.0,3,[6],1
1,34,x7f97b47c6070,799,300.0,0.0,3,[10],1
1,34,x7f97b47c6070,800,251.11,1.0,3,[4],4
1,34,x7f97b47c6070,801,300.0,0.0,2,[0],4
1,34,x7f97b47c6070,802,300.0,0.0,3,[6],1
1,34,x7f97b47c6070,803,300.0,0.0,3,[10],1
1,34,x7f97b47c6070,804,200.0,1.0,3,[4],1
1,34,x7f97b47c6070,805,300.0,0.0,2,[0],1
1,34,x7f97b47c6070,806,300.0,0.0,3,[6],1
1,34,x7f97b47c6070,807,300.0,0.0,3,[10],1
1,34,x7f97b47c6070,808,100.0,0.0,3,[4],1
1,34,x7f97b47c6070,809,300.0,0.0,2,[0],1
1,34,x7f97b47c6070,810,300.0,0.0,3,[6],1
1,34,x7f97b47c6070,811,300.0,0.0,3,[10],1
1,34,x7f97b47c6070,812,300.0,0.0,3,[4],1
1,34,x7f97b47c6070,813,300.0,0.0,2,[0],4
1,34,x7f97b47c6070,814,300.0,0.0,2,[6],1
1,34,x7f97b47c6070,815,300.0,0.0,2,[10],1
1,34,x7f97b47c6070,816,300.0,0.0,3,[4],1
1,34,x7f97b47c6070,817,100.0,0.0,2,[0],1
1,34,x7f97b47c6070,818,102.03,0.0,3,[0],3
1,34,x7f97b47c6070,819,300.0,0.0,3,[4],3
1,34,x7f97b47c6070,820,-300.0,0.0,3,[10],1
1,34,x7f97b47c6070,821,-499.98,0.0,3,[5],1
1,34,x7f97b47c6070,822,-396.17,0.0,3,[10],1
1,34,x7f97b47c6070,823,300.0,0.0,3,[4],1
1,34,x7f97b47c6070,824,500.0,2.0,2,[1],2
1,34,x7f97b47c6070,825,-435.41,0.0,3,[0],1
1,34,x7f97b47c6070,826,300.0,0.0,3,[4],2
1,34,x7f97b47c6070,827,300.0,0.0,3,[10],1
1,34,x7f97b47c6070,828,700.0,2.0,3,[5],1
1,34,x7f97b47c6070,829,100.0,0.0,3,[10],1
1,34,x7f97b47c6070,830,200.0,0.0,3,[4],1
1,34,x7f97b47c6070,831,300.0,0.0,2,[0],1
1,34,x7f97b47c6070,832,300.0,0.0,3,[6],1
1,34,x7f97b47c6070,833,300.0,0.0,3,[10],1
1,34,x7f97b47c6070,834,100.0,0.0,3,[5],1
1,34,x7f97b47c6070,835,300.0,0.0,2,[0],1
1,34,x7f97b47c6070,836,300.0,0.0,3,[6],1
1,34,x7f97b47c6070,837,700.0,2.0,3,[10],1
1,34,x7f97b47c6070,838,-400.02,0.0,3,[4],1
1,34,x7f97b47c6070,839,300.0,0.0,2,[0],1
1,34,x7f97b47c6070,840,300.0,0.0,2,[6],1
1,34,x7f97b47c6070,841,300.0,0.0,2,[10],1
1,34,x7f97b47c6070,842,-435.41,0.0,3,[4],1
1,34,x7f97b47c6070,843,300.0,0.0,2,[0],1
1,34,x7f97b47c6070,844,199.23,0.0,3,[6],1
1,34,x7f97b47c6070,845,-163.58,0.0,3,[0],4
1,34,x7f97b47c6070,846,700.0,2.0,3,[4],1
1,34,x7f97b47c6070,847,200.0,0.0,3,[10],1
1,34,x7f97b47c6070,848,100.01,0.0,3,[5],1
1,34,x7f97b47c6070,849,-200.0,1.0,3,[1],4
1,34,x7f97b47c6070,850,300.0,0.0,3,[4],1
1,34,x7f97b47c6070,851,100.0,0.0,3,[10],1
1,34,x7f97b47c6070,852,0.41,0.0,3,[0],1
1,34,x7f97b47c6070,853,300.0,0.0,3,[4],1
1,34,x7f97b47c6070,854,100.0,0.0,3,[10],1
1,34,x7f97b47c6070,855,0.0,1.0,3,[4],1
1,34,x7f97b47c6070,856,100.0,0.0,3,[10],1
1,34,x7f97b47c6070,857,300.0,0.0,3,[4],1
1,34,x7f97b47c6070,858,300.0,0.0,2,[0],4
1,34,x7f97b47c6070,859,300.0,0.0,3,[6],1
1,34,x7f97b47c6070,860,300.0,0.0,3,[10],1
1,34,x7f97b47c6070,861,199.23,0.0,3,[4],1
1,34,x7f97b47c6070,862,300.0,0.0,2,[0],1
1,34,x7f97b47c6070,863,300.0,0.0,3,[6],1
1,34,x7f97b47c6070,864,180.69,1.0,3,[10],1
1,34,x7f97b47c6070,865,100.01,0.0,3,[4],1
1,34,x7f97b47c6070,866,300.0,0.0,2,[0],4
1,34,x7f97b47c6070,867,0.0,1.0,3,[1],4
1,34,x7f97b47c6070,868,0.41,0.0,3,[4],1
1,34,x7f97b47c6070,869,300.0,0.0,3,[10],1
1,34,x7f97b47c6070,870,300.0,0.0,3,[5],1
1,34,x7f97b47c6070,871,300.0,0.0,3,[10],1
1,34,x7f97b47c6070,872,100.0,0.0,2,[0],1
1,34,x7f97b47c6070,873,99.59,1.0,4,[4],1
1,34,x7f97b47c6070,874,400.0,1.0,3,[10],2
1,34,x7f97b47c6070,875,300.0,0.0,2,[0],1
1,34,x7f97b47c6070,876,200.0,0.0,4,[4],1
1,34,x7f97b47c6070,877,300.0,0.0,3,[10],1
1,34,x7f97b47c6070,878,300.0,0.0,2,[0],1
1,34,x7f97b47c6070,879,100.17,0.0,4,[4],1
1,34,x7f97b47c6070,880,-300.0,0.0,3,[10],1
1,34,x7f97b47c6070,881,-300.0,0.0,2,[0],3
1,34,x7f97b47c6070,882,100.0,0.0,4,[5],1
1,34,x7f97b47c6070,883,-300.0,0.0,3,[10],1
1,34,x7f97b47c6070,884,500.0,2.0,2,[1],4
1,34,x7f97b47c6070,885,79.22,0.0,4,[5],1
1,34,x7f97b47c6070,886,-400.07,0.0,3,[10],1
1,34,x7f97b47c6070,887,500.0,2.0,2,[0],4
1,34,x7f97b47c6070,888,400.0,1.0,4,[4],1
1,34,x7f97b47c6070,889,197.93,0.0,3,[10],1
1,34,x7f97b47c6070,890,300.0,0.0,2,[0],1
1,34,x7f97b47c6070,891,-300.0,0.0,4,[4],1
1,34,x7f97b47c6070,892,700.0,2.0,3,[10],1
1,34,x7f97b47c6070,893,300.0,0.0,2,[0],1
1,34,x7f97b47c6070,894,-300.0,0.0,4,[4],2
1,34,x7f97b47c6070,895,900.0,2.0,3,[10],1
1,34,x7f97b47c6070,896,300.0,0.0,2,[0],1
1,34,x7f97b47c6070,897,-403.51,0.0,4,[4],1
1,34,x7f97b47c6070,898,300.0,0.0,3,[10],1
1,34,x7f97b47c6070,899,100.0,0.0,2,[0],1
1,34,x7f97b47c6070,900,629.87,2.0,4,[5],1
1,34,x7f97b47c6070,901,100.0,0.0,3,[10],1
1,34,x7f97b47c6070,902,300.0,0.0,2,[0],1
1,34,x7f97b47c6070,903,599.15,2.0,4,[4],1
1,34,x7f97b47c6070,904,200.0,0.0,3,[10],1
1,34,x7f97b47c6070,905,300.0,0.0,2,[0],1
1,34,x7f97b47c6070,906,300.0,0.0,4,[4],1
1,34,x7f97b47c6070,907,173.59,0.0,3,[10],1
1,34,x7f97b47c6070,908,100.0,0.0,2,[0],1
1,34,x7f97b47c6070,909,184.55,0.0,4,[4],4
1,34,x7f97b47c6070,910,300.0,0.0,3,[10],1
1,34,x7f97b47c6070,911,300.0,0.0,2,[0],1
1,34,x7f97b47c6070,912,173.59,0.0,4,[4],1
1,34,x7f97b47c6070,913,200.26,0.0,3,[10],1
1,34,x7f97b47c6070,914,100.0,0.0,2,[0],1
1,34,x7f97b47c6070,915,169.09,0.0,4,[4],1
1,34,x7f97b47c6070,916,300.0,0.0,3,[10],1
1,34,x7f97b47c6070,917,300.0,0.0,2,[0],1
1,34,x7f97b47c6070,918,300.0,0.0,4,[4],1
1,34,x7f97b47c6070,919,200.0,0.0,3,[10],1
1,34,x7f97b47c6070,920,0.0,0.0,2,[0],1
1,34,x7f97b47c6070,921,200.0,0.0,4,[4],1
1,34,x7f97b47c6070,922,5.43,1.0,3,[0],3
1,34,x7f97b47c6070,923,100.0,0.0,3,[4],1
1,34,x7f97b47c6070,924,200.0,0.0,3,[10],1
1,34,x7f97b47c6070,925,-100.0,0.0,3,[0],0
1,34,x7f97b47c6070,926,300.0,0.0,3,[4],1
1,34,x7f97b47c6070,927,164.89,1.0,3,[0],2
1,34,x7f97b47c6070,928,100.0,0.0,2,[5],4
1,34,x7f97b47c6070,929,100.0,0.0,3,[10],1
1,34,x7f97b47c6070,930,400.0,1.0,4,[4],1
1,34,x7f97b47c6070,931,100.0,0.0,3,[10],1
1,34,x7f97b47c6070,932,300.0,0.0,2,[5],1
1,34,x7f97b47c6070,933,300.0,0.0,2,[0],2
1,34,x7f97b47c6070,934,300.0,1.0,4,[4],1
1,34,x7f97b47c6070,935,179.16,0.0,3,[10],1
1,34,x7f97b47c6070,936,300.0,0.0,2,[4],1
1,34,x7f97b47c6070,937,100.0,0.0,2,[0],1
1,34,x7f97b47c6070,938,107.78,0.0,4,[4],1
1,34,x7f97b47c6070,939,348.89,1.0,3,[10],1
1,34,x7f97b47c6070,940,200.0,1.0,2,[6],1
1,34,x7f97b47c6070,941,200.0,0.0,2,[0],1
1,34,x7f97b47c6070,942,102.21,0.0,4,[5],1
1,34,x7f97b47c6070,943,400.0,1.0,3,[10],1
1,34,x7f97b47c6070,944,0.0,0.0,2,[4],1
1,34,x7f97b47c6070,945,0.0,1.0,2,[0],1
1,34,x7f97b47c6070,946,200.0,0.0,4,[4],1
1,34,x7f97b47c6070,947,300.0,0.0,3,[10],1
1,34,x7f97b47c6070,948,400.0,1.0,2,[4],1
1,34,x7f97b47c6070,949,300.0,0.0,2,[0],1
1,34,x7f97b47c6070,950,-326.67,1.0,4,[4],1
1,34,x7f97b47c6070,951,-300.0,0.0,3,[10],1
1,34,x7f97b47c6070,952,300.0,0.0,2,[4],1
1,34,x7f97b47c6070,953,-300.0,0.0,2,[0],1
1,34,x7f97b47c6070,954,-399.97,0.0,4,[4],1
1,34,x7f97b47c6070,955,-300.0,0.0,3,[10],1
1,34,x7f97b47c6070,956,100.0,0.0,2,[4],1
1,34,x7f97b47c6070,957,500.0,2.0,2,[0],4
1,34,x7f97b47c6070,958,-481.92,0.0,4,[4],1
1,34,x7f97b47c6070,959,200.0,1.0,3,[10],1
1,34,x7f97b47c6070,960,200.0,0.0,2,[4],1
1,34,x7f97b47c6070,961,300.0,0.0,2,[0],1
1,34,x7f97b47c6070,962,500.0,2.0,4,[4],1
1,34,x7f97b47c6070,963,0.0,0.0,3,[10],1
1,34,x7f97b47c6070,964,0.0,1.0,2,[4],1
1,34,x7f97b47c6070,965,200.0,0.0,2,[0],1
1,34,x7f97b47c6070,966,200.0,0.0,4,[4],1
1,34,x7f97b47c6070,967,99.99,0.0,3,[10],1
1,34,x7f97b47c6070,968,300.0,0.0,2,[4],1
1,34,x7f97b47c6070,969,400.0,1.0,2,[0],4
1,34,x7f97b47c6070,970,200.0,0.0,4,[4],1
1,34,x7f97b47c6070,971,798.55,2.0,3,[10],1
1,34,x7f97b47c6070,972,-300.0,0.0,2,[4],1
1,34,x7f97b47c6070,973,300.0,0.0,2,[0],1
1,34,x7f97b47c6070,974,400.0,1.0,4,[4],1
1,34,x7f97b47c6070,975,300.0,0.0,3,[10],1
1,34,x7f97b47c6070,976,500.0,2.0,2,[4],1
1,34,x7f97b47c6070,977,100.0,0.0,2,[0],1
1,34,x7f97b47c6070,978,199.59,0.0,4,[4],1
1,34,x7f97b47c6070,979,300.0,0.0,3,[10],1
1,34,x7f97b47c6070,980,300.0,0.0,2,[4],1
1,34,x7f97b47c6070,981,300.0,0.0,2,[0],1
1,34,x7f97b47c6070,982,186.83,0.0,4,[4],1
1,34,x7f97b47c6070,983,400.0,1.0,3,[10],1
1,34,x7f97b47c6070,984,200.0,0.0,2,[4],1
1,34,x7f97b47c6070,985,100.0,0.0,2,[0],1
1,34,x7f97b47c6070,986,193.08,0.0,4,[4],1
1,34,x7f97b47c6070,987,100.22,0.0,3,[10],1
1,34,x7f97b47c6070,988,400.0,1.0,2,[4],1
1,34,x7f97b47c6070,989,100.0,0.0,2,[0],1
1,34,x7f97b47c6070,990,95.19,0.0,4,[4],1
1,34,x7f97b47c6070,991,99.99,0.0,3,[10],1
1,34,x7f97b47c6070,992,300.0,0.0,2,[4],1
1,34,x7f97b47c6070,993,100.0,0.0,2,[0],1
1,34,x7f97b47c6070,994,180.61,0.0,4,[4],1
1,34,x7f97b47c6070,995,300.0,0.0,3,[10],1
1,34,x7f97b47c6070,996,100.0,0.0,2,[4],1
1,34,x7f97b47c6070,997,300.0,0.0,2,[0],1
1,34,x7f97b47c6070,998,100.0,0.0,4,[4],1
1,34,x7f97b47c6070,999,300.0,0.0,3,[10],1
1,34,x7f97b47c6070,1000,300.0,0.0,2,[4],1
1,34,x7f97b47c6070,1001,300.0,0.0,2,[0],1
1,34,x7f97b47c6070,1002,300.0,0.0,4,[4],1
1,34,x7f97b47c6070,1003,300.0,0.0,3,[10],1
1,34,x7f97b47c6070,1004,100.0,0.0,2,[4],1
1,34,x7f97b47c6070,1005,100.0,0.0,2,[0],1
1,34,x7f97b47c6070,1006,201.45,0.0,4,[4],1
1,34,x7f97b47c6070,1007,200.0,0.0,3,[10],1
1,34,x7f97b47c6070,1008,100.0,0.0,2,[4],1
1,34,x7f97b47c6070,1009,300.0,0.0,2,[0],1
1,34,x7f97b47c6070,1010,100.1,0.0,4,[4],1
1,34,x7f97b47c6070,1011,200.0,0.0,3,[10],1
1,34,x7f97b47c6070,1012,100.0,0.0,2,[4],1
1,34,x7f97b47c6070,1013,200.0,0.0,2,[0],1
1,34,x7f97b47c6070,1014,200.0,0.0,4,[4],1
1,34,x7f97b47c6070,1015,200.0,0.0,3,[10],1
1,34,x7f97b47c6070,1016,300.0,0.0,2,[4],1
1,34,x7f97b47c6070,1017,200.0,1.0,2,[0],4
1,34,x7f97b47c6070,1018,99.59,0.0,4,[4],1
1,34,x7f97b47c6070,1019,200.0,0.0,3,[10],1
1,34,x7f97b47c6070,1020,300.0,0.0,2,[4],1
1,34,x7f97b47c6070,1021,400.0,1.0,2,[0],4
1,34,x7f97b47c6070,1022,259.81,1.0,4,[4],1
1,34,x7f97b47c6070,1023,300.0,0.0,3,[10],1
1,34,x7f97b47c6070,1024,100.0,0.0,2,[4],1
1,34,x7f97b47c6070,1025,100.0,0.0,2,[0],1
1,34,x7f97b47c6070,1026,400.0,1.0,4,[4],1
1,34,x7f97b47c6070,1027,0.0,0.0,3,[10],1
1,34,x7f97b47c6070,1028,300.0,0.0,2,[4],1
1,34,x7f97b47c6070,1029,200.0,0.0,2,[0],1
1,34,x7f97b47c6070,1030,0.0,0.0,4,[4],1
1,34,x7f97b47c6070,1031,200.0,1.0,3,[10],1
1,34,x7f97b47c6070,1032,200.0,0.0,2,[4],1
1,34,x7f97b47c6070,1033,400.0,1.0,2,[0],4
1,34,x7f97b47c6070,1034,99.32,0.0,4,[4],1
1,34,x7f97b47c6070,1035,299.96,1.0,3,[10],1
1,34,x7f97b47c6070,1036,200.0,1.0,2,[4],1
1,34,x7f97b47c6070,1037,100.0,0.0,2,[0],1
1,34,x7f97b47c6070,1038,295.96,1.0,4,[4],1
1,34,x7f97b47c6070,1039,191.6,0.0,3,[10],1
1,34,x7f97b47c6070,1040,400.0,1.0,2,[4],1
1,34,x7f97b47c6070,1041,100.0,0.0,2,[0],1
1,34,x7f97b47c6070,1042,-399.98,0.0,4,[4],1
1,34,x7f97b47c6070,1043,-300.0,0.0,3,[10],1
1,34,x7f97b47c6070,1044,100.0,0.0,2,[4],1
1,34,x7f97b47c6070,1045,300.0,2.0,2,[1],4
1,34,x7f97b47c6070,1046,-399.99,0.0,4,[4],1
1,34,x7f97b47c6070,1047,288.66,1.0,3,[10],1
1,34,x7f97b47c6070,1048,200.0,0.0,2,[4],1
1,34,x7f97b47c6070,1049,100.0,0.0,2,[0],1
1,34,x7f97b47c6070,1050,-379.78,0.0,4,[6],1
1,34,x7f97b47c6070,1051,100.0,0.0,3,[10],1
1,34,x7f97b47c6070,1052,400.0,1.0,2,[5],1
1,34,x7f97b47c6070,1053,300.0,0.0,2,[0],1
1,34,x7f97b47c6070,1054,607.78,2.0,4,[4],1
1,34,x7f97b47c6070,1055,300.0,0.0,3,[10],1
1,34,x7f97b47c6070,1056,100.0,0.0,2,[4],1
1,34,x7f97b47c6070,1057,100.0,0.0,2,[0],1
1,34,x7f97b47c6070,1058,196.06,0.0,4,[4],1
1,34,x7f97b47c6070,1059,200.15,0.0,3,[10],1
1,34,x7f97b47c6070,1060,100.0,0.0,2,[4],1
1,34,x7f97b47c6070,1061,100.0,0.0,2,[0],1
1,34,x7f97b47c6070,1062,94.71,0.0,4,[4],1
1,34,x7f97b47c6070,1063,600.0,2.0,3,[10],1
1,34,x7f97b47c6070,1064,-300.0,0.0,2,[4],1
1,34,x7f97b47c6070,1065,200.0,0.0,2,[0],1
1,34,x7f97b47c6070,1066,100.02,0.0,3,[4],1
1,34,x7f97b47c6070,1067,200.0,0.0,2,[10],1
1,34,x7f97b47c6070,1068,700.0,2.0,2,[4],1
1,34,x7f97b47c6070,1069,200.0,1.0,2,[0],4
1,34,x7f97b47c6070,1070,200.0,0.0,4,[4],1
1,34,x7f97b47c6070,1071,100.0,0.0,3,[10],1
1,34,x7f97b47c6070,1072,300.0,0.0,2,[4],1
1,34,x7f97b47c6070,1073,300.0,0.0,2,[0],1
1,34,x7f97b47c6070,1074,200.0,1.0,4,[4],1
1,34,x7f97b47c6070,1075,300.0,0.0,3,[10],1
1,34,x7f97b47c6070,1076,100.0,0.0,2,[4],1
1,34,x7f97b47c6070,1077,100.0,0.0,2,[0],1
1,34,x7f97b47c6070,1078,300.0,0.0,4,[4],1
1,34,x7f97b47c6070,1079,300.0,0.0,3,[10],1
1,34,x7f97b47c6070,1080,100.0,0.0,2,[4],1
1,34,x7f97b47c6070,1081,300.0,0.0,2,[0],1
1,34,x7f97b47c6070,1082,129.94,0.0,4,[4],1
1,34,x7f97b47c6070,1083,300.41,1.0,3,[10],1
1,34,x7f97b47c6070,1084,200.0,0.0,2,[4],1
1,34,x7f97b47c6070,1085,0.0,0.0,2,[0],1
1,34,x7f97b47c6070,1086,200.0,0.0,4,[4],1
1,34,x7f97b47c6070,1087,200.0,0.0,3,[10],1
1,34,x7f97b47c6070,1088,200.0,1.0,2,[4],1
1,34,x7f97b47c6070,1089,200.0,1.0,2,[0],4
1,34,x7f97b47c6070,1090,100.03,0.0,4,[4],1
1,34,x7f97b47c6070,1091,200.0,0.0,3,[10],1
1,34,x7f97b47c6070,1092,300.0,0.0,2,[4],1
1,34,x7f97b47c6070,1093,200.0,1.0,2,[0],4
1,34,x7f97b47c6070,1094,200.0,1.0,4,[4],1
1,34,x7f97b47c6070,1095,300.0,0.0,3,[10],1
1,34,x7f97b47c6070,1096,100.0,0.0,2,[4],1
1,34,x7f97b47c6070,1097,300.0,0.0,2,[0],1
1,34,x7f97b47c6070,1098,293.91,1.0,4,[4],1
1,34,x7f97b47c6070,1099,300.0,0.0,3,[10],1
1,34,x7f97b47c6070,1100,300.0,0.0,2,[4],1
1,34,x7f97b47c6070,1101,300.0,0.0,2,[0],0
1,34,x7f97b47c6070,1102,300.0,0.0,4,[4],1
1,34,x7f97b47c6070,1103,200.0,1.0,3,[10],1
1,34,x7f97b47c6070,1104,0.0,0.0,2,[4],1
1,34,x7f97b47c6070,1105,300.0,0.0,2,[0],1
1,34,x7f97b47c6070,1106,-401.45,0.0,4,[4],1
1,34,x7f97b47c6070,1107,500.0,2.0,3,[1],0
1,34,x7f97b47c6070,1108,200.0,1.0,2,[4],1
1,34,x7f97b47c6070,1109,400.0,1.0,3,[10],1
1,34,x7f97b47c6070,1110,-400.41,0.0,4,[4],1
1,34,x7f97b47c6070,1111,200.0,0.0,3,[10],1
1,34,x7f97b47c6070,1112,200.0,1.0,2,[5],1
1,34,x7f97b47c6070,1113,200.0,0.0,2,[0],1
1,34,x7f97b47c6070,1114,-401.02,0.0,4,[6],1
1,34,x7f97b47c6070,1115,200.0,0.0,3,[10],1
1,34,x7f97b47c6070,1116,300.0,0.0,2,[5],1
1,34,x7f97b47c6070,1117,400.0,1.0,2,[0],4
1,34,x7f97b47c6070,1118,636.66,2.0,4,[4],1
1,34,x7f97b47c6070,1119,199.85,0.0,3,[10],1
1,34,x7f97b47c6070,1120,300.0,0.0,2,[4],1
1,34,x7f97b47c6070,1121,100.0,0.0,2,[0],1
1,34,x7f97b47c6070,1122,298.55,1.0,4,[4],1
1,34,x7f97b47c6070,1123,199.99,0.0,3,[10],1
1,34,x7f97b47c6070,1124,300.0,0.0,2,[4],1
1,34,x7f97b47c6070,1125,300.0,0.0,2,[0],1
1,34,x7f97b47c6070,1126,99.99,0.0,4,[4],1
1,34,x7f97b47c6070,1127,794.2,2.0,3,[10],1
1,34,x7f97b47c6070,1128,-500.0,0.0,2,[4],1
1,34,x7f97b47c6070,1129,100.0,0.0,2,[0],1
1,34,x7f97b47c6070,1130,200.0,0.0,4,[4],1
1,34,x7f97b47c6070,1131,300.67,1.0,3,[10],1
1,34,x7f97b47c6070,1132,700.0,2.0,2,[4],1
1,34,x7f97b47c6070,1133,100.0,0.0,2,[0],1
1,34,x7f97b47c6070,1134,200.0,0.0,4,[4],1
1,34,x7f97b47c6070,1135,300.0,0.0,3,[10],1
1,34,x7f97b47c6070,1136,400.0,1.0,2,[4],1
1,34,x7f97b47c6070,1137,300.0,0.0,2,[0],1
1,34,x7f97b47c6070,1138,100.0,0.0,2,[0],1
1,34,x7f97b47c6070,1139,195.47,0.0,5,[4],1
1,34,x7f97b47c6070,1140,100.0,0.0,2,[0],1
1,34,x7f97b47c6070,1141,100.08,0.0,5,[4],1
1,34,x7f97b47c6070,1142,300.0,0.0,2,[0],1
1,34,x7f97b47c6070,1143,99.93,0.0,5,[4],1
1,34,x7f97b47c6070,1144,300.0,0.0,2,[0],1
1,34,x7f97b47c6070,1145,100.0,0.0,5,[4],1
1,34,x7f97b47c6070,1146,300.0,0.0,2,[0],1
1,34,x7f97b47c6070,1147,138.47,0.0,5,[4],1
1,34,x7f97b47c6070,1148,0.0,0.0,2,[0],1
1,34,x7f97b47c6070,1149,100.0,0.0,5,[4],1
1,34,x7f97b47c6070,1150,200.0,1.0,2,[0],4
1,34,x7f97b47c6070,1151,99.21,0.0,5,[4],1
1,34,x7f97b47c6070,1152,100.0,0.0,2,[0],1
1,34,x7f97b47c6070,1153,99.69,0.0,5,[4],1
1,34,x7f97b47c6070,1154,300.0,0.0,2,[0],1
1,34,x7f97b47c6070,1155,200.0,1.0,5,[4],1
1,34,x7f97b47c6070,1156,-200.0,1.0,2,[1],4
1,34,x7f97b47c6070,1157,0.0,0.0,5,[4],1
1,34,x7f97b47c6070,1158,300.0,0.0,2,[0],1
1,34,x7f97b47c6070,1159,200.0,0.0,5,[4],1
1,34,x7f97b47c6070,1160,300.0,0.0,2,[0],1
1,34,x7f97b47c6070,1161,200.0,0.0,5,[5],1
1,34,x7f97b47c6070,1162,-200.0,1.0,2,[1],4
1,34,x7f97b47c6070,1163,299.96,1.0,5,[4],1
1,34,x7f97b47c6070,1164,100.0,0.0,2,[0],1
1,34,x7f97b47c6070,1165,99.87,0.0,5,[4],1
1,34,x7f97b47c6070,1166,100.0,0.0,2,[0],1
1,34,x7f97b47c6070,1167,99.63,0.0,5,[5],1
1,34,x7f97b47c6070,1168,100.0,0.0,2,[0],1
1,34,x7f97b47c6070,1169,0.0,1.0,5,[4],1
1,34,x7f97b47c6070,1170,300.0,0.0,2,[0],1
1,34,x7f97b47c6070,1171,213.17,0.0,5,[4],1
1,34,x7f97b47c6070,1172,-100.0,0.0,2,[0],1
1,34,x7f97b47c6070,1173,200.11,0.0,5,[4],1
1,34,x7f97b47c6070,1174,300.0,0.0,2,[0],1
1,34,x7f97b47c6070,1175,300.0,0.0,5,[4],1
1,34,x7f97b47c6070,1176,100.0,0.0,2,[0],1
1,34,x7f97b47c6070,1177,106.56,0.0,5,[4],1
1,34,x7f97b47c6070,1178,100.0,0.0,2,[0],1
1,34,x7f97b47c6070,1179,300.0,0.0,5,[4],1
1,34,x7f97b47c6070,1180,300.0,0.0,2,[0],1
1,34,x7f97b47c6070,1181,100.0,0.0,5,[4],1
1,34,x7f97b47c6070,1182,100.0,0.0,3,[10],1
1,34,x7f97b47c6070,1183,196.94,0.0,4,[4],1
1,34,x7f97b47c6070,1184,300.0,0.0,3,[10],1
1,34,x7f97b47c6070,1185,-100.0,0.0,2,[5],1
1,34,x7f97b47c6070,1186,100.0,0.0,3,[10],1
1,34,x7f97b47c6070,1187,300.0,0.0,3,[4],1
1,34,x7f97b47c6070,1188,300.0,0.0,2,[0],1
1,34,x7f97b47c6070,1189,300.0,0.0,2,[4],1
1,34,x7f97b47c6070,1190,300.0,0.0,3,[10],1
1,34,x7f97b47c6070,1191,199.99,0.0,3,[5],1
1,34,x7f97b47c6070,1192,100.0,0.0,2,[0],1
1,34,x7f97b47c6070,1193,100.0,0.0,2,[4],1
1,34,x7f97b47c6070,1194,-500.0,0.0,3,[10],1
1,34,x7f97b47c6070,1195,-500.0,0.0,3,[5],1
1,34,x7f97b47c6070,1196,500.0,2.0,2,[1],4
1,34,x7f97b47c6070,1197,100.0,0.0,2,[4],1
1,34,x7f97b47c6070,1198,100.0,0.0,3,[10],1
1,34,x7f97b47c6070,1199,-400.03,0.0,3,[0],1
1,34,x7f97b47c6070,1200,300.0,0.0,2,[4],1
1,34,x7f97b47c6070,1201,156.62,0.0,3,[10],1
1,34,x7f97b47c6070,1202,700.0,2.0,3,[4],1
1,34,x7f97b47c6070,1203,100.0,0.0,2,[0],1
1,34,x7f97b47c6070,1204,300.0,0.0,2,[4],1
1,34,x7f97b47c6070,1205,242.14,0.0,3,[10],1
1,34,x7f97b47c6070,1206,197.12,0.0,3,[5],1
1,34,x7f97b47c6070,1207,300.0,0.0,2,[0],1
1,34,x7f97b47c6070,1208,100.0,0.0,2,[4],1
1,34,x7f97b47c6070,1209,763.65,2.0,3,[10],1
1,34,x7f97b47c6070,1210,99.59,0.0,3,[5],1
1,34,x7f97b47c6070,1211,0.0,0.0,2,[0],1
1,34,x7f97b47c6070,1212,-500.0,0.0,2,[4],1
1,34,x7f97b47c6070,1213,200.0,0.0,3,[10],1
1,34,x7f97b47c6070,1214,202.66,1.0,3,[0],3
1,34,x7f97b47c6070,1215,700.0,2.0,2,[4],1
1,34,x7f97b47c6070,1216,100.0,0.0,3,[10],1
1,34,x7f97b47c6070,1217,100.0,0.0,3,[4],1
1,34,x7f97b47c6070,1218,100.0,0.0,2,[0],1
1,34,x7f97b47c6070,1219,100.0,0.0,2,[4],1
1,34,x7f97b47c6070,1220,300.0,0.0,2,[0],1
1,34,x7f97b47c6070,1221,100.0,0.0,4,[5],1
1,34,x7f97b47c6070,1222,400.0,1.0,3,[10],1
1,34,x7f97b47c6070,1223,0.0,0.0,2,[4],1
1,34,x7f97b47c6070,1224,200.0,0.0,2,[0],1
1,34,x7f97b47c6070,1225,200.0,0.0,4,[4],1
1,34,x7f97b47c6070,1226,99.59,0.0,3,[10],1
1,34,x7f97b47c6070,1227,0.0,0.0,2,[6],1
1,34,x7f97b47c6070,1228,0.0,1.0,2,[1],4
1,34,x7f97b47c6070,1229,100.86,0.0,4,[5],1
1,34,x7f97b47c6070,1230,200.0,0.0,3,[10],1
1,34,x7f97b47c6070,1231,400.0,1.0,2,[4],1
1,34,x7f97b47c6070,1232,400.0,1.0,2,[0],4
1,34,x7f97b47c6070,1233,300.0,1.0,4,[6],1
1,34,x7f97b47c6070,1234,300.0,0.0,3,[10],1
1,34,x7f97b47c6070,1235,100.0,0.0,2,[5],1
1,34,x7f97b47c6070,1236,300.0,0.0,2,[0],1
1,34,x7f97b47c6070,1237,400.0,1.0,4,[4],1
1,34,x7f97b47c6070,1238,300.0,0.0,3,[10],1
1,34,x7f97b47c6070,1239,300.0,0.0,2,[4],1
1,34,x7f97b47c6070,1240,100.0,0.0,2,[0],1
1,34,x7f97b47c6070,1241,200.2,0.0,4,[4],1
1,34,x7f97b47c6070,1242,400.0,1.0,3,[10],1
1,34,x7f97b47c6070,1243,200.0,0.0,2,[4],1
1,34,x7f97b47c6070,1244,300.0,0.0,2,[0],1
1,34,x7f97b47c6070,1245,200.0,0.0,4,[4],1
1,34,x7f97b47c6070,1246,400.0,1.0,3,[10],1
1,34,x7f97b47c6070,1247,200.0,1.0,2,[4],1
1,34,x7f97b47c6070,1248,100.0,0.0,2,[0],1
1,34,x7f97b47c6070,1249,300.0,0.0,4,[4],1
1,34,x7f97b47c6070,1250,100.0,0.0,3,[10],1
1,34,x7f97b47c6070,1251,400.0,1.0,2,[4],1
1,34,x7f97b47c6070,1252,100.0,0.0,2,[0],1
1,34,x7f97b47c6070,1253,100.0,0.0,3,[4],1
1,34,x7f97b47c6070,1254,100.0,0.0,2,[10],1
1,34,x7f97b47c6070,1255,300.0,0.0,2,[4],1
1,34,x7f97b47c6070,1256,-200.0,1.0,2,[1],4
1,34,x7f97b47c6070,1257,-500.0,0.0,4,[4],1
1,34,x7f97b47c6070,1258,-300.0,0.0,3,[10],1
1,34,x7f97b47c6070,1259,100.0,0.0,2,[4],1
1,34,x7f97b47c6070,1260,300.0,2.0,2,[1],4
1,34,x7f97b47c6070,1261,-300.0,0.0,4,[0],1
1,34,x7f97b47c6070,1262,300.0,0.0,2,[5],1
1,34,x7f97b47c6070,1263,200.0,0.0,3,[10],1
1,34,x7f97b47c6070,1264,-299.91,1.0,4,[4],1
1,34,x7f97b47c6070,1265,0.0,0.0,3,[10],1
1,34,x7f97b47c6070,1266,100.0,0.0,2,[5],1
1,34,x7f97b47c6070,1267,400.0,1.0,2,[0],4
1,34,x7f97b47c6070,1268,800.19,2.0,4,[4],1
1,34,x7f97b47c6070,1269,200.0,0.0,3,[10],1
1,34,x7f97b47c6070,1270,100.0,0.0,2,[4],1
1,34,x7f97b47c6070,1271,0.0,1.0,2,[1],4
1,34,x7f97b47c6070,1272,400.0,1.0,4,[4],1
1,34,x7f97b47c6070,1273,400.0,1.0,3,[10],1
1,34,x7f97b47c6070,1274,200.0,0.0,2,[4],1
1,34,x7f97b47c6070,1275,300.0,0.0,2,[0],1
1,34,x7f97b47c6070,1276,100.0,0.0,4,[6],1
1,34,x7f97b47c6070,1277,900.0,2.0,3,[10],1
1,34,x7f97b47c6070,1278,-400.0,1.0,2,[5],1
1,34,x7f97b47c6070,1279,100.0,0.0,2,[0],1
1,34,x7f97b47c6070,1280,400.0,1.0,4,[4],1
1,34,x7f97b47c6070,1281,400.0,1.0,3,[10],1
1,34,x7f97b47c6070,1282,700.0,2.0,2,[4],1
1,34,x7f97b47c6070,1283,300.0,0.0,2,[0],1
1,34,x7f97b47c6070,1284,103.64,0.0,4,[6],2
1,34,x7f97b47c6070,1285,265.13,0.0,3,[10],1
1,34,x7f97b47c6070,1286,400.0,1.0,2,[5],1
1,34,x7f97b47c6070,1287,100.0,0.0,2,[0],1
1,34,x7f97b47c6070,1288,99.97,0.0,4,[4],1
1,34,x7f97b47c6070,1289,400.0,1.0,3,[10],1
1,34,x7f97b47c6070,1290,0.0,0.0,2,[4],1
1,34,x7f97b47c6070,1291,-200.0,1.0,2,[1],4
1,34,x7f97b47c6070,1292,60.38,0.0,4,[4],1
1,34,x7f97b47c6070,1293,197.8,0.0,3,[10],1
1,34,x7f97b47c6070,1294,400.0,1.0,2,[4],1
1,34,x7f97b47c6070,1295,100.0,0.0,2,[0],1
1,34,x7f97b47c6070,1296,-400.0,0.0,4,[6],1
1,34,x7f97b47c6070,1297,-408.21,0.0,3,[10],1
1,34,x7f97b47c6070,1298,100.0,0.0,2,[6],1
1,34,x7f97b47c6070,1299,300.0,2.0,2,[1],4
1,34,x7f97b47c6070,1300,-400.0,1.0,4,[4],1
1,34,x7f97b47c6070,1301,100.0,0.0,3,[10],1
1,34,x7f97b47c6070,1302,300.0,0.0,2,[4],1
1,34,x7f97b47c6070,1303,300.0,0.0,2,[0],1
1,34,x7f97b47c6070,1304,-300.0,0.0,4,[6],1
1,34,x7f97b47c6070,1305,201.08,0.0,3,[10],1
1,34,x7f97b47c6070,1306,100.0,0.0,2,[5],1
1,34,x7f97b47c6070,1307,300.0,0.0,2,[0],1
1,34,x7f97b47c6070,1308,597.87,2.0,4,[4],1
1,34,x7f97b47c6070,1309,298.49,1.0,3,[10],1
1,34,x7f97b47c6070,1310,200.0,0.0,2,[4],1
1,34,x7f97b47c6070,1311,100.0,0.0,2,[0],1
1,34,x7f97b47c6070,1312,200.0,0.0,4,[4],1
1,34,x7f97b47c6070,1313,200.0,0.0,3,[10],1
1,34,x7f97b47c6070,1314,200.0,1.0,2,[4],4
1,34,x7f97b47c6070,1315,-200.0,1.0,2,[1],4
1,34,x7f97b47c6070,1316,91.64,0.0,4,[4],1
1,34,x7f97b47c6070,1317,605.29,2.0,3,[10],1
1,34,x7f97b47c6070,1318,-300.0,0.0,2,[4],1
1,34,x7f97b47c6070,1319,300.0,0.0,2,[0],1
1,34,x7f97b47c6070,1320,200.0,0.0,4,[6],1
1,34,x7f97b47c6070,1321,300.0,0.0,3,[10],1
1,34,x7f97b47c6070,1322,500.0,2.0,2,[5],1
1,34,x7f97b47c6070,1323,300.0,0.0,2,[0],1
1,34,x7f97b47c6070,1324,298.8,1.0,4,[4],1
1,34,x7f97b47c6070,1325,300.0,0.0,3,[10],1
1,34,x7f97b47c6070,1326,300.0,0.0,2,[4],1
1,34,x7f97b47c6070,1327,300.0,0.0,2,[0],1
1,34,x7f97b47c6070,1328,300.0,0.0,4,[4],1
1,34,x7f97b47c6070,1329,300.0,0.0,3,[10],1
1,34,x7f97b47c6070,1330,100.0,0.0,2,[4],1
1,34,x7f97b47c6070,1331,100.0,0.0,2,[0],1
1,34,x7f97b47c6070,1332,300.0,0.0,4,[4],1
1,34,x7f97b47c6070,1333,303.94,1.0,3,[10],1
1,34,x7f97b47c6070,1334,200.0,0.0,2,[4],1
1,34,x7f97b47c6070,1335,300.0,0.0,2,[0],1
1,34,x7f97b47c6070,1336,199.86,0.0,4,[4],1
1,34,x7f97b47c6070,1337,300.0,0.0,3,[10],1
1,34,x7f97b47c6070,1338,200.0,1.0,2,[4],1
1,34,x7f97b47c6070,1339,100.0,0.0,2,[0],1
1,34,x7f97b47c6070,1340,300.0,0.0,4,[4],1
1,34,x7f97b47c6070,1341,300.0,0.0,3,[10],1
1,34,x7f97b47c6070,1342,300.0,0.0,2,[4],1
1,34,x7f97b47c6070,1343,300.0,0.0,2,[0],1
1,34,x7f97b47c6070,1344,200.41,0.0,4,[4],1
1,34,x7f97b47c6070,1345,300.0,0.0,3,[10],1
1,34,x7f97b47c6070,1346,300.0,0.0,2,[4],1
1,34,x7f97b47c6070,1347,300.0,0.0,2,[0],1
1,34,x7f97b47c6070,1348,199.36,0.0,4,[4],1
1,34,x7f97b47c6070,1349,300.0,0.0,3,[10],1
1,34,x7f97b47c6070,1350,100.0,0.0,2,[4],1
1,34,x7f97b47c6070,1351,100.0,0.0,2,[0],1
1,34,x7f97b47c6070,1352,169.64,0.0,4,[4],1
1,34,x7f97b47c6070,1353,300.0,0.0,3,[10],1
1,34,x7f97b47c6070,1354,300.0,0.0,2,[4],1
1,34,x7f97b47c6070,1355,300.0,0.0,2,[0],1
1,34,x7f97b47c6070,1356,0.0,0.0,4,[4],1
1,34,x7f97b47c6070,1357,0.0,0.0,3,[10],1
1,34,x7f97b47c6070,1358,100.0,0.0,2,[4],1
1,34,x7f97b47c6070,1359,200.0,0.0,2,[0],1
1,34,x7f97b47c6070,1360,200.0,0.0,4,[4],1
1,34,x7f97b47c6070,1361,0.0,0.0,3,[10],1
1,34,x7f97b47c6070,1362,300.0,0.0,2,[4],1
1,34,x7f97b47c6070,1363,400.0,1.0,2,[0],4
1,34,x7f97b47c6070,1364,107.78,0.0,4,[4],1
1,34,x7f97b47c6070,1365,200.0,0.0,3,[10],1
1,34,x7f97b47c6070,1366,300.0,0.0,2,[4],1
1,34,x7f97b47c6070,1367,100.0,0.0,2,[0],1
1,34,x7f97b47c6070,1368,301.45,1.0,4,[4],1
1,34,x7f97b47c6070,1369,300.0,0.0,3,[10],1
1,34,x7f97b47c6070,1370,100.0,0.0,2,[4],1
1,34,x7f97b47c6070,1371,300.0,0.0,2,[0],1
1,34,x7f97b47c6070,1372,200.41,0.0,4,[4],1
1,34,x7f97b47c6070,1373,300.0,0.0,3,[10],1
1,34,x7f97b47c6070,1374,300.0,0.0,2,[4],1
1,34,x7f97b47c6070,1375,300.0,0.0,2,[0],1
1,34,x7f97b47c6070,1376,197.93,0.0,4,[4],1
1,34,x7f97b47c6070,1377,312.7,1.0,3,[10],1
1,34,x7f97b47c6070,1378,200.0,0.0,2,[4],1
1,34,x7f97b47c6070,1379,100.0,0.0,2,[0],1
1,34,x7f97b47c6070,1380,-7.56,0.0,4,[4],1
1,34,x7f97b47c6070,1381,106.95,0.0,3,[10],1
1,34,x7f97b47c6070,1382,400.0,1.0,2,[4],1
1,34,x7f97b47c6070,1383,0.0,0.0,2,[0],1
1,34,x7f97b47c6070,1384,-13.09,0.0,4,[4],1
1,34,x7f97b47c6070,1385,200.0,0.0,3,[10],1
1,34,x7f97b47c6070,1386,100.0,0.0,2,[4],1
1,34,x7f97b47c6070,1387,400.0,1.0,2,[0],4
1,34,x7f97b47c6070,1388,59.81,0.0,4,[4],1
1,34,x7f97b47c6070,1389,199.85,0.0,3,[10],1
1,34,x7f97b47c6070,1390,300.0,0.0,2,[4],1
1,34,x7f97b47c6070,1391,100.0,0.0,2,[0],1
1,34,x7f97b47c6070,1392,400.0,1.0,4,[4],1
1,34,x7f97b47c6070,1393,100.0,0.0,3,[10],1
1,34,x7f97b47c6070,1394,300.0,0.0,2,[4],1
1,34,x7f97b47c6070,1395,300.0,0.0,2,[0],1
1,34,x7f97b47c6070,1396,184.1,0.0,4,[4],1
1,34,x7f97b47c6070,1397,196.88,0.0,3,[10],1
1,34,x7f97b47c6070,1398,100.0,0.0,2,[4],1
1,34,x7f97b47c6070,1399,300.0,0.0,2,[0],1
1,34,x7f97b47c6070,1400,199.88,0.0,4,[4],1
1,34,x7f97b47c6070,1401,300.04,1.0,3,[10],1
1,34,x7f97b47c6070,1402,0.0,0.0,2,[4],1
1,34,x7f97b47c6070,1403,100.0,0.0,2,[0],1
1,34,x7f97b47c6070,1404,200.0,0.0,4,[4],1
1,34,x7f97b47c6070,1405,100.63,0.0,3,[10],1
1,34,x7f97b47c6070,1406,400.0,1.0,2,[4],1
1,34,x7f97b47c6070,1407,100.0,0.0,2,[0],1
1,34,x7f97b47c6070,1408,100.15,0.0,4,[4],1
1,34,x7f97b47c6070,1409,300.0,0.0,3,[10],1
1,34,x7f97b47c6070,1410,100.0,0.0,2,[4],1
1,34,x7f97b47c6070,1411,300.0,0.0,2,[0],1
1,34,x7f97b47c6070,1412,-500.0,0.0,4,[4],1
1,34,x7f97b47c6070,1413,-300.0,0.0,3,[10],1
1,34,x7f97b47c6070,1414,300.0,0.0,2,[4],1
1,34,x7f97b47c6070,1415,300.0,2.0,2,[1],4
1,34,x7f97b47c6070,1416,-356.62,0.0,4,[4],1
1,34,x7f97b47c6070,1417,209.09,0.0,3,[10],1
1,34,x7f97b47c6070,1418,300.0,0.0,2,[4],1
1,34,x7f97b47c6070,1419,100.0,0.0,2,[0],1
1,34,x7f97b47c6070,1420,-400.0,0.0,4,[6],1
1,34,x7f97b47c6070,1421,199.9,0.0,3,[10],1
1,34,x7f97b47c6070,1422,100.0,0.0,2,[5],1
1,34,x7f97b47c6070,1423,100.0,0.0,2,[0],1
1,34,x7f97b47c6070,1424,795.31,2.0,4,[4],1
1,34,x7f97b47c6070,1425,300.0,0.0,3,[10],1
1,34,x7f97b47c6070,1426,100.0,0.0,2,[4],1
1,34,x7f97b47c6070,1427,300.0,0.0,2,[0],1
1,34,x7f97b47c6070,1428,171.54,0.0,4,[4],1
1,34,x7f97b47c6070,1429,300.0,0.0,3,[10],1
1,34,x7f97b47c6070,1430,300.0,0.0,3,[5],1
1,34,x7f97b47c6070,1431,900.0,2.0,3,[10],1
1,34,x7f97b47c6070,1432,300.0,0.0,2,[0],1
1,34,x7f97b47c6070,1433,-356.62,0.0,4,[4],1
1,34,x7f97b47c6070,1434,300.0,0.0,3,[10],1
1,34,x7f97b47c6070,1435,100.0,0.0,2,[0],1
1,34,x7f97b47c6070,1436,-400.0,0.0,4,[4],1
1,34,x7f97b47c6070,1437,200.3,0.0,3,[10],1
1,34,x7f97b47c6070,1438,100.0,0.0,2,[0],1
1,34,x7f97b47c6070,1439,795.31,2.0,4,[4],1
1,34,x7f97b47c6070,1440,100.07,0.0,3,[10],1
1,34,x7f97b47c6070,1441,-200.0,1.0,2,[1],4
1,34,x7f97b47c6070,1442,171.54,0.0,4,[4],1
1,34,x7f97b47c6070,1443,100.0,0.0,3,[10],1
1,34,x7f97b47c6070,1444,300.0,0.0,2,[0],1
1,34,x7f97b47c6070,1445,200.18,0.0,4,[4],1
1,34,x7f97b47c6070,1446,100.0,0.0,3,[10],1
1,34,x7f97b47c6070,1447,300.0,0.0,2,[0],1
1,34,x7f97b47c6070,1448,100.27,0.0,4,[4],1
1,34,x7f97b47c6070,1449,300.0,1.0,3,[10],1
1,34,x7f97b47c6070,1450,300.0,0.0,2,[0],1
1,34,x7f97b47c6070,1451,-14.56,0.0,4,[4],1
1,34,x7f97b47c6070,1452,-300.0,0.0,3,[10],1
1,34,x7f97b47c6070,1453,500.0,2.0,2,[1],4
1,34,x7f97b47c6070,1454,0.0,0.0,4,[4],1
1,34,x7f97b47c6070,1455,300.0,0.0,3,[10],1
1,34,x7f97b47c6070,1456,100.0,0.0,2,[0],1
1,34,x7f97b47c6070,1457,200.0,0.0,4,[5],1
1,34,x7f97b47c6070,1458,300.0,0.0,3,[10],1
1,34,x7f97b47c6070,1459,100.0,0.0,2,[0],1
1,34,x7f97b47c6070,1460,-400.0,1.0,4,[4],1
1,34,x7f97b47c6070,1461,823.73,2.0,3,[10],1
1,34,x7f97b47c6070,1462,500.0,2.0,2,[1],4
1,34,x7f97b47c6070,1463,-300.0,0.0,4,[4],1
1,34,x7f97b47c6070,1464,300.0,0.0,3,[10],1
1,34,x7f97b47c6070,1465,300.0,0.0,2,[0],1
1,34,x7f97b47c6070,1466,-300.0,0.0,4,[4],1
1,34,x7f97b47c6070,1467,100.0,0.0,3,[10],1
1,34,x7f97b47c6070,1468,300.0,0.0,2,[0],1
1,34,x7f97b47c6070,1469,-494.33,0.0,4,[5],1
1,34,x7f97b47c6070,1470,900.0,2.0,3,[10],1
1,34,x7f97b47c6070,1471,800.0,2.0,3,[4],1
1,34,x7f97b47c6070,1472,300.0,0.0,2,[0],1
1,34,x7f97b47c6070,1473,300.0,0.0,3,[6],1
1,34,x7f97b47c6070,1474,300.0,0.0,3,[10],1
1,34,x7f97b47c6070,1475,-500.0,0.0,3,[4],1
1,34,x7f97b47c6070,1476,300.0,0.0,2,[0],1
1,34,x7f97b47c6070,1477,133.34,0.0,3,[6],1
1,34,x7f97b47c6070,1478,200.0,0.0,3,[10],1
1,34,x7f97b47c6070,1479,-400.41,0.0,3,[5],1
1,34,x7f97b47c6070,1480,100.0,0.0,2,[0],1
1,34,x7f97b47c6070,1481,186.1,0.0,3,[6],1
1,34,x7f97b47c6070,1482,200.0,0.0,3,[10],1
1,34,x7f97b47c6070,1483,900.0,2.0,3,[4],1
1,34,x7f97b47c6070,1484,300.0,0.0,2,[0],1
1,34,x7f97b47c6070,1485,300.0,0.0,3,[6],1
1,34,x7f97b47c6070,1486,196.43,0.0,3,[10],1
1,34,x7f97b47c6070,1487,300.0,0.0,3,[4],1
1,34,x7f97b47c6070,1488,100.0,0.0,2,[0],1
1,34,x7f97b47c6070,1489,100.0,0.0,3,[6],1
1,34,x7f97b47c6070,1490,100.0,0.0,3,[10],1
1,34,x7f97b47c6070,1491,300.0,0.0,3,[4],1
1,34,x7f97b47c6070,1492,300.0,0.0,2,[0],1
1,34,x7f97b47c6070,1493,200.0,0.0,3,[6],1
1,34,x7f97b47c6070,1494,200.0,0.0,3,[10],1
1,34,x7f97b47c6070,1495,133.34,0.0,3,[4],1
1,34,x7f97b47c6070,1496,-200.0,1.0,2,[1],4
1,34,x7f97b47c6070,1497,100.0,0.0,2,[4],1
1,34,x7f97b47c6070,1498,300.0,0.0,2,[0],1
1,34,x7f97b47c6070,1499,300.0,0.0,2,[0],4
1,34,x7f97b47c6070,1500,200.0,0.0,5,[5],1
1,34,x7f97b47c6070,1501,-200.0,1.0,2,[1],4
1,34,x7f97b47c6070,1502,194.6,1.0,5,[4],1
1,34,x7f97b47c6070,1503,-200.0,1.0,2,[1],4
1,34,x7f97b47c6070,1504,200.0,0.0,5,[4],1
1,34,x7f97b47c6070,1505,300.0,0.0,2,[0],1
1,34,x7f97b47c6070,1506,96.43,0.0,5,[6],1
1,34,x7f97b47c6070,1507,0.0,1.0,2,[1],4
1,34,x7f97b47c6070,1508,299.29,1.0,5,[4],1
1,34,x7f97b47c6070,1509,300.0,0.0,2,[0],1
1,34,x7f97b47c6070,1510,298.32,1.0,5,[4],1
1,34,x7f97b47c6070,1511,0.0,1.0,2,[1],4
1,34,x7f97b47c6070,1512,94.6,0.0,5,[5],1
1,34,x7f97b47c6070,1513,300.0,0.0,2,[0],1
1,34,x7f97b47c6070,1514,400.0,1.0,5,[4],1
1,34,x7f97b47c6070,1515,400.0,1.0,3,[10],1
1,34,x7f97b47c6070,1516,97.82,0.0,4,[5],1
1,34,x7f97b47c6070,1517,300.0,0.0,3,[10],1
1,34,x7f97b47c6070,1518,400.0,1.0,2,[5],1
1,34,x7f97b47c6070,1519,300.0,0.0,2,[0],1
1,34,x7f97b47c6070,1520,400.0,1.0,4,[4],1
1,34,x7f97b47c6070,1521,400.0,1.0,3,[10],1
1,34,x7f97b47c6070,1522,0.0,0.0,2,[4],1
1,34,x7f97b47c6070,1523,100.0,0.0,2,[0],1
1,34,x7f97b47c6070,1524,195.72,0.0,4,[4],1
1,34,x7f97b47c6070,1525,161.16,0.0,3,[10],1
1,34,x7f97b47c6070,1526,400.0,1.0,2,[4],1
1,34,x7f97b47c6070,1527,300.0,0.0,2,[0],1
1,34,x7f97b47c6070,1528,186.1,0.0,4,[4],1
1,34,x7f97b47c6070,1529,400.0,1.0,3,[10],1
1,34,x7f97b47c6070,1530,0.0,0.0,2,[4],1
1,34,x7f97b47c6070,1531,300.0,0.0,2,[0],1
1,34,x7f97b47c6070,1532,300.0,0.0,4,[4],1
1,34,x7f97b47c6070,1533,199.99,0.0,3,[10],1
1,34,x7f97b47c6070,1534,200.0,0.0,3,[5],1
1,34,x7f97b47c6070,1535,191.53,0.0,3,[10],1
1,34,x7f97b47c6070,1536,100.0,0.0,2,[0],1
1,34,x7f97b47c6070,1537,400.0,1.0,4,[4],1
1,34,x7f97b47c6070,1538,300.0,0.0,3,[10],1
1,34,x7f97b47c6070,1539,300.0,0.0,2,[0],1
1,34,x7f97b47c6070,1540,195.72,0.0,4,[4],1
1,34,x7f97b47c6070,1541,100.54,0.0,3,[10],1
1,34,x7f97b47c6070,1542,-200.0,1.0,2,[1],4
1,34,x7f97b47c6070,1543,186.1,0.0,4,[4],1
1,34,x7f97b47c6070,1544,100.0,0.0,3,[10],1
1,34,x7f97b47c6070,1545,300.0,0.0,2,[0],1
1,34,x7f97b47c6070,1546,300.0,0.0,4,[4],1
1,34,x7f97b47c6070,1547,300.0,0.0,3,[10],1
1,34,x7f97b47c6070,1548,300.0,0.0,2,[0],1
1,34,x7f97b47c6070,1549,100.17,0.0,4,[4],1
1,34,x7f97b47c6070,1550,400.0,1.0,2,[10],1
1,34,x7f97b47c6070,1551,300.0,0.0,2,[0],1
1,34,x7f97b47c6070,1552,98.98,0.0,4,[4],1
1,34,x7f97b47c6070,1553,300.0,0.0,3,[10],1
1,34,x7f97b47c6070,1554,300.0,0.0,2,[0],1
1,34,x7f97b47c6070,1555,200.0,0.0,4,[4],1
1,34,x7f97b47c6070,1556,238.36,0.0,3,[10],1
1,34,x7f97b47c6070,1557,100.0,0.0,2,[0],1
1,34,x7f97b47c6070,1558,200.0,0.0,4,[5],1
1,34,x7f97b47c6070,1559,197.06,0.0,3,[10],1
1,34,x7f97b47c6070,1560,300.0,0.0,2,[0],1
1,34,x7f97b47c6070,1561,197.83,1.0,4,[4],1
1,34,x7f97b47c6070,1562,173.59,0.0,3,[10],1
1,34,x7f97b47c6070,1563,100.0,0.0,2,[0],1
1,34,x7f97b47c6070,1564,300.0,0.0,4,[4],1
1,34,x7f97b47c6070,1565,100.0,0.0,3,[10],1
1,34,x7f97b47c6070,1566,300.0,0.0,2,[0],1
1,34,x7f97b47c6070,1567,191.53,0.0,4,[4],1
1,34,x7f97b47c6070,1568,200.0,0.0,3,[10],1
1,34,x7f97b47c6070,1569,200.0,0.0,2,[0],1
1,34,x7f97b47c6070,1570,170.54,0.0,4,[4],1
1,34,x7f97b47c6070,1571,91.53,0.0,3,[10],1
1,34,x7f97b47c6070,1572,200.0,1.0,2,[0],4
1,34,x7f97b47c6070,1573,154.2,0.0,4,[4],1
1,34,x7f97b47c6070,1574,300.0,0.0,3,[10],1
1,34,x7f97b47c6070,1575,300.0,0.0,2,[0],1
1,34,x7f97b47c6070,1576,300.0,0.0,4,[4],1
1,34,x7f97b47c6070,1577,300.0,0.0,3,[10],1
1,34,x7f97b47c6070,1578,100.0,0.0,2,[0],1
1,34,x7f97b47c6070,1579,86.1,0.0,4,[4],1
1,34,x7f97b47c6070,1580,200.0,1.0,3,[10],1
1,34,x7f97b47c6070,1581,100.0,0.0,2,[0],1
1,34,x7f97b47c6070,1582,200.0,0.0,4,[4],1
1,34,x7f97b47c6070,1583,300.0,0.0,3,[10],1
1,34,x7f97b47c6070,1584,300.0,0.0,2,[0],1
1,34,x7f97b47c6070,1585,200.0,0.0,4,[4],1
1,34,x7f97b47c6070,1586,198.62,0.0,3,[10],1
1,34,x7f97b47c6070,1587,100.0,0.0,2,[0],1
1,34,x7f97b47c6070,1588,269.09,1.0,4,[4],0
1,34,x7f97b47c6070,1589,300.0,0.0,3,[10],1
1,34,x7f97b47c6070,1590,300.0,0.0,2,[0],1
1,34,x7f97b47c6070,1591,300.0,0.0,4,[4],4
1,34,x7f97b47c6070,1592,300.0,0.0,3,[10],1
1,34,x7f97b47c6070,1593,100.0,0.0,2,[0],1
1,34,x7f97b47c6070,1594,170.54,0.0,4,[4],1
1,34,x7f97b47c6070,1595,100.0,0.0,3,[10],1
1,34,x7f97b47c6070,1596,300.0,0.0,2,[0],1
1,34,x7f97b47c6070,1597,200.0,0.0,4,[4],1
1,34,x7f97b47c6070,1598,300.0,0.0,3,[10],1
1,34,x7f97b47c6070,1599,300.0,0.0,2,[0],1
1,34,x7f97b47c6070,1600,300.0,0.0,4,[4],1
1,34,x7f97b47c6070,1601,184.55,0.0,3,[10],1
1,34,x7f97b47c6070,1602,100.0,0.0,2,[0],1
1,34,x7f97b47c6070,1603,173.59,0.0,4,[4],1
1,34,x7f97b47c6070,1604,200.0,0.0,3,[10],1
1,34,x7f97b47c6070,1605,200.0,0.0,2,[0],1
1,34,x7f97b47c6070,1606,200.0,0.0,4,[4],1
1,34,x7f97b47c6070,1607,-300.0,0.0,3,[10],1
1,34,x7f97b47c6070,1608,300.0,2.0,2,[1],4
1,34,x7f97b47c6070,1609,179.22,0.0,4,[4],1
1,34,x7f97b47c6070,1610,0.0,0.0,3,[10],1
1,34,x7f97b47c6070,1611,400.0,1.0,2,[0],4
1,34,x7f97b47c6070,1612,300.0,0.0,4,[4],1
1,34,x7f97b47c6070,1613,300.0,0.0,3,[10],0
1,34,x7f97b47c6070,1614,300.0,0.0,2,[0],1
1,34,x7f97b47c6070,1615,-400.0,0.0,4,[4],1
1,34,x7f97b47c6070,1616,900.0,2.0,3,[10],1
1,34,x7f97b47c6070,1617,-200.0,1.0,2,[1],4
1,34,x7f97b47c6070,1618,-413.9,0.0,4,[4],1
1,34,x7f97b47c6070,1619,335.05,1.0,3,[10],1
1,34,x7f97b47c6070,1620,100.0,0.0,2,[0],1
1,34,x7f97b47c6070,1621,-300.0,0.0,4,[4],1
1,34,x7f97b47c6070,1622,199.16,0.0,3,[10],1
1,34,x7f97b47c6070,1623,300.0,0.0,2,[0],1
1,34,x7f97b47c6070,1624,-200.0,1.0,4,[5],1
1,34,x7f97b47c6070,1625,200.0,1.0,3,[10],1
1,34,x7f97b47c6070,1626,300.0,0.0,2,[0],1
1,34,x7f97b47c6070,1627,800.09,2.0,4,[4],1
1,34,x7f97b47c6070,1628,0.0,0.0,3,[10],1
1,34,x7f97b47c6070,1629,200.0,0.0,2,[0],1
1,34,x7f97b47c6070,1630,100.0,0.0,4,[4],1
1,34,x7f97b47c6070,1631,200.0,0.0,3,[10],1
1,34,x7f97b47c6070,1632,400.0,1.0,2,[0],4
