4,31,x7fdc0c70f2b0,1,100.0,0.0,3,[6],0
4,31,x7fdc0c70f2b0,2,199.85,0.0,4,[6],0
4,31,x7fdc0c70f2b0,3,0.0,0.0,4,[6],0
4,31,x7fdc0c70f2b0,4,200.0,0.0,3,[6],0
4,31,x7fdc0c70f2b0,5,0.0,0.0,3,[6],0
4,31,x7fdc0c70f2b0,6,300.0,0.0,4,[6],0
4,31,x7fdc0c70f2b0,7,300.0,0.0,4,[6],0
4,31,x7fdc0c70f2b0,8,791.75,2.0,4,[6],0
4,31,x7fdc0c70f2b0,9,200.0,0.0,3,[6],0
4,31,x7fdc0c70f2b0,10,200.0,0.0,4,[6],0
4,31,x7fdc0c70f2b0,11,200.0,0.0,5,[6],0
4,31,x7fdc0c70f2b0,12,194.47,0.0,4,[6],0
4,31,x7fdc0c70f2b0,13,200.0,0.0,4,[6],0
4,31,x7fdc0c70f2b0,14,100.56,0.0,6,[6],0
4,31,x7fdc0c70f2b0,15,400.0,1.0,2,[0],0
4,31,x7fdc0c70f2b0,16,99.9,0.0,7,[6],0
4,31,x7fdc0c70f2b0,17,300.0,0.0,3,[0],0
4,31,x7fdc0c70f2b0,18,300.0,0.0,3,[0],0
4,31,x7fdc0c70f2b0,19,-200.0,1.0,7,[6],0
4,31,x7fdc0c70f2b0,20,-431.52,0.0,3,[0],0
4,31,x7fdc0c70f2b0,21,-400.0,0.0,7,[6],0
4,31,x7fdc0c70f2b0,22,789.14,2.0,3,[0],0
4,31,x7fdc0c70f2b0,23,-448.26,0.0,7,[6],0
4,31,x7fdc0c70f2b0,24,400.0,1.0,2,[0],0
4,31,x7fdc0c70f2b0,25,300.0,0.0,2,[0],0
4,31,x7fdc0c70f2b0,26,800.0,2.0,5,[6],0
4,31,x7fdc0c70f2b0,27,-200.0,1.0,6,[6],0
4,31,x7fdc0c70f2b0,28,800.05,2.0,5,[6],0
4,31,x7fdc0c70f2b0,29,99.08,0.0,6,[6],0
4,31,x7fdc0c70f2b0,30,100.0,0.0,3,[0],0
4,31,x7fdc0c70f2b0,31,300.0,0.0,2,[0],0
4,31,x7fdc0c70f2b0,32,200.0,0.0,7,[6],0
4,31,x7fdc0c70f2b0,33,100.0,0.0,3,[0],0
4,31,x7fdc0c70f2b0,34,199.95,0.0,6,[6],0
4,31,x7fdc0c70f2b0,35,300.0,0.0,3,[0],0
4,31,x7fdc0c70f2b0,36,0.0,0.0,3,[0],0
4,31,x7fdc0c70f2b0,37,200.0,0.0,3,[0],0
4,31,x7fdc0c70f2b0,38,200.0,0.0,7,[6],0
4,31,x7fdc0c70f2b0,39,88.66,0.0,3,[0],0
4,31,x7fdc0c70f2b0,40,100.48,0.0,7,[6],0
4,31,x7fdc0c70f2b0,41,400.0,1.0,3,[0],0
4,31,x7fdc0c70f2b0,42,-500.0,0.0,8,[17],0
4,31,x7fdc0c70f2b0,43,-399.98,0.0,3,[0],0
4,31,x7fdc0c70f2b0,44,-600.3,0.0,3,[1],0
4,31,x7fdc0c70f2b0,45,700.0,2.0,3,[0],0
4,31,x7fdc0c70f2b0,46,-300.0,0.0,3,[0],0
4,31,x7fdc0c70f2b0,47,-400.01,0.0,7,[6],0
4,31,x7fdc0c70f2b0,48,-400.0,0.0,3,[1],0
4,31,x7fdc0c70f2b0,49,800.02,2.0,7,[6],0
4,31,x7fdc0c70f2b0,50,0.0,0.0,2,[1],0
4,31,x7fdc0c70f2b0,51,400.0,1.0,3,[0],0
4,31,x7fdc0c70f2b0,52,300.0,0.0,3,[0],0
4,31,x7fdc0c70f2b0,53,808.05,2.0,6,[6],0
4,31,x7fdc0c70f2b0,54,119.02,0.0,6,[6],0
4,31,x7fdc0c70f2b0,55,200.0,0.0,3,[0],0
4,31,x7fdc0c70f2b0,56,200.0,0.0,7,[6],0
4,31,x7fdc0c70f2b0,57,200.0,0.0,7,[6],0
4,31,x7fdc0c70f2b0,58,99.99,0.0,3,[0],0
4,31,x7fdc0c70f2b0,59,-398.64,0.0,7,[6],0
4,31,x7fdc0c70f2b0,60,-637.03,0.0,3,[2],0
4,31,x7fdc0c70f2b0,61,-300.0,1.0,6,[6],0
4,31,x7fdc0c70f2b0,62,785.0,2.0,3,[0],0
4,31,x7fdc0c70f2b0,63,108.7,0.0,3,[1],0
4,31,x7fdc0c70f2b0,64,200.0,1.0,3,[0],0
4,31,x7fdc0c70f2b0,65,171.04,0.0,3,[0],0
4,31,x7fdc0c70f2b0,66,300.0,0.0,3,[0],0
4,31,x7fdc0c70f2b0,67,157.52,0.0,7,[6],0
4,31,x7fdc0c70f2b0,68,274.25,1.0,7,[6],0
4,31,x7fdc0c70f2b0,69,300.0,0.0,3,[0],0
4,31,x7fdc0c70f2b0,70,100.0,0.0,3,[0],0
4,31,x7fdc0c70f2b0,71,200.0,0.0,7,[6],0
4,31,x7fdc0c70f2b0,72,-399.99,0.0,7,[6],0
4,31,x7fdc0c70f2b0,73,-399.82,0.0,3,[0],0
4,31,x7fdc0c70f2b0,74,-400.0,0.0,7,[6],0
4,31,x7fdc0c70f2b0,75,-400.04,0.0,3,[1],0
4,31,x7fdc0c70f2b0,76,-503.21,0.0,3,[1],0
4,31,x7fdc0c70f2b0,77,-402.86,0.0,3,[1],0
4,31,x7fdc0c70f2b0,78,900.0,2.0,3,[0],0
4,31,x7fdc0c70f2b0,79,190.91,0.0,3,[0],0
4,31,x7fdc0c70f2b0,80,-420.27,0.0,7,[6],0
4,31,x7fdc0c70f2b0,81,-399.98,0.0,7,[6],0
4,31,x7fdc0c70f2b0,82,900.0,2.0,6,[6],0
4,31,x7fdc0c70f2b0,83,200.32,0.0,7,[6],0
4,31,x7fdc0c70f2b0,84,300.0,0.0,2,[0],0
4,31,x7fdc0c70f2b0,85,81.72,0.0,3,[0],0
4,31,x7fdc0c70f2b0,86,200.0,0.0,3,[0],0
4,31,x7fdc0c70f2b0,87,100.0,0.0,3,[0],0
4,31,x7fdc0c70f2b0,88,200.0,0.0,2,[0],0
4,31,x7fdc0c70f2b0,89,92.02,0.0,7,[6],0
4,31,x7fdc0c70f2b0,90,200.0,1.0,2,[0],0
4,31,x7fdc0c70f2b0,91,200.0,0.0,3,[0],0
4,31,x7fdc0c70f2b0,92,200.0,0.0,4,[9],0
4,31,x7fdc0c70f2b0,93,400.0,1.0,2,[0],0
4,31,x7fdc0c70f2b0,94,0.0,0.0,3,[0],0
4,31,x7fdc0c70f2b0,95,99.99,0.0,3,[6],0
4,31,x7fdc0c70f2b0,96,400.0,1.0,3,[0],0
4,31,x7fdc0c70f2b0,97,300.54,1.0,4,[6],0
4,31,x7fdc0c70f2b0,98,106.64,0.0,4,[6],0
4,31,x7fdc0c70f2b0,99,0.0,0.0,3,[19],0
4,31,x7fdc0c70f2b0,100,361.37,1.0,4,[6],0
4,31,x7fdc0c70f2b0,101,0.0,0.0,3,[7],0
4,31,x7fdc0c70f2b0,102,100.03,0.0,3,[7],0
4,31,x7fdc0c70f2b0,103,400.0,1.0,4,[6],0
4,31,x7fdc0c70f2b0,104,100.0,0.0,2,[0],0
4,31,x7fdc0c70f2b0,105,400.0,1.0,3,[8],0
4,31,x7fdc0c70f2b0,106,400.0,1.0,2,[0],0
4,31,x7fdc0c70f2b0,107,200.0,0.0,7,[6],0
4,31,x7fdc0c70f2b0,108,100.0,0.0,2,[1],0
4,31,x7fdc0c70f2b0,109,300.0,0.0,3,[0],0
4,31,x7fdc0c70f2b0,110,200.0,0.0,3,[0],0
4,31,x7fdc0c70f2b0,111,100.0,0.0,3,[17],0
4,31,x7fdc0c70f2b0,112,300.0,1.0,6,[6],0
4,31,x7fdc0c70f2b0,113,100.0,0.0,2,[1],0
4,31,x7fdc0c70f2b0,114,99.93,0.0,6,[6],0
4,31,x7fdc0c70f2b0,115,0.0,1.0,2,[17],0
4,31,x7fdc0c70f2b0,116,200.0,0.0,6,[6],0
4,31,x7fdc0c70f2b0,117,300.0,0.0,2,[1],0
4,31,x7fdc0c70f2b0,118,52.13,0.0,6,[6],0
4,31,x7fdc0c70f2b0,119,-400.0,0.0,6,[6],0
4,31,x7fdc0c70f2b0,120,-400.0,1.0,5,[19],0
4,31,x7fdc0c70f2b0,121,-400.0,0.0,7,[6],0
4,31,x7fdc0c70f2b0,122,799.99,2.0,3,[0],0
4,31,x7fdc0c70f2b0,123,-499.92,1.0,5,[19],0
4,31,x7fdc0c70f2b0,124,900.0,2.0,6,[6],0
4,31,x7fdc0c70f2b0,125,300.0,0.0,2,[0],0
4,31,x7fdc0c70f2b0,126,-400.0,0.0,7,[6],0
4,31,x7fdc0c70f2b0,127,-403.77,0.0,7,[6],0
4,31,x7fdc0c70f2b0,128,900.0,2.0,3,[0],0
4,31,x7fdc0c70f2b0,129,-399.98,0.0,7,[6],0
4,31,x7fdc0c70f2b0,130,-399.98,0.0,7,[6],0
4,31,x7fdc0c70f2b0,131,-300.0,0.0,7,[6],0
4,31,x7fdc0c70f2b0,132,-399.98,0.0,3,[1],0
4,31,x7fdc0c70f2b0,133,-399.59,0.0,7,[6],0
4,31,x7fdc0c70f2b0,134,-400.0,0.0,8,[6],0
4,31,x7fdc0c70f2b0,135,-400.09,0.0,7,[6],0
4,31,x7fdc0c70f2b0,136,-100.0,0.0,3,[19],0
4,31,x7fdc0c70f2b0,137,799.99,2.0,6,[6],0
4,31,x7fdc0c70f2b0,138,200.0,0.0,5,[6],0
4,31,x7fdc0c70f2b0,139,300.0,0.0,3,[0],0
4,31,x7fdc0c70f2b0,140,300.0,0.0,3,[0],0
4,31,x7fdc0c70f2b0,141,-300.0,0.0,3,[0],0
4,31,x7fdc0c70f2b0,142,-375.98,0.0,6,[6],0
4,31,x7fdc0c70f2b0,143,800.06,2.0,3,[0],0
4,31,x7fdc0c70f2b0,144,100.0,0.0,3,[0],0
4,31,x7fdc0c70f2b0,145,200.0,0.0,3,[0],0
4,31,x7fdc0c70f2b0,146,200.0,0.0,3,[0],0
4,31,x7fdc0c70f2b0,147,200.0,0.0,2,[9],0
4,31,x7fdc0c70f2b0,148,0.0,0.0,4,[19],0
4,31,x7fdc0c70f2b0,149,-398.73,0.0,6,[7],0
4,31,x7fdc0c70f2b0,150,800.0,2.0,6,[6],0
4,31,x7fdc0c70f2b0,151,85.46,0.0,3,[0],0
4,31,x7fdc0c70f2b0,152,200.0,0.0,6,[6],0
4,31,x7fdc0c70f2b0,153,100.07,0.0,3,[0],0
4,31,x7fdc0c70f2b0,154,200.0,0.0,5,[6],0
4,31,x7fdc0c70f2b0,155,700.0,2.0,6,[17],0
4,31,x7fdc0c70f2b0,156,200.0,0.0,3,[0],0
4,31,x7fdc0c70f2b0,157,200.0,0.0,5,[6],0
4,31,x7fdc0c70f2b0,158,299.97,1.0,3,[0],0
4,31,x7fdc0c70f2b0,159,99.74,0.0,4,[6],0
4,31,x7fdc0c70f2b0,160,300.0,0.0,2,[0],0
4,31,x7fdc0c70f2b0,161,-500.0,0.0,3,[0],0
4,31,x7fdc0c70f2b0,162,-200.0,1.0,5,[6],0
4,31,x7fdc0c70f2b0,163,-500.0,0.0,5,[19],0
4,31,x7fdc0c70f2b0,164,799.59,2.0,3,[0],0
4,31,x7fdc0c70f2b0,165,300.0,0.0,3,[0],0
4,31,x7fdc0c70f2b0,166,-400.0,1.0,5,[19],0
4,31,x7fdc0c70f2b0,167,-300.0,0.0,3,[0],0
4,31,x7fdc0c70f2b0,168,900.0,2.0,2,[6],0
4,31,x7fdc0c70f2b0,169,-412.8,0.0,7,[6],0
4,31,x7fdc0c70f2b0,170,200.0,1.0,3,[0],0
4,31,x7fdc0c70f2b0,171,796.54,2.0,3,[7],0
4,31,x7fdc0c70f2b0,172,81.76,0.0,4,[6],0
4,31,x7fdc0c70f2b0,173,100.0,0.0,2,[0],0
4,31,x7fdc0c70f2b0,174,-400.0,0.0,3,[0],0
4,31,x7fdc0c70f2b0,175,-300.02,1.0,6,[6],0
4,31,x7fdc0c70f2b0,176,700.0,2.0,2,[0],0
4,31,x7fdc0c70f2b0,177,300.0,0.0,2,[6],0
4,31,x7fdc0c70f2b0,178,-599.16,0.0,5,[19],0
4,31,x7fdc0c70f2b0,179,199.99,0.0,3,[0],0
4,31,x7fdc0c70f2b0,180,200.0,0.0,3,[6],0
4,31,x7fdc0c70f2b0,181,100.0,0.0,3,[19],0
4,31,x7fdc0c70f2b0,182,0.0,0.0,6,[17],0
4,31,x7fdc0c70f2b0,183,100.0,0.0,3,[0],0
4,31,x7fdc0c70f2b0,184,-300.0,0.0,3,[0],0
4,31,x7fdc0c70f2b0,185,-500.0,0.0,2,[8],0
4,31,x7fdc0c70f2b0,186,100.0,0.0,6,[6],0
4,31,x7fdc0c70f2b0,187,-93.92,0.0,3,[1],0
4,31,x7fdc0c70f2b0,188,400.0,1.0,3,[0],0
4,31,x7fdc0c70f2b0,189,197.5,0.0,3,[0],0
4,31,x7fdc0c70f2b0,190,97.97,0.0,7,[6],0
4,31,x7fdc0c70f2b0,191,100.0,0.0,4,[17],0
4,31,x7fdc0c70f2b0,192,200.0,0.0,3,[0],0
4,31,x7fdc0c70f2b0,193,200.0,0.0,3,[0],0
4,31,x7fdc0c70f2b0,194,200.0,1.0,3,[0],0
4,31,x7fdc0c70f2b0,195,0.75,0.0,3,[1],0
4,31,x7fdc0c70f2b0,196,-300.0,0.0,7,[6],0
4,31,x7fdc0c70f2b0,197,-300.0,0.0,7,[6],0
4,31,x7fdc0c70f2b0,198,-500.88,0.0,3,[1],0
4,31,x7fdc0c70f2b0,199,900.0,2.0,3,[0],0
4,31,x7fdc0c70f2b0,200,-300.0,0.0,3,[0],0
4,31,x7fdc0c70f2b0,201,-399.87,0.0,3,[0],0
4,31,x7fdc0c70f2b0,202,-500.0,0.0,3,[2],0
4,31,x7fdc0c70f2b0,203,800.07,2.0,7,[6],0
4,31,x7fdc0c70f2b0,204,-500.0,0.0,4,[17],0
4,31,x7fdc0c70f2b0,205,-500.0,0.0,3,[2],0
4,31,x7fdc0c70f2b0,206,800.0,2.0,3,[0],0
4,31,x7fdc0c70f2b0,207,-200.0,0.0,3,[2],0
4,31,x7fdc0c70f2b0,208,-178.81,0.0,3,[2],0
4,31,x7fdc0c70f2b0,209,-477.91,1.0,7,[6],0
4,31,x7fdc0c70f2b0,210,84.08,0.0,3,[1],0
4,31,x7fdc0c70f2b0,211,-0.26,0.0,7,[6],0
4,31,x7fdc0c70f2b0,212,400.0,1.0,3,[0],0
4,31,x7fdc0c70f2b0,213,602.79,2.0,8,[19],0
4,31,x7fdc0c70f2b0,214,-400.0,0.0,6,[6],0
4,31,x7fdc0c70f2b0,215,-500.0,0.0,2,[0],0
4,31,x7fdc0c70f2b0,216,-555.15,0.0,3,[1],0
4,31,x7fdc0c70f2b0,217,-648.68,0.0,3,[1],0
4,31,x7fdc0c70f2b0,218,900.0,2.0,3,[0],0
4,31,x7fdc0c70f2b0,219,-500.0,0.0,4,[17],0
4,31,x7fdc0c70f2b0,220,-500.0,0.0,3,[2],0
4,31,x7fdc0c70f2b0,221,-500.0,0.0,3,[2],0
4,31,x7fdc0c70f2b0,222,-700.0,0.0,3,[2],0
4,31,x7fdc0c70f2b0,223,900.0,2.0,3,[0],0
4,31,x7fdc0c70f2b0,224,900.0,2.0,3,[0],0
4,31,x7fdc0c70f2b0,225,300.0,0.0,3,[0],0
4,31,x7fdc0c70f2b0,226,-500.01,0.0,7,[6],0
4,31,x7fdc0c70f2b0,227,900.0,2.0,7,[6],0
4,31,x7fdc0c70f2b0,228,300.0,0.0,3,[0],0
4,31,x7fdc0c70f2b0,229,198.68,0.0,7,[6],0
4,31,x7fdc0c70f2b0,230,82.98,0.0,7,[6],0
4,31,x7fdc0c70f2b0,231,99.77,0.0,7,[6],0
4,31,x7fdc0c70f2b0,232,200.0,0.0,7,[6],0
4,31,x7fdc0c70f2b0,233,93.4,0.0,7,[6],0
4,31,x7fdc0c70f2b0,234,100.54,0.0,7,[6],0
4,31,x7fdc0c70f2b0,235,-399.97,0.0,7,[6],0
4,31,x7fdc0c70f2b0,236,-400.0,1.0,3,[0],0
4,31,x7fdc0c70f2b0,237,-495.12,0.0,7,[6],0
4,31,x7fdc0c70f2b0,238,-599.99,0.0,3,[2],0
4,31,x7fdc0c70f2b0,239,-200.0,1.0,6,[6],0
4,31,x7fdc0c70f2b0,240,700.0,2.0,3,[0],0
4,31,x7fdc0c70f2b0,241,-484.69,0.0,7,[6],0
4,31,x7fdc0c70f2b0,242,109.89,0.0,3,[0],0
4,31,x7fdc0c70f2b0,243,-399.9,0.0,7,[6],0
4,31,x7fdc0c70f2b0,244,751.42,2.0,7,[6],0
4,31,x7fdc0c70f2b0,245,-200.0,1.0,7,[6],0
4,31,x7fdc0c70f2b0,246,-300.0,0.0,2,[0],0
4,31,x7fdc0c70f2b0,247,-401.1,0.0,7,[6],0
4,31,x7fdc0c70f2b0,248,-399.99,0.0,3,[1],0
4,31,x7fdc0c70f2b0,249,-356.62,0.0,7,[6],0
4,31,x7fdc0c70f2b0,250,-400.0,0.0,7,[6],0
4,31,x7fdc0c70f2b0,251,799.29,2.0,3,[0],0
4,31,x7fdc0c70f2b0,252,-487.51,0.0,7,[6],0
4,31,x7fdc0c70f2b0,253,-500.2,0.0,7,[6],0
4,31,x7fdc0c70f2b0,254,-402.31,1.0,7,[6],0
4,31,x7fdc0c70f2b0,255,-700.0,0.0,3,[2],0
4,31,x7fdc0c70f2b0,256,-599.36,0.0,8,[19],0
4,31,x7fdc0c70f2b0,257,-491.85,0.0,7,[6],0
4,31,x7fdc0c70f2b0,258,700.0,2.0,3,[0],0
4,31,x7fdc0c70f2b0,259,-502.34,0.0,7,[6],0
4,31,x7fdc0c70f2b0,260,400.0,1.0,3,[0],0
4,31,x7fdc0c70f2b0,261,-500.02,0.0,7,[6],0
4,31,x7fdc0c70f2b0,262,800.0,2.0,7,[6],0
4,31,x7fdc0c70f2b0,263,-502.06,0.0,3,[1],0
4,31,x7fdc0c70f2b0,264,602.82,2.0,8,[19],0
4,31,x7fdc0c70f2b0,265,-405.87,0.0,7,[6],0
4,31,x7fdc0c70f2b0,266,-310.15,1.0,3,[1],0
4,31,x7fdc0c70f2b0,267,-498.13,0.0,6,[6],0
4,31,x7fdc0c70f2b0,268,-398.62,0.0,7,[6],0
4,31,x7fdc0c70f2b0,269,-410.44,0.0,3,[0],0
4,31,x7fdc0c70f2b0,270,-300.0,1.0,7,[6],0
4,31,x7fdc0c70f2b0,271,804.41,2.0,7,[6],0
4,31,x7fdc0c70f2b0,272,-500.0,0.0,8,[19],0
4,31,x7fdc0c70f2b0,273,-399.99,0.0,7,[6],0
4,31,x7fdc0c70f2b0,274,-300.0,0.0,7,[6],0
4,31,x7fdc0c70f2b0,275,-381.03,0.0,7,[6],0
4,31,x7fdc0c70f2b0,276,-399.54,0.0,6,[6],0
4,31,x7fdc0c70f2b0,277,900.0,2.0,7,[6],0
4,31,x7fdc0c70f2b0,278,200.31,0.0,7,[6],0
4,31,x7fdc0c70f2b0,279,200.0,1.0,8,[19],0
4,31,x7fdc0c70f2b0,280,-307.46,0.0,7,[6],0
4,31,x7fdc0c70f2b0,281,-300.0,0.0,7,[6],0
4,31,x7fdc0c70f2b0,282,-300.0,0.0,7,[6],0
4,31,x7fdc0c70f2b0,283,-399.96,0.0,7,[6],0
4,31,x7fdc0c70f2b0,284,-399.77,0.0,7,[6],0
4,31,x7fdc0c70f2b0,285,-398.63,0.0,7,[6],0
4,31,x7fdc0c70f2b0,286,-300.0,0.0,3,[0],0
4,31,x7fdc0c70f2b0,287,799.18,2.0,7,[6],0
4,31,x7fdc0c70f2b0,288,-400.0,0.0,7,[6],0
4,31,x7fdc0c70f2b0,289,-300.0,0.0,7,[6],0
4,31,x7fdc0c70f2b0,290,-399.97,0.0,7,[6],0
4,31,x7fdc0c70f2b0,291,-400.39,0.0,7,[6],0
4,31,x7fdc0c70f2b0,292,-389.81,0.0,6,[6],0
4,31,x7fdc0c70f2b0,293,-499.2,0.0,7,[6],0
4,31,x7fdc0c70f2b0,294,200.0,0.0,3,[0],0
4,31,x7fdc0c70f2b0,295,-499.99,0.0,7,[6],0
4,31,x7fdc0c70f2b0,296,800.0,2.0,7,[6],0
4,31,x7fdc0c70f2b0,297,-418.59,0.0,7,[6],0
4,31,x7fdc0c70f2b0,298,-300.0,0.0,7,[6],0
4,31,x7fdc0c70f2b0,299,-399.59,0.0,7,[6],0
4,31,x7fdc0c70f2b0,300,-484.46,0.0,7,[6],0
4,31,x7fdc0c70f2b0,301,-503.55,0.0,7,[6],0
4,31,x7fdc0c70f2b0,302,-551.83,0.0,8,[19],0
4,31,x7fdc0c70f2b0,303,900.0,2.0,3,[0],0
4,31,x7fdc0c70f2b0,304,-111.73,0.0,4,[17],0
4,31,x7fdc0c70f2b0,305,300.0,0.0,3,[0],0
4,31,x7fdc0c70f2b0,306,133.25,0.0,3,[0],0
4,31,x7fdc0c70f2b0,307,900.0,2.0,7,[6],0
4,31,x7fdc0c70f2b0,308,200.0,0.0,3,[0],0
4,31,x7fdc0c70f2b0,309,400.0,1.0,3,[0],0
4,31,x7fdc0c70f2b0,310,100.0,0.0,3,[0],0
4,31,x7fdc0c70f2b0,311,300.0,0.0,3,[0],0
4,31,x7fdc0c70f2b0,312,243.38,0.0,3,[0],0
4,31,x7fdc0c70f2b0,313,300.0,0.0,3,[0],0
4,31,x7fdc0c70f2b0,314,178.79,0.0,3,[0],0
4,31,x7fdc0c70f2b0,315,300.0,0.0,3,[0],0
4,31,x7fdc0c70f2b0,316,100.0,0.0,3,[0],0
4,31,x7fdc0c70f2b0,317,100.0,0.0,3,[0],0
4,31,x7fdc0c70f2b0,318,100.0,0.0,4,[17],0
4,31,x7fdc0c70f2b0,319,300.0,0.0,3,[0],0
4,31,x7fdc0c70f2b0,320,300.0,0.0,3,[0],0
4,31,x7fdc0c70f2b0,321,199.59,0.0,3,[0],0
4,31,x7fdc0c70f2b0,322,300.0,0.0,7,[6],0
4,31,x7fdc0c70f2b0,323,0.0,0.0,3,[0],0
4,31,x7fdc0c70f2b0,324,-200.0,1.0,3,[0],0
4,31,x7fdc0c70f2b0,325,-499.97,0.0,4,[1],0
4,31,x7fdc0c70f2b0,326,-500.82,0.0,3,[1],0
4,31,x7fdc0c70f2b0,327,-599.99,0.0,7,[19],0
4,31,x7fdc0c70f2b0,328,700.0,2.0,3,[0],0
4,31,x7fdc0c70f2b0,329,-300.0,0.0,3,[0],0
4,31,x7fdc0c70f2b0,330,-497.72,0.0,7,[6],0
4,31,x7fdc0c70f2b0,331,-500.0,0.0,4,[17],0
4,31,x7fdc0c70f2b0,332,-500.0,0.0,3,[2],0
4,31,x7fdc0c70f2b0,333,-500.0,0.0,3,[2],0
4,31,x7fdc0c70f2b0,334,900.0,2.0,2,[0],0
4,31,x7fdc0c70f2b0,335,-624.0,0.0,3,[1],0
4,31,x7fdc0c70f2b0,336,-399.88,0.0,7,[6],0
4,31,x7fdc0c70f2b0,337,300.0,0.0,3,[0],0
4,31,x7fdc0c70f2b0,338,199.95,0.0,3,[0],0
4,31,x7fdc0c70f2b0,339,-300.0,0.0,3,[0],0
4,31,x7fdc0c70f2b0,340,-300.0,0.0,7,[6],0
4,31,x7fdc0c70f2b0,341,-500.0,0.0,8,[17],0
4,31,x7fdc0c70f2b0,342,-500.34,0.0,3,[1],0
4,31,x7fdc0c70f2b0,343,-300.0,0.0,7,[6],0
4,31,x7fdc0c70f2b0,344,-403.12,0.0,7,[6],0
4,31,x7fdc0c70f2b0,345,-500.0,0.0,8,[19],0
4,31,x7fdc0c70f2b0,346,900.0,2.0,3,[0],0
4,31,x7fdc0c70f2b0,347,-573.51,0.0,8,[19],0
4,31,x7fdc0c70f2b0,348,-522.62,0.0,8,[19],0
4,31,x7fdc0c70f2b0,349,-400.07,0.0,6,[6],0
4,31,x7fdc0c70f2b0,350,-500.0,0.0,8,[19],0
4,31,x7fdc0c70f2b0,351,-492.6,0.0,7,[6],0
4,31,x7fdc0c70f2b0,352,-500.0,0.0,8,[19],0
4,31,x7fdc0c70f2b0,353,-399.95,0.0,7,[6],0
4,31,x7fdc0c70f2b0,354,-500.01,0.0,7,[6],0
4,31,x7fdc0c70f2b0,355,-600.0,0.0,8,[19],0
4,31,x7fdc0c70f2b0,356,-499.14,1.0,8,[17],0
4,31,x7fdc0c70f2b0,357,34.23,0.0,8,[19],0
4,31,x7fdc0c70f2b0,358,200.03,0.0,7,[6],0
4,31,x7fdc0c70f2b0,359,618.85,2.0,8,[19],0
4,31,x7fdc0c70f2b0,360,300.0,0.0,3,[0],0
4,31,x7fdc0c70f2b0,361,300.0,0.0,2,[0],0
4,31,x7fdc0c70f2b0,362,300.0,0.0,7,[6],0
4,31,x7fdc0c70f2b0,363,100.0,0.0,8,[19],0
4,31,x7fdc0c70f2b0,364,300.0,0.0,3,[0],0
4,31,x7fdc0c70f2b0,365,-500.0,0.0,8,[19],0
4,31,x7fdc0c70f2b0,366,-300.0,0.0,3,[0],0
4,31,x7fdc0c70f2b0,367,-300.0,0.0,7,[6],0
4,31,x7fdc0c70f2b0,368,-399.84,0.0,7,[6],0
4,31,x7fdc0c70f2b0,369,-403.01,1.0,3,[1],0
4,31,x7fdc0c70f2b0,370,-398.13,0.0,7,[6],0
4,31,x7fdc0c70f2b0,371,-500.0,0.0,8,[19],0
4,31,x7fdc0c70f2b0,372,-500.0,0.0,4,[17],0
4,31,x7fdc0c70f2b0,373,-500.0,0.0,8,[19],0
4,31,x7fdc0c70f2b0,374,-300.0,1.0,3,[1],0
4,31,x7fdc0c70f2b0,375,797.77,2.0,8,[6],0
4,31,x7fdc0c70f2b0,376,-500.0,0.0,3,[2],0
4,31,x7fdc0c70f2b0,377,700.0,2.0,2,[0],0
4,31,x7fdc0c70f2b0,378,-399.97,0.0,7,[6],0
4,31,x7fdc0c70f2b0,379,-400.01,0.0,3,[1],0
4,31,x7fdc0c70f2b0,380,-401.24,0.0,3,[1],0
4,31,x7fdc0c70f2b0,381,900.0,2.0,3,[0],0
4,31,x7fdc0c70f2b0,382,-400.0,0.0,7,[7],0
4,31,x7fdc0c70f2b0,383,-500.0,0.0,3,[0],0
4,31,x7fdc0c70f2b0,384,-457.73,0.0,6,[6],0
4,31,x7fdc0c70f2b0,385,900.0,2.0,2,[0],0
4,31,x7fdc0c70f2b0,386,700.0,2.0,3,[19],0
4,31,x7fdc0c70f2b0,387,-400.0,0.0,7,[6],0
4,31,x7fdc0c70f2b0,388,-399.92,0.0,7,[6],0
4,31,x7fdc0c70f2b0,389,-499.97,0.0,7,[6],0
4,31,x7fdc0c70f2b0,390,900.0,2.0,6,[6],0
4,31,x7fdc0c70f2b0,391,100.0,0.0,3,[0],0
4,31,x7fdc0c70f2b0,392,-399.99,0.0,7,[6],0
4,31,x7fdc0c70f2b0,393,-200.0,1.0,6,[6],0
4,31,x7fdc0c70f2b0,394,791.82,2.0,6,[6],0
4,31,x7fdc0c70f2b0,395,99.94,0.0,7,[6],0
4,31,x7fdc0c70f2b0,396,-21.8,0.0,3,[1],0
4,31,x7fdc0c70f2b0,397,100.02,0.0,3,[1],0
4,31,x7fdc0c70f2b0,398,300.02,1.0,7,[6],0
4,31,x7fdc0c70f2b0,399,200.0,0.0,6,[6],0
4,31,x7fdc0c70f2b0,400,264.27,1.0,3,[0],0
4,31,x7fdc0c70f2b0,401,193.92,0.0,3,[1],0
4,31,x7fdc0c70f2b0,402,300.0,0.0,3,[0],0
4,31,x7fdc0c70f2b0,403,100.0,0.0,2,[1],0
4,31,x7fdc0c70f2b0,404,99.75,0.0,5,[6],0
4,31,x7fdc0c70f2b0,405,300.0,0.0,2,[0],0
4,31,x7fdc0c70f2b0,406,400.0,1.0,3,[0],0
4,31,x7fdc0c70f2b0,407,-1.78,0.0,4,[6],0
4,31,x7fdc0c70f2b0,408,200.0,0.0,3,[9],0
4,31,x7fdc0c70f2b0,409,0.0,0.0,5,[19],0
4,31,x7fdc0c70f2b0,410,-15.81,0.0,3,[1],0
4,31,x7fdc0c70f2b0,411,-416.0,0.0,3,[1],0
4,31,x7fdc0c70f2b0,412,-305.72,1.0,3,[0],0
4,31,x7fdc0c70f2b0,413,-400.0,0.0,4,[7],0
4,31,x7fdc0c70f2b0,414,-512.85,1.0,3,[2],0
4,31,x7fdc0c70f2b0,415,-599.94,0.0,3,[2],0
4,31,x7fdc0c70f2b0,416,700.0,2.0,2,[0],0
4,31,x7fdc0c70f2b0,417,-417.64,1.0,4,[7],0
4,31,x7fdc0c70f2b0,418,-440.63,0.0,3,[1],0
4,31,x7fdc0c70f2b0,419,-413.97,0.0,3,[1],0
4,31,x7fdc0c70f2b0,420,900.0,2.0,3,[0],0
4,31,x7fdc0c70f2b0,421,400.0,1.0,2,[0],0
4,31,x7fdc0c70f2b0,422,-400.0,0.0,7,[7],0
4,31,x7fdc0c70f2b0,423,798.09,2.0,7,[6],0
4,31,x7fdc0c70f2b0,424,-302.72,1.0,3,[0],0
4,31,x7fdc0c70f2b0,425,-504.6,0.0,7,[7],0
4,31,x7fdc0c70f2b0,426,-600.05,0.0,3,[2],0
4,31,x7fdc0c70f2b0,427,799.71,2.0,3,[0],0
4,31,x7fdc0c70f2b0,428,-300.0,1.0,7,[6],0
4,31,x7fdc0c70f2b0,429,400.0,1.0,3,[0],0
4,31,x7fdc0c70f2b0,430,-500.21,0.0,6,[6],0
4,31,x7fdc0c70f2b0,431,799.81,2.0,7,[6],0
4,31,x7fdc0c70f2b0,432,-82.91,0.0,7,[6],0
4,31,x7fdc0c70f2b0,433,0.0,0.0,8,[17],0
4,31,x7fdc0c70f2b0,434,300.0,0.0,5,[6],0
4,31,x7fdc0c70f2b0,435,99.41,0.0,3,[0],0
4,31,x7fdc0c70f2b0,436,200.0,1.0,2,[0],0
4,31,x7fdc0c70f2b0,437,98.49,0.0,3,[1],0
4,31,x7fdc0c70f2b0,438,400.0,1.0,2,[0],0
4,31,x7fdc0c70f2b0,439,100.03,0.0,7,[6],0
4,31,x7fdc0c70f2b0,440,299.99,1.0,6,[6],0
4,31,x7fdc0c70f2b0,441,100.0,0.0,2,[19],0
4,31,x7fdc0c70f2b0,442,300.0,0.0,3,[0],0
4,31,x7fdc0c70f2b0,443,-200.0,1.0,7,[6],0
4,31,x7fdc0c70f2b0,444,-400.0,0.0,3,[1],0
4,31,x7fdc0c70f2b0,445,-406.24,0.0,6,[6],0
4,31,x7fdc0c70f2b0,446,100.0,0.0,2,[1],0
4,31,x7fdc0c70f2b0,447,-405.29,0.0,5,[6],0
4,31,x7fdc0c70f2b0,448,900.0,2.0,2,[0],0
4,31,x7fdc0c70f2b0,449,-413.17,0.0,4,[6],0
4,31,x7fdc0c70f2b0,450,162.42,0.0,3,[0],0
4,31,x7fdc0c70f2b0,451,162.42,0.0,4,[9],0
4,31,x7fdc0c70f2b0,452,100.0,0.0,2,[1],0
4,31,x7fdc0c70f2b0,453,0.0,0.0,3,[0],0
4,31,x7fdc0c70f2b0,454,nan,0.0,2,[0],0
4,31,x7fdc0c70f2b0,455,-500.0,0.0,3,[2],0
4,31,x7fdc0c70f2b0,456,-526.83,0.0,4,[9],0
4,31,x7fdc0c70f2b0,457,700.0,2.0,2,[0],0
4,31,x7fdc0c70f2b0,458,-400.92,0.0,6,[6],0
4,31,x7fdc0c70f2b0,459,-300.0,0.0,6,[6],0
4,31,x7fdc0c70f2b0,460,-400.0,0.0,6,[6],0
4,31,x7fdc0c70f2b0,461,797.66,2.0,5,[6],0
4,31,x7fdc0c70f2b0,462,-400.0,1.0,6,[19],0
4,31,x7fdc0c70f2b0,463,300.0,0.0,2,[1],0
4,31,x7fdc0c70f2b0,464,900.0,2.0,5,[6],0
4,31,x7fdc0c70f2b0,465,200.02,0.0,4,[6],0
4,31,x7fdc0c70f2b0,466,199.95,0.0,3,[0],0
4,31,x7fdc0c70f2b0,467,0.0,0.0,3,[0],0
4,31,x7fdc0c70f2b0,468,200.0,0.0,5,[6],0
4,31,x7fdc0c70f2b0,469,204.68,0.0,7,[6],0
4,31,x7fdc0c70f2b0,470,300.0,0.0,2,[1],0
4,31,x7fdc0c70f2b0,471,194.71,0.0,6,[6],0
4,31,x7fdc0c70f2b0,472,200.0,0.0,3,[0],0
4,31,x7fdc0c70f2b0,473,100.11,0.0,7,[6],0
4,31,x7fdc0c70f2b0,474,200.0,0.0,7,[6],0
4,31,x7fdc0c70f2b0,475,100.25,0.0,6,[6],0
4,31,x7fdc0c70f2b0,476,0.0,0.0,2,[1],0
4,31,x7fdc0c70f2b0,477,300.0,0.0,2,[0],0
4,31,x7fdc0c70f2b0,478,105.62,0.0,7,[6],0
4,31,x7fdc0c70f2b0,479,-426.82,0.0,3,[0],0
4,31,x7fdc0c70f2b0,480,-300.0,0.0,3,[0],0
4,31,x7fdc0c70f2b0,481,-301.52,1.0,7,[6],0
4,31,x7fdc0c70f2b0,482,-400.85,0.0,7,[6],0
4,31,x7fdc0c70f2b0,483,-411.26,0.0,7,[6],0
4,31,x7fdc0c70f2b0,484,100.0,0.0,2,[19],0
4,31,x7fdc0c70f2b0,485,-300.0,0.0,7,[6],0
4,31,x7fdc0c70f2b0,486,-349.12,0.0,8,[6],0
4,31,x7fdc0c70f2b0,487,0.0,0.0,2,[17],0
4,31,x7fdc0c70f2b0,488,200.0,0.0,3,[0],0
4,31,x7fdc0c70f2b0,489,49.17,0.0,3,[0],0
4,31,x7fdc0c70f2b0,490,278.36,1.0,3,[0],0
4,31,x7fdc0c70f2b0,491,200.0,0.0,7,[6],0
4,31,x7fdc0c70f2b0,492,99.91,0.0,7,[6],0
4,31,x7fdc0c70f2b0,493,-300.0,0.0,3,[0],0
4,31,x7fdc0c70f2b0,494,-300.01,1.0,7,[6],0
4,31,x7fdc0c70f2b0,495,-500.0,0.0,8,[17],0
4,31,x7fdc0c70f2b0,496,-500.56,0.0,3,[1],0
4,31,x7fdc0c70f2b0,497,-500.0,0.0,2,[1],0
4,31,x7fdc0c70f2b0,498,-500.0,0.0,8,[17],0
4,31,x7fdc0c70f2b0,499,-523.87,0.0,3,[1],0
4,31,x7fdc0c70f2b0,500,-500.0,0.0,8,[17],0
4,31,x7fdc0c70f2b0,501,300.0,0.0,5,[6],0
4,31,x7fdc0c70f2b0,502,-500.34,0.0,7,[6],0
4,31,x7fdc0c70f2b0,503,-496.2,0.0,6,[6],0
4,31,x7fdc0c70f2b0,504,200.0,0.0,2,[0],0
4,31,x7fdc0c70f2b0,505,100.0,0.0,7,[6],0
4,31,x7fdc0c70f2b0,506,300.0,0.0,3,[0],0
4,31,x7fdc0c70f2b0,507,99.95,0.0,7,[6],0
4,31,x7fdc0c70f2b0,508,100.0,0.0,3,[0],0
4,31,x7fdc0c70f2b0,509,288.88,1.0,7,[6],0
4,31,x7fdc0c70f2b0,510,300.0,0.0,7,[6],0
4,31,x7fdc0c70f2b0,511,-500.0,0.0,3,[0],0
4,31,x7fdc0c70f2b0,512,-500.0,0.0,7,[6],0
4,31,x7fdc0c70f2b0,513,-400.92,0.0,6,[6],0
4,31,x7fdc0c70f2b0,514,-400.0,0.0,8,[6],0
4,31,x7fdc0c70f2b0,515,900.0,2.0,3,[0],0
4,31,x7fdc0c70f2b0,516,-300.0,0.0,8,[6],0
4,31,x7fdc0c70f2b0,517,-391.13,0.0,7,[6],0
4,31,x7fdc0c70f2b0,518,-500.0,0.0,8,[17],0
4,31,x7fdc0c70f2b0,519,900.0,2.0,7,[6],0
4,31,x7fdc0c70f2b0,520,900.0,2.0,3,[0],0
4,31,x7fdc0c70f2b0,521,-298.63,1.0,6,[6],0
4,31,x7fdc0c70f2b0,522,-399.92,0.0,7,[6],0
4,31,x7fdc0c70f2b0,523,-488.91,0.0,7,[6],0
4,31,x7fdc0c70f2b0,524,-495.74,0.0,3,[1],0
4,31,x7fdc0c70f2b0,525,-439.69,0.0,7,[6],0
4,31,x7fdc0c70f2b0,526,400.0,1.0,3,[0],0
4,31,x7fdc0c70f2b0,527,900.0,2.0,7,[6],0
4,31,x7fdc0c70f2b0,528,-482.45,0.0,7,[6],0
4,31,x7fdc0c70f2b0,529,-100.0,0.0,2,[19],0
4,31,x7fdc0c70f2b0,530,800.0,2.0,7,[6],0
4,31,x7fdc0c70f2b0,531,0.0,0.0,3,[0],0
4,31,x7fdc0c70f2b0,532,200.0,0.0,7,[6],0
4,31,x7fdc0c70f2b0,533,187.67,0.0,8,[6],0
4,31,x7fdc0c70f2b0,534,0.0,0.0,3,[0],0
4,31,x7fdc0c70f2b0,535,97.44,0.0,7,[6],0
4,31,x7fdc0c70f2b0,536,300.0,1.0,8,[6],0
4,31,x7fdc0c70f2b0,537,100.46,0.0,6,[6],0
4,31,x7fdc0c70f2b0,538,92.99,0.0,5,[6],0
4,31,x7fdc0c70f2b0,539,400.0,1.0,7,[6],0
4,31,x7fdc0c70f2b0,540,-599.89,0.0,8,[19],0
4,31,x7fdc0c70f2b0,541,-200.0,1.0,3,[0],0
4,31,x7fdc0c70f2b0,542,-500.0,0.0,8,[17],0
4,31,x7fdc0c70f2b0,543,-578.02,0.0,4,[19],0
4,31,x7fdc0c70f2b0,544,-460.86,0.0,7,[6],0
4,31,x7fdc0c70f2b0,545,-384.03,1.0,3,[1],0
4,31,x7fdc0c70f2b0,546,-410.14,0.0,3,[1],0
4,31,x7fdc0c70f2b0,547,728.9,2.0,3,[0],0
4,31,x7fdc0c70f2b0,548,-200.0,1.0,7,[6],0
4,31,x7fdc0c70f2b0,549,-365.23,1.0,7,[6],0
4,31,x7fdc0c70f2b0,550,-500.02,0.0,7,[6],0
4,31,x7fdc0c70f2b0,551,-500.0,0.0,8,[17],0
4,31,x7fdc0c70f2b0,552,125.75,0.0,3,[1],0
4,31,x7fdc0c70f2b0,553,99.89,0.0,7,[6],0
4,31,x7fdc0c70f2b0,554,100.0,0.0,4,[19],0
4,31,x7fdc0c70f2b0,555,100.0,0.0,2,[0],0
4,31,x7fdc0c70f2b0,556,158.57,0.0,6,[6],0
4,31,x7fdc0c70f2b0,557,400.0,1.0,5,[6],0
4,31,x7fdc0c70f2b0,558,300.0,0.0,3,[0],0
4,31,x7fdc0c70f2b0,559,100.0,0.0,2,[0],0
4,31,x7fdc0c70f2b0,560,235.92,0.0,4,[6],0
4,31,x7fdc0c70f2b0,561,102.52,0.0,3,[1],0
4,31,x7fdc0c70f2b0,562,400.0,1.0,2,[0],0
4,31,x7fdc0c70f2b0,563,300.0,0.0,3,[6],0
4,31,x7fdc0c70f2b0,564,200.0,0.0,3,[6],0
4,31,x7fdc0c70f2b0,565,200.0,0.0,3,[0],0
4,31,x7fdc0c70f2b0,566,174.4,0.0,7,[6],0
4,31,x7fdc0c70f2b0,567,185.46,0.0,3,[0],0
4,31,x7fdc0c70f2b0,568,298.12,1.0,5,[6],0
4,31,x7fdc0c70f2b0,569,100.0,0.0,2,[7],0
4,31,x7fdc0c70f2b0,570,-407.04,0.0,3,[0],0
4,31,x7fdc0c70f2b0,571,-456.44,0.0,3,[1],0
4,31,x7fdc0c70f2b0,572,200.0,0.0,3,[6],0
4,31,x7fdc0c70f2b0,573,-500.0,0.0,3,[2],0
4,31,x7fdc0c70f2b0,574,700.0,2.0,3,[0],0
4,31,x7fdc0c70f2b0,575,-405.65,1.0,3,[1],0
4,31,x7fdc0c70f2b0,576,100.0,0.0,3,[19],0
4,31,x7fdc0c70f2b0,577,-700.0,0.0,3,[2],0
4,31,x7fdc0c70f2b0,578,-606.45,0.0,7,[8],0
4,31,x7fdc0c70f2b0,579,-687.36,0.0,5,[1],0
4,31,x7fdc0c70f2b0,580,-500.0,0.0,4,[17],0
4,31,x7fdc0c70f2b0,581,69.12,0.0,3,[1],0
4,31,x7fdc0c70f2b0,582,0.0,0.0,2,[9],0
4,31,x7fdc0c70f2b0,583,52.97,0.0,3,[1],0
4,31,x7fdc0c70f2b0,584,311.8,1.0,3,[0],0
4,31,x7fdc0c70f2b0,585,200.0,0.0,3,[0],0
4,31,x7fdc0c70f2b0,586,-317.17,1.0,3,[0],0
4,31,x7fdc0c70f2b0,587,-399.97,0.0,7,[6],0
4,31,x7fdc0c70f2b0,588,-600.66,0.0,3,[2],0
4,31,x7fdc0c70f2b0,589,-625.75,0.0,3,[2],0
4,31,x7fdc0c70f2b0,590,-400.0,1.0,3,[0],0
4,31,x7fdc0c70f2b0,591,-500.0,0.0,3,[2],0
4,31,x7fdc0c70f2b0,592,900.0,2.0,3,[0],0
4,31,x7fdc0c70f2b0,593,-403.24,0.0,7,[8],0
4,31,x7fdc0c70f2b0,594,-500.0,0.0,4,[17],0
4,31,x7fdc0c70f2b0,595,-610.89,0.0,3,[1],0
4,31,x7fdc0c70f2b0,596,-409.15,0.0,3,[1],0
4,31,x7fdc0c70f2b0,597,900.0,2.0,3,[0],0
4,31,x7fdc0c70f2b0,598,-600.02,0.0,3,[1],0
4,31,x7fdc0c70f2b0,599,-400.65,0.0,3,[1],0
4,31,x7fdc0c70f2b0,600,-400.0,0.0,7,[6],0
4,31,x7fdc0c70f2b0,601,-500.0,0.0,8,[17],0
4,31,x7fdc0c70f2b0,602,-700.0,0.0,2,[1],0
4,31,x7fdc0c70f2b0,603,799.99,2.0,3,[0],0
4,31,x7fdc0c70f2b0,604,100.0,0.0,3,[1],0
4,31,x7fdc0c70f2b0,605,-299.33,1.0,6,[6],0
4,31,x7fdc0c70f2b0,606,300.08,1.0,3,[0],0
4,31,x7fdc0c70f2b0,607,200.0,1.0,3,[0],0
4,31,x7fdc0c70f2b0,608,300.0,0.0,3,[0],0
4,31,x7fdc0c70f2b0,609,100.0,0.0,3,[0],0
4,31,x7fdc0c70f2b0,610,300.0,0.0,3,[0],0
4,31,x7fdc0c70f2b0,611,100.0,0.0,2,[0],0
4,31,x7fdc0c70f2b0,612,300.0,0.0,7,[6],0
4,31,x7fdc0c70f2b0,613,199.93,0.0,6,[6],0
4,31,x7fdc0c70f2b0,614,300.0,0.0,3,[0],0
4,31,x7fdc0c70f2b0,615,300.0,0.0,3,[0],0
4,31,x7fdc0c70f2b0,616,300.0,0.0,7,[6],0
4,31,x7fdc0c70f2b0,617,-400.15,0.0,3,[0],0
4,31,x7fdc0c70f2b0,618,-320.33,0.0,3,[0],0
4,31,x7fdc0c70f2b0,619,-500.01,0.0,3,[1],0
4,31,x7fdc0c70f2b0,620,-400.1,0.0,3,[1],0
4,31,x7fdc0c70f2b0,621,-600.0,0.0,3,[2],0
4,31,x7fdc0c70f2b0,622,-399.99,0.0,7,[6],0
4,31,x7fdc0c70f2b0,623,-539.37,0.0,4,[17],0
4,31,x7fdc0c70f2b0,624,-600.0,0.0,3,[2],0
4,31,x7fdc0c70f2b0,625,-700.0,0.0,3,[2],0
4,31,x7fdc0c70f2b0,626,-539.69,0.0,6,[7],0
4,31,x7fdc0c70f2b0,627,900.0,2.0,3,[0],0
4,31,x7fdc0c70f2b0,628,-499.5,0.0,7,[6],0
4,31,x7fdc0c70f2b0,629,200.0,1.0,3,[0],0
4,31,x7fdc0c70f2b0,630,100.0,0.0,3,[0],0
4,31,x7fdc0c70f2b0,631,200.0,0.0,3,[0],0
4,31,x7fdc0c70f2b0,632,99.51,0.0,3,[0],0
4,31,x7fdc0c70f2b0,633,-0.02,0.0,3,[1],0
4,31,x7fdc0c70f2b0,634,0.0,0.0,3,[2],0
4,31,x7fdc0c70f2b0,635,-101.98,0.0,3,[2],0
4,31,x7fdc0c70f2b0,636,400.0,1.0,3,[0],0
4,31,x7fdc0c70f2b0,637,6.07,0.0,7,[6],0
4,31,x7fdc0c70f2b0,638,300.0,0.0,3,[0],0
4,31,x7fdc0c70f2b0,639,300.0,0.0,3,[0],0
4,31,x7fdc0c70f2b0,640,300.0,0.0,3,[0],0
4,31,x7fdc0c70f2b0,641,199.28,0.0,3,[0],0
4,31,x7fdc0c70f2b0,642,300.0,0.0,3,[0],0
4,31,x7fdc0c70f2b0,643,300.0,0.0,7,[6],0
4,31,x7fdc0c70f2b0,644,100.0,0.0,3,[0],0
4,31,x7fdc0c70f2b0,645,186.83,0.0,6,[6],0
4,31,x7fdc0c70f2b0,646,300.0,0.0,3,[0],0
4,31,x7fdc0c70f2b0,647,245.33,0.0,3,[0],0
4,31,x7fdc0c70f2b0,648,300.0,0.0,3,[0],0
4,31,x7fdc0c70f2b0,649,200.02,0.0,7,[6],0
4,31,x7fdc0c70f2b0,650,-582.74,0.0,4,[17],0
4,31,x7fdc0c70f2b0,651,-300.0,0.0,3,[0],0
4,31,x7fdc0c70f2b0,652,-497.55,0.0,3,[1],0
4,31,x7fdc0c70f2b0,653,700.0,2.0,3,[0],0
4,31,x7fdc0c70f2b0,654,-700.0,0.0,3,[2],0
4,31,x7fdc0c70f2b0,655,-700.0,0.0,3,[2],0
4,31,x7fdc0c70f2b0,656,-700.0,0.0,3,[2],0
4,31,x7fdc0c70f2b0,657,-510.94,0.0,7,[7],0
4,31,x7fdc0c70f2b0,658,-500.05,0.0,7,[7],0
4,31,x7fdc0c70f2b0,659,300.0,0.0,3,[0],0
4,31,x7fdc0c70f2b0,660,-500.0,0.0,7,[6],0
4,31,x7fdc0c70f2b0,661,300.0,0.0,3,[0],0
4,31,x7fdc0c70f2b0,662,-500.0,0.0,3,[0],0
4,31,x7fdc0c70f2b0,663,-300.0,0.0,6,[6],0
4,31,x7fdc0c70f2b0,664,-627.92,0.0,3,[1],0
4,31,x7fdc0c70f2b0,665,900.0,2.0,3,[0],0
4,31,x7fdc0c70f2b0,666,-399.4,0.0,6,[6],0
4,31,x7fdc0c70f2b0,667,-500.0,0.0,4,[17],0
4,31,x7fdc0c70f2b0,668,300.0,0.0,2,[9],0
4,31,x7fdc0c70f2b0,669,-650.79,0.0,3,[1],0
4,31,x7fdc0c70f2b0,670,700.0,2.0,3,[0],0
4,31,x7fdc0c70f2b0,671,100.34,0.0,3,[1],0
4,31,x7fdc0c70f2b0,672,0.0,1.0,2,[1],0
4,31,x7fdc0c70f2b0,673,300.0,0.0,2,[1],0
4,31,x7fdc0c70f2b0,674,-200.0,0.0,2,[1],0
4,31,x7fdc0c70f2b0,675,700.0,2.0,5,[6],0
4,31,x7fdc0c70f2b0,676,0.0,0.0,2,[8],0
4,31,x7fdc0c70f2b0,677,-700.0,0.0,3,[2],0
4,31,x7fdc0c70f2b0,678,-200.0,0.0,2,[9],0
4,31,x7fdc0c70f2b0,679,-521.75,0.0,3,[1],0
4,31,x7fdc0c70f2b0,680,-200.0,1.0,5,[6],0
4,31,x7fdc0c70f2b0,681,-650.45,0.0,3,[1],0
4,31,x7fdc0c70f2b0,682,-700.0,0.0,2,[1],0
4,31,x7fdc0c70f2b0,683,900.0,2.0,3,[0],0
4,31,x7fdc0c70f2b0,684,300.0,0.0,2,[8],0
4,31,x7fdc0c70f2b0,685,0.0,0.0,3,[0],0
4,31,x7fdc0c70f2b0,686,599.83,2.0,7,[17],0
4,31,x7fdc0c70f2b0,687,300.0,0.0,3,[0],0
4,31,x7fdc0c70f2b0,688,200.0,0.0,2,[1],0
4,31,x7fdc0c70f2b0,689,0.0,0.0,3,[0],0
4,31,x7fdc0c70f2b0,690,-99.93,0.0,3,[1],0
4,31,x7fdc0c70f2b0,691,200.0,0.0,3,[0],0
4,31,x7fdc0c70f2b0,692,101.15,0.0,7,[6],0
4,31,x7fdc0c70f2b0,693,200.0,1.0,3,[0],0
4,31,x7fdc0c70f2b0,694,0.0,0.0,2,[0],0
4,31,x7fdc0c70f2b0,695,107.78,0.0,5,[6],0
4,31,x7fdc0c70f2b0,696,-38.32,0.0,3,[1],0
4,31,x7fdc0c70f2b0,697,0.0,0.0,3,[19],0
4,31,x7fdc0c70f2b0,698,299.99,1.0,6,[6],0
4,31,x7fdc0c70f2b0,699,400.0,1.0,2,[0],0
4,31,x7fdc0c70f2b0,700,-600.0,0.0,3,[2],0
4,31,x7fdc0c70f2b0,701,-400.0,1.0,2,[0],0
4,31,x7fdc0c70f2b0,702,-406.29,0.0,6,[6],0
4,31,x7fdc0c70f2b0,703,-519.78,0.0,5,[6],0
4,31,x7fdc0c70f2b0,704,-404.25,1.0,3,[1],0
4,31,x7fdc0c70f2b0,705,98.88,0.0,3,[8],0
4,31,x7fdc0c70f2b0,706,199.91,0.0,3,[0],0
4,31,x7fdc0c70f2b0,707,-500.0,0.0,2,[7],0
4,31,x7fdc0c70f2b0,708,-500.0,0.0,3,[0],0
4,31,x7fdc0c70f2b0,709,-451.1,0.0,3,[1],0
4,31,x7fdc0c70f2b0,710,-400.0,0.0,3,[1],0
4,31,x7fdc0c70f2b0,711,199.93,0.0,4,[6],0
4,31,x7fdc0c70f2b0,712,-399.87,0.0,4,[8],0
4,31,x7fdc0c70f2b0,713,900.0,2.0,2,[0],0
4,31,x7fdc0c70f2b0,714,196.73,0.0,3,[0],0
4,31,x7fdc0c70f2b0,715,900.0,2.0,2,[7],0
4,31,x7fdc0c70f2b0,716,80.53,0.0,3,[0],0
4,31,x7fdc0c70f2b0,717,99.76,0.0,3,[9],0
4,31,x7fdc0c70f2b0,718,200.0,0.0,3,[0],0
4,31,x7fdc0c70f2b0,719,100.0,0.0,3,[0],0
4,31,x7fdc0c70f2b0,720,-0.65,0.0,3,[1],0
4,31,x7fdc0c70f2b0,721,99.83,0.0,3,[1],0
4,31,x7fdc0c70f2b0,722,796.24,2.0,7,[6],0
4,31,x7fdc0c70f2b0,723,7.87,0.0,6,[6],0
4,31,x7fdc0c70f2b0,724,300.0,1.0,3,[0],0
4,31,x7fdc0c70f2b0,725,200.0,1.0,3,[0],0
4,31,x7fdc0c70f2b0,726,100.0,0.0,3,[0],0
4,31,x7fdc0c70f2b0,727,300.0,0.0,3,[0],0
4,31,x7fdc0c70f2b0,728,100.0,0.0,2,[19],0
4,31,x7fdc0c70f2b0,729,100.0,0.0,2,[0],0
4,31,x7fdc0c70f2b0,730,300.0,0.0,2,[0],0
4,31,x7fdc0c70f2b0,731,-403.12,0.0,3,[0],0
4,31,x7fdc0c70f2b0,732,-586.9,0.0,3,[1],0
4,31,x7fdc0c70f2b0,733,-400.01,0.0,3,[1],0
4,31,x7fdc0c70f2b0,734,-500.0,0.0,3,[17],0
4,31,x7fdc0c70f2b0,735,300.0,0.0,4,[6],0
4,31,x7fdc0c70f2b0,736,-662.18,0.0,3,[1],0
4,31,x7fdc0c70f2b0,737,-407.89,0.0,3,[1],0
4,31,x7fdc0c70f2b0,738,100.18,0.0,4,[6],0
4,31,x7fdc0c70f2b0,739,100.0,0.0,3,[0],0
4,31,x7fdc0c70f2b0,740,900.0,2.0,3,[8],0
4,31,x7fdc0c70f2b0,741,-424.14,0.0,3,[0],0
4,31,x7fdc0c70f2b0,742,-300.0,0.0,3,[0],0
4,31,x7fdc0c70f2b0,743,-500.0,0.0,2,[1],0
4,31,x7fdc0c70f2b0,744,100.0,0.0,4,[17],0
4,31,x7fdc0c70f2b0,745,900.0,2.0,3,[0],0
4,31,x7fdc0c70f2b0,746,-393.5,0.0,7,[6],0
4,31,x7fdc0c70f2b0,747,-500.0,0.0,3,[2],0
4,31,x7fdc0c70f2b0,748,-427.43,0.0,3,[1],0
4,31,x7fdc0c70f2b0,749,-605.4,0.0,3,[1],0
4,31,x7fdc0c70f2b0,750,-400.92,0.0,3,[1],0
4,31,x7fdc0c70f2b0,751,300.0,0.0,2,[7],0
4,31,x7fdc0c70f2b0,752,200.0,0.0,3,[0],0
4,31,x7fdc0c70f2b0,753,19.35,0.0,3,[19],0
4,31,x7fdc0c70f2b0,754,148.33,0.0,3,[0],0
4,31,x7fdc0c70f2b0,755,200.0,0.0,3,[0],0
4,31,x7fdc0c70f2b0,756,900.0,2.0,5,[6],0
4,31,x7fdc0c70f2b0,757,300.0,0.0,2,[1],0
4,31,x7fdc0c70f2b0,758,199.97,0.0,3,[0],0
4,31,x7fdc0c70f2b0,759,-300.0,0.0,3,[9],0
4,31,x7fdc0c70f2b0,760,-300.0,0.0,2,[0],0
4,31,x7fdc0c70f2b0,761,-356.62,0.0,4,[9],0
4,31,x7fdc0c70f2b0,762,-502.1,0.0,3,[1],0
4,31,x7fdc0c70f2b0,763,-400.59,0.0,3,[1],0
4,31,x7fdc0c70f2b0,764,-405.53,0.0,3,[1],0
4,31,x7fdc0c70f2b0,765,-512.91,0.0,3,[1],0
4,31,x7fdc0c70f2b0,766,300.0,0.0,3,[6],0
4,31,x7fdc0c70f2b0,767,100.0,0.0,4,[7],0
4,31,x7fdc0c70f2b0,768,200.0,0.0,3,[0],0
4,31,x7fdc0c70f2b0,769,100.0,0.0,3,[0],0
4,31,x7fdc0c70f2b0,770,-500.09,0.0,5,[6],0
4,31,x7fdc0c70f2b0,771,300.0,0.0,3,[0],0
4,31,x7fdc0c70f2b0,772,799.2,2.0,6,[6],0
4,31,x7fdc0c70f2b0,773,400.0,1.0,5,[6],0
4,31,x7fdc0c70f2b0,774,245.57,0.0,4,[6],0
4,31,x7fdc0c70f2b0,775,300.0,0.0,3,[0],0
4,31,x7fdc0c70f2b0,776,300.0,0.0,6,[6],0
4,31,x7fdc0c70f2b0,777,190.21,0.0,3,[0],0
4,31,x7fdc0c70f2b0,778,199.93,0.0,7,[6],0
4,31,x7fdc0c70f2b0,779,300.0,0.0,2,[1],0
4,31,x7fdc0c70f2b0,780,200.0,0.0,2,[0],0
4,31,x7fdc0c70f2b0,781,200.0,0.0,6,[6],0
4,31,x7fdc0c70f2b0,782,-300.0,0.0,7,[6],0
4,31,x7fdc0c70f2b0,783,-200.0,1.0,3,[0],0
4,31,x7fdc0c70f2b0,784,-376.82,0.0,7,[6],0
4,31,x7fdc0c70f2b0,785,-300.0,0.0,7,[6],0
4,31,x7fdc0c70f2b0,786,-475.59,0.0,8,[6],0
4,31,x7fdc0c70f2b0,787,-501.98,0.0,7,[7],0
4,31,x7fdc0c70f2b0,788,200.0,0.0,3,[0],0
4,31,x7fdc0c70f2b0,789,-305.77,1.0,6,[6],0
4,31,x7fdc0c70f2b0,790,-500.06,0.0,7,[6],0
4,31,x7fdc0c70f2b0,791,796.3,2.0,7,[6],0
4,31,x7fdc0c70f2b0,792,300.0,0.0,2,[0],0
4,31,x7fdc0c70f2b0,793,300.0,0.0,7,[6],0
4,31,x7fdc0c70f2b0,794,200.0,0.0,7,[6],0
4,31,x7fdc0c70f2b0,795,197.91,0.0,7,[6],0
4,31,x7fdc0c70f2b0,796,0.0,0.0,8,[17],0
4,31,x7fdc0c70f2b0,797,-494.83,0.0,3,[1],0
4,31,x7fdc0c70f2b0,798,-200.0,1.0,2,[0],0
4,31,x7fdc0c70f2b0,799,-500.0,0.0,8,[17],0
4,31,x7fdc0c70f2b0,800,-400.06,0.0,6,[6],0
4,31,x7fdc0c70f2b0,801,-500.0,0.0,2,[1],0
4,31,x7fdc0c70f2b0,802,-461.34,0.0,7,[6],0
4,31,x7fdc0c70f2b0,803,-500.0,0.0,8,[17],0
4,31,x7fdc0c70f2b0,804,-0.02,0.0,5,[7],0
4,31,x7fdc0c70f2b0,805,-400.37,0.0,7,[7],0
4,31,x7fdc0c70f2b0,806,200.0,0.0,3,[0],0
4,31,x7fdc0c70f2b0,807,835.15,2.0,7,[6],0
4,31,x7fdc0c70f2b0,808,0.0,0.0,8,[17],0
4,31,x7fdc0c70f2b0,809,300.0,0.0,3,[0],0
4,31,x7fdc0c70f2b0,810,300.0,0.0,3,[0],0
4,31,x7fdc0c70f2b0,811,200.0,0.0,7,[6],0
4,31,x7fdc0c70f2b0,812,-500.0,0.0,8,[17],0
4,31,x7fdc0c70f2b0,813,-300.0,0.0,3,[0],0
4,31,x7fdc0c70f2b0,814,-300.0,0.0,7,[6],0
4,31,x7fdc0c70f2b0,815,-337.91,0.0,7,[6],0
4,31,x7fdc0c70f2b0,816,-399.83,0.0,7,[6],0
4,31,x7fdc0c70f2b0,817,0.0,0.0,3,[0],0
4,31,x7fdc0c70f2b0,818,-300.0,1.0,8,[6],0
4,31,x7fdc0c70f2b0,819,312.17,1.0,3,[0],0
4,31,x7fdc0c70f2b0,820,800.04,2.0,7,[6],0
4,31,x7fdc0c70f2b0,821,69.17,0.0,7,[6],0
4,31,x7fdc0c70f2b0,822,0.0,1.0,2,[1],0
4,31,x7fdc0c70f2b0,823,303.32,1.0,8,[6],0
4,31,x7fdc0c70f2b0,824,-200.0,1.0,3,[0],0
4,31,x7fdc0c70f2b0,825,-400.0,1.0,2,[0],0
4,31,x7fdc0c70f2b0,826,-367.98,1.0,7,[6],0
4,31,x7fdc0c70f2b0,827,700.0,2.0,3,[0],0
4,31,x7fdc0c70f2b0,828,-200.0,1.0,5,[6],0
4,31,x7fdc0c70f2b0,829,300.0,0.0,2,[0],0
4,31,x7fdc0c70f2b0,830,800.01,2.0,6,[6],0
4,31,x7fdc0c70f2b0,831,200.0,0.0,5,[6],0
4,31,x7fdc0c70f2b0,832,100.0,1.0,3,[2],0
4,31,x7fdc0c70f2b0,833,0.0,0.0,3,[0],0
4,31,x7fdc0c70f2b0,834,-200.0,1.0,5,[6],0
4,31,x7fdc0c70f2b0,835,-200.0,1.0,2,[0],0
4,31,x7fdc0c70f2b0,836,-700.0,0.0,3,[2],0
4,31,x7fdc0c70f2b0,837,-300.0,0.0,5,[6],0
4,31,x7fdc0c70f2b0,838,-398.41,1.0,3,[1],0
4,31,x7fdc0c70f2b0,839,0.0,0.0,3,[17],0
4,31,x7fdc0c70f2b0,840,-403.42,0.0,3,[1],0
4,31,x7fdc0c70f2b0,841,-398.43,0.0,6,[6],0
4,31,x7fdc0c70f2b0,842,-294.71,1.0,7,[6],0
4,31,x7fdc0c70f2b0,843,100.0,0.0,3,[0],0
4,31,x7fdc0c70f2b0,844,-400.0,0.0,6,[6],0
4,31,x7fdc0c70f2b0,845,-501.13,0.0,7,[6],0
4,31,x7fdc0c70f2b0,846,-91.05,0.0,3,[1],0
4,31,x7fdc0c70f2b0,847,100.0,0.0,3,[1],0
4,31,x7fdc0c70f2b0,848,-200.0,1.0,3,[0],0
4,31,x7fdc0c70f2b0,849,-400.0,1.0,3,[19],0
4,31,x7fdc0c70f2b0,850,-437.43,0.0,6,[6],0
4,31,x7fdc0c70f2b0,851,-393.6,0.0,7,[6],0
4,31,x7fdc0c70f2b0,852,-500.0,0.0,3,[1],0
4,31,x7fdc0c70f2b0,853,-400.0,0.0,7,[6],0
4,31,x7fdc0c70f2b0,854,900.0,2.0,3,[0],0
4,31,x7fdc0c70f2b0,855,-394.91,0.0,7,[6],0
4,31,x7fdc0c70f2b0,856,-483.88,0.0,7,[6],0
4,31,x7fdc0c70f2b0,857,-500.0,0.0,3,[2],0
4,31,x7fdc0c70f2b0,858,-700.0,0.0,3,[2],0
4,31,x7fdc0c70f2b0,859,-399.89,0.0,8,[6],0
4,31,x7fdc0c70f2b0,860,700.0,2.0,3,[0],0
4,31,x7fdc0c70f2b0,861,-390.3,0.0,7,[6],0
4,31,x7fdc0c70f2b0,862,-500.0,0.0,7,[17],0
4,31,x7fdc0c70f2b0,863,-502.0,0.0,6,[6],0
4,31,x7fdc0c70f2b0,864,-500.0,0.0,2,[1],0
4,31,x7fdc0c70f2b0,865,796.6,2.0,6,[6],0
4,31,x7fdc0c70f2b0,866,-509.95,0.0,7,[9],0
4,31,x7fdc0c70f2b0,867,-399.87,0.0,8,[6],0
4,31,x7fdc0c70f2b0,868,-200.0,1.0,7,[6],0
4,31,x7fdc0c70f2b0,869,-394.7,1.0,7,[7],0
4,31,x7fdc0c70f2b0,870,802.03,2.0,8,[6],0
4,31,x7fdc0c70f2b0,871,200.0,1.0,3,[0],0
4,31,x7fdc0c70f2b0,872,-590.46,0.0,7,[6],0
4,31,x7fdc0c70f2b0,873,766.22,2.0,7,[6],0
4,31,x7fdc0c70f2b0,874,0.0,0.0,5,[6],0
4,31,x7fdc0c70f2b0,875,300.0,1.0,7,[6],0
4,31,x7fdc0c70f2b0,876,200.0,0.0,6,[6],0
4,31,x7fdc0c70f2b0,877,259.34,1.0,3,[0],0
4,31,x7fdc0c70f2b0,878,100.0,0.0,2,[0],0
4,31,x7fdc0c70f2b0,879,0.0,0.0,8,[17],0
4,31,x7fdc0c70f2b0,880,200.0,0.0,3,[0],0
4,31,x7fdc0c70f2b0,881,200.0,1.0,2,[0],0
4,31,x7fdc0c70f2b0,882,-400.0,1.0,8,[17],0
4,31,x7fdc0c70f2b0,883,-404.83,0.0,5,[6],0
4,31,x7fdc0c70f2b0,884,-300.0,0.0,7,[6],0
4,31,x7fdc0c70f2b0,885,-400.0,0.0,3,[1],0
4,31,x7fdc0c70f2b0,886,-400.0,0.0,8,[6],0
4,31,x7fdc0c70f2b0,887,700.0,2.0,4,[17],0
4,31,x7fdc0c70f2b0,888,900.0,2.0,2,[0],0
4,31,x7fdc0c70f2b0,889,300.0,0.0,2,[1],0
4,31,x7fdc0c70f2b0,890,-384.18,0.0,7,[7],0
4,31,x7fdc0c70f2b0,891,0.0,0.0,2,[19],0
4,31,x7fdc0c70f2b0,892,-200.0,1.0,7,[6],0
4,31,x7fdc0c70f2b0,893,300.0,0.0,3,[0],0
4,31,x7fdc0c70f2b0,894,-300.0,0.0,3,[0],0
4,31,x7fdc0c70f2b0,895,900.0,2.0,8,[6],0
4,31,x7fdc0c70f2b0,896,-483.38,0.0,3,[1],0
4,31,x7fdc0c70f2b0,897,-400.0,0.0,7,[6],0
4,31,x7fdc0c70f2b0,898,-300.0,0.0,7,[6],0
4,31,x7fdc0c70f2b0,899,-344.51,0.0,7,[6],0
4,31,x7fdc0c70f2b0,900,-400.0,1.0,8,[17],0
4,31,x7fdc0c70f2b0,901,799.99,2.0,3,[0],0
4,31,x7fdc0c70f2b0,902,-700.0,0.0,2,[1],0
4,31,x7fdc0c70f2b0,903,-600.0,0.0,8,[19],0
4,31,x7fdc0c70f2b0,904,-500.01,0.0,5,[6],0
4,31,x7fdc0c70f2b0,905,0.0,0.0,3,[0],0
4,31,x7fdc0c70f2b0,906,-504.94,0.0,7,[6],0
4,31,x7fdc0c70f2b0,907,-515.63,0.0,7,[6],0
4,31,x7fdc0c70f2b0,908,900.0,2.0,7,[6],0
4,31,x7fdc0c70f2b0,909,-200.0,1.0,3,[0],0
4,31,x7fdc0c70f2b0,910,-432.22,0.0,7,[6],0
4,31,x7fdc0c70f2b0,911,-500.0,0.0,8,[17],0
4,31,x7fdc0c70f2b0,912,-390.66,0.0,7,[6],0
4,31,x7fdc0c70f2b0,913,-200.0,1.0,6,[6],0
4,31,x7fdc0c70f2b0,914,-399.84,0.0,5,[6],0
4,31,x7fdc0c70f2b0,915,700.0,2.0,8,[17],0
4,31,x7fdc0c70f2b0,916,-397.59,0.0,5,[6],0
4,31,x7fdc0c70f2b0,917,800.0,2.0,7,[6],0
4,31,x7fdc0c70f2b0,918,99.88,0.0,7,[6],0
4,31,x7fdc0c70f2b0,919,100.13,0.0,7,[6],0
4,31,x7fdc0c70f2b0,920,400.0,1.0,3,[0],0
4,31,x7fdc0c70f2b0,921,100.0,0.0,7,[6],0
4,31,x7fdc0c70f2b0,922,-300.0,0.0,7,[6],0
4,31,x7fdc0c70f2b0,923,-300.0,0.0,3,[0],0
4,31,x7fdc0c70f2b0,924,-200.0,1.0,7,[6],0
4,31,x7fdc0c70f2b0,925,-451.77,0.0,3,[1],0
4,31,x7fdc0c70f2b0,926,-399.38,0.0,7,[6],0
4,31,x7fdc0c70f2b0,927,700.0,2.0,3,[0],0
4,31,x7fdc0c70f2b0,928,15.84,0.0,3,[0],0
4,31,x7fdc0c70f2b0,929,-500.0,0.0,8,[17],0
4,31,x7fdc0c70f2b0,930,300.0,0.0,3,[0],0
4,31,x7fdc0c70f2b0,931,797.12,2.0,6,[6],0
4,31,x7fdc0c70f2b0,932,100.0,0.0,7,[6],0
4,31,x7fdc0c70f2b0,933,300.0,0.0,3,[0],0
4,31,x7fdc0c70f2b0,934,300.0,0.0,6,[6],0
4,31,x7fdc0c70f2b0,935,300.0,0.0,2,[1],0
4,31,x7fdc0c70f2b0,936,200.0,0.0,6,[6],0
4,31,x7fdc0c70f2b0,937,100.0,0.0,6,[6],0
4,31,x7fdc0c70f2b0,938,100.0,0.0,2,[19],0
4,31,x7fdc0c70f2b0,939,200.0,0.0,7,[6],0
4,31,x7fdc0c70f2b0,940,199.99,0.0,3,[0],0
4,31,x7fdc0c70f2b0,941,-100.0,0.0,8,[19],0
4,31,x7fdc0c70f2b0,942,300.0,0.0,3,[0],0
4,31,x7fdc0c70f2b0,943,300.28,1.0,7,[6],0
4,31,x7fdc0c70f2b0,944,200.0,0.0,6,[6],0
4,31,x7fdc0c70f2b0,945,4.98,0.0,7,[19],0
4,31,x7fdc0c70f2b0,946,300.0,0.0,3,[0],0
4,31,x7fdc0c70f2b0,947,300.0,0.0,7,[6],0
4,31,x7fdc0c70f2b0,948,100.0,0.0,3,[0],0
4,31,x7fdc0c70f2b0,949,-400.0,0.0,7,[6],0
4,31,x7fdc0c70f2b0,950,-399.07,0.0,7,[6],0
4,31,x7fdc0c70f2b0,951,-500.0,0.0,8,[17],0
4,31,x7fdc0c70f2b0,952,-508.82,0.0,3,[1],0
4,31,x7fdc0c70f2b0,953,700.0,2.0,3,[0],0
4,31,x7fdc0c70f2b0,954,200.0,0.0,3,[0],0
4,31,x7fdc0c70f2b0,955,100.0,0.0,3,[9],0
4,31,x7fdc0c70f2b0,956,-508.82,0.0,3,[6],0
4,31,x7fdc0c70f2b0,957,0.0,0.0,2,[9],0
4,31,x7fdc0c70f2b0,958,-399.5,0.0,5,[6],0
4,31,x7fdc0c70f2b0,959,0.0,0.0,4,[17],0
4,31,x7fdc0c70f2b0,960,813.95,2.0,4,[6],0
4,31,x7fdc0c70f2b0,961,158.5,0.0,7,[6],0
4,31,x7fdc0c70f2b0,962,400.0,1.0,2,[8],0
4,31,x7fdc0c70f2b0,963,200.0,1.0,4,[6],0
4,31,x7fdc0c70f2b0,964,-97.1,0.0,8,[19],0
4,31,x7fdc0c70f2b0,965,185.32,1.0,3,[1],0
4,31,x7fdc0c70f2b0,966,400.0,1.0,2,[0],0
4,31,x7fdc0c70f2b0,967,185.32,1.0,3,[7],0
4,31,x7fdc0c70f2b0,968,400.0,1.0,3,[7],0
4,31,x7fdc0c70f2b0,969,0.0,0.0,3,[19],0
4,31,x7fdc0c70f2b0,970,0.0,0.0,3,[19],0
4,31,x7fdc0c70f2b0,971,200.0,0.0,3,[0],0
4,31,x7fdc0c70f2b0,972,400.0,1.0,2,[6],0
4,31,x7fdc0c70f2b0,973,25.85,0.0,7,[7],0
4,31,x7fdc0c70f2b0,974,100.0,0.0,3,[19],0
4,31,x7fdc0c70f2b0,975,300.0,0.0,2,[0],0
4,31,x7fdc0c70f2b0,976,100.0,0.0,2,[17],0
4,31,x7fdc0c70f2b0,977,11.11,0.0,7,[7],0
4,31,x7fdc0c70f2b0,978,100.0,0.0,2,[0],0
4,31,x7fdc0c70f2b0,979,200.04,0.0,7,[6],0
4,31,x7fdc0c70f2b0,980,199.03,0.0,7,[6],0
4,31,x7fdc0c70f2b0,981,100.0,0.0,2,[19],0
4,31,x7fdc0c70f2b0,982,200.0,0.0,5,[6],0
4,31,x7fdc0c70f2b0,983,99.98,0.0,7,[6],0
4,31,x7fdc0c70f2b0,984,-100.0,0.0,8,[19],0
4,31,x7fdc0c70f2b0,985,200.0,0.0,3,[0],0
4,31,x7fdc0c70f2b0,986,200.0,1.0,2,[0],0
4,31,x7fdc0c70f2b0,987,300.0,0.0,3,[0],0
4,31,x7fdc0c70f2b0,988,211.19,0.0,3,[1],0
4,31,x7fdc0c70f2b0,989,200.0,0.0,3,[0],0
4,31,x7fdc0c70f2b0,990,-300.3,1.0,7,[6],0
4,31,x7fdc0c70f2b0,991,-500.0,0.0,7,[19],0
4,31,x7fdc0c70f2b0,992,-300.0,0.0,3,[0],0
4,31,x7fdc0c70f2b0,993,-401.79,0.0,6,[6],0
4,31,x7fdc0c70f2b0,994,-500.0,0.0,7,[19],0
4,31,x7fdc0c70f2b0,995,900.0,2.0,3,[0],0
4,31,x7fdc0c70f2b0,996,100.0,0.0,2,[0],0
4,31,x7fdc0c70f2b0,997,-300.0,0.0,5,[6],0
4,31,x7fdc0c70f2b0,998,-500.0,0.0,4,[17],0
4,31,x7fdc0c70f2b0,999,-399.99,0.0,4,[6],0
4,31,x7fdc0c70f2b0,1000,-500.0,0.0,3,[17],0
4,31,x7fdc0c70f2b0,1001,-500.0,0.0,8,[19],0
4,31,x7fdc0c70f2b0,1002,-500.0,0.0,3,[17],0
4,31,x7fdc0c70f2b0,1003,-400.0,0.0,7,[6],0
4,31,x7fdc0c70f2b0,1004,36.54,0.0,3,[1],0
4,31,x7fdc0c70f2b0,1005,0.0,0.0,4,[19],0
4,31,x7fdc0c70f2b0,1006,0.0,0.0,2,[1],0
4,31,x7fdc0c70f2b0,1007,0.0,0.0,2,[17],0
4,31,x7fdc0c70f2b0,1008,-398.55,0.0,6,[6],0
4,31,x7fdc0c70f2b0,1009,-429.01,0.0,7,[6],0
4,31,x7fdc0c70f2b0,1010,200.0,0.0,3,[0],0
4,31,x7fdc0c70f2b0,1011,300.0,0.0,3,[0],0
4,31,x7fdc0c70f2b0,1012,204.32,0.0,3,[0],0
4,31,x7fdc0c70f2b0,1013,100.83,1.0,8,[19],0
4,31,x7fdc0c70f2b0,1014,300.0,0.0,7,[6],0
4,31,x7fdc0c70f2b0,1015,300.0,0.0,7,[6],0
4,31,x7fdc0c70f2b0,1016,204.32,0.0,6,[6],0
4,31,x7fdc0c70f2b0,1017,-500.0,0.0,3,[19],0
4,31,x7fdc0c70f2b0,1018,300.0,0.0,5,[6],0
4,31,x7fdc0c70f2b0,1019,-500.0,0.0,3,[2],0
4,31,x7fdc0c70f2b0,1020,-500.0,0.0,3,[2],0
4,31,x7fdc0c70f2b0,1021,-500.0,0.0,3,[2],0
4,31,x7fdc0c70f2b0,1022,700.0,2.0,8,[17],0
4,31,x7fdc0c70f2b0,1023,700.0,2.0,2,[0],0
4,31,x7fdc0c70f2b0,1024,700.0,2.0,5,[17],0
4,31,x7fdc0c70f2b0,1025,100.01,1.0,5,[19],0
4,31,x7fdc0c70f2b0,1026,-500.0,0.0,8,[19],0
4,31,x7fdc0c70f2b0,1027,-501.22,0.0,5,[8],0
4,31,x7fdc0c70f2b0,1028,-608.26,0.0,3,[1],0
4,31,x7fdc0c70f2b0,1029,96.88,0.0,5,[6],0
4,31,x7fdc0c70f2b0,1030,-400.0,0.0,3,[6],0
4,31,x7fdc0c70f2b0,1031,799.98,2.0,7,[6],0
4,31,x7fdc0c70f2b0,1032,400.0,1.0,2,[0],0
4,31,x7fdc0c70f2b0,1033,-11.46,0.0,3,[1],0
4,31,x7fdc0c70f2b0,1034,200.0,0.0,6,[6],0
4,31,x7fdc0c70f2b0,1035,-200.0,0.0,2,[2],0
4,31,x7fdc0c70f2b0,1036,0.0,0.0,8,[17],0
4,31,x7fdc0c70f2b0,1037,620.78,2.0,4,[19],0
4,31,x7fdc0c70f2b0,1038,100.0,0.0,2,[19],0
4,31,x7fdc0c70f2b0,1039,200.0,1.0,3,[0],0
4,31,x7fdc0c70f2b0,1040,113.17,0.0,7,[6],0
4,31,x7fdc0c70f2b0,1041,400.0,1.0,3,[0],0
4,31,x7fdc0c70f2b0,1042,94.99,0.0,3,[0],0
4,31,x7fdc0c70f2b0,1043,0.0,0.0,6,[17],0
4,31,x7fdc0c70f2b0,1044,103.03,0.0,5,[6],0
4,31,x7fdc0c70f2b0,1045,-300.0,0.0,3,[9],0
4,31,x7fdc0c70f2b0,1046,-500.0,0.0,3,[2],0
4,31,x7fdc0c70f2b0,1047,400.0,1.0,5,[6],0
4,31,x7fdc0c70f2b0,1048,-200.0,1.0,2,[0],0
4,31,x7fdc0c70f2b0,1049,-533.72,0.0,3,[1],0
4,31,x7fdc0c70f2b0,1050,-533.72,0.0,3,[9],0
4,31,x7fdc0c70f2b0,1051,-572.8,0.0,3,[1],0
4,31,x7fdc0c70f2b0,1052,-500.0,0.0,2,[1],0
4,31,x7fdc0c70f2b0,1053,195.17,0.0,4,[6],0
4,31,x7fdc0c70f2b0,1054,200.64,0.0,3,[6],0
4,31,x7fdc0c70f2b0,1055,-408.7,0.0,4,[8],0
4,31,x7fdc0c70f2b0,1056,-400.0,1.0,5,[17],0
4,31,x7fdc0c70f2b0,1057,-400.0,1.0,2,[1],0
4,31,x7fdc0c70f2b0,1058,-400.0,0.0,3,[7],0
4,31,x7fdc0c70f2b0,1059,300.0,0.0,5,[6],0
4,31,x7fdc0c70f2b0,1060,-400.0,1.0,2,[7],0
4,31,x7fdc0c70f2b0,1061,200.0,0.0,3,[0],0
4,31,x7fdc0c70f2b0,1062,400.0,1.0,2,[0],0
4,31,x7fdc0c70f2b0,1063,300.0,0.0,2,[0],0
4,31,x7fdc0c70f2b0,1064,-496.76,1.0,7,[19],0
4,31,x7fdc0c70f2b0,1065,-500.0,0.0,3,[2],0
4,31,x7fdc0c70f2b0,1066,100.0,0.0,3,[8],0
4,31,x7fdc0c70f2b0,1067,-300.0,0.0,5,[6],0
4,31,x7fdc0c70f2b0,1068,300.0,0.0,2,[7],0
4,31,x7fdc0c70f2b0,1069,-400.0,0.0,4,[7],0
4,31,x7fdc0c70f2b0,1070,-308.22,1.0,3,[1],0
4,31,x7fdc0c70f2b0,1071,-256.62,1.0,6,[6],0
4,31,x7fdc0c70f2b0,1072,799.5,2.0,3,[0],0
4,31,x7fdc0c70f2b0,1073,-400.0,0.0,5,[6],0
4,31,x7fdc0c70f2b0,1074,-300.01,1.0,4,[6],0
4,31,x7fdc0c70f2b0,1075,-400.19,0.0,4,[6],0
4,31,x7fdc0c70f2b0,1076,-400.0,1.0,2,[1],0
4,31,x7fdc0c70f2b0,1077,-600.03,0.0,3,[1],0
4,31,x7fdc0c70f2b0,1078,-400.09,0.0,3,[1],0
4,31,x7fdc0c70f2b0,1079,-599.89,0.0,4,[8],0
4,31,x7fdc0c70f2b0,1080,200.0,0.0,2,[6],0
4,31,x7fdc0c70f2b0,1081,-400.0,0.0,4,[7],0
4,31,x7fdc0c70f2b0,1082,-400.0,0.0,4,[7],0
4,31,x7fdc0c70f2b0,1083,-507.47,0.0,3,[1],0
4,31,x7fdc0c70f2b0,1084,-300.03,1.0,4,[6],0
4,31,x7fdc0c70f2b0,1085,-700.0,0.0,2,[6],0
4,31,x7fdc0c70f2b0,1086,-600.0,0.0,3,[2],0
4,31,x7fdc0c70f2b0,1087,-500.0,0.0,3,[2],0
4,31,x7fdc0c70f2b0,1088,900.0,2.0,3,[0],0
4,31,x7fdc0c70f2b0,1089,100.0,0.0,2,[6],0
4,31,x7fdc0c70f2b0,1090,-499.95,0.0,5,[6],0
4,31,x7fdc0c70f2b0,1091,-200.0,0.0,2,[1],0
4,31,x7fdc0c70f2b0,1092,900.0,2.0,7,[6],0
4,31,x7fdc0c70f2b0,1093,400.0,1.0,2,[0],0
4,31,x7fdc0c70f2b0,1094,300.0,0.0,2,[9],0
4,31,x7fdc0c70f2b0,1095,300.0,0.0,2,[0],0
4,31,x7fdc0c70f2b0,1096,-71.91,0.0,6,[6],0
4,31,x7fdc0c70f2b0,1097,300.0,1.0,5,[6],0
4,31,x7fdc0c70f2b0,1098,46.7,0.0,3,[1],0
4,31,x7fdc0c70f2b0,1099,-399.99,0.0,6,[6],0
4,31,x7fdc0c70f2b0,1100,-300.0,0.0,5,[6],0
4,31,x7fdc0c70f2b0,1101,-200.0,1.0,3,[0],0
4,31,x7fdc0c70f2b0,1102,700.0,2.0,3,[19],0
4,31,x7fdc0c70f2b0,1103,-400.0,0.0,3,[1],0
4,31,x7fdc0c70f2b0,1104,100.0,0.0,2,[19],0
4,31,x7fdc0c70f2b0,1105,-600.0,0.0,3,[1],0
4,31,x7fdc0c70f2b0,1106,-521.99,0.0,7,[6],0
4,31,x7fdc0c70f2b0,1107,-200.0,1.0,7,[6],0
4,31,x7fdc0c70f2b0,1108,-382.02,0.0,7,[6],0
4,31,x7fdc0c70f2b0,1109,-496.72,0.0,7,[6],0
4,31,x7fdc0c70f2b0,1110,-489.56,0.0,7,[6],0
4,31,x7fdc0c70f2b0,1111,-500.0,0.0,8,[19],0
4,31,x7fdc0c70f2b0,1112,400.0,1.0,3,[0],0
4,31,x7fdc0c70f2b0,1113,18.58,0.0,7,[6],0
4,31,x7fdc0c70f2b0,1114,17.59,0.0,7,[7],0
4,31,x7fdc0c70f2b0,1115,232.07,1.0,7,[6],0
4,31,x7fdc0c70f2b0,1116,322.66,1.0,7,[6],0
4,31,x7fdc0c70f2b0,1117,200.0,1.0,8,[17],0
4,31,x7fdc0c70f2b0,1118,-395.11,0.0,7,[6],0
4,31,x7fdc0c70f2b0,1119,-417.19,0.0,7,[6],0
4,31,x7fdc0c70f2b0,1120,-525.19,1.0,3,[2],0
4,31,x7fdc0c70f2b0,1121,-500.0,0.0,8,[17],0
4,31,x7fdc0c70f2b0,1122,-500.27,0.0,5,[6],0
4,31,x7fdc0c70f2b0,1123,-400.0,0.0,4,[6],0
4,31,x7fdc0c70f2b0,1124,100.0,0.0,2,[1],0
4,31,x7fdc0c70f2b0,1125,0.0,0.0,3,[0],0
4,31,x7fdc0c70f2b0,1126,-399.99,1.0,7,[6],0
4,31,x7fdc0c70f2b0,1127,-500.0,0.0,8,[17],0
4,31,x7fdc0c70f2b0,1128,900.0,2.0,8,[6],0
4,31,x7fdc0c70f2b0,1129,-398.7,0.0,3,[1],0
4,31,x7fdc0c70f2b0,1130,-500.0,0.0,2,[1],0
4,31,x7fdc0c70f2b0,1131,-427.91,0.0,7,[6],0
4,31,x7fdc0c70f2b0,1132,300.0,0.0,3,[0],0
4,31,x7fdc0c70f2b0,1133,-451.68,0.0,7,[6],0
4,31,x7fdc0c70f2b0,1134,178.06,0.0,3,[0],0
4,31,x7fdc0c70f2b0,1135,200.0,0.0,3,[0],0
4,31,x7fdc0c70f2b0,1136,800.0,2.0,7,[6],0
4,31,x7fdc0c70f2b0,1137,-300.0,0.0,8,[6],0
4,31,x7fdc0c70f2b0,1138,-400.07,0.0,7,[6],0
4,31,x7fdc0c70f2b0,1139,-500.0,0.0,8,[17],0
4,31,x7fdc0c70f2b0,1140,700.0,2.0,3,[0],0
4,31,x7fdc0c70f2b0,1141,400.0,1.0,2,[0],0
4,31,x7fdc0c70f2b0,1142,-398.42,0.0,7,[6],0
4,31,x7fdc0c70f2b0,1143,799.72,2.0,8,[6],0
4,31,x7fdc0c70f2b0,1144,186.83,0.0,3,[0],0
4,31,x7fdc0c70f2b0,1145,100.0,0.0,8,[6],0
4,31,x7fdc0c70f2b0,1146,200.0,0.0,3,[0],0
4,31,x7fdc0c70f2b0,1147,300.0,0.0,7,[6],0
4,31,x7fdc0c70f2b0,1148,101.94,0.0,7,[6],0
4,31,x7fdc0c70f2b0,1149,200.0,0.0,3,[0],0
4,31,x7fdc0c70f2b0,1150,-99.85,0.0,3,[1],0
4,31,x7fdc0c70f2b0,1151,0.0,0.0,8,[17],0
4,31,x7fdc0c70f2b0,1152,-2.65,0.0,3,[1],0
4,31,x7fdc0c70f2b0,1153,100.0,0.0,6,[6],0
4,31,x7fdc0c70f2b0,1154,25.75,0.0,6,[6],0
4,31,x7fdc0c70f2b0,1155,300.0,0.0,3,[0],0
4,31,x7fdc0c70f2b0,1156,-0.0,0.0,7,[6],0
4,31,x7fdc0c70f2b0,1157,302.83,1.0,7,[6],0
4,31,x7fdc0c70f2b0,1158,199.97,0.0,8,[6],0
4,31,x7fdc0c70f2b0,1159,300.0,0.0,3,[0],0
4,31,x7fdc0c70f2b0,1160,100.0,0.0,2,[0],0
4,31,x7fdc0c70f2b0,1161,201.02,0.0,7,[6],0
4,31,x7fdc0c70f2b0,1162,198.52,0.0,7,[6],0
4,31,x7fdc0c70f2b0,1163,300.0,0.0,7,[6],0
4,31,x7fdc0c70f2b0,1164,300.0,0.0,2,[0],0
4,31,x7fdc0c70f2b0,1165,300.0,0.0,2,[0],0
4,31,x7fdc0c70f2b0,1166,199.71,0.0,7,[6],0
4,31,x7fdc0c70f2b0,1167,-500.0,0.0,8,[17],0
4,31,x7fdc0c70f2b0,1168,-300.0,0.0,5,[6],0
4,31,x7fdc0c70f2b0,1169,-500.0,0.0,3,[2],0
4,31,x7fdc0c70f2b0,1170,-400.0,0.0,7,[6],0
4,31,x7fdc0c70f2b0,1171,-399.98,0.0,7,[6],0
4,31,x7fdc0c70f2b0,1172,900.0,2.0,3,[0],0
4,31,x7fdc0c70f2b0,1173,-386.69,0.0,7,[6],0
4,31,x7fdc0c70f2b0,1174,-395.35,0.0,8,[6],0
4,31,x7fdc0c70f2b0,1175,300.0,0.0,3,[0],0
4,31,x7fdc0c70f2b0,1176,-499.97,0.0,6,[6],0
4,31,x7fdc0c70f2b0,1177,100.68,0.0,3,[0],0
4,31,x7fdc0c70f2b0,1178,800.5,2.0,7,[6],0
4,31,x7fdc0c70f2b0,1179,-300.0,0.0,7,[6],0
4,31,x7fdc0c70f2b0,1180,-564.36,0.0,3,[1],0
4,31,x7fdc0c70f2b0,1181,-399.32,0.0,7,[6],0
4,31,x7fdc0c70f2b0,1182,-500.0,0.0,2,[1],0
4,31,x7fdc0c70f2b0,1183,-400.0,1.0,6,[6],0
4,31,x7fdc0c70f2b0,1184,-570.74,0.0,7,[6],0
4,31,x7fdc0c70f2b0,1185,-494.58,0.0,7,[6],0
4,31,x7fdc0c70f2b0,1186,601.67,2.0,8,[17],0
4,31,x7fdc0c70f2b0,1187,100.0,0.0,3,[0],0
4,31,x7fdc0c70f2b0,1188,300.0,0.0,3,[0],0
4,31,x7fdc0c70f2b0,1189,800.03,2.0,7,[6],0
4,31,x7fdc0c70f2b0,1190,100.02,0.0,6,[6],0
4,31,x7fdc0c70f2b0,1191,300.0,0.0,3,[0],0
4,31,x7fdc0c70f2b0,1192,-300.0,0.0,7,[6],0
4,31,x7fdc0c70f2b0,1193,-400.0,0.0,3,[0],0
4,31,x7fdc0c70f2b0,1194,-201.81,1.0,7,[6],0
4,31,x7fdc0c70f2b0,1195,-500.0,0.0,2,[1],0
4,31,x7fdc0c70f2b0,1196,-395.08,0.0,7,[6],0
4,31,x7fdc0c70f2b0,1197,-389.02,0.0,6,[6],0
4,31,x7fdc0c70f2b0,1198,700.0,2.0,7,[19],0
4,31,x7fdc0c70f2b0,1199,100.0,0.0,2,[1],0
4,31,x7fdc0c70f2b0,1200,-451.17,0.0,6,[6],0
4,31,x7fdc0c70f2b0,1201,810.1,2.0,8,[6],0
4,31,x7fdc0c70f2b0,1202,-636.2,0.0,3,[2],0
4,31,x7fdc0c70f2b0,1203,-572.91,0.0,7,[19],0
4,31,x7fdc0c70f2b0,1204,-416.49,1.0,5,[6],0
4,31,x7fdc0c70f2b0,1205,-100.1,0.0,3,[2],0
4,31,x7fdc0c70f2b0,1206,400.0,1.0,2,[0],0
4,31,x7fdc0c70f2b0,1207,4.03,0.0,3,[8],0
4,31,x7fdc0c70f2b0,1208,200.0,1.0,3,[0],0
4,31,x7fdc0c70f2b0,1209,300.0,0.0,2,[0],0
4,31,x7fdc0c70f2b0,1210,900.0,2.0,6,[6],0
4,31,x7fdc0c70f2b0,1211,200.0,0.0,4,[8],0
4,31,x7fdc0c70f2b0,1212,400.0,1.0,2,[1],0
4,31,x7fdc0c70f2b0,1213,-53.96,0.0,3,[1],0
4,31,x7fdc0c70f2b0,1214,400.0,1.0,5,[6],0
4,31,x7fdc0c70f2b0,1215,6.87,0.0,5,[7],0
4,31,x7fdc0c70f2b0,1216,66.07,0.0,3,[1],0
4,31,x7fdc0c70f2b0,1217,-561.95,0.0,3,[1],0
4,31,x7fdc0c70f2b0,1218,-400.0,1.0,3,[0],0
4,31,x7fdc0c70f2b0,1219,303.12,1.0,4,[6],0
4,31,x7fdc0c70f2b0,1220,16.46,0.0,5,[6],0
4,31,x7fdc0c70f2b0,1221,-556.19,0.0,3,[19],0
4,31,x7fdc0c70f2b0,1222,-700.0,0.0,2,[1],0
4,31,x7fdc0c70f2b0,1223,-400.0,0.0,3,[0],0
4,31,x7fdc0c70f2b0,1224,900.0,2.0,3,[0],0
4,31,x7fdc0c70f2b0,1225,-300.0,1.0,5,[6],0
4,31,x7fdc0c70f2b0,1226,-500.0,0.0,2,[19],0
4,31,x7fdc0c70f2b0,1227,-500.0,0.0,2,[1],0
4,31,x7fdc0c70f2b0,1228,0.0,0.0,2,[1],0
4,31,x7fdc0c70f2b0,1229,-399.93,0.0,5,[6],0
4,31,x7fdc0c70f2b0,1230,900.0,2.0,2,[7],0
4,31,x7fdc0c70f2b0,1231,-100.0,0.0,3,[2],0
4,31,x7fdc0c70f2b0,1232,0.0,1.0,2,[1],0
4,31,x7fdc0c70f2b0,1233,0.0,0.0,8,[17],0
4,31,x7fdc0c70f2b0,1234,-2.3,0.0,5,[7],0
4,31,x7fdc0c70f2b0,1235,0.0,0.0,7,[19],0
4,31,x7fdc0c70f2b0,1236,232.7,1.0,7,[6],0
4,31,x7fdc0c70f2b0,1237,300.0,0.0,2,[0],0
4,31,x7fdc0c70f2b0,1238,-1.43,0.0,5,[6],0
4,31,x7fdc0c70f2b0,1239,700.0,2.0,2,[19],0
4,31,x7fdc0c70f2b0,1240,300.0,0.0,2,[9],0
4,31,x7fdc0c70f2b0,1241,-364.2,0.0,3,[1],0
4,31,x7fdc0c70f2b0,1242,-553.13,0.0,3,[1],0
4,31,x7fdc0c70f2b0,1243,-399.98,0.0,3,[1],0
4,31,x7fdc0c70f2b0,1244,-400.0,0.0,3,[1],0
4,31,x7fdc0c70f2b0,1245,-400.63,0.0,3,[1],0
4,31,x7fdc0c70f2b0,1246,-399.28,0.0,6,[6],0
4,31,x7fdc0c70f2b0,1247,-700.0,0.0,2,[1],0
4,31,x7fdc0c70f2b0,1248,300.0,0.0,3,[7],0
4,31,x7fdc0c70f2b0,1249,300.0,0.0,3,[6],0
4,31,x7fdc0c70f2b0,1250,0.0,0.0,3,[0],0
4,31,x7fdc0c70f2b0,1251,-500.0,0.0,6,[19],0
4,31,x7fdc0c70f2b0,1252,0.0,0.0,4,[8],0
4,31,x7fdc0c70f2b0,1253,200.0,1.0,2,[0],0
4,31,x7fdc0c70f2b0,1254,300.0,0.0,3,[0],0
4,31,x7fdc0c70f2b0,1255,-500.0,0.0,5,[19],0
4,31,x7fdc0c70f2b0,1256,300.0,0.0,2,[1],0
4,31,x7fdc0c70f2b0,1257,185.57,0.0,3,[0],0
4,31,x7fdc0c70f2b0,1258,188.01,0.0,4,[8],0
4,31,x7fdc0c70f2b0,1259,310.23,1.0,4,[6],0
4,31,x7fdc0c70f2b0,1260,200.0,0.0,3,[0],0
4,31,x7fdc0c70f2b0,1261,200.0,1.0,2,[0],0
4,31,x7fdc0c70f2b0,1262,-419.81,0.0,5,[6],0
4,31,x7fdc0c70f2b0,1263,200.0,0.0,2,[7],0
4,31,x7fdc0c70f2b0,1264,400.0,1.0,2,[7],0
4,31,x7fdc0c70f2b0,1265,-608.31,0.0,3,[1],0
4,31,x7fdc0c70f2b0,1266,-539.7,0.0,3,[1],0
4,31,x7fdc0c70f2b0,1267,-609.89,0.0,3,[1],0
4,31,x7fdc0c70f2b0,1268,900.0,2.0,3,[0],0
4,31,x7fdc0c70f2b0,1269,216.36,1.0,3,[0],0
4,31,x7fdc0c70f2b0,1270,-499.95,0.0,7,[6],0
4,31,x7fdc0c70f2b0,1271,300.0,0.0,3,[0],0
4,31,x7fdc0c70f2b0,1272,-500.0,0.0,8,[17],0
4,31,x7fdc0c70f2b0,1273,-300.0,0.0,3,[0],0
4,31,x7fdc0c70f2b0,1274,-575.05,0.0,8,[19],0
4,31,x7fdc0c70f2b0,1275,-399.98,0.0,3,[1],0
4,31,x7fdc0c70f2b0,1276,-500.0,0.0,3,[2],0
4,31,x7fdc0c70f2b0,1277,-300.0,0.0,7,[6],0
4,31,x7fdc0c70f2b0,1278,-500.0,0.0,3,[2],0
4,31,x7fdc0c70f2b0,1279,-500.0,0.0,8,[17],0
4,31,x7fdc0c70f2b0,1280,900.0,2.0,3,[0],0
4,31,x7fdc0c70f2b0,1281,-400.0,1.0,3,[0],0
4,31,x7fdc0c70f2b0,1282,-500.0,0.0,2,[0],0
4,31,x7fdc0c70f2b0,1283,-500.21,0.0,6,[6],0
4,31,x7fdc0c70f2b0,1284,800.32,2.0,7,[6],0
4,31,x7fdc0c70f2b0,1285,-299.25,1.0,7,[6],0
4,31,x7fdc0c70f2b0,1286,-395.35,0.0,8,[6],0
4,31,x7fdc0c70f2b0,1287,-495.37,0.0,7,[6],0
4,31,x7fdc0c70f2b0,1288,300.0,0.0,2,[19],0
4,31,x7fdc0c70f2b0,1289,-599.51,0.0,3,[2],0
4,31,x7fdc0c70f2b0,1290,900.0,2.0,7,[6],0
4,31,x7fdc0c70f2b0,1291,-500.0,0.0,3,[2],0
4,31,x7fdc0c70f2b0,1292,-500.0,0.0,8,[19],0
4,31,x7fdc0c70f2b0,1293,900.0,2.0,3,[0],0
4,31,x7fdc0c70f2b0,1294,-300.0,1.0,3,[1],0
4,31,x7fdc0c70f2b0,1295,793.14,2.0,6,[6],0
4,31,x7fdc0c70f2b0,1296,300.0,0.0,3,[0],0
4,31,x7fdc0c70f2b0,1297,-500.0,0.0,2,[19],0
4,31,x7fdc0c70f2b0,1298,-299.72,1.0,5,[6],0
4,31,x7fdc0c70f2b0,1299,300.0,0.0,2,[0],0
4,31,x7fdc0c70f2b0,1300,81.41,0.0,4,[9],0
4,31,x7fdc0c70f2b0,1301,200.0,1.0,2,[1],0
4,31,x7fdc0c70f2b0,1302,-500.0,0.0,7,[17],0
4,31,x7fdc0c70f2b0,1303,0.0,0.0,2,[19],0
4,31,x7fdc0c70f2b0,1304,-300.0,0.0,6,[6],0
4,31,x7fdc0c70f2b0,1305,-398.35,0.0,7,[6],0
4,31,x7fdc0c70f2b0,1306,-400.65,0.0,3,[1],0
4,31,x7fdc0c70f2b0,1307,722.62,2.0,3,[0],0
4,31,x7fdc0c70f2b0,1308,200.0,1.0,3,[0],0
4,31,x7fdc0c70f2b0,1309,300.0,0.0,2,[0],0
4,31,x7fdc0c70f2b0,1310,700.0,2.0,2,[19],0
4,31,x7fdc0c70f2b0,1311,300.0,0.0,3,[0],0
4,31,x7fdc0c70f2b0,1312,800.0,2.0,7,[6],0
4,31,x7fdc0c70f2b0,1313,300.0,1.0,7,[6],0
4,31,x7fdc0c70f2b0,1314,-399.98,0.0,3,[1],0
4,31,x7fdc0c70f2b0,1315,-299.83,1.0,3,[0],0
4,31,x7fdc0c70f2b0,1316,-500.0,0.0,3,[2],0
4,31,x7fdc0c70f2b0,1317,-500.0,1.0,3,[2],0
4,31,x7fdc0c70f2b0,1318,-486.31,0.0,7,[6],0
4,31,x7fdc0c70f2b0,1319,-299.98,1.0,7,[6],0
4,31,x7fdc0c70f2b0,1320,-200.0,1.0,3,[0],0
4,31,x7fdc0c70f2b0,1321,-605.18,0.0,3,[2],0
4,31,x7fdc0c70f2b0,1322,700.0,2.0,3,[0],0
4,31,x7fdc0c70f2b0,1323,-500.88,0.0,3,[1],0
4,31,x7fdc0c70f2b0,1324,900.0,2.0,3,[0],0
4,31,x7fdc0c70f2b0,1325,-500.64,0.0,7,[6],0
4,31,x7fdc0c70f2b0,1326,200.0,0.0,3,[0],0
4,31,x7fdc0c70f2b0,1327,0.0,0.0,3,[0],0
4,31,x7fdc0c70f2b0,1328,400.0,1.0,2,[0],0
4,31,x7fdc0c70f2b0,1329,200.0,0.0,2,[1],0
4,31,x7fdc0c70f2b0,1330,200.0,0.0,2,[0],0
4,31,x7fdc0c70f2b0,1331,100.0,0.0,3,[17],0
4,31,x7fdc0c70f2b0,1332,0.0,0.0,2,[1],0
4,31,x7fdc0c70f2b0,1333,-100.82,0.0,6,[17],0
4,31,x7fdc0c70f2b0,1334,200.0,0.0,3,[0],0
4,31,x7fdc0c70f2b0,1335,113.76,0.0,6,[6],0
4,31,x7fdc0c70f2b0,1336,200.0,1.0,8,[19],0
4,31,x7fdc0c70f2b0,1337,100.0,0.0,3,[0],0
4,31,x7fdc0c70f2b0,1338,204.1,0.0,7,[6],0
4,31,x7fdc0c70f2b0,1339,300.0,0.0,7,[6],0
4,31,x7fdc0c70f2b0,1340,100.0,0.0,3,[0],0
4,31,x7fdc0c70f2b0,1341,100.0,0.0,8,[17],0
4,31,x7fdc0c70f2b0,1342,100.0,0.0,8,[17],0
4,31,x7fdc0c70f2b0,1343,300.0,0.0,3,[0],0
4,31,x7fdc0c70f2b0,1344,-353.28,0.0,7,[6],0
4,31,x7fdc0c70f2b0,1345,-400.0,0.0,7,[6],0
4,31,x7fdc0c70f2b0,1346,-500.0,0.0,8,[19],0
4,31,x7fdc0c70f2b0,1347,-700.0,0.0,3,[2],0
4,31,x7fdc0c70f2b0,1348,-400.0,1.0,8,[17],0
4,31,x7fdc0c70f2b0,1349,-500.0,0.0,8,[17],0
4,31,x7fdc0c70f2b0,1350,-532.2,0.0,8,[19],0
4,31,x7fdc0c70f2b0,1351,-397.04,1.0,3,[1],0
4,31,x7fdc0c70f2b0,1352,-597.54,0.0,8,[19],0
4,31,x7fdc0c70f2b0,1353,-611.27,0.0,3,[1],0
4,31,x7fdc0c70f2b0,1354,-500.19,0.0,7,[6],0
4,31,x7fdc0c70f2b0,1355,-500.03,0.0,7,[6],0
4,31,x7fdc0c70f2b0,1356,-500.0,0.0,8,[17],0
4,31,x7fdc0c70f2b0,1357,110.09,0.0,3,[0],0
4,31,x7fdc0c70f2b0,1358,900.0,2.0,7,[6],0
4,31,x7fdc0c70f2b0,1359,299.98,1.0,7,[6],0
4,31,x7fdc0c70f2b0,1360,19.35,0.0,7,[6],0
4,31,x7fdc0c70f2b0,1361,98.79,0.0,7,[6],0
4,31,x7fdc0c70f2b0,1362,200.0,0.0,7,[6],0
4,31,x7fdc0c70f2b0,1363,400.0,1.0,2,[0],0
4,31,x7fdc0c70f2b0,1364,-400.0,0.0,7,[6],0
4,31,x7fdc0c70f2b0,1365,-545.03,0.0,7,[6],0
4,31,x7fdc0c70f2b0,1366,-499.81,0.0,7,[6],0
4,31,x7fdc0c70f2b0,1367,-200.0,1.0,7,[6],0
4,31,x7fdc0c70f2b0,1368,-300.0,0.0,7,[6],0
4,31,x7fdc0c70f2b0,1369,-300.0,0.0,7,[6],0
4,31,x7fdc0c70f2b0,1370,800.05,2.0,7,[6],0
4,31,x7fdc0c70f2b0,1371,-300.0,0.0,7,[6],0
4,31,x7fdc0c70f2b0,1372,-500.0,0.0,8,[17],0
4,31,x7fdc0c70f2b0,1373,-405.19,0.0,7,[6],0
4,31,x7fdc0c70f2b0,1374,-399.99,0.0,7,[6],0
4,31,x7fdc0c70f2b0,1375,-499.45,0.0,7,[6],0
4,31,x7fdc0c70f2b0,1376,-399.97,1.0,7,[6],0
4,31,x7fdc0c70f2b0,1377,-506.15,0.0,7,[6],0
4,31,x7fdc0c70f2b0,1378,-499.89,0.0,7,[6],0
4,31,x7fdc0c70f2b0,1379,-500.0,0.0,8,[17],0
4,31,x7fdc0c70f2b0,1380,100.0,0.0,2,[0],0
4,31,x7fdc0c70f2b0,1381,800.05,2.0,6,[6],0
4,31,x7fdc0c70f2b0,1382,-300.0,0.0,3,[0],0
4,31,x7fdc0c70f2b0,1383,-500.0,0.0,2,[0],0
4,31,x7fdc0c70f2b0,1384,-400.0,0.0,7,[6],0
4,31,x7fdc0c70f2b0,1385,-397.6,0.0,7,[6],0
4,31,x7fdc0c70f2b0,1386,-579.08,0.0,4,[17],0
4,31,x7fdc0c70f2b0,1387,-408.44,0.0,3,[1],0
4,31,x7fdc0c70f2b0,1388,-484.66,0.0,7,[6],0
4,31,x7fdc0c70f2b0,1389,-520.28,0.0,3,[1],0
4,31,x7fdc0c70f2b0,1390,-499.56,0.0,7,[6],0
4,31,x7fdc0c70f2b0,1391,788.56,2.0,3,[0],0
4,31,x7fdc0c70f2b0,1392,-500.0,0.0,7,[6],0
4,31,x7fdc0c70f2b0,1393,-400.02,0.0,3,[1],0
4,31,x7fdc0c70f2b0,1394,-508.76,1.0,3,[1],0
4,31,x7fdc0c70f2b0,1395,-413.19,0.0,3,[1],0
4,31,x7fdc0c70f2b0,1396,-392.26,0.0,7,[6],0
4,31,x7fdc0c70f2b0,1397,0.0,0.0,3,[0],0
4,31,x7fdc0c70f2b0,1398,-401.02,1.0,6,[6],0
4,31,x7fdc0c70f2b0,1399,300.0,0.0,2,[1],0
4,31,x7fdc0c70f2b0,1400,-400.01,0.0,5,[6],0
4,31,x7fdc0c70f2b0,1401,900.0,2.0,6,[6],0
4,31,x7fdc0c70f2b0,1402,100.08,0.0,7,[6],0
4,31,x7fdc0c70f2b0,1403,0.0,1.0,2,[1],0
4,31,x7fdc0c70f2b0,1404,-286.35,1.0,6,[6],0
4,31,x7fdc0c70f2b0,1405,300.0,0.0,2,[1],0
4,31,x7fdc0c70f2b0,1406,-522.39,0.0,3,[1],0
4,31,x7fdc0c70f2b0,1407,100.0,0.0,2,[9],0
4,31,x7fdc0c70f2b0,1408,-500.0,0.0,3,[2],0
4,31,x7fdc0c70f2b0,1409,100.0,0.0,2,[19],0
4,31,x7fdc0c70f2b0,1410,-395.16,1.0,5,[6],0
4,31,x7fdc0c70f2b0,1411,-200.0,1.0,5,[6],0
4,31,x7fdc0c70f2b0,1412,-344.51,0.0,3,[0],0
4,31,x7fdc0c70f2b0,1413,-399.96,1.0,4,[6],0
4,31,x7fdc0c70f2b0,1414,-299.73,1.0,3,[1],0
4,31,x7fdc0c70f2b0,1415,900.0,2.0,2,[0],0
4,31,x7fdc0c70f2b0,1416,800.28,2.0,3,[6],0
4,31,x7fdc0c70f2b0,1417,-509.56,0.0,5,[8],0
4,31,x7fdc0c70f2b0,1418,-500.0,0.0,2,[1],0
4,31,x7fdc0c70f2b0,1419,-430.37,0.0,3,[1],0
4,31,x7fdc0c70f2b0,1420,-500.0,0.0,3,[7],0
4,31,x7fdc0c70f2b0,1421,-400.01,0.0,3,[1],0
4,31,x7fdc0c70f2b0,1422,-300.0,0.0,4,[6],0
4,31,x7fdc0c70f2b0,1423,-595.01,0.0,3,[9],0
4,31,x7fdc0c70f2b0,1424,-424.49,0.0,3,[1],0
4,31,x7fdc0c70f2b0,1425,-500.16,0.0,4,[8],0
4,31,x7fdc0c70f2b0,1426,-700.0,0.0,3,[2],0
4,31,x7fdc0c70f2b0,1427,700.0,2.0,2,[6],0
4,31,x7fdc0c70f2b0,1428,100.0,0.0,4,[6],0
4,31,x7fdc0c70f2b0,1429,100.0,0.0,2,[19],0
4,31,x7fdc0c70f2b0,1430,-0.96,0.0,7,[6],0
4,31,x7fdc0c70f2b0,1431,0.06,0.0,6,[7],0
4,31,x7fdc0c70f2b0,1432,400.0,1.0,7,[6],0
4,31,x7fdc0c70f2b0,1433,100.72,0.0,7,[6],0
4,31,x7fdc0c70f2b0,1434,299.96,1.0,7,[6],0
4,31,x7fdc0c70f2b0,1435,99.15,0.0,7,[6],0
4,31,x7fdc0c70f2b0,1436,99.53,0.0,8,[6],0
4,31,x7fdc0c70f2b0,1437,200.0,0.0,7,[6],0
4,31,x7fdc0c70f2b0,1438,0.0,0.0,3,[1],0
4,31,x7fdc0c70f2b0,1439,200.0,0.0,7,[6],0
4,31,x7fdc0c70f2b0,1440,100.0,0.0,8,[6],0
4,31,x7fdc0c70f2b0,1441,-21.33,0.0,3,[1],0
4,31,x7fdc0c70f2b0,1442,200.0,0.0,6,[6],0
4,31,x7fdc0c70f2b0,1443,16.06,0.0,7,[6],0
4,31,x7fdc0c70f2b0,1444,0.09,0.0,7,[6],0
4,31,x7fdc0c70f2b0,1445,0.0,0.0,7,[6],0
4,31,x7fdc0c70f2b0,1446,200.0,0.0,2,[0],0
4,31,x7fdc0c70f2b0,1447,-300.0,0.0,8,[6],0
4,31,x7fdc0c70f2b0,1448,-400.0,0.0,7,[6],0
4,31,x7fdc0c70f2b0,1449,-399.95,0.0,7,[6],0
4,31,x7fdc0c70f2b0,1450,-400.0,0.0,6,[6],0
4,31,x7fdc0c70f2b0,1451,-300.01,1.0,7,[6],0
4,31,x7fdc0c70f2b0,1452,100.0,0.0,2,[0],0
4,31,x7fdc0c70f2b0,1453,-400.0,0.0,7,[6],0
4,31,x7fdc0c70f2b0,1454,800.0,2.0,7,[6],0
4,31,x7fdc0c70f2b0,1455,-413.3,0.0,3,[1],0
4,31,x7fdc0c70f2b0,1456,-500.0,0.0,7,[17],0
4,31,x7fdc0c70f2b0,1457,-500.0,0.0,7,[17],0
4,31,x7fdc0c70f2b0,1458,-500.0,0.0,8,[17],0
4,31,x7fdc0c70f2b0,1459,303.57,1.0,3,[0],0
4,31,x7fdc0c70f2b0,1460,200.0,1.0,3,[0],0
4,31,x7fdc0c70f2b0,1461,829.58,2.0,6,[6],0
4,31,x7fdc0c70f2b0,1462,300.0,0.0,3,[0],0
4,31,x7fdc0c70f2b0,1463,300.0,0.0,2,[0],0
4,31,x7fdc0c70f2b0,1464,100.0,0.0,2,[0],0
4,31,x7fdc0c70f2b0,1465,100.07,0.0,5,[6],0
4,31,x7fdc0c70f2b0,1466,-94.16,0.0,6,[19],0
4,31,x7fdc0c70f2b0,1467,100.0,0.0,3,[17],0
4,31,x7fdc0c70f2b0,1468,300.0,0.0,3,[0],0
4,31,x7fdc0c70f2b0,1469,100.0,0.0,4,[6],0
4,31,x7fdc0c70f2b0,1470,200.27,0.0,4,[6],0
4,31,x7fdc0c70f2b0,1471,100.0,0.0,2,[0],0
4,31,x7fdc0c70f2b0,1472,0.0,0.0,3,[0],0
4,31,x7fdc0c70f2b0,1473,300.0,0.0,4,[6],0
4,31,x7fdc0c70f2b0,1474,300.0,0.0,5,[6],0
4,31,x7fdc0c70f2b0,1475,199.5,0.0,3,[0],0
4,31,x7fdc0c70f2b0,1476,170.72,0.0,5,[6],0
4,31,x7fdc0c70f2b0,1477,300.0,0.0,2,[6],0
4,31,x7fdc0c70f2b0,1478,100.0,0.0,7,[19],0
4,31,x7fdc0c70f2b0,1479,139.07,0.0,6,[6],0
4,31,x7fdc0c70f2b0,1480,300.0,0.0,6,[6],0
4,31,x7fdc0c70f2b0,1481,-200.0,0.0,2,[2],0
4,31,x7fdc0c70f2b0,1482,100.23,0.0,7,[6],0
4,31,x7fdc0c70f2b0,1483,200.0,0.0,5,[6],0
4,31,x7fdc0c70f2b0,1484,-300.0,0.0,3,[0],0
4,31,x7fdc0c70f2b0,1485,-399.92,0.0,7,[6],0
4,31,x7fdc0c70f2b0,1486,-395.56,0.0,7,[7],0
4,31,x7fdc0c70f2b0,1487,-392.98,0.0,7,[7],0
4,31,x7fdc0c70f2b0,1488,-500.0,0.0,2,[1],0
4,31,x7fdc0c70f2b0,1489,-400.0,0.0,6,[6],0
4,31,x7fdc0c70f2b0,1490,100.0,0.0,2,[0],0
4,31,x7fdc0c70f2b0,1491,-499.4,0.0,5,[6],0
4,31,x7fdc0c70f2b0,1492,100.0,0.0,2,[0],0
4,31,x7fdc0c70f2b0,1493,300.0,0.0,3,[0],0
4,31,x7fdc0c70f2b0,1494,-511.39,0.0,4,[6],0
4,31,x7fdc0c70f2b0,1495,800.03,2.0,7,[6],0
4,31,x7fdc0c70f2b0,1496,-500.0,0.0,2,[2],0
4,31,x7fdc0c70f2b0,1497,-506.75,0.0,3,[1],0
4,31,x7fdc0c70f2b0,1498,100.0,0.0,2,[6],0
4,31,x7fdc0c70f2b0,1499,-700.0,0.0,2,[1],0
4,31,x7fdc0c70f2b0,1500,300.0,0.0,2,[6],0
4,31,x7fdc0c70f2b0,1501,-500.0,0.0,5,[19],0
4,31,x7fdc0c70f2b0,1502,799.82,2.0,3,[0],0
4,31,x7fdc0c70f2b0,1503,300.0,0.0,3,[0],0
4,31,x7fdc0c70f2b0,1504,100.0,0.0,2,[7],0
4,31,x7fdc0c70f2b0,1505,-400.0,0.0,6,[6],0
4,31,x7fdc0c70f2b0,1506,89.56,0.0,3,[0],0
4,31,x7fdc0c70f2b0,1507,700.0,2.0,8,[17],0
4,31,x7fdc0c70f2b0,1508,-300.0,0.0,3,[0],0
4,31,x7fdc0c70f2b0,1509,-419.65,0.0,6,[6],0
4,31,x7fdc0c70f2b0,1510,-442.7,0.0,3,[1],0
4,31,x7fdc0c70f2b0,1511,-612.97,0.0,3,[1],0
4,31,x7fdc0c70f2b0,1512,-300.0,0.0,7,[6],0
4,31,x7fdc0c70f2b0,1513,0.0,0.0,4,[17],0
4,31,x7fdc0c70f2b0,1514,-100.7,0.0,3,[1],0
4,31,x7fdc0c70f2b0,1515,400.0,1.0,3,[0],0
4,31,x7fdc0c70f2b0,1516,300.0,1.0,3,[0],0
4,31,x7fdc0c70f2b0,1517,100.0,0.0,2,[19],0
4,31,x7fdc0c70f2b0,1518,200.0,0.0,2,[0],0
4,31,x7fdc0c70f2b0,1519,200.0,1.0,3,[0],0
4,31,x7fdc0c70f2b0,1520,400.0,1.0,5,[6],0
4,31,x7fdc0c70f2b0,1521,300.0,0.0,2,[0],0
4,31,x7fdc0c70f2b0,1522,171.09,0.0,3,[0],0
4,31,x7fdc0c70f2b0,1523,-419.77,0.0,3,[0],0
4,31,x7fdc0c70f2b0,1524,-300.0,0.0,3,[0],0
4,31,x7fdc0c70f2b0,1525,-400.0,0.0,3,[0],0
4,31,x7fdc0c70f2b0,1526,-465.85,0.0,3,[1],0
4,31,x7fdc0c70f2b0,1527,-315.12,0.0,7,[6],0
4,31,x7fdc0c70f2b0,1528,-385.73,0.0,7,[6],0
4,31,x7fdc0c70f2b0,1529,200.0,1.0,3,[0],0
4,31,x7fdc0c70f2b0,1530,199.54,0.0,3,[0],0
4,31,x7fdc0c70f2b0,1531,200.0,0.0,3,[0],0
4,31,x7fdc0c70f2b0,1532,100.0,0.0,3,[0],0
4,31,x7fdc0c70f2b0,1533,298.27,1.0,7,[6],0
4,31,x7fdc0c70f2b0,1534,99.96,0.0,7,[6],0
4,31,x7fdc0c70f2b0,1535,199.83,0.0,3,[0],0
4,31,x7fdc0c70f2b0,1536,200.0,0.0,3,[0],0
4,31,x7fdc0c70f2b0,1537,92.22,0.0,3,[0],0
4,31,x7fdc0c70f2b0,1538,99.74,0.0,6,[6],0
4,31,x7fdc0c70f2b0,1539,300.0,1.0,3,[0],0
4,31,x7fdc0c70f2b0,1540,200.0,0.0,7,[6],0
4,31,x7fdc0c70f2b0,1541,0.0,0.0,4,[17],0
4,31,x7fdc0c70f2b0,1542,100.0,0.0,3,[1],0
4,31,x7fdc0c70f2b0,1543,400.0,1.0,3,[0],0
4,31,x7fdc0c70f2b0,1544,-300.0,0.0,3,[0],0
4,31,x7fdc0c70f2b0,1545,-200.0,1.0,3,[0],0
4,31,x7fdc0c70f2b0,1546,-492.22,0.0,3,[1],0
4,31,x7fdc0c70f2b0,1547,-200.0,1.0,7,[6],0
4,31,x7fdc0c70f2b0,1548,-614.33,0.0,3,[1],0
4,31,x7fdc0c70f2b0,1549,700.0,2.0,3,[0],0
4,31,x7fdc0c70f2b0,1550,-472.28,0.0,7,[6],0
4,31,x7fdc0c70f2b0,1551,300.0,0.0,3,[0],0
4,31,x7fdc0c70f2b0,1552,0.0,0.0,3,[0],0
4,31,x7fdc0c70f2b0,1553,799.59,2.0,7,[6],0
4,31,x7fdc0c70f2b0,1554,-43.56,0.0,4,[17],0
4,31,x7fdc0c70f2b0,1555,400.0,1.0,3,[0],0
4,31,x7fdc0c70f2b0,1556,0.0,0.0,3,[1],0
4,31,x7fdc0c70f2b0,1557,99.73,0.0,3,[1],0
4,31,x7fdc0c70f2b0,1558,95.85,0.0,3,[1],0
4,31,x7fdc0c70f2b0,1559,400.0,1.0,7,[6],0
4,31,x7fdc0c70f2b0,1560,10.33,0.0,7,[6],0
4,31,x7fdc0c70f2b0,1561,300.0,0.0,3,[0],0
4,31,x7fdc0c70f2b0,1562,-300.0,0.0,3,[0],0
4,31,x7fdc0c70f2b0,1563,-508.23,0.0,7,[6],0
4,31,x7fdc0c70f2b0,1564,-399.87,0.0,3,[1],0
4,31,x7fdc0c70f2b0,1565,-300.0,0.0,7,[6],0
4,31,x7fdc0c70f2b0,1566,-500.0,0.0,3,[2],0
4,31,x7fdc0c70f2b0,1567,-607.78,0.0,3,[2],0
4,31,x7fdc0c70f2b0,1568,-700.0,0.0,3,[2],0
4,31,x7fdc0c70f2b0,1569,900.0,2.0,3,[0],0
4,31,x7fdc0c70f2b0,1570,-500.0,0.0,3,[2],0
4,31,x7fdc0c70f2b0,1571,-604.53,0.0,3,[2],0
4,31,x7fdc0c70f2b0,1572,900.0,2.0,3,[0],0
4,31,x7fdc0c70f2b0,1573,-419.88,0.0,3,[1],0
4,31,x7fdc0c70f2b0,1574,-500.0,0.0,3,[2],0
4,31,x7fdc0c70f2b0,1575,-500.83,0.0,7,[6],0
4,31,x7fdc0c70f2b0,1576,-600.34,0.0,3,[1],0
4,31,x7fdc0c70f2b0,1577,-523.06,0.0,3,[1],0
4,31,x7fdc0c70f2b0,1578,-414.24,0.0,3,[1],0
4,31,x7fdc0c70f2b0,1579,900.0,2.0,3,[0],0
4,31,x7fdc0c70f2b0,1580,-498.68,0.0,7,[6],0
4,31,x7fdc0c70f2b0,1581,-100.05,0.0,3,[1],0
4,31,x7fdc0c70f2b0,1582,91.79,1.0,3,[1],0
4,31,x7fdc0c70f2b0,1583,89.24,0.0,3,[1],0
4,31,x7fdc0c70f2b0,1584,15.58,0.0,7,[6],0
4,31,x7fdc0c70f2b0,1585,400.0,1.0,3,[0],0
4,31,x7fdc0c70f2b0,1586,200.0,0.0,3,[0],0
4,31,x7fdc0c70f2b0,1587,100.0,0.0,7,[6],0
4,31,x7fdc0c70f2b0,1588,200.0,0.0,3,[0],0
4,31,x7fdc0c70f2b0,1589,-300.0,0.0,3,[0],0
4,31,x7fdc0c70f2b0,1590,-400.0,1.0,3,[0],0
4,31,x7fdc0c70f2b0,1591,-300.0,0.0,6,[6],0
4,31,x7fdc0c70f2b0,1592,800.0,2.0,3,[0],0
4,31,x7fdc0c70f2b0,1593,-398.23,0.0,7,[6],0
4,31,x7fdc0c70f2b0,1594,-99.41,0.0,3,[1],0
4,31,x7fdc0c70f2b0,1595,98.12,0.0,3,[1],0
4,31,x7fdc0c70f2b0,1596,400.0,1.0,3,[0],0
4,31,x7fdc0c70f2b0,1597,400.0,1.0,3,[0],0
