6,9,x7f1d7c488370,1,-100.0,0.0,2,[17]
6,9,x7f1d7c488370,2,200.0,1.0,2,[20]
6,9,x7f1d7c488370,3,200.0,1.0,2,[17]
6,9,x7f1d7c488370,4,-300.0,0.0,2,[0]
6,9,x7f1d7c488370,5,300.0,2.0,2,[0]
6,9,x7f1d7c488370,6,-100.0,0.0,2,[0]
6,9,x7f1d7c488370,7,300.0,0.0,2,[6]
6,9,x7f1d7c488370,8,200.0,1.0,2,[17]
6,9,x7f1d7c488370,9,0.0,1.0,2,[6]
6,9,x7f1d7c488370,10,160.94,1.0,3,[6]
6,9,x7f1d7c488370,11,-100.0,0.0,2,[6]
6,9,x7f1d7c488370,12,200.0,1.0,2,[20]
6,9,x7f1d7c488370,13,100.0,0.0,2,[6]
6,9,x7f1d7c488370,14,300.0,0.0,2,[20]
6,9,x7f1d7c488370,15,102.93,1.0,4,[20]
6,9,x7f1d7c488370,16,200.0,1.0,2,[20]
6,9,x7f1d7c488370,17,500.0,2.0,3,[6]
6,9,x7f1d7c488370,18,-300.0,0.0,2,[0]
6,9,x7f1d7c488370,19,-100.0,0.0,2,[0]
6,9,x7f1d7c488370,20,500.0,2.0,2,[17]
6,9,x7f1d7c488370,21,-300.0,0.0,2,[17]
6,9,x7f1d7c488370,22,-300.0,0.0,2,[0]
6,9,x7f1d7c488370,23,100.0,0.0,2,[6]
6,9,x7f1d7c488370,24,700.0,2.0,2,[6]
6,9,x7f1d7c488370,25,300.0,0.0,2,[6]
6,9,x7f1d7c488370,26,34.87,1.0,3,[20]
6,9,x7f1d7c488370,27,5.84,0.0,3,[6]
6,9,x7f1d7c488370,28,-0.82,1.0,4,[8]
6,9,x7f1d7c488370,29,-279.67,0.0,4,[0]
6,9,x7f1d7c488370,30,-300.0,0.0,2,[0]
6,9,x7f1d7c488370,31,300.0,0.0,4,[6]
6,9,x7f1d7c488370,32,99.26,0.0,4,[6]
6,9,x7f1d7c488370,33,48.11,0.0,3,[6]
6,9,x7f1d7c488370,34,200.0,1.0,3,[20]
6,9,x7f1d7c488370,35,-100.0,0.0,2,[6]
6,9,x7f1d7c488370,36,0.0,1.0,4,[9]
6,9,x7f1d7c488370,37,300.0,0.0,3,[6]
6,9,x7f1d7c488370,38,59.81,0.0,3,[6]
6,9,x7f1d7c488370,39,399.88,2.0,3,[7]
6,9,x7f1d7c488370,40,300.0,2.0,7,[2]
6,9,x7f1d7c488370,41,-5.23,0.0,8,[0]
6,9,x7f1d7c488370,42,-95.84,1.0,7,[2]
6,9,x7f1d7c488370,43,589.75,2.0,8,[17]
6,9,x7f1d7c488370,44,40.85,0.0,7,[0]
6,9,x7f1d7c488370,45,-67.16,0.0,7,[0]
6,9,x7f1d7c488370,46,99.99,1.0,8,[17]
6,9,x7f1d7c488370,47,68.82,0.0,8,[0]
6,9,x7f1d7c488370,48,473.8,2.0,8,[17]
6,9,x7f1d7c488370,49,-117.49,0.0,8,[0]
6,9,x7f1d7c488370,50,-78.57,0.0,8,[0]
6,9,x7f1d7c488370,51,-99.69,1.0,7,[2]
6,9,x7f1d7c488370,52,-59.22,0.0,8,[0]
6,9,x7f1d7c488370,53,-88.21,0.0,7,[0]
6,9,x7f1d7c488370,54,-133.22,0.0,7,[0]
6,9,x7f1d7c488370,55,-100.0,1.0,7,[2]
6,9,x7f1d7c488370,56,357.78,2.0,7,[2]
6,9,x7f1d7c488370,57,-158.87,0.0,7,[0]
6,9,x7f1d7c488370,58,-199.74,0.0,8,[0]
6,9,x7f1d7c488370,59,-115.13,0.0,8,[0]
6,9,x7f1d7c488370,60,399.65,2.0,7,[2]
6,9,x7f1d7c488370,61,-189.31,0.0,8,[0]
6,9,x7f1d7c488370,62,-231.98,0.0,8,[0]
6,9,x7f1d7c488370,63,-149.08,0.0,9,[0]
6,9,x7f1d7c488370,64,-102.0,1.0,8,[2]
6,9,x7f1d7c488370,65,-149.76,0.0,8,[0]
6,9,x7f1d7c488370,66,349.32,2.0,7,[2]
6,9,x7f1d7c488370,67,-156.14,0.0,7,[0]
6,9,x7f1d7c488370,68,-216.45,0.0,7,[0]
6,9,x7f1d7c488370,69,-264.96,0.0,7,[0]
6,9,x7f1d7c488370,70,-157.3,0.0,8,[0]
6,9,x7f1d7c488370,71,416.71,2.0,8,[2]
6,9,x7f1d7c488370,72,-130.91,0.0,7,[0]
6,9,x7f1d7c488370,73,-228.35,0.0,7,[0]
6,9,x7f1d7c488370,74,-199.69,0.0,7,[0]
6,9,x7f1d7c488370,75,-224.2,0.0,7,[0]
6,9,x7f1d7c488370,76,-263.41,0.0,8,[0]
6,9,x7f1d7c488370,77,-245.43,0.0,8,[0]
6,9,x7f1d7c488370,78,-134.62,0.0,8,[0]
6,9,x7f1d7c488370,79,-202.37,0.0,7,[0]
6,9,x7f1d7c488370,80,-250.18,0.0,8,[0]
6,9,x7f1d7c488370,81,-156.01,0.0,8,[0]
6,9,x7f1d7c488370,82,-168.86,0.0,7,[0]
6,9,x7f1d7c488370,83,-234.67,0.0,7,[0]
6,9,x7f1d7c488370,84,-200.0,1.0,2,[18]
6,9,x7f1d7c488370,85,-264.99,0.0,7,[0]
6,9,x7f1d7c488370,86,-261.34,0.0,8,[0]
6,9,x7f1d7c488370,87,-178.39,0.0,7,[0]
6,9,x7f1d7c488370,88,-278.36,0.0,7,[0]
6,9,x7f1d7c488370,89,-40.13,1.0,8,[17]
6,9,x7f1d7c488370,90,-193.36,0.0,8,[0]
6,9,x7f1d7c488370,91,-238.01,0.0,7,[0]
6,9,x7f1d7c488370,92,-188.51,0.0,7,[0]
6,9,x7f1d7c488370,93,-273.49,0.0,7,[0]
6,9,x7f1d7c488370,94,-214.85,0.0,9,[0]
6,9,x7f1d7c488370,95,-252.31,0.0,8,[0]
6,9,x7f1d7c488370,96,-184.39,0.0,8,[0]
6,9,x7f1d7c488370,97,-246.49,0.0,8,[0]
6,9,x7f1d7c488370,98,-113.72,1.0,7,[2]
6,9,x7f1d7c488370,99,100.0,0.0,2,[20]
6,9,x7f1d7c488370,100,-244.61,0.0,7,[0]
6,9,x7f1d7c488370,101,-256.44,0.0,7,[0]
6,9,x7f1d7c488370,102,-227.06,0.0,7,[0]
6,9,x7f1d7c488370,103,-214.84,0.0,8,[0]
6,9,x7f1d7c488370,104,-261.27,0.0,7,[0]
6,9,x7f1d7c488370,105,-253.18,0.0,7,[0]
6,9,x7f1d7c488370,106,-266.32,0.0,7,[0]
6,9,x7f1d7c488370,107,-300.0,0.0,2,[17]
6,9,x7f1d7c488370,108,-278.96,0.0,7,[1]
6,9,x7f1d7c488370,109,-171.84,1.0,7,[2]
6,9,x7f1d7c488370,110,-260.68,0.0,8,[0]
6,9,x7f1d7c488370,111,-276.22,0.0,7,[0]
6,9,x7f1d7c488370,112,-244.07,0.0,8,[0]
6,9,x7f1d7c488370,113,-276.25,0.0,7,[0]
6,9,x7f1d7c488370,114,-270.65,0.0,7,[0]
6,9,x7f1d7c488370,115,-209.52,0.0,8,[0]
6,9,x7f1d7c488370,116,378.28,2.0,7,[2]
6,9,x7f1d7c488370,117,-251.19,0.0,7,[0]
6,9,x7f1d7c488370,118,-274.03,0.0,7,[0]
6,9,x7f1d7c488370,119,-212.96,0.0,7,[0]
6,9,x7f1d7c488370,120,-241.23,0.0,7,[0]
6,9,x7f1d7c488370,121,-216.48,0.0,7,[0]
6,9,x7f1d7c488370,122,-270.26,0.0,7,[0]
6,9,x7f1d7c488370,123,-197.76,0.0,7,[0]
6,9,x7f1d7c488370,124,322.44,2.0,7,[2]
6,9,x7f1d7c488370,125,-200.0,1.0,7,[2]
6,9,x7f1d7c488370,126,-249.13,0.0,7,[0]
6,9,x7f1d7c488370,127,-267.94,0.0,7,[0]
6,9,x7f1d7c488370,128,-272.52,0.0,7,[0]
6,9,x7f1d7c488370,129,-278.31,0.0,7,[0]
6,9,x7f1d7c488370,130,-209.6,0.0,7,[0]
6,9,x7f1d7c488370,131,-257.1,0.0,8,[0]
6,9,x7f1d7c488370,132,-253.21,0.0,8,[0]
6,9,x7f1d7c488370,133,-130.06,1.0,7,[2]
6,9,x7f1d7c488370,134,300.0,2.0,7,[2]
6,9,x7f1d7c488370,135,-194.66,1.0,7,[1]
6,9,x7f1d7c488370,136,-236.18,0.0,7,[0]
6,9,x7f1d7c488370,137,-238.41,0.0,6,[1]
6,9,x7f1d7c488370,138,-294.33,0.0,6,[0]
6,9,x7f1d7c488370,139,300.0,2.0,7,[2]
6,9,x7f1d7c488370,140,-210.05,0.0,7,[0]
6,9,x7f1d7c488370,141,-265.33,0.0,7,[0]
6,9,x7f1d7c488370,142,-104.52,1.0,8,[17]
6,9,x7f1d7c488370,143,-155.76,1.0,8,[17]
6,9,x7f1d7c488370,144,-256.88,0.0,7,[0]
6,9,x7f1d7c488370,145,-213.21,0.0,8,[0]
6,9,x7f1d7c488370,146,-280.38,0.0,7,[0]
6,9,x7f1d7c488370,147,-250.36,0.0,7,[0]
6,9,x7f1d7c488370,148,-194.98,0.0,8,[0]
6,9,x7f1d7c488370,149,-261.1,0.0,7,[0]
6,9,x7f1d7c488370,150,-248.66,0.0,7,[0]
6,9,x7f1d7c488370,151,-279.77,0.0,7,[0]
6,9,x7f1d7c488370,152,-289.08,0.0,7,[0]
6,9,x7f1d7c488370,153,-287.17,0.0,8,[0]
6,9,x7f1d7c488370,154,-263.75,0.0,8,[0]
6,9,x7f1d7c488370,155,-247.08,0.0,8,[0]
6,9,x7f1d7c488370,156,-199.49,1.0,8,[2]
6,9,x7f1d7c488370,157,-269.74,0.0,7,[1]
6,9,x7f1d7c488370,158,-280.32,0.0,7,[0]
6,9,x7f1d7c488370,159,100.0,0.0,2,[17]
6,9,x7f1d7c488370,160,-192.76,1.0,7,[1]
6,9,x7f1d7c488370,161,-202.92,0.0,7,[0]
6,9,x7f1d7c488370,162,-265.26,0.0,7,[0]
6,9,x7f1d7c488370,163,-252.16,0.0,7,[0]
6,9,x7f1d7c488370,164,-212.34,0.0,7,[0]
6,9,x7f1d7c488370,165,-268.39,0.0,6,[1]
6,9,x7f1d7c488370,166,360.12,2.0,8,[1]
6,9,x7f1d7c488370,167,421.68,2.0,7,[17]
6,9,x7f1d7c488370,168,312.27,2.0,8,[2]
6,9,x7f1d7c488370,169,-191.76,1.0,7,[2]
6,9,x7f1d7c488370,170,-181.41,1.0,8,[2]
6,9,x7f1d7c488370,171,-273.22,0.0,7,[0]
6,9,x7f1d7c488370,172,378.31,2.0,7,[17]
6,9,x7f1d7c488370,173,-264.29,0.0,8,[0]
6,9,x7f1d7c488370,174,430.66,2.0,8,[18]
6,9,x7f1d7c488370,175,-256.59,0.0,8,[0]
6,9,x7f1d7c488370,176,-281.21,0.0,7,[0]
6,9,x7f1d7c488370,177,-275.69,0.0,8,[0]
6,9,x7f1d7c488370,178,-278.68,0.0,7,[0]
6,9,x7f1d7c488370,179,304.12,2.0,8,[2]
6,9,x7f1d7c488370,180,-277.84,0.0,7,[0]
6,9,x7f1d7c488370,181,-278.86,0.0,7,[0]
6,9,x7f1d7c488370,182,-200.0,1.0,7,[2]
6,9,x7f1d7c488370,183,-266.96,0.0,7,[1]
6,9,x7f1d7c488370,184,-277.42,0.0,8,[0]
6,9,x7f1d7c488370,185,-273.63,0.0,6,[1]
6,9,x7f1d7c488370,186,-266.42,0.0,8,[0]
6,9,x7f1d7c488370,187,-286.14,0.0,7,[0]
6,9,x7f1d7c488370,188,-230.06,0.0,9,[0]
6,9,x7f1d7c488370,189,-287.88,0.0,7,[0]
6,9,x7f1d7c488370,190,-271.64,0.0,7,[0]
6,9,x7f1d7c488370,191,-200.0,1.0,7,[2]
6,9,x7f1d7c488370,192,-244.13,0.0,8,[0]
6,9,x7f1d7c488370,193,-285.46,0.0,8,[0]
6,9,x7f1d7c488370,194,-258.61,0.0,7,[0]
6,9,x7f1d7c488370,195,-273.61,0.0,7,[1]
6,9,x7f1d7c488370,196,-275.57,0.0,8,[0]
6,9,x7f1d7c488370,197,-274.44,0.0,6,[1]
6,9,x7f1d7c488370,198,-175.95,1.0,8,[2]
6,9,x7f1d7c488370,199,-282.42,0.0,8,[0]
6,9,x7f1d7c488370,200,-235.8,0.0,7,[0]
6,9,x7f1d7c488370,201,-282.65,0.0,7,[0]
6,9,x7f1d7c488370,202,346.56,2.0,7,[2]
6,9,x7f1d7c488370,203,-265.79,0.0,7,[0]
6,9,x7f1d7c488370,204,-285.94,0.0,8,[0]
6,9,x7f1d7c488370,205,-255.88,0.0,7,[0]
6,9,x7f1d7c488370,206,-263.84,0.0,7,[0]
6,9,x7f1d7c488370,207,-193.97,1.0,8,[2]
6,9,x7f1d7c488370,208,347.89,2.0,8,[2]
6,9,x7f1d7c488370,209,-277.83,0.0,7,[0]
6,9,x7f1d7c488370,210,-277.52,0.0,7,[0]
6,9,x7f1d7c488370,211,-246.25,0.0,7,[0]
6,9,x7f1d7c488370,212,-269.42,0.0,8,[0]
6,9,x7f1d7c488370,213,-288.88,0.0,7,[0]
6,9,x7f1d7c488370,214,-159.12,1.0,8,[17]
6,9,x7f1d7c488370,215,-280.43,0.0,7,[0]
6,9,x7f1d7c488370,216,-200.0,1.0,7,[2]
6,9,x7f1d7c488370,217,-255.95,0.0,7,[0]
6,9,x7f1d7c488370,218,-272.55,0.0,7,[0]
6,9,x7f1d7c488370,219,-191.9,1.0,7,[2]
6,9,x7f1d7c488370,220,-272.99,0.0,8,[0]
6,9,x7f1d7c488370,221,300.0,0.0,2,[17]
6,9,x7f1d7c488370,222,-276.81,0.0,7,[0]
6,9,x7f1d7c488370,223,-186.86,1.0,8,[2]
6,9,x7f1d7c488370,224,-156.95,1.0,7,[2]
6,9,x7f1d7c488370,225,-253.23,0.0,7,[0]
6,9,x7f1d7c488370,226,-184.58,1.0,7,[2]
6,9,x7f1d7c488370,227,-244.13,0.0,7,[0]
6,9,x7f1d7c488370,228,-289.38,0.0,7,[0]
6,9,x7f1d7c488370,229,-153.85,1.0,7,[2]
6,9,x7f1d7c488370,230,-120.25,1.0,8,[17]
6,9,x7f1d7c488370,231,-280.58,0.0,8,[0]
6,9,x7f1d7c488370,232,-227.77,0.0,7,[0]
6,9,x7f1d7c488370,233,-277.0,0.0,7,[0]
6,9,x7f1d7c488370,234,-290.57,0.0,7,[0]
6,9,x7f1d7c488370,235,-255.58,0.0,7,[0]
6,9,x7f1d7c488370,236,306.55,2.0,8,[2]
6,9,x7f1d7c488370,237,-263.03,0.0,7,[0]
6,9,x7f1d7c488370,238,-250.38,0.0,7,[0]
6,9,x7f1d7c488370,239,-254.54,0.0,7,[0]
6,9,x7f1d7c488370,240,-276.97,0.0,7,[0]
6,9,x7f1d7c488370,241,-200.0,1.0,7,[2]
6,9,x7f1d7c488370,242,-247.83,0.0,7,[0]
6,9,x7f1d7c488370,243,-288.07,0.0,7,[0]
6,9,x7f1d7c488370,244,-200.0,1.0,7,[2]
6,9,x7f1d7c488370,245,300.0,2.0,7,[2]
6,9,x7f1d7c488370,246,-184.47,1.0,7,[1]
6,9,x7f1d7c488370,247,-239.98,0.0,6,[0]
6,9,x7f1d7c488370,248,-196.46,1.0,8,[2]
6,9,x7f1d7c488370,249,300.0,0.0,2,[20]
6,9,x7f1d7c488370,250,-277.56,0.0,7,[0]
6,9,x7f1d7c488370,251,-272.67,0.0,7,[0]
6,9,x7f1d7c488370,252,-239.45,0.0,7,[0]
6,9,x7f1d7c488370,253,-270.91,0.0,7,[0]
6,9,x7f1d7c488370,254,411.18,2.0,9,[20]
6,9,x7f1d7c488370,255,-290.75,0.0,6,[1]
6,9,x7f1d7c488370,256,-121.22,1.0,8,[17]
6,9,x7f1d7c488370,257,-294.5,0.0,7,[0]
6,9,x7f1d7c488370,258,-291.95,0.0,7,[0]
6,9,x7f1d7c488370,259,-169.23,1.0,7,[20]
6,9,x7f1d7c488370,260,-276.7,0.0,7,[0]
6,9,x7f1d7c488370,261,-252.31,0.0,8,[0]
6,9,x7f1d7c488370,262,-261.07,0.0,8,[0]
6,9,x7f1d7c488370,263,-277.72,0.0,7,[0]
6,9,x7f1d7c488370,264,341.25,2.0,8,[1]
6,9,x7f1d7c488370,265,-268.71,0.0,7,[0]
6,9,x7f1d7c488370,266,-247.73,0.0,7,[0]
6,9,x7f1d7c488370,267,-291.21,0.0,7,[0]
6,9,x7f1d7c488370,268,-250.2,0.0,7,[0]
6,9,x7f1d7c488370,269,-294.04,0.0,7,[0]
6,9,x7f1d7c488370,270,-288.05,0.0,7,[0]
6,9,x7f1d7c488370,271,-285.99,0.0,8,[0]
6,9,x7f1d7c488370,272,-285.93,0.0,7,[0]
6,9,x7f1d7c488370,273,-278.88,0.0,7,[0]
6,9,x7f1d7c488370,274,-156.97,1.0,7,[2]
6,9,x7f1d7c488370,275,-286.77,0.0,7,[0]
6,9,x7f1d7c488370,276,319.12,2.0,7,[2]
6,9,x7f1d7c488370,277,-288.14,0.0,8,[0]
6,9,x7f1d7c488370,278,-283.79,0.0,8,[0]
6,9,x7f1d7c488370,279,-270.51,0.0,7,[0]
6,9,x7f1d7c488370,280,-271.52,0.0,7,[0]
6,9,x7f1d7c488370,281,-288.29,0.0,7,[1]
6,9,x7f1d7c488370,282,-158.75,1.0,10,[1]
6,9,x7f1d7c488370,283,-100.0,0.0,3,[17]
6,9,x7f1d7c488370,284,300.0,0.0,2,[20]
6,9,x7f1d7c488370,285,-267.16,0.0,8,[0]
6,9,x7f1d7c488370,286,-264.37,0.0,8,[0]
6,9,x7f1d7c488370,287,-272.14,0.0,7,[0]
6,9,x7f1d7c488370,288,-127.82,1.0,8,[17]
6,9,x7f1d7c488370,289,-274.64,0.0,7,[0]
6,9,x7f1d7c488370,290,-285.68,0.0,8,[0]
6,9,x7f1d7c488370,291,-248.13,0.0,7,[0]
6,9,x7f1d7c488370,292,334.84,2.0,8,[17]
6,9,x7f1d7c488370,293,-269.03,0.0,7,[0]
6,9,x7f1d7c488370,294,-199.13,1.0,7,[2]
6,9,x7f1d7c488370,295,-277.34,0.0,7,[0]
6,9,x7f1d7c488370,296,-281.52,0.0,8,[0]
6,9,x7f1d7c488370,297,-116.89,1.0,8,[18]
6,9,x7f1d7c488370,298,-270.79,0.0,6,[1]
6,9,x7f1d7c488370,299,-271.18,0.0,7,[0]
6,9,x7f1d7c488370,300,-294.68,0.0,7,[1]
6,9,x7f1d7c488370,301,-268.56,0.0,7,[0]
6,9,x7f1d7c488370,302,-300.0,0.0,2,[17]
6,9,x7f1d7c488370,303,-285.8,0.0,8,[0]
6,9,x7f1d7c488370,304,-274.84,0.0,8,[0]
6,9,x7f1d7c488370,305,-100.0,0.0,2,[17]
6,9,x7f1d7c488370,306,-292.9,0.0,7,[0]
6,9,x7f1d7c488370,307,-287.65,0.0,7,[0]
6,9,x7f1d7c488370,308,-255.23,0.0,7,[1]
6,9,x7f1d7c488370,309,311.37,2.0,7,[1]
6,9,x7f1d7c488370,310,-250.82,0.0,7,[0]
6,9,x7f1d7c488370,311,-200.0,1.0,7,[2]
6,9,x7f1d7c488370,312,-288.32,0.0,7,[0]
6,9,x7f1d7c488370,313,-293.65,0.0,6,[0]
6,9,x7f1d7c488370,314,-291.53,0.0,7,[0]
6,9,x7f1d7c488370,315,-290.02,0.0,7,[1]
6,9,x7f1d7c488370,316,-292.9,0.0,7,[0]
6,9,x7f1d7c488370,317,322.08,2.0,8,[2]
6,9,x7f1d7c488370,318,-200.0,1.0,2,[17]
6,9,x7f1d7c488370,319,-134.0,1.0,8,[20]
6,9,x7f1d7c488370,320,-282.64,0.0,7,[0]
6,9,x7f1d7c488370,321,-281.77,0.0,7,[0]
6,9,x7f1d7c488370,322,-288.26,0.0,7,[0]
6,9,x7f1d7c488370,323,-294.06,0.0,7,[1]
6,9,x7f1d7c488370,324,-292.75,0.0,7,[0]
6,9,x7f1d7c488370,325,-294.65,0.0,6,[1]
6,9,x7f1d7c488370,326,-294.64,0.0,7,[0]
6,9,x7f1d7c488370,327,-289.77,0.0,7,[0]
6,9,x7f1d7c488370,328,-266.09,0.0,7,[0]
6,9,x7f1d7c488370,329,-271.05,0.0,7,[0]
6,9,x7f1d7c488370,330,-264.93,0.0,6,[1]
6,9,x7f1d7c488370,331,-282.42,0.0,7,[1]
6,9,x7f1d7c488370,332,100.0,0.0,2,[17]
6,9,x7f1d7c488370,333,-283.6,0.0,7,[0]
6,9,x7f1d7c488370,334,-291.76,0.0,7,[0]
6,9,x7f1d7c488370,335,-280.27,0.0,6,[1]
6,9,x7f1d7c488370,336,302.17,2.0,7,[1]
6,9,x7f1d7c488370,337,-275.3,0.0,7,[0]
6,9,x7f1d7c488370,338,-294.84,0.0,8,[0]
6,9,x7f1d7c488370,339,-283.04,0.0,7,[0]
6,9,x7f1d7c488370,340,-200.0,1.0,7,[2]
6,9,x7f1d7c488370,341,-289.08,0.0,7,[0]
6,9,x7f1d7c488370,342,-254.12,0.0,8,[0]
6,9,x7f1d7c488370,343,-186.39,1.0,9,[2]
6,9,x7f1d7c488370,344,-288.67,0.0,7,[0]
6,9,x7f1d7c488370,345,-294.6,0.0,7,[0]
6,9,x7f1d7c488370,346,-294.46,0.0,7,[0]
6,9,x7f1d7c488370,347,-253.85,0.0,7,[0]
6,9,x7f1d7c488370,348,-268.36,0.0,7,[0]
6,9,x7f1d7c488370,349,-286.65,0.0,7,[0]
6,9,x7f1d7c488370,350,-192.62,1.0,8,[2]
6,9,x7f1d7c488370,351,-265.86,0.0,8,[0]
6,9,x7f1d7c488370,352,-263.38,0.0,7,[0]
6,9,x7f1d7c488370,353,-254.16,0.0,8,[0]
6,9,x7f1d7c488370,354,-286.25,0.0,7,[0]
6,9,x7f1d7c488370,355,-170.97,1.0,7,[2]
6,9,x7f1d7c488370,356,-270.1,0.0,7,[0]
6,9,x7f1d7c488370,357,-287.28,0.0,6,[0]
6,9,x7f1d7c488370,358,-287.82,0.0,7,[0]
6,9,x7f1d7c488370,359,-280.35,0.0,7,[0]
6,9,x7f1d7c488370,360,-293.67,0.0,7,[1]
6,9,x7f1d7c488370,361,-262.62,0.0,7,[0]
6,9,x7f1d7c488370,362,-150.46,1.0,8,[20]
6,9,x7f1d7c488370,363,-292.06,0.0,7,[1]
6,9,x7f1d7c488370,364,-268.34,0.0,7,[0]
6,9,x7f1d7c488370,365,-200.0,1.0,7,[2]
6,9,x7f1d7c488370,366,-200.0,1.0,7,[2]
6,9,x7f1d7c488370,367,-274.97,0.0,7,[0]
6,9,x7f1d7c488370,368,-258.05,0.0,7,[0]
6,9,x7f1d7c488370,369,-200.0,1.0,8,[2]
6,9,x7f1d7c488370,370,300.0,2.0,7,[2]
6,9,x7f1d7c488370,371,-253.35,0.0,7,[0]
6,9,x7f1d7c488370,372,-278.73,0.0,7,[0]
6,9,x7f1d7c488370,373,-288.73,0.0,7,[0]
6,9,x7f1d7c488370,374,-285.82,0.0,7,[0]
6,9,x7f1d7c488370,375,-292.74,0.0,7,[0]
6,9,x7f1d7c488370,376,-200.0,1.0,7,[2]
6,9,x7f1d7c488370,377,-184.84,1.0,7,[2]
6,9,x7f1d7c488370,378,-250.52,0.0,8,[0]
6,9,x7f1d7c488370,379,-200.0,1.0,7,[2]
6,9,x7f1d7c488370,380,-284.28,0.0,7,[0]
6,9,x7f1d7c488370,381,-293.0,0.0,8,[0]
6,9,x7f1d7c488370,382,-260.36,0.0,7,[0]
6,9,x7f1d7c488370,383,-294.12,0.0,8,[0]
6,9,x7f1d7c488370,384,-296.42,0.0,7,[0]
6,9,x7f1d7c488370,385,-257.83,0.0,7,[0]
6,9,x7f1d7c488370,386,-253.84,0.0,8,[0]
6,9,x7f1d7c488370,387,-200.0,1.0,7,[2]
6,9,x7f1d7c488370,388,-276.34,0.0,7,[0]
6,9,x7f1d7c488370,389,-269.52,0.0,7,[0]
6,9,x7f1d7c488370,390,-289.73,0.0,6,[0]
6,9,x7f1d7c488370,391,-269.89,0.0,7,[0]
6,9,x7f1d7c488370,392,-291.9,0.0,8,[1]
6,9,x7f1d7c488370,393,-200.0,1.0,7,[2]
6,9,x7f1d7c488370,394,-200.0,1.0,7,[2]
6,9,x7f1d7c488370,395,300.0,2.0,7,[2]
6,9,x7f1d7c488370,396,-262.6,0.0,7,[0]
6,9,x7f1d7c488370,397,-264.66,0.0,7,[0]
6,9,x7f1d7c488370,398,-292.82,0.0,7,[0]
6,9,x7f1d7c488370,399,303.02,2.0,7,[2]
6,9,x7f1d7c488370,400,-253.67,0.0,7,[0]
6,9,x7f1d7c488370,401,-192.76,1.0,7,[1]
6,9,x7f1d7c488370,402,-288.65,0.0,7,[0]
6,9,x7f1d7c488370,403,348.24,2.0,8,[20]
6,9,x7f1d7c488370,404,-262.89,0.0,7,[0]
6,9,x7f1d7c488370,405,-145.64,1.0,8,[18]
6,9,x7f1d7c488370,406,-279.61,0.0,7,[0]
6,9,x7f1d7c488370,407,-294.25,0.0,6,[1]
6,9,x7f1d7c488370,408,-288.95,0.0,7,[0]
6,9,x7f1d7c488370,409,-291.34,0.0,8,[0]
6,9,x7f1d7c488370,410,-293.08,0.0,7,[0]
6,9,x7f1d7c488370,411,-295.94,0.0,6,[1]
6,9,x7f1d7c488370,412,-283.72,0.0,7,[0]
6,9,x7f1d7c488370,413,-293.76,0.0,7,[0]
6,9,x7f1d7c488370,414,-293.69,0.0,7,[0]
6,9,x7f1d7c488370,415,-281.54,0.0,7,[0]
6,9,x7f1d7c488370,416,336.23,2.0,8,[20]
6,9,x7f1d7c488370,417,-292.98,0.0,8,[0]
6,9,x7f1d7c488370,418,-273.04,0.0,7,[0]
6,9,x7f1d7c488370,419,-293.82,0.0,7,[0]
6,9,x7f1d7c488370,420,-281.29,0.0,7,[0]
6,9,x7f1d7c488370,421,-279.3,0.0,7,[0]
6,9,x7f1d7c488370,422,-289.0,0.0,8,[0]
6,9,x7f1d7c488370,423,-292.79,0.0,7,[0]
6,9,x7f1d7c488370,424,-294.14,0.0,7,[0]
6,9,x7f1d7c488370,425,300.0,2.0,7,[2]
6,9,x7f1d7c488370,426,-259.29,0.0,7,[0]
6,9,x7f1d7c488370,427,328.0,2.0,8,[2]
6,9,x7f1d7c488370,428,-300.0,0.0,2,[17]
6,9,x7f1d7c488370,429,-300.0,0.0,2,[17]
6,9,x7f1d7c488370,430,-286.38,0.0,7,[0]
6,9,x7f1d7c488370,431,-288.13,0.0,7,[0]
6,9,x7f1d7c488370,432,-296.42,0.0,7,[0]
6,9,x7f1d7c488370,433,-288.64,0.0,7,[0]
6,9,x7f1d7c488370,434,-291.65,0.0,7,[0]
6,9,x7f1d7c488370,435,-274.31,0.0,7,[0]
6,9,x7f1d7c488370,436,-292.25,0.0,7,[0]
6,9,x7f1d7c488370,437,-277.79,0.0,7,[0]
6,9,x7f1d7c488370,438,-263.32,0.0,7,[0]
6,9,x7f1d7c488370,439,-200.0,1.0,7,[2]
6,9,x7f1d7c488370,440,-291.04,0.0,7,[0]
6,9,x7f1d7c488370,441,-180.02,1.0,8,[20]
6,9,x7f1d7c488370,442,-296.54,0.0,7,[0]
6,9,x7f1d7c488370,443,-289.81,0.0,7,[0]
6,9,x7f1d7c488370,444,-278.64,0.0,8,[0]
6,9,x7f1d7c488370,445,-294.24,0.0,7,[0]
6,9,x7f1d7c488370,446,303.73,2.0,7,[2]
6,9,x7f1d7c488370,447,-293.32,0.0,7,[0]
6,9,x7f1d7c488370,448,-283.99,0.0,7,[0]
6,9,x7f1d7c488370,449,-286.38,0.0,7,[0]
6,9,x7f1d7c488370,450,-193.03,1.0,8,[2]
6,9,x7f1d7c488370,451,-265.56,0.0,7,[0]
6,9,x7f1d7c488370,452,-283.96,0.0,7,[0]
6,9,x7f1d7c488370,453,300.0,2.0,7,[2]
6,9,x7f1d7c488370,454,-200.0,1.0,7,[2]
6,9,x7f1d7c488370,455,-272.64,0.0,7,[0]
6,9,x7f1d7c488370,456,-292.9,0.0,7,[0]
6,9,x7f1d7c488370,457,-281.25,0.0,7,[0]
6,9,x7f1d7c488370,458,-267.42,0.0,7,[0]
6,9,x7f1d7c488370,459,324.6,2.0,8,[20]
6,9,x7f1d7c488370,460,-270.38,0.0,7,[0]
6,9,x7f1d7c488370,461,306.03,2.0,7,[2]
6,9,x7f1d7c488370,462,-295.06,0.0,7,[0]
6,9,x7f1d7c488370,463,300.0,2.0,7,[2]
6,9,x7f1d7c488370,464,-258.51,0.0,8,[0]
6,9,x7f1d7c488370,465,-289.55,0.0,8,[0]
6,9,x7f1d7c488370,466,-281.89,0.0,8,[0]
6,9,x7f1d7c488370,467,-292.76,0.0,7,[0]
6,9,x7f1d7c488370,468,-290.19,0.0,7,[0]
6,9,x7f1d7c488370,469,300.0,2.0,8,[2]
6,9,x7f1d7c488370,470,-278.6,0.0,7,[0]
6,9,x7f1d7c488370,471,-196.28,1.0,7,[2]
6,9,x7f1d7c488370,472,-260.27,0.0,7,[0]
6,9,x7f1d7c488370,473,-292.29,0.0,7,[0]
6,9,x7f1d7c488370,474,-294.65,0.0,7,[0]
6,9,x7f1d7c488370,475,-274.29,0.0,7,[0]
6,9,x7f1d7c488370,476,-200.0,1.0,7,[2]
6,9,x7f1d7c488370,477,-289.37,0.0,7,[0]
6,9,x7f1d7c488370,478,300.0,2.0,7,[2]
6,9,x7f1d7c488370,479,-290.86,0.0,7,[0]
6,9,x7f1d7c488370,480,300.0,2.0,7,[2]
6,9,x7f1d7c488370,481,-268.81,0.0,6,[1]
6,9,x7f1d7c488370,482,-194.87,1.0,7,[2]
6,9,x7f1d7c488370,483,-289.67,0.0,7,[0]
6,9,x7f1d7c488370,484,300.0,2.0,7,[2]
6,9,x7f1d7c488370,485,-290.17,0.0,7,[0]
6,9,x7f1d7c488370,486,-275.79,0.0,7,[0]
6,9,x7f1d7c488370,487,-281.22,0.0,7,[0]
6,9,x7f1d7c488370,488,-293.09,0.0,7,[0]
6,9,x7f1d7c488370,489,-291.05,0.0,7,[0]
6,9,x7f1d7c488370,490,-292.76,0.0,8,[0]
6,9,x7f1d7c488370,491,-289.11,0.0,7,[0]
6,9,x7f1d7c488370,492,-284.85,0.0,7,[0]
6,9,x7f1d7c488370,493,-289.57,0.0,7,[0]
6,9,x7f1d7c488370,494,-199.03,1.0,7,[2]
6,9,x7f1d7c488370,495,-293.39,0.0,8,[0]
6,9,x7f1d7c488370,496,-186.32,1.0,7,[2]
6,9,x7f1d7c488370,497,-281.16,0.0,7,[0]
6,9,x7f1d7c488370,498,-282.76,0.0,7,[0]
6,9,x7f1d7c488370,499,-287.09,0.0,7,[0]
6,9,x7f1d7c488370,500,-200.0,1.0,7,[2]
6,9,x7f1d7c488370,501,-275.76,0.0,7,[0]
6,9,x7f1d7c488370,502,-176.48,1.0,7,[2]
6,9,x7f1d7c488370,503,-262.73,0.0,7,[0]
6,9,x7f1d7c488370,504,-288.11,0.0,8,[0]
6,9,x7f1d7c488370,505,-275.99,0.0,7,[0]
6,9,x7f1d7c488370,506,-281.76,0.0,8,[0]
6,9,x7f1d7c488370,507,-287.8,0.0,7,[0]
6,9,x7f1d7c488370,508,-293.56,0.0,7,[0]
6,9,x7f1d7c488370,509,-278.49,0.0,7,[0]
6,9,x7f1d7c488370,510,-288.3,0.0,7,[0]
6,9,x7f1d7c488370,511,-274.19,0.0,7,[0]
6,9,x7f1d7c488370,512,304.65,2.0,7,[2]
6,9,x7f1d7c488370,513,-292.9,0.0,7,[0]
6,9,x7f1d7c488370,514,-287.04,0.0,7,[0]
6,9,x7f1d7c488370,515,-293.07,0.0,7,[0]
6,9,x7f1d7c488370,516,-293.3,0.0,7,[0]
6,9,x7f1d7c488370,517,300.0,2.0,7,[2]
6,9,x7f1d7c488370,518,-286.46,0.0,7,[0]
6,9,x7f1d7c488370,519,-268.52,0.0,7,[0]
6,9,x7f1d7c488370,520,-294.61,0.0,6,[1]
6,9,x7f1d7c488370,521,-297.31,0.0,8,[0]
6,9,x7f1d7c488370,522,-266.83,0.0,8,[0]
6,9,x7f1d7c488370,523,-200.0,1.0,7,[2]
6,9,x7f1d7c488370,524,-290.94,0.0,7,[0]
6,9,x7f1d7c488370,525,-290.69,0.0,8,[0]
6,9,x7f1d7c488370,526,-272.82,0.0,7,[1]
6,9,x7f1d7c488370,527,-200.0,1.0,2,[18]
6,9,x7f1d7c488370,528,-290.85,0.0,7,[0]
6,9,x7f1d7c488370,529,-294.17,0.0,8,[0]
6,9,x7f1d7c488370,530,-193.96,1.0,8,[2]
6,9,x7f1d7c488370,531,-285.22,0.0,7,[0]
6,9,x7f1d7c488370,532,-287.86,0.0,7,[0]
6,9,x7f1d7c488370,533,-297.1,0.0,7,[0]
6,9,x7f1d7c488370,534,-271.73,0.0,8,[0]
6,9,x7f1d7c488370,535,-160.73,1.0,8,[20]
6,9,x7f1d7c488370,536,-294.14,0.0,7,[0]
6,9,x7f1d7c488370,537,-294.35,0.0,7,[0]
6,9,x7f1d7c488370,538,-274.15,0.0,7,[0]
6,9,x7f1d7c488370,539,-289.47,0.0,7,[0]
6,9,x7f1d7c488370,540,301.34,2.0,8,[1]
6,9,x7f1d7c488370,541,-273.48,0.0,7,[0]
6,9,x7f1d7c488370,542,-286.24,0.0,7,[0]
6,9,x7f1d7c488370,543,-289.53,0.0,7,[0]
6,9,x7f1d7c488370,544,300.0,0.0,2,[17]
6,9,x7f1d7c488370,545,-179.76,1.0,8,[2]
6,9,x7f1d7c488370,546,-292.8,0.0,7,[1]
6,9,x7f1d7c488370,547,-295.27,0.0,7,[0]
6,9,x7f1d7c488370,548,-287.07,0.0,8,[0]
6,9,x7f1d7c488370,549,-272.6,0.0,7,[0]
6,9,x7f1d7c488370,550,-293.44,0.0,7,[0]
6,9,x7f1d7c488370,551,-294.83,0.0,6,[0]
6,9,x7f1d7c488370,552,-296.84,0.0,7,[0]
6,9,x7f1d7c488370,553,-276.12,0.0,7,[0]
6,9,x7f1d7c488370,554,-296.97,0.0,6,[1]
6,9,x7f1d7c488370,555,-289.56,0.0,8,[0]
6,9,x7f1d7c488370,556,-294.79,0.0,7,[0]
6,9,x7f1d7c488370,557,-289.48,0.0,7,[0]
6,9,x7f1d7c488370,558,-287.88,0.0,7,[0]
6,9,x7f1d7c488370,559,-177.94,1.0,7,[2]
6,9,x7f1d7c488370,560,-291.05,0.0,7,[0]
6,9,x7f1d7c488370,561,-295.45,0.0,7,[0]
6,9,x7f1d7c488370,562,-293.51,0.0,7,[0]
6,9,x7f1d7c488370,563,306.04,2.0,7,[2]
6,9,x7f1d7c488370,564,-284.64,0.0,7,[0]
6,9,x7f1d7c488370,565,-291.5,0.0,7,[0]
6,9,x7f1d7c488370,566,-291.87,0.0,7,[0]
6,9,x7f1d7c488370,567,-286.63,0.0,7,[0]
6,9,x7f1d7c488370,568,-287.92,0.0,7,[0]
6,9,x7f1d7c488370,569,-174.84,1.0,8,[21]
6,9,x7f1d7c488370,570,-295.17,0.0,7,[0]
6,9,x7f1d7c488370,571,-271.51,0.0,7,[0]
6,9,x7f1d7c488370,572,-283.32,0.0,7,[0]
6,9,x7f1d7c488370,573,-290.05,0.0,8,[0]
6,9,x7f1d7c488370,574,-198.81,1.0,8,[2]
6,9,x7f1d7c488370,575,-282.53,0.0,7,[0]
6,9,x7f1d7c488370,576,-198.67,1.0,8,[2]
6,9,x7f1d7c488370,577,-279.61,0.0,8,[0]
6,9,x7f1d7c488370,578,319.66,2.0,7,[2]
6,9,x7f1d7c488370,579,-289.2,0.0,8,[0]
6,9,x7f1d7c488370,580,-270.09,0.0,7,[0]
6,9,x7f1d7c488370,581,-288.22,0.0,8,[0]
6,9,x7f1d7c488370,582,-194.07,1.0,8,[2]
6,9,x7f1d7c488370,583,-291.0,0.0,7,[0]
6,9,x7f1d7c488370,584,-290.61,0.0,7,[0]
6,9,x7f1d7c488370,585,-271.86,0.0,7,[0]
6,9,x7f1d7c488370,586,-295.87,0.0,7,[0]
6,9,x7f1d7c488370,587,-292.94,0.0,7,[0]
6,9,x7f1d7c488370,588,341.61,2.0,8,[20]
6,9,x7f1d7c488370,589,-294.02,0.0,7,[0]
6,9,x7f1d7c488370,590,-200.0,1.0,7,[2]
6,9,x7f1d7c488370,591,-295.09,0.0,7,[0]
6,9,x7f1d7c488370,592,-286.26,0.0,7,[0]
6,9,x7f1d7c488370,593,301.21,2.0,7,[2]
6,9,x7f1d7c488370,594,-294.01,0.0,7,[0]
6,9,x7f1d7c488370,595,-282.15,0.0,7,[0]
6,9,x7f1d7c488370,596,-199.7,1.0,8,[2]
6,9,x7f1d7c488370,597,-281.03,0.0,8,[0]
6,9,x7f1d7c488370,598,-200.0,1.0,7,[2]
6,9,x7f1d7c488370,599,-297.46,0.0,6,[1]
6,9,x7f1d7c488370,600,-146.32,1.0,7,[20]
6,9,x7f1d7c488370,601,-283.55,0.0,7,[0]
6,9,x7f1d7c488370,602,-200.0,1.0,7,[2]
6,9,x7f1d7c488370,603,-276.33,0.0,7,[0]
6,9,x7f1d7c488370,604,300.0,2.0,7,[2]
6,9,x7f1d7c488370,605,-286.12,0.0,7,[0]
6,9,x7f1d7c488370,606,-288.02,0.0,7,[0]
6,9,x7f1d7c488370,607,303.35,2.0,8,[1]
6,9,x7f1d7c488370,608,-100.0,0.0,2,[20]
6,9,x7f1d7c488370,609,-268.16,0.0,7,[0]
6,9,x7f1d7c488370,610,-282.36,0.0,8,[0]
6,9,x7f1d7c488370,611,-293.91,0.0,8,[0]
6,9,x7f1d7c488370,612,-294.81,0.0,8,[0]
6,9,x7f1d7c488370,613,-184.51,1.0,7,[2]
6,9,x7f1d7c488370,614,-278.28,0.0,7,[0]
6,9,x7f1d7c488370,615,-280.41,0.0,7,[0]
6,9,x7f1d7c488370,616,344.61,2.0,8,[20]
6,9,x7f1d7c488370,617,-295.86,0.0,7,[0]
6,9,x7f1d7c488370,618,-198.82,1.0,8,[2]
6,9,x7f1d7c488370,619,-191.25,1.0,7,[2]
6,9,x7f1d7c488370,620,-271.1,0.0,7,[0]
6,9,x7f1d7c488370,621,300.0,2.0,7,[2]
6,9,x7f1d7c488370,622,-294.01,0.0,7,[0]
6,9,x7f1d7c488370,623,-279.57,0.0,7,[0]
6,9,x7f1d7c488370,624,-297.49,0.0,7,[0]
6,9,x7f1d7c488370,625,-294.43,0.0,7,[0]
6,9,x7f1d7c488370,626,-147.72,1.0,8,[20]
6,9,x7f1d7c488370,627,-286.41,0.0,6,[0]
6,9,x7f1d7c488370,628,-283.33,0.0,7,[0]
6,9,x7f1d7c488370,629,-297.35,0.0,7,[0]
6,9,x7f1d7c488370,630,-289.84,0.0,7,[0]
6,9,x7f1d7c488370,631,-291.51,0.0,7,[0]
6,9,x7f1d7c488370,632,-295.63,0.0,7,[0]
6,9,x7f1d7c488370,633,306.14,2.0,7,[2]
6,9,x7f1d7c488370,634,-294.89,0.0,6,[1]
6,9,x7f1d7c488370,635,-277.17,0.0,7,[0]
6,9,x7f1d7c488370,636,-287.39,0.0,7,[0]
6,9,x7f1d7c488370,637,-288.17,0.0,7,[0]
6,9,x7f1d7c488370,638,-295.87,0.0,8,[0]
6,9,x7f1d7c488370,639,-198.39,1.0,8,[2]
6,9,x7f1d7c488370,640,302.92,2.0,8,[2]
6,9,x7f1d7c488370,641,-284.61,0.0,8,[0]
6,9,x7f1d7c488370,642,-200.0,1.0,7,[2]
6,9,x7f1d7c488370,643,315.67,2.0,7,[2]
6,9,x7f1d7c488370,644,-196.46,1.0,8,[2]
6,9,x7f1d7c488370,645,310.54,2.0,8,[2]
6,9,x7f1d7c488370,646,-277.29,0.0,7,[0]
6,9,x7f1d7c488370,647,-199.07,1.0,7,[2]
6,9,x7f1d7c488370,648,-286.77,0.0,8,[0]
6,9,x7f1d7c488370,649,318.84,2.0,7,[2]
6,9,x7f1d7c488370,650,-294.37,0.0,7,[0]
6,9,x7f1d7c488370,651,-285.48,0.0,7,[0]
6,9,x7f1d7c488370,652,-292.3,0.0,7,[0]
6,9,x7f1d7c488370,653,-180.81,1.0,8,[17]
6,9,x7f1d7c488370,654,-295.75,0.0,7,[0]
6,9,x7f1d7c488370,655,-287.98,0.0,7,[0]
6,9,x7f1d7c488370,656,-295.43,0.0,7,[0]
6,9,x7f1d7c488370,657,-279.09,0.0,7,[0]
6,9,x7f1d7c488370,658,-200.0,1.0,7,[2]
6,9,x7f1d7c488370,659,-293.44,0.0,7,[0]
6,9,x7f1d7c488370,660,-277.8,0.0,7,[0]
6,9,x7f1d7c488370,661,-296.24,0.0,7,[0]
6,9,x7f1d7c488370,662,312.95,2.0,9,[2]
6,9,x7f1d7c488370,663,-283.63,0.0,7,[0]
6,9,x7f1d7c488370,664,-287.18,0.0,7,[0]
6,9,x7f1d7c488370,665,-276.4,0.0,7,[0]
6,9,x7f1d7c488370,666,-157.87,0.0,3,[17]
6,9,x7f1d7c488370,667,-286.35,0.0,7,[1]
6,9,x7f1d7c488370,668,319.47,2.0,9,[1]
6,9,x7f1d7c488370,669,-18.65,1.0,3,[17]
6,9,x7f1d7c488370,670,-191.03,1.0,7,[1]
6,9,x7f1d7c488370,671,-197.06,1.0,7,[1]
6,9,x7f1d7c488370,672,-298.85,0.0,6,[1]
6,9,x7f1d7c488370,673,-276.52,0.0,7,[0]
6,9,x7f1d7c488370,674,-181.81,1.0,8,[20]
6,9,x7f1d7c488370,675,-286.3,0.0,7,[0]
6,9,x7f1d7c488370,676,-292.7,0.0,7,[0]
6,9,x7f1d7c488370,677,304.89,2.0,7,[2]
6,9,x7f1d7c488370,678,-292.49,0.0,7,[0]
6,9,x7f1d7c488370,679,-288.82,0.0,7,[0]
6,9,x7f1d7c488370,680,302.64,2.0,7,[2]
6,9,x7f1d7c488370,681,-284.77,0.0,7,[0]
6,9,x7f1d7c488370,682,-288.09,0.0,7,[0]
6,9,x7f1d7c488370,683,-296.16,0.0,7,[0]
6,9,x7f1d7c488370,684,-294.95,0.0,7,[0]
6,9,x7f1d7c488370,685,-192.32,1.0,7,[2]
6,9,x7f1d7c488370,686,-274.54,0.0,7,[0]
6,9,x7f1d7c488370,687,-298.87,0.0,6,[1]
6,9,x7f1d7c488370,688,-183.32,1.0,7,[2]
6,9,x7f1d7c488370,689,-296.26,0.0,7,[0]
6,9,x7f1d7c488370,690,-289.27,0.0,7,[0]
6,9,x7f1d7c488370,691,305.83,2.0,8,[2]
6,9,x7f1d7c488370,692,-284.47,0.0,8,[0]
6,9,x7f1d7c488370,693,-288.73,0.0,7,[0]
6,9,x7f1d7c488370,694,-290.9,0.0,9,[0]
6,9,x7f1d7c488370,695,300.52,2.0,7,[2]
6,9,x7f1d7c488370,696,-287.49,0.0,8,[0]
6,9,x7f1d7c488370,697,-199.13,1.0,7,[2]
6,9,x7f1d7c488370,698,-284.48,0.0,8,[0]
6,9,x7f1d7c488370,699,314.25,2.0,8,[17]
6,9,x7f1d7c488370,700,303.4,2.0,7,[2]
6,9,x7f1d7c488370,701,-184.64,1.0,7,[2]
6,9,x7f1d7c488370,702,-289.25,0.0,7,[0]
6,9,x7f1d7c488370,703,-275.01,0.0,7,[0]
6,9,x7f1d7c488370,704,-297.8,0.0,7,[0]
6,9,x7f1d7c488370,705,-291.77,0.0,7,[0]
6,9,x7f1d7c488370,706,-293.23,0.0,8,[0]
6,9,x7f1d7c488370,707,-199.79,1.0,8,[2]
6,9,x7f1d7c488370,708,-290.46,0.0,7,[0]
6,9,x7f1d7c488370,709,-287.98,0.0,7,[0]
6,9,x7f1d7c488370,710,-297.65,0.0,7,[0]
6,9,x7f1d7c488370,711,-288.37,0.0,7,[0]
6,9,x7f1d7c488370,712,-193.54,1.0,7,[2]
6,9,x7f1d7c488370,713,-300.0,0.0,2,[17]
6,9,x7f1d7c488370,714,-292.42,0.0,7,[0]
6,9,x7f1d7c488370,715,-194.52,1.0,7,[2]
6,9,x7f1d7c488370,716,-293.33,0.0,7,[0]
6,9,x7f1d7c488370,717,-278.3,0.0,7,[0]
6,9,x7f1d7c488370,718,-288.74,0.0,8,[0]
6,9,x7f1d7c488370,719,-281.53,0.0,7,[0]
6,9,x7f1d7c488370,720,-278.77,0.0,7,[1]
6,9,x7f1d7c488370,721,-185.32,1.0,9,[2]
6,9,x7f1d7c488370,722,-200.0,1.0,2,[17]
6,9,x7f1d7c488370,723,-274.68,0.0,7,[0]
6,9,x7f1d7c488370,724,-295.59,0.0,7,[0]
6,9,x7f1d7c488370,725,-278.15,0.0,7,[0]
6,9,x7f1d7c488370,726,-290.53,0.0,7,[0]
6,9,x7f1d7c488370,727,-298.43,0.0,6,[1]
6,9,x7f1d7c488370,728,-199.05,1.0,8,[1]
6,9,x7f1d7c488370,729,-296.88,0.0,7,[0]
6,9,x7f1d7c488370,730,-291.72,0.0,7,[0]
6,9,x7f1d7c488370,731,-291.68,0.0,9,[0]
6,9,x7f1d7c488370,732,-292.49,0.0,7,[0]
6,9,x7f1d7c488370,733,-291.97,0.0,7,[0]
6,9,x7f1d7c488370,734,-295.9,0.0,7,[0]
6,9,x7f1d7c488370,735,-297.24,0.0,7,[0]
6,9,x7f1d7c488370,736,-294.76,0.0,7,[0]
6,9,x7f1d7c488370,737,-279.18,0.0,7,[0]
6,9,x7f1d7c488370,738,-198.53,1.0,7,[2]
6,9,x7f1d7c488370,739,315.91,2.0,7,[2]
6,9,x7f1d7c488370,740,-287.53,0.0,7,[0]
6,9,x7f1d7c488370,741,-287.38,0.0,7,[0]
6,9,x7f1d7c488370,742,-279.74,0.0,7,[0]
6,9,x7f1d7c488370,743,-199.19,1.0,7,[1]
6,9,x7f1d7c488370,744,-188.52,1.0,7,[2]
6,9,x7f1d7c488370,745,-285.86,0.0,7,[0]
6,9,x7f1d7c488370,746,-295.65,0.0,7,[0]
6,9,x7f1d7c488370,747,-200.0,1.0,7,[2]
6,9,x7f1d7c488370,748,-200.0,1.0,7,[2]
6,9,x7f1d7c488370,749,-285.66,0.0,7,[0]
6,9,x7f1d7c488370,750,-272.16,0.0,7,[0]
6,9,x7f1d7c488370,751,-294.27,0.0,7,[0]
6,9,x7f1d7c488370,752,-296.92,0.0,7,[0]
6,9,x7f1d7c488370,753,-295.96,0.0,8,[0]
6,9,x7f1d7c488370,754,-296.04,0.0,7,[0]
6,9,x7f1d7c488370,755,-288.8,0.0,7,[0]
6,9,x7f1d7c488370,756,-295.98,0.0,7,[1]
6,9,x7f1d7c488370,757,-280.33,0.0,7,[0]
6,9,x7f1d7c488370,758,-100.0,0.0,2,[17]
6,9,x7f1d7c488370,759,-193.43,1.0,8,[2]
6,9,x7f1d7c488370,760,-295.7,0.0,8,[0]
6,9,x7f1d7c488370,761,-289.91,0.0,7,[0]
6,9,x7f1d7c488370,762,-185.58,1.0,7,[2]
6,9,x7f1d7c488370,763,-295.89,0.0,7,[0]
6,9,x7f1d7c488370,764,-296.46,0.0,6,[1]
6,9,x7f1d7c488370,765,-200.0,1.0,7,[2]
6,9,x7f1d7c488370,766,-275.16,0.0,7,[0]
6,9,x7f1d7c488370,767,-196.53,1.0,8,[2]
6,9,x7f1d7c488370,768,-285.97,0.0,7,[0]
6,9,x7f1d7c488370,769,-293.01,0.0,7,[0]
6,9,x7f1d7c488370,770,-297.65,0.0,7,[0]
6,9,x7f1d7c488370,771,-297.0,0.0,7,[0]
6,9,x7f1d7c488370,772,-280.77,0.0,6,[1]
6,9,x7f1d7c488370,773,-197.27,1.0,7,[1]
6,9,x7f1d7c488370,774,-185.74,1.0,8,[2]
6,9,x7f1d7c488370,775,-287.53,0.0,7,[0]
6,9,x7f1d7c488370,776,-280.63,0.0,8,[0]
6,9,x7f1d7c488370,777,-185.78,1.0,7,[2]
6,9,x7f1d7c488370,778,-292.01,0.0,7,[0]
6,9,x7f1d7c488370,779,-295.76,0.0,8,[0]
6,9,x7f1d7c488370,780,320.14,2.0,8,[20]
6,9,x7f1d7c488370,781,-296.35,0.0,8,[0]
6,9,x7f1d7c488370,782,-196.53,1.0,8,[2]
6,9,x7f1d7c488370,783,-291.45,0.0,7,[0]
6,9,x7f1d7c488370,784,-291.07,0.0,7,[0]
6,9,x7f1d7c488370,785,-294.36,0.0,7,[0]
6,9,x7f1d7c488370,786,-296.76,0.0,7,[0]
6,9,x7f1d7c488370,787,-282.17,0.0,6,[1]
6,9,x7f1d7c488370,788,-291.14,0.0,7,[0]
6,9,x7f1d7c488370,789,-291.22,0.0,8,[0]
6,9,x7f1d7c488370,790,-295.93,0.0,7,[0]
6,9,x7f1d7c488370,791,-294.53,0.0,8,[0]
6,9,x7f1d7c488370,792,-100.0,0.0,2,[17]
6,9,x7f1d7c488370,793,-278.68,0.0,7,[0]
6,9,x7f1d7c488370,794,-294.71,0.0,8,[1]
6,9,x7f1d7c488370,795,301.24,2.0,7,[1]
6,9,x7f1d7c488370,796,-283.51,0.0,6,[1]
6,9,x7f1d7c488370,797,-295.51,0.0,8,[0]
6,9,x7f1d7c488370,798,317.09,2.0,8,[17]
6,9,x7f1d7c488370,799,-289.75,0.0,8,[0]
6,9,x7f1d7c488370,800,318.49,2.0,8,[20]
6,9,x7f1d7c488370,801,312.42,2.0,8,[17]
6,9,x7f1d7c488370,802,-292.56,0.0,8,[0]
6,9,x7f1d7c488370,803,-288.36,0.0,7,[0]
6,9,x7f1d7c488370,804,-200.0,1.0,7,[2]
6,9,x7f1d7c488370,805,-292.08,0.0,7,[0]
6,9,x7f1d7c488370,806,-293.0,0.0,7,[0]
6,9,x7f1d7c488370,807,-200.0,1.0,8,[2]
6,9,x7f1d7c488370,808,-288.27,0.0,7,[0]
6,9,x7f1d7c488370,809,-278.08,0.0,8,[0]
6,9,x7f1d7c488370,810,-293.78,0.0,7,[0]
6,9,x7f1d7c488370,811,-293.9,0.0,7,[0]
6,9,x7f1d7c488370,812,-279.33,0.0,7,[0]
6,9,x7f1d7c488370,813,-178.18,1.0,8,[17]
6,9,x7f1d7c488370,814,-297.09,0.0,7,[0]
6,9,x7f1d7c488370,815,-200.0,1.0,7,[2]
6,9,x7f1d7c488370,816,-279.42,0.0,8,[0]
6,9,x7f1d7c488370,817,-291.12,0.0,7,[0]
6,9,x7f1d7c488370,818,-280.9,0.0,8,[0]
6,9,x7f1d7c488370,819,-295.41,0.0,8,[0]
6,9,x7f1d7c488370,820,-188.55,1.0,7,[17]
6,9,x7f1d7c488370,821,-297.73,0.0,6,[1]
6,9,x7f1d7c488370,822,300.0,2.0,7,[2]
6,9,x7f1d7c488370,823,-291.82,0.0,7,[0]
6,9,x7f1d7c488370,824,-295.41,0.0,7,[0]
6,9,x7f1d7c488370,825,-185.29,1.0,8,[2]
6,9,x7f1d7c488370,826,-290.75,0.0,7,[0]
6,9,x7f1d7c488370,827,-286.02,0.0,7,[1]
6,9,x7f1d7c488370,828,-291.61,0.0,7,[0]
6,9,x7f1d7c488370,829,-292.49,0.0,7,[0]
6,9,x7f1d7c488370,830,-297.03,0.0,7,[0]
6,9,x7f1d7c488370,831,300.0,0.0,2,[17]
6,9,x7f1d7c488370,832,-295.44,0.0,7,[0]
6,9,x7f1d7c488370,833,-174.09,1.0,8,[17]
6,9,x7f1d7c488370,834,-296.29,0.0,7,[0]
6,9,x7f1d7c488370,835,-175.85,1.0,7,[20]
6,9,x7f1d7c488370,836,-282.17,0.0,7,[0]
6,9,x7f1d7c488370,837,-296.59,0.0,7,[0]
6,9,x7f1d7c488370,838,300.0,0.0,2,[20]
6,9,x7f1d7c488370,839,-284.64,0.0,8,[0]
6,9,x7f1d7c488370,840,-297.21,0.0,7,[0]
6,9,x7f1d7c488370,841,-296.36,0.0,7,[0]
6,9,x7f1d7c488370,842,-293.49,0.0,7,[0]
6,9,x7f1d7c488370,843,-296.3,0.0,7,[0]
6,9,x7f1d7c488370,844,-295.34,0.0,7,[0]
6,9,x7f1d7c488370,845,-283.23,0.0,8,[0]
6,9,x7f1d7c488370,846,100.0,0.0,2,[17]
6,9,x7f1d7c488370,847,-299.22,0.0,6,[0]
6,9,x7f1d7c488370,848,-299.08,0.0,6,[1]
6,9,x7f1d7c488370,849,301.83,2.0,8,[2]
6,9,x7f1d7c488370,850,-294.61,0.0,8,[0]
6,9,x7f1d7c488370,851,-176.85,1.0,8,[17]
6,9,x7f1d7c488370,852,-200.0,1.0,7,[2]
6,9,x7f1d7c488370,853,-293.8,0.0,7,[0]
6,9,x7f1d7c488370,854,-297.32,0.0,7,[1]
6,9,x7f1d7c488370,855,-284.49,0.0,7,[0]
6,9,x7f1d7c488370,856,-295.91,0.0,7,[0]
6,9,x7f1d7c488370,857,-298.13,0.0,8,[0]
6,9,x7f1d7c488370,858,-200.0,1.0,8,[2]
6,9,x7f1d7c488370,859,-294.94,0.0,8,[0]
6,9,x7f1d7c488370,860,-297.01,0.0,7,[0]
6,9,x7f1d7c488370,861,-285.74,0.0,8,[0]
6,9,x7f1d7c488370,862,-295.06,0.0,8,[0]
6,9,x7f1d7c488370,863,-293.19,0.0,7,[0]
6,9,x7f1d7c488370,864,-293.98,0.0,7,[0]
6,9,x7f1d7c488370,865,-296.84,0.0,7,[0]
6,9,x7f1d7c488370,866,-190.87,1.0,7,[2]
6,9,x7f1d7c488370,867,-199.35,1.0,8,[2]
6,9,x7f1d7c488370,868,-287.61,0.0,9,[0]
6,9,x7f1d7c488370,869,-292.01,0.0,8,[0]
6,9,x7f1d7c488370,870,-281.62,0.0,8,[0]
6,9,x7f1d7c488370,871,100.0,0.0,2,[17]
6,9,x7f1d7c488370,872,-296.11,0.0,7,[0]
6,9,x7f1d7c488370,873,-287.69,0.0,8,[0]
6,9,x7f1d7c488370,874,-200.0,1.0,7,[2]
6,9,x7f1d7c488370,875,-287.64,0.0,7,[0]
6,9,x7f1d7c488370,876,-298.23,0.0,7,[0]
6,9,x7f1d7c488370,877,300.44,2.0,8,[2]
6,9,x7f1d7c488370,878,-283.03,0.0,8,[0]
6,9,x7f1d7c488370,879,-198.36,1.0,8,[1]
6,9,x7f1d7c488370,880,-298.46,0.0,8,[0]
6,9,x7f1d7c488370,881,317.78,2.0,9,[21]
6,9,x7f1d7c488370,882,-189.4,1.0,7,[17]
6,9,x7f1d7c488370,883,-281.9,0.0,7,[0]
6,9,x7f1d7c488370,884,-294.31,0.0,7,[0]
6,9,x7f1d7c488370,885,-297.67,0.0,7,[0]
6,9,x7f1d7c488370,886,-295.73,0.0,7,[0]
6,9,x7f1d7c488370,887,-293.68,0.0,8,[0]
6,9,x7f1d7c488370,888,-295.04,0.0,6,[0]
6,9,x7f1d7c488370,889,315.84,2.0,8,[1]
6,9,x7f1d7c488370,890,-196.69,1.0,8,[2]
6,9,x7f1d7c488370,891,-289.7,0.0,7,[0]
6,9,x7f1d7c488370,892,-297.31,0.0,7,[0]
6,9,x7f1d7c488370,893,-281.73,0.0,7,[0]
6,9,x7f1d7c488370,894,-294.74,0.0,7,[0]
6,9,x7f1d7c488370,895,-100.0,0.0,2,[17]
6,9,x7f1d7c488370,896,-200.0,1.0,7,[2]
6,9,x7f1d7c488370,897,-295.33,0.0,7,[0]
6,9,x7f1d7c488370,898,-291.18,0.0,7,[0]
6,9,x7f1d7c488370,899,-282.66,0.0,7,[0]
6,9,x7f1d7c488370,900,-298.18,0.0,8,[0]
6,9,x7f1d7c488370,901,-298.27,0.0,7,[0]
6,9,x7f1d7c488370,902,-288.75,0.0,7,[0]
6,9,x7f1d7c488370,903,-283.33,0.0,7,[0]
6,9,x7f1d7c488370,904,-289.21,0.0,8,[0]
6,9,x7f1d7c488370,905,-297.09,0.0,8,[0]
6,9,x7f1d7c488370,906,-298.49,0.0,8,[0]
6,9,x7f1d7c488370,907,-283.81,0.0,7,[0]
6,9,x7f1d7c488370,908,-297.35,0.0,8,[1]
6,9,x7f1d7c488370,909,-296.01,0.0,9,[0]
6,9,x7f1d7c488370,910,-300.0,0.0,2,[17]
6,9,x7f1d7c488370,911,-284.95,0.0,8,[0]
6,9,x7f1d7c488370,912,-296.6,0.0,8,[0]
6,9,x7f1d7c488370,913,-293.5,0.0,7,[1]
6,9,x7f1d7c488370,914,-100.0,0.0,3,[17]
6,9,x7f1d7c488370,915,-100.0,0.0,2,[20]
6,9,x7f1d7c488370,916,300.0,2.0,7,[2]
6,9,x7f1d7c488370,917,300.65,2.0,7,[1]
6,9,x7f1d7c488370,918,-290.61,0.0,8,[0]
6,9,x7f1d7c488370,919,-292.21,0.0,8,[0]
6,9,x7f1d7c488370,920,-291.23,0.0,7,[0]
6,9,x7f1d7c488370,921,301.69,2.0,7,[1]
6,9,x7f1d7c488370,922,300.0,2.0,6,[2]
6,9,x7f1d7c488370,923,-286.82,0.0,7,[0]
6,9,x7f1d7c488370,924,-291.83,0.0,7,[0]
6,9,x7f1d7c488370,925,-295.56,0.0,8,[1]
6,9,x7f1d7c488370,926,-194.75,1.0,9,[1]
6,9,x7f1d7c488370,927,-100.0,0.0,2,[17]
6,9,x7f1d7c488370,928,-295.81,0.0,8,[0]
6,9,x7f1d7c488370,929,-294.8,0.0,7,[0]
6,9,x7f1d7c488370,930,-294.73,0.0,8,[0]
6,9,x7f1d7c488370,931,-296.68,0.0,7,[1]
6,9,x7f1d7c488370,932,310.56,2.0,8,[1]
6,9,x7f1d7c488370,933,302.49,2.0,8,[1]
6,9,x7f1d7c488370,934,-293.21,0.0,7,[0]
6,9,x7f1d7c488370,935,-287.26,0.0,7,[0]
6,9,x7f1d7c488370,936,-295.64,0.0,8,[0]
6,9,x7f1d7c488370,937,-297.44,0.0,7,[0]
6,9,x7f1d7c488370,938,324.75,2.0,8,[17]
6,9,x7f1d7c488370,939,-282.31,0.0,7,[0]
6,9,x7f1d7c488370,940,334.3,2.0,8,[17]
6,9,x7f1d7c488370,941,-200.0,1.0,7,[2]
6,9,x7f1d7c488370,942,-295.88,0.0,7,[1]
6,9,x7f1d7c488370,943,-297.9,0.0,8,[1]
6,9,x7f1d7c488370,944,300.0,0.0,2,[17]
6,9,x7f1d7c488370,945,-297.24,0.0,7,[0]
6,9,x7f1d7c488370,946,-290.25,0.0,10,[0]
6,9,x7f1d7c488370,947,-244.86,0.0,3,[18]
6,9,x7f1d7c488370,948,-200.0,1.0,7,[2]
6,9,x7f1d7c488370,949,-286.78,0.0,7,[0]
6,9,x7f1d7c488370,950,-293.26,0.0,7,[0]
6,9,x7f1d7c488370,951,-291.44,0.0,7,[0]
6,9,x7f1d7c488370,952,-293.54,0.0,7,[0]
6,9,x7f1d7c488370,953,-296.06,0.0,7,[0]
6,9,x7f1d7c488370,954,-199.95,1.0,9,[2]
6,9,x7f1d7c488370,955,-199.23,1.0,8,[2]
6,9,x7f1d7c488370,956,700.0,2.0,2,[18]
6,9,x7f1d7c488370,957,-185.13,1.0,8,[21]
6,9,x7f1d7c488370,958,-288.64,0.0,7,[0]
6,9,x7f1d7c488370,959,-199.17,1.0,8,[1]
6,9,x7f1d7c488370,960,-194.35,1.0,7,[1]
6,9,x7f1d7c488370,961,-292.88,0.0,7,[0]
6,9,x7f1d7c488370,962,-200.0,1.0,7,[2]
6,9,x7f1d7c488370,963,-291.57,0.0,9,[0]
6,9,x7f1d7c488370,964,-199.63,1.0,7,[2]
6,9,x7f1d7c488370,965,-100.0,0.0,2,[17]
6,9,x7f1d7c488370,966,-296.66,0.0,7,[1]
6,9,x7f1d7c488370,967,300.0,2.0,7,[2]
6,9,x7f1d7c488370,968,300.0,2.0,7,[2]
6,9,x7f1d7c488370,969,-167.85,1.0,8,[17]
6,9,x7f1d7c488370,970,-281.16,0.0,8,[0]
6,9,x7f1d7c488370,971,-198.95,1.0,8,[2]
6,9,x7f1d7c488370,972,-198.28,1.0,7,[2]
6,9,x7f1d7c488370,973,-290.74,0.0,7,[0]
6,9,x7f1d7c488370,974,-292.81,0.0,6,[0]
6,9,x7f1d7c488370,975,-200.0,1.0,7,[2]
6,9,x7f1d7c488370,976,327.29,2.0,8,[20]
6,9,x7f1d7c488370,977,-292.03,0.0,7,[0]
6,9,x7f1d7c488370,978,-295.18,0.0,7,[0]
6,9,x7f1d7c488370,979,-291.43,0.0,7,[0]
6,9,x7f1d7c488370,980,-189.23,1.0,8,[18]
6,9,x7f1d7c488370,981,-295.89,0.0,7,[0]
6,9,x7f1d7c488370,982,-295.68,0.0,7,[0]
6,9,x7f1d7c488370,983,-296.37,0.0,7,[0]
6,9,x7f1d7c488370,984,300.0,2.0,7,[2]
6,9,x7f1d7c488370,985,-284.34,0.0,7,[0]
6,9,x7f1d7c488370,986,-198.78,1.0,7,[2]
6,9,x7f1d7c488370,987,-290.54,0.0,7,[0]
6,9,x7f1d7c488370,988,-296.87,0.0,7,[1]
6,9,x7f1d7c488370,989,-293.27,0.0,7,[0]
6,9,x7f1d7c488370,990,-294.3,0.0,7,[0]
6,9,x7f1d7c488370,991,-297.71,0.0,7,[0]
6,9,x7f1d7c488370,992,-200.0,1.0,7,[2]
6,9,x7f1d7c488370,993,-297.65,0.0,7,[0]
6,9,x7f1d7c488370,994,-283.46,0.0,7,[0]
6,9,x7f1d7c488370,995,311.15,2.0,8,[2]
6,9,x7f1d7c488370,996,-198.44,1.0,7,[2]
6,9,x7f1d7c488370,997,-290.9,0.0,6,[1]
6,9,x7f1d7c488370,998,-297.41,0.0,7,[1]
6,9,x7f1d7c488370,999,-100.0,0.0,2,[20]
6,9,x7f1d7c488370,1000,-300.0,0.0,2,[17]
6,9,x7f1d7c488370,1001,-294.78,0.0,7,[0]
6,9,x7f1d7c488370,1002,-290.32,0.0,7,[0]
6,9,x7f1d7c488370,1003,-199.44,1.0,8,[2]
6,9,x7f1d7c488370,1004,-294.22,0.0,7,[0]
6,9,x7f1d7c488370,1005,301.31,2.0,7,[2]
6,9,x7f1d7c488370,1006,-287.37,0.0,6,[0]
6,9,x7f1d7c488370,1007,-293.18,0.0,7,[0]
6,9,x7f1d7c488370,1008,-294.38,0.0,7,[0]
6,9,x7f1d7c488370,1009,317.3,2.0,8,[18]
6,9,x7f1d7c488370,1010,-286.39,0.0,7,[0]
6,9,x7f1d7c488370,1011,-283.99,0.0,7,[0]
6,9,x7f1d7c488370,1012,-288.97,0.0,7,[0]
6,9,x7f1d7c488370,1013,-200.0,1.0,7,[2]
6,9,x7f1d7c488370,1014,-292.1,0.0,6,[1]
6,9,x7f1d7c488370,1015,312.79,2.0,8,[1]
6,9,x7f1d7c488370,1016,313.79,2.0,8,[2]
6,9,x7f1d7c488370,1017,-290.42,0.0,7,[0]
6,9,x7f1d7c488370,1018,-199.88,1.0,7,[2]
6,9,x7f1d7c488370,1019,-189.41,1.0,7,[2]
6,9,x7f1d7c488370,1020,-293.77,0.0,7,[0]
6,9,x7f1d7c488370,1021,-296.38,0.0,7,[0]
6,9,x7f1d7c488370,1022,-198.48,1.0,7,[2]
6,9,x7f1d7c488370,1023,-294.64,0.0,6,[1]
6,9,x7f1d7c488370,1024,-298.67,0.0,7,[0]
6,9,x7f1d7c488370,1025,-294.85,0.0,7,[0]
6,9,x7f1d7c488370,1026,-288.02,0.0,7,[0]
6,9,x7f1d7c488370,1027,-296.92,0.0,7,[0]
6,9,x7f1d7c488370,1028,-200.0,1.0,7,[2]
6,9,x7f1d7c488370,1029,-281.49,0.0,7,[0]
6,9,x7f1d7c488370,1030,300.35,2.0,7,[2]
6,9,x7f1d7c488370,1031,-289.37,0.0,7,[0]
6,9,x7f1d7c488370,1032,-292.82,0.0,6,[0]
6,9,x7f1d7c488370,1033,-285.55,0.0,9,[0]
6,9,x7f1d7c488370,1034,-298.57,0.0,8,[0]
6,9,x7f1d7c488370,1035,-298.59,0.0,8,[0]
6,9,x7f1d7c488370,1036,-298.52,0.0,7,[0]
6,9,x7f1d7c488370,1037,-297.2,0.0,7,[0]
6,9,x7f1d7c488370,1038,-289.5,0.0,8,[0]
6,9,x7f1d7c488370,1039,-295.68,0.0,6,[1]
6,9,x7f1d7c488370,1040,-296.16,0.0,8,[0]
6,9,x7f1d7c488370,1041,-200.0,1.0,8,[2]
6,9,x7f1d7c488370,1042,-296.5,0.0,8,[0]
6,9,x7f1d7c488370,1043,-192.72,1.0,7,[2]
6,9,x7f1d7c488370,1044,300.0,2.0,7,[2]
6,9,x7f1d7c488370,1045,-279.88,0.0,6,[1]
6,9,x7f1d7c488370,1046,-299.35,0.0,8,[1]
6,9,x7f1d7c488370,1047,300.64,2.0,8,[1]
6,9,x7f1d7c488370,1048,300.57,2.0,7,[2]
6,9,x7f1d7c488370,1049,-293.29,0.0,7,[0]
6,9,x7f1d7c488370,1050,-189.62,1.0,8,[2]
6,9,x7f1d7c488370,1051,-174.15,1.0,8,[17]
6,9,x7f1d7c488370,1052,-297.32,0.0,6,[1]
6,9,x7f1d7c488370,1053,-298.66,0.0,7,[0]
6,9,x7f1d7c488370,1054,-289.33,0.0,7,[0]
6,9,x7f1d7c488370,1055,-292.03,0.0,7,[0]
6,9,x7f1d7c488370,1056,-297.74,0.0,6,[1]
6,9,x7f1d7c488370,1057,310.9,2.0,7,[1]
6,9,x7f1d7c488370,1058,300.0,2.0,8,[2]
6,9,x7f1d7c488370,1059,-196.98,1.0,7,[1]
6,9,x7f1d7c488370,1060,-284.29,0.0,7,[0]
6,9,x7f1d7c488370,1061,-199.32,1.0,8,[2]
6,9,x7f1d7c488370,1062,-297.84,0.0,7,[0]
6,9,x7f1d7c488370,1063,-200.0,1.0,7,[2]
6,9,x7f1d7c488370,1064,-285.51,0.0,7,[0]
6,9,x7f1d7c488370,1065,-294.12,0.0,8,[0]
6,9,x7f1d7c488370,1066,-296.4,0.0,7,[0]
6,9,x7f1d7c488370,1067,-296.44,0.0,7,[0]
6,9,x7f1d7c488370,1068,-200.0,1.0,7,[2]
6,9,x7f1d7c488370,1069,-284.05,0.0,7,[0]
6,9,x7f1d7c488370,1070,-180.8,1.0,8,[17]
6,9,x7f1d7c488370,1071,-294.25,0.0,8,[0]
6,9,x7f1d7c488370,1072,-297.53,0.0,7,[0]
6,9,x7f1d7c488370,1073,-294.9,0.0,7,[0]
6,9,x7f1d7c488370,1074,-299.28,0.0,7,[1]
6,9,x7f1d7c488370,1075,-296.01,0.0,8,[0]
6,9,x7f1d7c488370,1076,-293.97,0.0,7,[0]
6,9,x7f1d7c488370,1077,100.0,0.0,2,[17]
6,9,x7f1d7c488370,1078,-194.26,1.0,8,[1]
6,9,x7f1d7c488370,1079,-297.21,0.0,8,[0]
6,9,x7f1d7c488370,1080,-297.16,0.0,8,[0]
6,9,x7f1d7c488370,1081,-300.0,0.0,2,[17]
6,9,x7f1d7c488370,1082,-297.08,0.0,8,[0]
6,9,x7f1d7c488370,1083,-189.78,1.0,7,[17]
6,9,x7f1d7c488370,1084,-297.33,0.0,7,[1]
6,9,x7f1d7c488370,1085,-297.61,0.0,7,[0]
6,9,x7f1d7c488370,1086,-200.0,1.0,7,[2]
6,9,x7f1d7c488370,1087,-292.5,0.0,8,[0]
6,9,x7f1d7c488370,1088,-297.78,0.0,7,[0]
6,9,x7f1d7c488370,1089,-297.41,0.0,7,[0]
6,9,x7f1d7c488370,1090,-290.34,0.0,8,[0]
6,9,x7f1d7c488370,1091,-285.63,0.0,8,[0]
6,9,x7f1d7c488370,1092,-291.52,0.0,7,[0]
6,9,x7f1d7c488370,1093,-296.52,0.0,9,[0]
6,9,x7f1d7c488370,1094,-290.16,0.0,8,[0]
6,9,x7f1d7c488370,1095,-290.87,0.0,7,[0]
6,9,x7f1d7c488370,1096,-291.56,0.0,8,[0]
6,9,x7f1d7c488370,1097,-295.64,0.0,7,[0]
6,9,x7f1d7c488370,1098,-295.61,0.0,7,[0]
6,9,x7f1d7c488370,1099,-295.88,0.0,7,[0]
6,9,x7f1d7c488370,1100,-297.24,0.0,9,[0]
6,9,x7f1d7c488370,1101,300.0,2.0,7,[2]
6,9,x7f1d7c488370,1102,300.88,2.0,7,[2]
6,9,x7f1d7c488370,1103,-295.51,0.0,8,[0]
6,9,x7f1d7c488370,1104,-290.98,0.0,7,[0]
6,9,x7f1d7c488370,1105,-290.99,0.0,8,[0]
6,9,x7f1d7c488370,1106,-200.0,1.0,7,[2]
6,9,x7f1d7c488370,1107,-294.16,0.0,8,[0]
6,9,x7f1d7c488370,1108,-297.64,0.0,8,[0]
6,9,x7f1d7c488370,1109,-178.96,1.0,8,[17]
6,9,x7f1d7c488370,1110,-296.84,0.0,7,[1]
6,9,x7f1d7c488370,1111,-295.9,0.0,7,[0]
6,9,x7f1d7c488370,1112,-298.78,0.0,6,[1]
6,9,x7f1d7c488370,1113,-100.0,0.0,2,[17]
6,9,x7f1d7c488370,1114,300.43,2.0,7,[2]
6,9,x7f1d7c488370,1115,-296.79,0.0,7,[1]
6,9,x7f1d7c488370,1116,-292.34,0.0,7,[0]
6,9,x7f1d7c488370,1117,-296.38,0.0,7,[0]
6,9,x7f1d7c488370,1118,-199.07,1.0,8,[2]
6,9,x7f1d7c488370,1119,300.0,2.0,7,[2]
6,9,x7f1d7c488370,1120,-290.87,0.0,7,[0]
6,9,x7f1d7c488370,1121,-287.04,0.0,7,[0]
6,9,x7f1d7c488370,1122,-190.78,1.0,7,[2]
6,9,x7f1d7c488370,1123,-292.97,0.0,7,[0]
6,9,x7f1d7c488370,1124,-295.1,0.0,7,[0]
6,9,x7f1d7c488370,1125,300.0,2.0,7,[2]
6,9,x7f1d7c488370,1126,300.86,2.0,7,[2]
6,9,x7f1d7c488370,1127,-296.22,0.0,7,[0]
6,9,x7f1d7c488370,1128,-200.0,1.0,7,[2]
6,9,x7f1d7c488370,1129,-182.09,1.0,8,[18]
6,9,x7f1d7c488370,1130,311.96,2.0,8,[18]
6,9,x7f1d7c488370,1131,-196.18,1.0,8,[2]
6,9,x7f1d7c488370,1132,-285.49,0.0,7,[0]
6,9,x7f1d7c488370,1133,-190.88,1.0,7,[2]
6,9,x7f1d7c488370,1134,-294.38,0.0,7,[0]
6,9,x7f1d7c488370,1135,-292.57,0.0,7,[0]
6,9,x7f1d7c488370,1136,-199.68,1.0,7,[2]
6,9,x7f1d7c488370,1137,-189.27,1.0,7,[2]
6,9,x7f1d7c488370,1138,300.84,2.0,7,[2]
6,9,x7f1d7c488370,1139,-289.37,0.0,7,[0]
6,9,x7f1d7c488370,1140,-292.94,0.0,7,[0]
6,9,x7f1d7c488370,1141,-298.65,0.0,7,[0]
6,9,x7f1d7c488370,1142,-298.55,0.0,7,[0]
6,9,x7f1d7c488370,1143,-200.0,1.0,7,[2]
6,9,x7f1d7c488370,1144,-296.9,0.0,7,[0]
6,9,x7f1d7c488370,1145,-290.32,0.0,7,[0]
6,9,x7f1d7c488370,1146,-286.17,0.0,7,[0]
6,9,x7f1d7c488370,1147,-295.65,0.0,8,[0]
6,9,x7f1d7c488370,1148,300.0,2.0,7,[2]
6,9,x7f1d7c488370,1149,-293.67,0.0,7,[0]
6,9,x7f1d7c488370,1150,-300.0,0.0,2,[17]
6,9,x7f1d7c488370,1151,-295.64,0.0,8,[0]
6,9,x7f1d7c488370,1152,-297.33,0.0,7,[1]
6,9,x7f1d7c488370,1153,-284.07,0.0,8,[0]
6,9,x7f1d7c488370,1154,303.38,2.0,8,[2]
6,9,x7f1d7c488370,1155,-293.93,0.0,7,[0]
6,9,x7f1d7c488370,1156,-298.67,0.0,7,[0]
6,9,x7f1d7c488370,1157,-289.45,0.0,7,[0]
6,9,x7f1d7c488370,1158,-193.31,1.0,8,[17]
6,9,x7f1d7c488370,1159,-296.24,0.0,7,[0]
6,9,x7f1d7c488370,1160,-287.36,0.0,7,[0]
6,9,x7f1d7c488370,1161,-294.0,0.0,8,[0]
6,9,x7f1d7c488370,1162,-296.36,0.0,7,[0]
6,9,x7f1d7c488370,1163,-297.59,0.0,7,[0]
6,9,x7f1d7c488370,1164,-288.55,0.0,7,[0]
6,9,x7f1d7c488370,1165,-286.42,0.0,7,[0]
6,9,x7f1d7c488370,1166,-199.71,1.0,8,[2]
6,9,x7f1d7c488370,1167,-300.0,0.0,2,[17]
6,9,x7f1d7c488370,1168,-199.34,1.0,8,[2]
6,9,x7f1d7c488370,1169,-294.99,0.0,8,[0]
6,9,x7f1d7c488370,1170,-297.29,0.0,8,[0]
6,9,x7f1d7c488370,1171,-296.45,0.0,7,[1]
6,9,x7f1d7c488370,1172,-293.69,0.0,9,[0]
6,9,x7f1d7c488370,1173,-288.45,0.0,7,[0]
6,9,x7f1d7c488370,1174,-297.21,0.0,7,[0]
6,9,x7f1d7c488370,1175,-294.49,0.0,7,[0]
6,9,x7f1d7c488370,1176,-297.03,0.0,7,[0]
6,9,x7f1d7c488370,1177,300.0,2.0,7,[2]
6,9,x7f1d7c488370,1178,-199.85,1.0,8,[2]
6,9,x7f1d7c488370,1179,301.85,2.0,8,[2]
6,9,x7f1d7c488370,1180,-190.28,1.0,8,[2]
6,9,x7f1d7c488370,1181,-289.16,0.0,8,[0]
6,9,x7f1d7c488370,1182,-199.03,1.0,8,[2]
6,9,x7f1d7c488370,1183,-290.95,0.0,8,[0]
6,9,x7f1d7c488370,1184,307.45,2.0,8,[17]
6,9,x7f1d7c488370,1185,-200.0,1.0,7,[2]
6,9,x7f1d7c488370,1186,309.21,2.0,8,[20]
6,9,x7f1d7c488370,1187,-294.24,0.0,7,[0]
6,9,x7f1d7c488370,1188,-295.33,0.0,8,[0]
6,9,x7f1d7c488370,1189,300.41,2.0,7,[2]
6,9,x7f1d7c488370,1190,308.18,2.0,7,[2]
6,9,x7f1d7c488370,1191,-200.0,1.0,7,[2]
6,9,x7f1d7c488370,1192,-187.44,1.0,8,[20]
6,9,x7f1d7c488370,1193,-295.22,0.0,7,[0]
6,9,x7f1d7c488370,1194,-296.93,0.0,7,[0]
6,9,x7f1d7c488370,1195,-294.66,0.0,7,[0]
6,9,x7f1d7c488370,1196,-298.75,0.0,7,[1]
6,9,x7f1d7c488370,1197,-186.82,1.0,8,[17]
6,9,x7f1d7c488370,1198,-289.24,0.0,7,[0]
6,9,x7f1d7c488370,1199,-289.9,0.0,7,[0]
6,9,x7f1d7c488370,1200,-199.5,1.0,7,[2]
6,9,x7f1d7c488370,1201,-285.05,0.0,7,[0]
6,9,x7f1d7c488370,1202,-298.24,0.0,7,[1]
6,9,x7f1d7c488370,1203,-300.0,0.0,2,[17]
6,9,x7f1d7c488370,1204,-288.74,0.0,7,[0]
6,9,x7f1d7c488370,1205,-294.56,0.0,6,[1]
6,9,x7f1d7c488370,1206,-298.61,0.0,8,[0]
6,9,x7f1d7c488370,1207,-194.38,1.0,7,[2]
6,9,x7f1d7c488370,1208,-290.73,0.0,7,[0]
6,9,x7f1d7c488370,1209,-297.81,0.0,6,[0]
6,9,x7f1d7c488370,1210,-285.24,0.0,8,[0]
6,9,x7f1d7c488370,1211,-298.57,0.0,8,[1]
6,9,x7f1d7c488370,1212,-182.42,1.0,8,[20]
6,9,x7f1d7c488370,1213,-293.02,0.0,7,[1]
6,9,x7f1d7c488370,1214,-100.0,0.0,2,[17]
6,9,x7f1d7c488370,1215,-287.04,0.0,8,[0]
6,9,x7f1d7c488370,1216,300.0,2.0,7,[2]
6,9,x7f1d7c488370,1217,-296.94,0.0,7,[0]
6,9,x7f1d7c488370,1218,-295.48,0.0,7,[0]
6,9,x7f1d7c488370,1219,-298.26,0.0,7,[0]
6,9,x7f1d7c488370,1220,-285.64,0.0,8,[0]
6,9,x7f1d7c488370,1221,-293.19,0.0,7,[0]
6,9,x7f1d7c488370,1222,-296.6,0.0,7,[0]
6,9,x7f1d7c488370,1223,300.0,2.0,7,[2]
6,9,x7f1d7c488370,1224,-291.75,0.0,7,[0]
6,9,x7f1d7c488370,1225,-298.03,0.0,7,[0]
6,9,x7f1d7c488370,1226,-296.03,0.0,7,[0]
6,9,x7f1d7c488370,1227,300.0,2.0,7,[2]
6,9,x7f1d7c488370,1228,-297.71,0.0,7,[0]
6,9,x7f1d7c488370,1229,-288.29,0.0,7,[0]
6,9,x7f1d7c488370,1230,-200.0,1.0,7,[2]
6,9,x7f1d7c488370,1231,-297.0,0.0,7,[0]
6,9,x7f1d7c488370,1232,-291.87,0.0,7,[0]
6,9,x7f1d7c488370,1233,-298.01,0.0,6,[1]
6,9,x7f1d7c488370,1234,-292.09,0.0,7,[0]
6,9,x7f1d7c488370,1235,-190.46,1.0,7,[2]
6,9,x7f1d7c488370,1236,-298.13,0.0,8,[0]
6,9,x7f1d7c488370,1237,-294.31,0.0,8,[0]
6,9,x7f1d7c488370,1238,-295.12,0.0,7,[0]
6,9,x7f1d7c488370,1239,-296.5,0.0,7,[0]
6,9,x7f1d7c488370,1240,-295.43,0.0,7,[0]
6,9,x7f1d7c488370,1241,-289.44,0.0,7,[0]
6,9,x7f1d7c488370,1242,302.96,2.0,7,[2]
6,9,x7f1d7c488370,1243,-292.37,0.0,7,[0]
6,9,x7f1d7c488370,1244,-191.42,1.0,8,[2]
6,9,x7f1d7c488370,1245,-100.0,0.0,2,[17]
6,9,x7f1d7c488370,1246,-298.17,0.0,7,[0]
6,9,x7f1d7c488370,1247,-294.18,0.0,7,[0]
6,9,x7f1d7c488370,1248,-297.97,0.0,7,[1]
6,9,x7f1d7c488370,1249,-100.0,0.0,2,[17]
6,9,x7f1d7c488370,1250,300.0,0.0,2,[20]
6,9,x7f1d7c488370,1251,-296.23,0.0,7,[1]
6,9,x7f1d7c488370,1252,-300.0,0.0,2,[17]
6,9,x7f1d7c488370,1253,-297.0,0.0,8,[0]
6,9,x7f1d7c488370,1254,300.0,2.0,7,[2]
6,9,x7f1d7c488370,1255,-292.86,0.0,6,[1]
6,9,x7f1d7c488370,1256,-298.05,0.0,6,[0]
6,9,x7f1d7c488370,1257,-199.43,1.0,7,[2]
6,9,x7f1d7c488370,1258,-170.77,1.0,8,[21]
6,9,x7f1d7c488370,1259,-288.85,0.0,7,[0]
6,9,x7f1d7c488370,1260,-289.68,0.0,7,[0]
6,9,x7f1d7c488370,1261,-199.53,1.0,7,[2]
6,9,x7f1d7c488370,1262,300.0,2.0,7,[2]
6,9,x7f1d7c488370,1263,-296.79,0.0,7,[0]
6,9,x7f1d7c488370,1264,-295.98,0.0,7,[0]
6,9,x7f1d7c488370,1265,-297.29,0.0,7,[0]
6,9,x7f1d7c488370,1266,-298.38,0.0,7,[0]
6,9,x7f1d7c488370,1267,-296.42,0.0,7,[0]
6,9,x7f1d7c488370,1268,-297.38,0.0,6,[1]
6,9,x7f1d7c488370,1269,-288.46,0.0,7,[0]
6,9,x7f1d7c488370,1270,-296.82,0.0,7,[0]
6,9,x7f1d7c488370,1271,-295.54,0.0,7,[0]
6,9,x7f1d7c488370,1272,-297.03,0.0,7,[0]
6,9,x7f1d7c488370,1273,-297.9,0.0,7,[0]
6,9,x7f1d7c488370,1274,-288.14,0.0,7,[0]
6,9,x7f1d7c488370,1275,300.38,2.0,7,[2]
6,9,x7f1d7c488370,1276,-292.11,0.0,7,[0]
6,9,x7f1d7c488370,1277,-290.38,0.0,7,[0]
6,9,x7f1d7c488370,1278,-296.45,0.0,7,[0]
6,9,x7f1d7c488370,1279,307.81,2.0,7,[2]
6,9,x7f1d7c488370,1280,-298.75,0.0,7,[0]
6,9,x7f1d7c488370,1281,300.51,2.0,8,[1]
6,9,x7f1d7c488370,1282,-294.17,0.0,7,[0]
6,9,x7f1d7c488370,1283,-297.76,0.0,7,[0]
6,9,x7f1d7c488370,1284,300.0,2.0,7,[2]
6,9,x7f1d7c488370,1285,-297.61,0.0,7,[0]
6,9,x7f1d7c488370,1286,-196.14,1.0,7,[1]
6,9,x7f1d7c488370,1287,302.48,2.0,7,[2]
6,9,x7f1d7c488370,1288,-291.04,0.0,8,[0]
6,9,x7f1d7c488370,1289,-190.79,1.0,7,[2]
6,9,x7f1d7c488370,1290,-292.29,0.0,8,[0]
6,9,x7f1d7c488370,1291,-295.01,0.0,7,[0]
6,9,x7f1d7c488370,1292,300.0,2.0,7,[2]
6,9,x7f1d7c488370,1293,-192.12,1.0,7,[2]
6,9,x7f1d7c488370,1294,-287.4,0.0,7,[0]
6,9,x7f1d7c488370,1295,-296.57,0.0,7,[0]
6,9,x7f1d7c488370,1296,-289.25,0.0,7,[0]
6,9,x7f1d7c488370,1297,-199.72,1.0,7,[2]
6,9,x7f1d7c488370,1298,-192.14,1.0,7,[2]
6,9,x7f1d7c488370,1299,301.59,2.0,9,[2]
6,9,x7f1d7c488370,1300,-285.59,0.0,7,[0]
6,9,x7f1d7c488370,1301,-293.41,0.0,7,[0]
6,9,x7f1d7c488370,1302,302.1,2.0,7,[2]
6,9,x7f1d7c488370,1303,200.0,1.0,2,[20]
6,9,x7f1d7c488370,1304,-296.06,0.0,7,[0]
6,9,x7f1d7c488370,1305,-297.06,0.0,7,[0]
6,9,x7f1d7c488370,1306,-292.69,0.0,7,[0]
6,9,x7f1d7c488370,1307,-298.42,0.0,7,[0]
6,9,x7f1d7c488370,1308,-298.48,0.0,7,[0]
6,9,x7f1d7c488370,1309,-292.68,0.0,8,[0]
6,9,x7f1d7c488370,1310,-292.52,0.0,7,[0]
6,9,x7f1d7c488370,1311,-297.04,0.0,7,[0]
6,9,x7f1d7c488370,1312,-298.32,0.0,7,[0]
6,9,x7f1d7c488370,1313,-292.46,0.0,7,[0]
6,9,x7f1d7c488370,1314,-295.78,0.0,7,[0]
6,9,x7f1d7c488370,1315,324.93,2.0,8,[18]
6,9,x7f1d7c488370,1316,-291.55,0.0,7,[0]
6,9,x7f1d7c488370,1317,-296.63,0.0,8,[0]
6,9,x7f1d7c488370,1318,-298.39,0.0,7,[0]
6,9,x7f1d7c488370,1319,-295.37,0.0,8,[0]
6,9,x7f1d7c488370,1320,-198.77,1.0,8,[2]
6,9,x7f1d7c488370,1321,-295.84,0.0,7,[1]
6,9,x7f1d7c488370,1322,-295.93,0.0,8,[0]
6,9,x7f1d7c488370,1323,100.0,0.0,2,[17]
6,9,x7f1d7c488370,1324,-193.3,1.0,8,[17]
6,9,x7f1d7c488370,1325,-295.9,0.0,7,[0]
6,9,x7f1d7c488370,1326,-293.47,0.0,7,[0]
6,9,x7f1d7c488370,1327,-297.66,0.0,7,[1]
6,9,x7f1d7c488370,1328,-199.53,1.0,8,[1]
6,9,x7f1d7c488370,1329,-292.75,0.0,7,[0]
6,9,x7f1d7c488370,1330,-294.17,0.0,7,[0]
6,9,x7f1d7c488370,1331,-297.56,0.0,7,[0]
6,9,x7f1d7c488370,1332,-285.16,0.0,7,[0]
6,9,x7f1d7c488370,1333,-297.41,0.0,7,[0]
6,9,x7f1d7c488370,1334,-199.94,1.0,8,[2]
6,9,x7f1d7c488370,1335,-299.28,0.0,6,[0]
6,9,x7f1d7c488370,1336,-286.86,0.0,8,[0]
6,9,x7f1d7c488370,1337,300.0,2.0,7,[2]
6,9,x7f1d7c488370,1338,-294.97,0.0,7,[0]
6,9,x7f1d7c488370,1339,-293.29,0.0,7,[0]
6,9,x7f1d7c488370,1340,-293.82,0.0,7,[0]
6,9,x7f1d7c488370,1341,-294.87,0.0,7,[0]
6,9,x7f1d7c488370,1342,-198.59,1.0,8,[2]
6,9,x7f1d7c488370,1343,-295.63,0.0,8,[0]
6,9,x7f1d7c488370,1344,-296.24,0.0,7,[0]
6,9,x7f1d7c488370,1345,-195.87,1.0,7,[2]
6,9,x7f1d7c488370,1346,-198.76,1.0,7,[2]
6,9,x7f1d7c488370,1347,-292.47,0.0,7,[0]
6,9,x7f1d7c488370,1348,-295.14,0.0,7,[0]
6,9,x7f1d7c488370,1349,-296.01,0.0,7,[0]
6,9,x7f1d7c488370,1350,-199.38,1.0,7,[2]
6,9,x7f1d7c488370,1351,300.0,2.0,7,[2]
6,9,x7f1d7c488370,1352,-291.74,0.0,7,[0]
6,9,x7f1d7c488370,1353,-294.24,0.0,7,[0]
6,9,x7f1d7c488370,1354,-298.49,0.0,7,[0]
6,9,x7f1d7c488370,1355,-293.6,0.0,8,[0]
6,9,x7f1d7c488370,1356,-297.93,0.0,7,[0]
6,9,x7f1d7c488370,1357,-296.08,0.0,7,[0]
6,9,x7f1d7c488370,1358,-295.98,0.0,7,[0]
6,9,x7f1d7c488370,1359,-297.2,0.0,7,[0]
6,9,x7f1d7c488370,1360,-297.73,0.0,7,[0]
6,9,x7f1d7c488370,1361,-297.17,0.0,7,[0]
6,9,x7f1d7c488370,1362,200.0,1.0,2,[20]
6,9,x7f1d7c488370,1363,-296.73,0.0,7,[0]
6,9,x7f1d7c488370,1364,-296.8,0.0,7,[0]
6,9,x7f1d7c488370,1365,-297.77,0.0,6,[1]
6,9,x7f1d7c488370,1366,-298.94,0.0,6,[0]
6,9,x7f1d7c488370,1367,-292.98,0.0,7,[0]
6,9,x7f1d7c488370,1368,-298.83,0.0,6,[0]
6,9,x7f1d7c488370,1369,318.12,2.0,9,[20]
6,9,x7f1d7c488370,1370,-296.57,0.0,8,[0]
6,9,x7f1d7c488370,1371,300.0,0.0,2,[17]
6,9,x7f1d7c488370,1372,-297.79,0.0,8,[0]
6,9,x7f1d7c488370,1373,-199.74,1.0,7,[2]
6,9,x7f1d7c488370,1374,300.0,2.0,6,[2]
6,9,x7f1d7c488370,1375,-293.7,0.0,7,[0]
6,9,x7f1d7c488370,1376,-298.1,0.0,7,[0]
6,9,x7f1d7c488370,1377,-293.52,0.0,8,[0]
6,9,x7f1d7c488370,1378,-298.98,0.0,7,[1]
6,9,x7f1d7c488370,1379,300.66,2.0,8,[2]
6,9,x7f1d7c488370,1380,305.37,2.0,7,[2]
6,9,x7f1d7c488370,1381,-294.61,0.0,7,[0]
6,9,x7f1d7c488370,1382,-298.34,0.0,6,[1]
6,9,x7f1d7c488370,1383,-197.53,1.0,8,[2]
6,9,x7f1d7c488370,1384,-197.43,1.0,7,[2]
