7,10,x7fc63754fca0,1,650.0,1.0,1.0,0.0,2,[6],2
7,10,x7fc63754fca0,2,50.0,0.0,0.0,0.06,2,[6],2
7,10,x7fc63754fca0,3,550.0,0.0,1.0,0.03,2,[6],2
7,10,x7fc63754fca0,4,0.0,0.0,1.0,0.12,4,[6],1
7,10,x7fc63754fca0,5,150.0,1.0,0.0,0.06,2,[6],2
7,10,x7fc63754fca0,6,400.0,0.0,1.0,0.12,3,[6],3
7,10,x7fc63754fca0,7,50.0,0.0,0.0,0.06,2,[6],0
7,10,x7fc63754fca0,8,550.0,0.0,1.0,0.12,2,[6],3
7,10,x7fc63754fca0,9,550.0,0.0,1.0,0.0,3,[6],0
7,10,x7fc63754fca0,10,148.0,0.0,0.0,0.03,4,[6],0
7,10,x7fc63754fca0,11,-400.0,0.0,0.0,0.12,7,[6],2
7,10,x7fc63754fca0,12,250.0,1.0,0.0,0.06,7,[8],4
7,10,x7fc63754fca0,13,300.0,0.0,1.0,0.06,7,[6],3
7,10,x7fc63754fca0,14,-100.0,0.0,0.0,0.06,6,[6],0
7,10,x7fc63754fca0,15,300.0,0.0,1.0,0.06,7,[6],2
7,10,x7fc63754fca0,16,-100.0,0.0,0.0,0.06,6,[6],2
7,10,x7fc63754fca0,17,652.0,1.0,1.0,0.06,7,[7],4
7,10,x7fc63754fca0,18,300.0,0.0,0.0,0.06,7,[6],0
7,10,x7fc63754fca0,19,291.0,0.0,0.0,0.06,7,[6],0
7,10,x7fc63754fca0,20,250.0,0.0,1.0,0.07,2,[2],3
7,10,x7fc63754fca0,21,301.0,0.0,0.0,0.0,7,[6],1
7,10,x7fc63754fca0,22,300.0,0.0,0.0,0.06,7,[7],2
7,10,x7fc63754fca0,23,100.0,0.0,0.0,0.08,2,[19],2
7,10,x7fc63754fca0,24,400.0,0.0,0.0,0.08,4,[23],1
7,10,x7fc63754fca0,25,90.0,0.0,1.0,0.09,7,[0],0
7,10,x7fc63754fca0,26,-239.0,1.0,0.0,0.07,7,[2],4
7,10,x7fc63754fca0,27,500.0,1.0,1.0,0.12,4,[23],4
7,10,x7fc63754fca0,28,643.0,1.0,1.0,0.09,7,[0],3
7,10,x7fc63754fca0,29,-104.0,0.0,0.0,0.06,7,[6],1
7,10,x7fc63754fca0,30,590.0,1.0,1.0,0.07,4,[1],4
7,10,x7fc63754fca0,31,-100.0,0.0,0.0,0.06,7,[6],0
7,10,x7fc63754fca0,32,-100.0,0.0,0.0,0.08,2,[19],1
7,10,x7fc63754fca0,33,0.0,1.0,0.0,0.12,7,[6],2
7,10,x7fc63754fca0,34,300.0,0.0,1.0,0.06,7,[6],1
7,10,x7fc63754fca0,35,-100.0,0.0,0.0,0.08,2,[19],2
7,10,x7fc63754fca0,36,100.0,1.0,0.0,0.12,7,[7],1
7,10,x7fc63754fca0,37,0.0,0.0,0.0,0.07,4,[23],0
7,10,x7fc63754fca0,38,400.0,0.0,0.0,0.07,4,[23],1
7,10,x7fc63754fca0,39,-51.0,1.0,0.0,0.12,7,[8],4
7,10,x7fc63754fca0,40,200.0,1.0,0.0,0.12,4,[23],3
7,10,x7fc63754fca0,41,300.0,0.0,1.0,0.03,7,[6],1
7,10,x7fc63754fca0,42,0.0,0.0,0.0,0.08,4,[23],3
7,10,x7fc63754fca0,43,-142.0,0.0,1.0,0.12,7,[8],3
7,10,x7fc63754fca0,44,-100.0,0.0,0.0,0.06,7,[6],1
7,10,x7fc63754fca0,45,650.0,1.0,1.0,0.06,7,[8],3
7,10,x7fc63754fca0,46,650.0,1.0,1.0,0.07,4,[0],4
7,10,x7fc63754fca0,47,650.0,1.0,1.0,0.0,7,[9],3
7,10,x7fc63754fca0,48,401.0,1.0,0.0,0.06,7,[6],0
7,10,x7fc63754fca0,49,-100.0,0.0,0.0,0.06,7,[6],0
7,10,x7fc63754fca0,50,-100.0,0.0,0.0,0.06,7,[6],2
7,10,x7fc63754fca0,51,300.0,0.0,1.0,0.06,7,[6],1
7,10,x7fc63754fca0,52,-63.0,0.0,0.0,0.06,7,[6],1
7,10,x7fc63754fca0,53,-100.0,0.0,0.0,0.06,7,[6],0
7,10,x7fc63754fca0,54,8.0,0.0,0.0,0.07,4,[0],0
7,10,x7fc63754fca0,55,-67.0,0.0,0.0,0.0,7,[6],2
7,10,x7fc63754fca0,56,-100.0,0.0,0.0,0.06,7,[6],0
7,10,x7fc63754fca0,57,638.0,1.0,1.0,0.06,7,[8],3
7,10,x7fc63754fca0,58,-100.0,0.0,0.0,0.06,7,[6],0
7,10,x7fc63754fca0,59,-100.0,0.0,0.0,0.06,7,[6],2
7,10,x7fc63754fca0,60,-331.0,0.0,0.0,0.07,4,[0],0
7,10,x7fc63754fca0,61,-150.0,1.0,0.0,0.12,7,[0],4
7,10,x7fc63754fca0,62,222.0,0.0,1.0,0.07,7,[0],3
7,10,x7fc63754fca0,63,-100.0,0.0,0.0,0.06,7,[6],1
7,10,x7fc63754fca0,64,-38.0,0.0,0.0,0.07,4,[0],4
7,10,x7fc63754fca0,65,300.0,0.0,1.0,0.06,4,[23],0
7,10,x7fc63754fca0,66,400.0,0.0,0.0,0.04,2,[19],0
7,10,x7fc63754fca0,67,362.0,1.0,0.0,0.06,7,[6],3
7,10,x7fc63754fca0,68,200.0,1.0,1.0,0.07,7,[2],3
7,10,x7fc63754fca0,69,-108.0,0.0,0.0,0.06,7,[6],0
7,10,x7fc63754fca0,70,100.0,0.0,0.0,0.12,4,[23],1
7,10,x7fc63754fca0,71,-100.0,0.0,0.0,0.03,7,[6],1
7,10,x7fc63754fca0,72,638.0,1.0,1.0,0.07,4,[1],3
7,10,x7fc63754fca0,73,150.0,0.0,1.0,0.0,7,[8],3
7,10,x7fc63754fca0,74,79.0,0.0,0.0,0.07,4,[0],4
7,10,x7fc63754fca0,75,132.0,1.0,1.0,0.12,7,[2],4
7,10,x7fc63754fca0,76,-100.0,0.0,0.0,0.06,7,[7],1
7,10,x7fc63754fca0,77,250.0,0.0,0.0,0.07,2,[1],3
7,10,x7fc63754fca0,78,-323.0,0.0,0.0,0.12,4,[0],2
7,10,x7fc63754fca0,79,700.0,0.0,1.0,0.0,7,[6],2
7,10,x7fc63754fca0,80,-104.0,0.0,0.0,0.06,7,[6],1
7,10,x7fc63754fca0,81,314.0,1.0,1.0,0.07,7,[1],4
7,10,x7fc63754fca0,82,-10.0,0.0,0.0,0.07,4,[0],0
7,10,x7fc63754fca0,83,303.0,0.0,0.0,0.0,7,[6],2
7,10,x7fc63754fca0,84,-150.0,0.0,0.0,0.09,3,[0],1
7,10,x7fc63754fca0,85,0.0,0.0,0.0,0.0,7,[6],2
7,10,x7fc63754fca0,86,-60.0,0.0,0.0,0.06,7,[6],1
7,10,x7fc63754fca0,87,-350.0,0.0,0.0,0.07,3,[0],1
7,10,x7fc63754fca0,88,-100.0,0.0,0.0,0.06,7,[6],1
7,10,x7fc63754fca0,89,-105.0,0.0,0.0,0.06,7,[6],1
7,10,x7fc63754fca0,90,400.0,1.0,0.0,0.06,7,[6],1
7,10,x7fc63754fca0,91,150.0,0.0,1.0,0.06,7,[8],3
7,10,x7fc63754fca0,92,-327.0,0.0,0.0,0.09,7,[0],0
7,10,x7fc63754fca0,93,-291.0,0.0,0.0,0.09,7,[0],0
7,10,x7fc63754fca0,94,-629.0,0.0,0.0,0.09,4,[0],2
7,10,x7fc63754fca0,95,0.0,0.0,0.0,0.06,7,[7],1
7,10,x7fc63754fca0,96,409.0,1.0,0.0,0.06,6,[6],1
7,10,x7fc63754fca0,97,-99.0,0.0,0.0,0.06,7,[6],2
7,10,x7fc63754fca0,98,-100.0,0.0,0.0,0.06,7,[6],2
7,10,x7fc63754fca0,99,150.0,0.0,1.0,0.06,7,[8],3
7,10,x7fc63754fca0,100,0.0,0.0,1.0,0.12,4,[20],1
7,10,x7fc63754fca0,101,-250.0,0.0,0.0,0.09,7,[0],0
7,10,x7fc63754fca0,102,425.0,1.0,0.0,0.06,7,[6],2
7,10,x7fc63754fca0,103,114.0,0.0,1.0,0.06,7,[9],3
7,10,x7fc63754fca0,104,-150.0,0.0,0.0,0.07,3,[0],0
7,10,x7fc63754fca0,105,0.0,0.0,0.0,0.0,7,[6],3
7,10,x7fc63754fca0,106,500.0,1.0,0.0,0.06,7,[6],1
7,10,x7fc63754fca0,107,-100.0,0.0,0.0,0.06,7,[6],1
7,10,x7fc63754fca0,108,400.0,1.0,0.0,0.06,7,[6],2
7,10,x7fc63754fca0,109,400.0,1.0,0.0,0.06,7,[6],0
7,10,x7fc63754fca0,110,400.0,1.0,0.0,0.06,7,[6],1
7,10,x7fc63754fca0,111,400.0,1.0,0.0,0.06,7,[6],1
7,10,x7fc63754fca0,112,800.0,1.0,1.0,0.06,7,[6],1
7,10,x7fc63754fca0,113,-100.0,0.0,0.0,0.06,7,[6],2
7,10,x7fc63754fca0,114,100.0,0.0,0.0,0.12,4,[23],3
7,10,x7fc63754fca0,115,700.0,0.0,1.0,0.06,7,[6],1
7,10,x7fc63754fca0,116,300.0,0.0,0.0,0.06,7,[6],1
7,10,x7fc63754fca0,117,700.0,0.0,1.0,0.06,7,[6],1
7,10,x7fc63754fca0,118,0.0,0.0,0.0,0.07,4,[23],1
7,10,x7fc63754fca0,119,400.0,0.0,0.0,0.07,4,[23],1
7,10,x7fc63754fca0,120,500.0,1.0,1.0,0.09,7,[2],3
7,10,x7fc63754fca0,121,235.0,1.0,0.0,0.06,7,[8],4
7,10,x7fc63754fca0,122,400.0,0.0,0.0,0.06,7,[6],1
7,10,x7fc63754fca0,123,339.0,0.0,0.0,0.06,7,[7],1
7,10,x7fc63754fca0,124,369.0,0.0,0.0,0.06,7,[6],1
7,10,x7fc63754fca0,125,300.0,0.0,0.0,0.06,7,[7],1
7,10,x7fc63754fca0,126,100.0,0.0,0.0,0.12,4,[23],1
7,10,x7fc63754fca0,127,-100.0,0.0,0.0,0.06,7,[6],1
7,10,x7fc63754fca0,128,300.0,0.0,1.0,0.06,7,[6],0
7,10,x7fc63754fca0,129,119.0,0.0,0.0,0.07,4,[0],0
7,10,x7fc63754fca0,130,0.0,0.0,0.0,0.0,7,[6],1
7,10,x7fc63754fca0,131,0.0,0.0,0.0,0.06,7,[6],2
7,10,x7fc63754fca0,132,0.0,0.0,0.0,0.06,6,[7],2
7,10,x7fc63754fca0,133,500.0,1.0,0.0,0.06,6,[6],2
7,10,x7fc63754fca0,134,255.0,1.0,0.0,0.06,7,[6],0
7,10,x7fc63754fca0,135,301.0,0.0,0.0,0.06,6,[6],1
7,10,x7fc63754fca0,136,-400.0,0.0,0.0,0.12,7,[6],1
7,10,x7fc63754fca0,137,150.0,0.0,1.0,0.06,7,[8],3
7,10,x7fc63754fca0,138,650.0,1.0,1.0,0.07,2,[1],3
7,10,x7fc63754fca0,139,-397.0,0.0,0.0,0.07,4,[0],0
7,10,x7fc63754fca0,140,250.0,0.0,1.0,0.12,3,[2],3
7,10,x7fc63754fca0,141,700.0,0.0,1.0,0.03,3,[9],3
7,10,x7fc63754fca0,142,0.0,0.0,0.0,0.06,7,[6],1
7,10,x7fc63754fca0,143,-150.0,0.0,0.0,0.06,4,[8],3
7,10,x7fc63754fca0,144,0.0,0.0,0.0,0.06,3,[8],2
7,10,x7fc63754fca0,145,0.0,0.0,0.0,0.06,5,[7],3
7,10,x7fc63754fca0,146,400.0,0.0,1.0,0.12,4,[23],3
7,10,x7fc63754fca0,147,150.0,0.0,1.0,0.09,3,[0],3
7,10,x7fc63754fca0,148,-55.0,1.0,0.0,0.12,3,[1],4
7,10,x7fc63754fca0,149,400.0,0.0,0.0,0.06,2,[7],3
7,10,x7fc63754fca0,150,288.0,0.0,0.0,0.06,5,[6],2
7,10,x7fc63754fca0,151,200.0,0.0,0.0,0.06,2,[8],1
7,10,x7fc63754fca0,152,700.0,0.0,1.0,0.06,5,[6],1
7,10,x7fc63754fca0,153,400.0,0.0,0.0,0.06,4,[6],0
7,10,x7fc63754fca0,154,300.0,0.0,1.0,0.06,4,[8],3
7,10,x7fc63754fca0,155,157.0,0.0,0.0,0.06,3,[6],0
7,10,x7fc63754fca0,156,-300.0,0.0,0.0,0.12,4,[23],3
7,10,x7fc63754fca0,157,-647.0,0.0,0.0,0.09,4,[0],2
7,10,x7fc63754fca0,158,-155.0,1.0,0.0,0.12,4,[0],4
7,10,x7fc63754fca0,159,-323.0,0.0,0.0,0.07,3,[1],4
7,10,x7fc63754fca0,160,216.0,1.0,0.0,0.07,3,[0],2
7,10,x7fc63754fca0,161,-152.0,0.0,1.0,0.12,4,[0],3
7,10,x7fc63754fca0,162,400.0,0.0,0.0,0.06,4,[6],3
7,10,x7fc63754fca0,163,-66.0,0.0,1.0,0.07,4,[0],0
7,10,x7fc63754fca0,164,300.0,1.0,0.0,0.0,3,[6],0
7,10,x7fc63754fca0,165,-124.0,0.0,0.0,0.06,5,[6],2
7,10,x7fc63754fca0,166,-100.0,0.0,0.0,0.06,4,[7],2
7,10,x7fc63754fca0,167,300.0,0.0,1.0,0.06,4,[6],0
7,10,x7fc63754fca0,168,300.0,0.0,1.0,0.06,3,[7],1
7,10,x7fc63754fca0,169,151.0,0.0,1.0,0.06,4,[7],3
7,10,x7fc63754fca0,170,800.0,1.0,1.0,0.06,4,[8],3
7,10,x7fc63754fca0,171,400.0,0.0,1.0,0.07,3,[1],3
7,10,x7fc63754fca0,172,700.0,0.0,1.0,0.0,3,[7],3
7,10,x7fc63754fca0,173,300.0,0.0,1.0,0.06,4,[6],0
7,10,x7fc63754fca0,174,650.0,1.0,1.0,0.07,3,[0],3
7,10,x7fc63754fca0,175,353.0,1.0,0.0,0.0,4,[6],0
7,10,x7fc63754fca0,176,400.0,0.0,1.0,0.12,4,[20],3
7,10,x7fc63754fca0,177,343.0,1.0,1.0,0.12,4,[7],4
7,10,x7fc63754fca0,178,250.0,0.0,1.0,0.07,3,[2],3
7,10,x7fc63754fca0,179,500.0,1.0,0.0,0.06,4,[23],1
7,10,x7fc63754fca0,180,100.0,0.0,1.0,0.09,4,[2],3
7,10,x7fc63754fca0,181,-200.0,0.0,0.0,0.07,3,[1],4
7,10,x7fc63754fca0,182,-100.0,0.0,0.0,0.12,4,[9],2
7,10,x7fc63754fca0,183,400.0,0.0,0.0,0.06,3,[6],3
7,10,x7fc63754fca0,184,700.0,0.0,1.0,0.06,5,[6],3
7,10,x7fc63754fca0,185,400.0,0.0,1.0,0.12,4,[23],3
7,10,x7fc63754fca0,186,250.0,0.0,1.0,0.09,3,[2],3
7,10,x7fc63754fca0,187,400.0,0.0,0.0,0.0,2,[6],1
7,10,x7fc63754fca0,188,-175.0,0.0,0.0,0.07,6,[0],4
7,10,x7fc63754fca0,189,550.0,0.0,1.0,0.06,6,[8],3
7,10,x7fc63754fca0,190,201.0,0.0,1.0,0.07,7,[1],3
7,10,x7fc63754fca0,191,400.0,0.0,0.0,0.06,7,[6],3
7,10,x7fc63754fca0,192,400.0,0.0,0.0,0.06,7,[6],0
7,10,x7fc63754fca0,193,300.0,0.0,0.0,0.06,7,[6],2
7,10,x7fc63754fca0,194,300.0,0.0,0.0,0.06,7,[8],1
7,10,x7fc63754fca0,195,250.0,0.0,1.0,0.07,7,[0],3
7,10,x7fc63754fca0,196,100.0,0.0,0.0,0.12,7,[23],1
7,10,x7fc63754fca0,197,-390.0,0.0,0.0,0.12,7,[6],1
7,10,x7fc63754fca0,198,-300.0,0.0,0.0,0.12,4,[20],1
7,10,x7fc63754fca0,199,0.0,0.0,0.0,0.07,4,[23],0
7,10,x7fc63754fca0,200,348.0,1.0,1.0,0.09,6,[0],3
7,10,x7fc63754fca0,201,650.0,1.0,1.0,0.06,7,[9],4
7,10,x7fc63754fca0,202,200.0,1.0,0.0,0.08,4,[19],3
7,10,x7fc63754fca0,203,-151.0,0.0,1.0,0.12,7,[9],3
7,10,x7fc63754fca0,204,-151.0,0.0,1.0,0.12,7,[9],3
7,10,x7fc63754fca0,205,-81.0,0.0,0.0,0.06,6,[7],3
7,10,x7fc63754fca0,206,50.0,1.0,0.0,0.12,7,[8],3
7,10,x7fc63754fca0,207,400.0,0.0,1.0,0.12,2,[20],3
7,10,x7fc63754fca0,208,250.0,0.0,0.0,0.09,3,[0],4
7,10,x7fc63754fca0,209,-300.0,0.0,0.0,0.12,7,[6],2
7,10,x7fc63754fca0,210,370.0,1.0,0.0,0.06,6,[7],3
7,10,x7fc63754fca0,211,400.0,0.0,1.0,0.12,4,[23],3
7,10,x7fc63754fca0,212,100.0,0.0,0.0,0.12,7,[6],3
7,10,x7fc63754fca0,213,400.0,0.0,0.0,0.06,7,[6],3
7,10,x7fc63754fca0,214,145.0,0.0,0.0,0.09,7,[0],4
7,10,x7fc63754fca0,215,332.0,0.0,0.0,0.03,7,[6],0
7,10,x7fc63754fca0,216,100.0,0.0,0.0,0.12,7,[6],2
7,10,x7fc63754fca0,217,100.0,0.0,0.0,0.12,4,[23],3
7,10,x7fc63754fca0,218,-111.0,0.0,0.0,0.03,7,[6],0
7,10,x7fc63754fca0,219,134.0,0.0,1.0,0.09,7,[0],3
7,10,x7fc63754fca0,220,-85.0,0.0,0.0,0.06,7,[7],3
7,10,x7fc63754fca0,221,0.0,0.0,0.0,0.06,7,[6],3
7,10,x7fc63754fca0,222,-264.0,0.0,0.0,0.09,7,[0],0
7,10,x7fc63754fca0,223,-223.0,0.0,1.0,0.07,7,[1],3
7,10,x7fc63754fca0,224,140.0,0.0,1.0,0.09,7,[0],3
7,10,x7fc63754fca0,225,228.0,1.0,1.0,0.09,7,[1],4
7,10,x7fc63754fca0,226,300.0,0.0,0.0,0.03,7,[6],1
7,10,x7fc63754fca0,227,550.0,0.0,1.0,0.06,7,[9],3
7,10,x7fc63754fca0,228,544.0,0.0,1.0,0.06,7,[9],3
7,10,x7fc63754fca0,229,400.0,0.0,0.0,0.06,7,[6],3
7,10,x7fc63754fca0,230,400.0,0.0,0.0,0.06,7,[6],3
7,10,x7fc63754fca0,231,249.0,0.0,1.0,0.09,7,[0],3
7,10,x7fc63754fca0,232,0.0,0.0,0.0,0.06,7,[6],3
7,10,x7fc63754fca0,233,-155.0,0.0,1.0,0.12,7,[9],3
7,10,x7fc63754fca0,234,645.0,1.0,1.0,0.03,7,[9],4
7,10,x7fc63754fca0,235,-300.0,0.0,0.0,0.12,7,[6],3
7,10,x7fc63754fca0,236,188.0,1.0,0.0,0.09,7,[0],4
7,10,x7fc63754fca0,237,367.0,0.0,0.0,0.03,7,[6],0
7,10,x7fc63754fca0,238,248.0,0.0,1.0,0.12,7,[9],3
7,10,x7fc63754fca0,239,150.0,0.0,1.0,0.03,7,[8],3
7,10,x7fc63754fca0,240,-400.0,0.0,0.0,0.12,7,[6],2
7,10,x7fc63754fca0,241,-401.0,0.0,0.0,0.12,7,[7],1
7,10,x7fc63754fca0,242,-100.0,0.0,0.0,0.06,7,[6],1
7,10,x7fc63754fca0,243,128.0,1.0,0.0,0.07,4,[0],4
7,10,x7fc63754fca0,244,700.0,0.0,1.0,0.03,4,[19],3
7,10,x7fc63754fca0,245,323.0,0.0,1.0,0.12,7,[7],3
7,10,x7fc63754fca0,246,186.0,0.0,1.0,0.06,7,[7],3
7,10,x7fc63754fca0,247,-300.0,0.0,0.0,0.12,7,[6],2
7,10,x7fc63754fca0,248,0.0,0.0,0.0,0.06,7,[6],3
7,10,x7fc63754fca0,249,-100.0,0.0,0.0,0.06,7,[6],1
7,10,x7fc63754fca0,250,-193.0,0.0,1.0,0.07,7,[1],3
7,10,x7fc63754fca0,251,70.0,1.0,0.0,0.12,7,[6],3
7,10,x7fc63754fca0,252,150.0,0.0,0.0,0.07,3,[0],2
7,10,x7fc63754fca0,253,150.0,1.0,0.0,0.12,2,[1],0
7,10,x7fc63754fca0,254,228.0,0.0,1.0,0.07,7,[0],3
7,10,x7fc63754fca0,255,198.0,0.0,1.0,0.07,7,[0],3
7,10,x7fc63754fca0,256,400.0,0.0,1.0,0.07,4,[2],3
7,10,x7fc63754fca0,257,400.0,0.0,0.0,0.07,4,[23],3
7,10,x7fc63754fca0,258,500.0,1.0,0.0,0.07,4,[20],3
7,10,x7fc63754fca0,259,100.0,0.0,0.0,0.12,7,[6],3
7,10,x7fc63754fca0,260,293.0,0.0,0.0,0.06,7,[6],3
7,10,x7fc63754fca0,261,100.0,0.0,1.0,0.07,7,[2],3
7,10,x7fc63754fca0,262,500.0,1.0,1.0,0.12,4,[23],3
7,10,x7fc63754fca0,263,400.0,0.0,0.0,0.06,6,[6],0
7,10,x7fc63754fca0,264,260.0,0.0,0.0,0.06,7,[9],3
7,10,x7fc63754fca0,265,381.0,0.0,0.0,0.06,7,[6],1
7,10,x7fc63754fca0,266,321.0,0.0,0.0,0.06,7,[6],1
7,10,x7fc63754fca0,267,400.0,0.0,0.0,0.06,7,[6],1
7,10,x7fc63754fca0,268,250.0,0.0,0.0,0.06,7,[6],3
7,10,x7fc63754fca0,269,-300.0,1.0,0.0,0.07,7,[2],4
7,10,x7fc63754fca0,270,400.0,0.0,0.0,0.06,7,[6],3
7,10,x7fc63754fca0,271,-100.0,0.0,0.0,0.07,2,[2],0
7,10,x7fc63754fca0,272,108.0,0.0,0.0,0.07,4,[0],0
7,10,x7fc63754fca0,273,250.0,0.0,1.0,0.09,3,[2],3
7,10,x7fc63754fca0,274,538.0,0.0,1.0,0.0,7,[9],3
7,10,x7fc63754fca0,275,473.0,0.0,1.0,0.06,7,[9],3
7,10,x7fc63754fca0,276,-151.0,0.0,1.0,0.07,7,[0],3
7,10,x7fc63754fca0,277,0.0,0.0,0.0,0.06,7,[6],2
7,10,x7fc63754fca0,278,-7.0,0.0,0.0,0.12,7,[6],3
7,10,x7fc63754fca0,279,100.0,0.0,0.0,0.12,4,[23],3
7,10,x7fc63754fca0,280,100.0,0.0,0.0,0.12,7,[6],3
7,10,x7fc63754fca0,281,-150.0,0.0,1.0,0.12,7,[8],3
7,10,x7fc63754fca0,282,-300.0,0.0,0.0,0.12,4,[23],3
7,10,x7fc63754fca0,283,-170.0,0.0,1.0,0.07,7,[1],3
7,10,x7fc63754fca0,284,-193.0,0.0,1.0,0.07,7,[0],3
7,10,x7fc63754fca0,285,-52.0,0.0,0.0,0.03,7,[6],1
7,10,x7fc63754fca0,286,-100.0,0.0,0.0,0.06,7,[8],1
7,10,x7fc63754fca0,287,250.0,1.0,0.0,0.06,7,[7],4
7,10,x7fc63754fca0,288,-97.0,0.0,0.0,0.06,7,[6],1
7,10,x7fc63754fca0,289,179.0,1.0,0.0,0.09,7,[0],4
7,10,x7fc63754fca0,290,700.0,0.0,1.0,0.06,7,[6],1
7,10,x7fc63754fca0,291,-300.0,0.0,0.0,0.12,4,[23],3
7,10,x7fc63754fca0,292,300.0,0.0,1.0,0.03,7,[6],2
7,10,x7fc63754fca0,293,-142.0,0.0,0.0,0.06,7,[6],1
7,10,x7fc63754fca0,294,650.0,1.0,1.0,0.06,7,[8],4
7,10,x7fc63754fca0,295,-100.0,0.0,0.0,0.03,7,[6],1
7,10,x7fc63754fca0,296,650.0,1.0,1.0,0.06,7,[7],3
7,10,x7fc63754fca0,297,-300.0,0.0,0.0,0.12,4,[23],1
7,10,x7fc63754fca0,298,650.0,1.0,1.0,0.06,7,[6],3
7,10,x7fc63754fca0,299,150.0,0.0,1.0,0.06,7,[6],3
7,10,x7fc63754fca0,300,100.0,0.0,0.0,0.12,2,[23],3
7,10,x7fc63754fca0,301,-300.0,0.0,0.0,0.12,7,[6],3
7,10,x7fc63754fca0,302,700.0,0.0,1.0,0.04,4,[19],1
7,10,x7fc63754fca0,303,222.0,0.0,1.0,0.07,7,[1],3
7,10,x7fc63754fca0,304,150.0,0.0,0.0,0.03,7,[6],0
7,10,x7fc63754fca0,305,-455.0,0.0,0.0,0.08,3,[19],0
7,10,x7fc63754fca0,306,-449.0,0.0,0.0,0.12,7,[8],3
7,10,x7fc63754fca0,307,0.0,0.0,0.0,0.06,7,[6],1
7,10,x7fc63754fca0,308,-300.0,0.0,1.0,0.07,7,[2],3
7,10,x7fc63754fca0,309,-434.0,0.0,0.0,0.12,7,[8],3
7,10,x7fc63754fca0,310,-44.0,0.0,0.0,0.06,7,[6],2
7,10,x7fc63754fca0,311,200.0,1.0,1.0,0.07,7,[2],3
7,10,x7fc63754fca0,312,0.0,0.0,1.0,0.09,7,[2],3
7,10,x7fc63754fca0,313,-147.0,0.0,0.0,0.06,7,[8],3
7,10,x7fc63754fca0,314,-450.0,0.0,0.0,0.12,7,[8],3
7,10,x7fc63754fca0,315,250.0,0.0,0.0,0.07,3,[0],3
7,10,x7fc63754fca0,316,-300.0,0.0,0.0,0.08,8,[19],3
7,10,x7fc63754fca0,317,100.0,0.0,0.0,0.12,5,[7],3
7,10,x7fc63754fca0,318,-300.0,0.0,0.0,0.12,7,[6],1
7,10,x7fc63754fca0,319,-300.0,0.0,0.0,0.12,4,[23],3
7,10,x7fc63754fca0,320,150.0,1.0,0.0,0.09,7,[0],4
7,10,x7fc63754fca0,321,100.0,0.0,1.0,0.07,7,[2],3
7,10,x7fc63754fca0,322,-97.0,0.0,0.0,0.07,7,[0],4
7,10,x7fc63754fca0,323,-300.0,0.0,0.0,0.12,4,[20],1
7,10,x7fc63754fca0,324,-300.0,0.0,0.0,0.12,7,[6],1
7,10,x7fc63754fca0,325,0.0,0.0,0.0,0.06,7,[6],2
7,10,x7fc63754fca0,326,-259.0,0.0,0.0,0.09,7,[0],0
7,10,x7fc63754fca0,327,200.0,1.0,1.0,0.07,7,[2],3
7,10,x7fc63754fca0,328,-36.0,1.0,0.0,0.12,7,[7],4
7,10,x7fc63754fca0,329,322.0,0.0,0.0,0.06,7,[6],2
7,10,x7fc63754fca0,330,-300.0,1.0,0.0,0.07,7,[2],4
7,10,x7fc63754fca0,331,-395.0,0.0,0.0,0.12,7,[6],1
7,10,x7fc63754fca0,332,-280.0,0.0,0.0,0.07,4,[0],2
7,10,x7fc63754fca0,333,800.0,1.0,1.0,0.07,4,[23],3
7,10,x7fc63754fca0,334,800.0,1.0,1.0,0.04,4,[19],3
7,10,x7fc63754fca0,335,400.0,1.0,0.0,0.06,7,[6],2
7,10,x7fc63754fca0,336,300.0,0.0,1.0,0.06,7,[9],2
7,10,x7fc63754fca0,337,-50.0,1.0,0.0,0.12,7,[7],4
7,10,x7fc63754fca0,338,253.0,1.0,0.0,0.06,7,[7],4
7,10,x7fc63754fca0,339,150.0,0.0,1.0,0.06,7,[8],3
7,10,x7fc63754fca0,340,402.0,1.0,0.0,0.06,7,[6],4
7,10,x7fc63754fca0,341,276.0,1.0,0.0,0.06,7,[6],4
7,10,x7fc63754fca0,342,-282.0,0.0,0.0,0.07,7,[0],4
7,10,x7fc63754fca0,343,-300.0,1.0,0.0,0.07,7,[2],4
7,10,x7fc63754fca0,344,294.0,0.0,0.0,0.06,7,[6],1
7,10,x7fc63754fca0,345,300.0,0.0,0.0,0.06,7,[6],1
7,10,x7fc63754fca0,346,400.0,0.0,1.0,0.12,7,[6],2
7,10,x7fc63754fca0,347,300.0,0.0,1.0,0.06,7,[6],1
7,10,x7fc63754fca0,348,-99.0,0.0,0.0,0.06,7,[8],1
7,10,x7fc63754fca0,349,-303.0,0.0,0.0,0.07,4,[0],2
7,10,x7fc63754fca0,350,300.0,0.0,1.0,0.0,7,[6],3
7,10,x7fc63754fca0,351,0.0,0.0,0.0,0.07,4,[23],3
7,10,x7fc63754fca0,352,500.0,1.0,0.0,0.07,4,[23],4
7,10,x7fc63754fca0,353,0.0,0.0,0.0,0.07,4,[23],3
7,10,x7fc63754fca0,354,500.0,1.0,0.0,0.08,2,[20],3
7,10,x7fc63754fca0,355,500.0,1.0,0.0,0.07,4,[23],0
7,10,x7fc63754fca0,356,-400.0,0.0,0.0,0.09,2,[2],4
7,10,x7fc63754fca0,357,650.0,1.0,1.0,0.06,7,[8],4
7,10,x7fc63754fca0,358,-100.0,0.0,0.0,0.06,7,[6],1
7,10,x7fc63754fca0,359,400.0,0.0,1.0,0.12,4,[23],3
7,10,x7fc63754fca0,360,-50.0,0.0,0.0,0.09,2,[2],3
7,10,x7fc63754fca0,361,300.0,0.0,0.0,0.06,6,[6],1
7,10,x7fc63754fca0,362,250.0,0.0,0.0,0.07,2,[0],3
7,10,x7fc63754fca0,363,550.0,0.0,1.0,0.09,2,[1],3
7,10,x7fc63754fca0,364,545.0,0.0,1.0,0.06,6,[8],3
7,10,x7fc63754fca0,365,-159.0,0.0,0.0,0.06,7,[6],0
7,10,x7fc63754fca0,366,-150.0,0.0,0.0,0.07,3,[0],3
7,10,x7fc63754fca0,367,0.0,0.0,0.0,0.0,7,[6],2
7,10,x7fc63754fca0,368,200.0,1.0,0.0,0.12,4,[20],3
7,10,x7fc63754fca0,369,50.0,0.0,0.0,0.12,2,[6],1
7,10,x7fc63754fca0,370,250.0,0.0,1.0,0.07,4,[0],3
7,10,x7fc63754fca0,371,268.0,0.0,0.0,0.06,5,[6],1
7,10,x7fc63754fca0,372,466.0,0.0,1.0,0.09,7,[0],0
7,10,x7fc63754fca0,373,350.0,1.0,0.0,0.07,2,[1],3
7,10,x7fc63754fca0,374,300.0,0.0,1.0,0.06,7,[6],1
7,10,x7fc63754fca0,375,350.0,1.0,0.0,0.07,2,[0],3
7,10,x7fc63754fca0,376,152.0,1.0,0.0,0.06,6,[8],4
7,10,x7fc63754fca0,377,250.0,0.0,1.0,0.09,2,[2],3
7,10,x7fc63754fca0,378,50.0,0.0,0.0,0.07,2,[1],1
7,10,x7fc63754fca0,379,-50.0,1.0,0.0,0.12,7,[8],4
7,10,x7fc63754fca0,380,-450.0,0.0,0.0,0.07,2,[2],3
7,10,x7fc63754fca0,381,300.0,0.0,1.0,0.07,4,[23],0
7,10,x7fc63754fca0,382,-50.0,0.0,0.0,0.09,3,[2],3
7,10,x7fc63754fca0,383,-600.0,0.0,0.0,0.12,3,[2],3
7,10,x7fc63754fca0,384,0.0,0.0,0.0,0.06,3,[8],3
7,10,x7fc63754fca0,385,400.0,0.0,0.0,0.06,4,[6],3
7,10,x7fc63754fca0,386,-200.0,1.0,0.0,0.07,7,[2],4
7,10,x7fc63754fca0,387,350.0,1.0,0.0,0.07,3,[0],0
7,10,x7fc63754fca0,388,100.0,0.0,1.0,0.12,4,[2],3
7,10,x7fc63754fca0,389,-5.0,0.0,0.0,0.12,4,[7],1
7,10,x7fc63754fca0,390,-254.0,0.0,0.0,0.07,3,[0],1
7,10,x7fc63754fca0,391,80.0,0.0,1.0,0.09,7,[0],0
7,10,x7fc63754fca0,392,0.0,0.0,1.0,0.09,3,[1],3
7,10,x7fc63754fca0,393,400.0,0.0,0.0,0.0,4,[6],3
7,10,x7fc63754fca0,394,100.0,0.0,0.0,0.12,3,[9],3
7,10,x7fc63754fca0,395,300.0,0.0,1.0,0.06,5,[7],3
7,10,x7fc63754fca0,396,-300.0,0.0,0.0,0.12,4,[20],1
7,10,x7fc63754fca0,397,200.0,1.0,1.0,0.12,4,[9],3
7,10,x7fc63754fca0,398,400.0,0.0,0.0,0.06,3,[8],2
7,10,x7fc63754fca0,399,200.0,1.0,0.0,0.12,5,[20],3
7,10,x7fc63754fca0,400,200.0,1.0,0.0,0.12,3,[6],3
7,10,x7fc63754fca0,401,400.0,0.0,0.0,0.06,4,[6],3
7,10,x7fc63754fca0,402,230.0,0.0,1.0,0.07,5,[1],3
7,10,x7fc63754fca0,403,400.0,0.0,0.0,0.07,4,[23],3
7,10,x7fc63754fca0,404,400.0,0.0,0.0,0.07,5,[23],3
7,10,x7fc63754fca0,405,16.0,0.0,0.0,0.12,6,[6],1
7,10,x7fc63754fca0,406,200.0,0.0,0.0,0.03,2,[9],1
7,10,x7fc63754fca0,407,586.0,0.0,1.0,0.06,6,[6],0
7,10,x7fc63754fca0,408,250.0,0.0,0.0,0.07,3,[0],3
7,10,x7fc63754fca0,409,-300.0,0.0,0.0,0.12,6,[6],2
7,10,x7fc63754fca0,410,-305.0,0.0,0.0,0.07,3,[1],3
7,10,x7fc63754fca0,411,380.0,0.0,1.0,0.07,3,[1],3
7,10,x7fc63754fca0,412,-150.0,0.0,0.0,0.12,2,[1],0
7,10,x7fc63754fca0,413,130.0,1.0,0.0,0.09,7,[0],0
7,10,x7fc63754fca0,414,150.0,0.0,1.0,0.06,7,[8],3
7,10,x7fc63754fca0,415,-99.0,0.0,0.0,0.06,4,[6],2
7,10,x7fc63754fca0,416,800.0,1.0,1.0,0.06,2,[9],3
7,10,x7fc63754fca0,417,-150.0,0.0,1.0,0.12,5,[8],3
7,10,x7fc63754fca0,418,100.0,0.0,0.0,0.12,5,[23],3
7,10,x7fc63754fca0,419,-200.0,0.0,0.0,0.03,4,[8],2
7,10,x7fc63754fca0,420,500.0,1.0,1.0,0.09,3,[1],3
7,10,x7fc63754fca0,421,-500.0,0.0,0.0,0.12,7,[8],2
7,10,x7fc63754fca0,422,-53.0,1.0,0.0,0.12,7,[8],4
7,10,x7fc63754fca0,423,250.0,0.0,1.0,0.12,4,[9],3
7,10,x7fc63754fca0,424,185.0,0.0,1.0,0.07,4,[0],4
7,10,x7fc63754fca0,425,-300.0,1.0,0.0,0.09,3,[1],4
7,10,x7fc63754fca0,426,550.0,0.0,1.0,0.07,3,[0],3
7,10,x7fc63754fca0,427,-150.0,0.0,0.0,0.09,2,[1],3
7,10,x7fc63754fca0,428,400.0,0.0,0.0,0.07,4,[23],1
7,10,x7fc63754fca0,429,278.0,0.0,0.0,0.03,6,[6],1
7,10,x7fc63754fca0,430,550.0,0.0,1.0,0.07,2,[1],3
7,10,x7fc63754fca0,431,550.0,0.0,1.0,0.09,3,[0],3
7,10,x7fc63754fca0,432,50.0,0.0,0.0,0.06,4,[7],1
7,10,x7fc63754fca0,433,400.0,0.0,0.0,0.06,3,[9],3
7,10,x7fc63754fca0,434,400.0,0.0,1.0,0.09,3,[2],0
7,10,x7fc63754fca0,435,400.0,0.0,0.0,0.03,3,[8],0
7,10,x7fc63754fca0,436,-150.0,0.0,0.0,0.07,3,[0],2
7,10,x7fc63754fca0,437,-356.0,0.0,0.0,0.12,4,[2],4
7,10,x7fc63754fca0,438,-300.0,0.0,1.0,0.07,4,[2],3
7,10,x7fc63754fca0,439,0.0,0.0,0.0,0.06,4,[7],3
7,10,x7fc63754fca0,440,148.0,0.0,0.0,0.06,3,[6],0
7,10,x7fc63754fca0,441,136.0,0.0,0.0,0.07,3,[0],4
7,10,x7fc63754fca0,442,350.0,1.0,1.0,0.12,3,[2],3
7,10,x7fc63754fca0,443,300.0,0.0,1.0,0.0,7,[6],0
7,10,x7fc63754fca0,444,399.0,0.0,1.0,0.07,3,[1],3
7,10,x7fc63754fca0,445,800.0,1.0,1.0,0.0,4,[7],3
7,10,x7fc63754fca0,446,-4.0,0.0,0.0,0.12,4,[6],1
7,10,x7fc63754fca0,447,-450.0,0.0,0.0,0.07,3,[2],3
7,10,x7fc63754fca0,448,298.0,0.0,0.0,0.0,4,[6],1
7,10,x7fc63754fca0,449,-300.0,0.0,0.0,0.12,4,[20],3
7,10,x7fc63754fca0,450,400.0,0.0,0.0,0.03,5,[6],3
7,10,x7fc63754fca0,451,-300.0,0.0,0.0,0.08,3,[19],3
7,10,x7fc63754fca0,452,100.0,0.0,0.0,0.12,5,[6],1
7,10,x7fc63754fca0,453,-450.0,0.0,0.0,0.06,2,[9],3
7,10,x7fc63754fca0,454,-300.0,0.0,0.0,0.12,6,[7],3
7,10,x7fc63754fca0,455,-150.0,0.0,1.0,0.07,5,[0],3
7,10,x7fc63754fca0,456,100.0,0.0,0.0,0.12,4,[20],3
7,10,x7fc63754fca0,457,-50.0,0.0,0.0,0.09,3,[2],3
7,10,x7fc63754fca0,458,500.0,1.0,0.0,0.06,4,[20],3
7,10,x7fc63754fca0,459,100.0,0.0,0.0,0.12,2,[8],3
7,10,x7fc63754fca0,460,0.0,0.0,0.0,0.06,6,[6],3
7,10,x7fc63754fca0,461,100.0,0.0,0.0,0.12,4,[20],3
7,10,x7fc63754fca0,462,126.0,0.0,1.0,0.09,7,[1],3
7,10,x7fc63754fca0,463,180.0,1.0,0.0,0.07,3,[1],3
7,10,x7fc63754fca0,464,-400.0,0.0,0.0,0.12,7,[6],1
7,10,x7fc63754fca0,465,-50.0,0.0,0.0,0.09,3,[2],3
7,10,x7fc63754fca0,466,800.0,1.0,1.0,0.03,7,[6],3
7,10,x7fc63754fca0,467,200.0,1.0,0.0,0.12,7,[6],3
7,10,x7fc63754fca0,468,-101.0,0.0,0.0,0.06,7,[6],0
7,10,x7fc63754fca0,469,-400.0,0.0,0.0,0.12,7,[6],1
7,10,x7fc63754fca0,470,142.0,0.0,1.0,0.09,7,[1],3
7,10,x7fc63754fca0,471,301.0,1.0,1.0,0.07,7,[1],4
7,10,x7fc63754fca0,472,-50.0,1.0,0.0,0.12,7,[9],4
7,10,x7fc63754fca0,473,-50.0,0.0,0.0,0.12,7,[9],3
7,10,x7fc63754fca0,474,333.0,0.0,0.0,0.06,7,[6],1
7,10,x7fc63754fca0,475,278.0,0.0,0.0,0.03,7,[7],3
7,10,x7fc63754fca0,476,100.0,0.0,0.0,0.12,7,[6],1
7,10,x7fc63754fca0,477,-300.0,1.0,0.0,0.07,7,[2],4
7,10,x7fc63754fca0,478,54.0,0.0,0.0,0.09,7,[0],0
7,10,x7fc63754fca0,479,-0.0,0.0,0.0,0.12,7,[6],1
7,10,x7fc63754fca0,480,296.0,0.0,0.0,0.06,7,[7],1
7,10,x7fc63754fca0,481,300.0,0.0,0.0,0.06,7,[6],1
7,10,x7fc63754fca0,482,100.0,0.0,0.0,0.12,7,[20],1
7,10,x7fc63754fca0,483,551.0,0.0,1.0,0.03,7,[6],0
7,10,x7fc63754fca0,484,0.0,0.0,0.0,0.12,7,[6],1
7,10,x7fc63754fca0,485,300.0,0.0,0.0,0.06,7,[6],0
7,10,x7fc63754fca0,486,700.0,0.0,1.0,0.06,7,[6],1
7,10,x7fc63754fca0,487,-100.0,0.0,0.0,0.06,7,[6],0
7,10,x7fc63754fca0,488,300.0,0.0,1.0,0.06,7,[6],0
7,10,x7fc63754fca0,489,-250.0,0.0,0.0,0.09,7,[0],0
7,10,x7fc63754fca0,490,589.0,1.0,1.0,0.06,7,[8],4
7,10,x7fc63754fca0,491,195.0,1.0,0.0,0.06,7,[9],4
7,10,x7fc63754fca0,492,100.0,0.0,0.0,0.12,4,[20],3
7,10,x7fc63754fca0,493,100.0,0.0,0.0,0.12,4,[20],3
7,10,x7fc63754fca0,494,-300.0,1.0,0.0,0.07,7,[2],4
7,10,x7fc63754fca0,495,400.0,0.0,1.0,0.12,6,[6],1
7,10,x7fc63754fca0,496,350.0,1.0,0.0,0.07,2,[1],3
7,10,x7fc63754fca0,497,246.0,0.0,0.0,0.06,5,[6],1
7,10,x7fc63754fca0,498,400.0,0.0,1.0,0.12,6,[6],1
7,10,x7fc63754fca0,499,250.0,0.0,0.0,0.07,3,[0],3
7,10,x7fc63754fca0,500,100.0,1.0,1.0,0.12,6,[2],4
7,10,x7fc63754fca0,501,300.0,0.0,1.0,0.06,6,[6],1
7,10,x7fc63754fca0,502,-450.0,0.0,0.0,0.07,2,[2],3
7,10,x7fc63754fca0,503,-100.0,0.0,0.0,0.06,5,[7],1
7,10,x7fc63754fca0,504,-150.0,0.0,1.0,0.07,3,[2],3
7,10,x7fc63754fca0,505,300.0,0.0,1.0,0.0,5,[6],0
7,10,x7fc63754fca0,506,0.0,0.0,0.0,0.06,4,[6],1
7,10,x7fc63754fca0,507,0.0,0.0,1.0,0.12,3,[7],2
7,10,x7fc63754fca0,508,0.0,0.0,0.0,0.06,5,[6],1
7,10,x7fc63754fca0,509,500.0,1.0,0.0,0.06,2,[7],2
7,10,x7fc63754fca0,510,500.0,1.0,0.0,0.06,6,[6],4
7,10,x7fc63754fca0,511,-100.0,0.0,0.0,0.06,5,[7],1
7,10,x7fc63754fca0,512,-100.0,0.0,0.0,0.06,5,[6],1
7,10,x7fc63754fca0,513,400.0,0.0,1.0,0.07,3,[1],3
7,10,x7fc63754fca0,514,-75.0,0.0,0.0,0.0,4,[6],1
7,10,x7fc63754fca0,515,700.0,0.0,1.0,0.06,3,[8],0
7,10,x7fc63754fca0,516,400.0,1.0,0.0,0.06,4,[7],4
7,10,x7fc63754fca0,517,300.0,0.0,1.0,0.06,4,[7],3
7,10,x7fc63754fca0,518,250.0,0.0,0.0,0.06,3,[6],2
7,10,x7fc63754fca0,519,-100.0,0.0,0.0,0.06,4,[8],0
7,10,x7fc63754fca0,520,400.0,0.0,1.0,0.12,4,[20],3
7,10,x7fc63754fca0,521,250.0,0.0,0.0,0.07,3,[0],3
7,10,x7fc63754fca0,522,50.0,1.0,0.0,0.12,2,[2],3
7,10,x7fc63754fca0,523,399.0,0.0,1.0,0.07,3,[1],3
7,10,x7fc63754fca0,524,150.0,0.0,0.0,0.12,3,[7],1
7,10,x7fc63754fca0,525,-300.0,0.0,0.0,0.12,4,[20],3
7,10,x7fc63754fca0,526,-199.0,1.0,0.0,0.12,4,[9],4
7,10,x7fc63754fca0,527,350.0,1.0,0.0,0.06,4,[8],3
7,10,x7fc63754fca0,528,-100.0,0.0,0.0,0.06,3,[8],1
7,10,x7fc63754fca0,529,-94.0,0.0,0.0,0.06,4,[6],1
7,10,x7fc63754fca0,530,333.0,1.0,0.0,0.06,3,[9],4
7,10,x7fc63754fca0,531,-300.0,1.0,0.0,0.07,4,[2],4
7,10,x7fc63754fca0,532,400.0,0.0,0.0,0.06,2,[7],1
7,10,x7fc63754fca0,533,0.0,0.0,0.0,0.06,4,[6],1
7,10,x7fc63754fca0,534,161.0,1.0,1.0,0.07,3,[2],4
7,10,x7fc63754fca0,535,1.0,0.0,1.0,0.07,3,[1],3
7,10,x7fc63754fca0,536,400.0,1.0,0.0,0.0,7,[6],1
7,10,x7fc63754fca0,537,250.0,0.0,1.0,0.07,3,[2],3
7,10,x7fc63754fca0,538,299.0,0.0,0.0,0.0,3,[7],2
7,10,x7fc63754fca0,539,300.0,0.0,1.0,0.06,4,[6],2
7,10,x7fc63754fca0,540,50.0,0.0,0.0,0.06,2,[9],1
7,10,x7fc63754fca0,541,500.0,1.0,0.0,0.06,5,[6],3
7,10,x7fc63754fca0,542,-278.0,0.0,0.0,0.07,5,[0],4
7,10,x7fc63754fca0,543,350.0,1.0,0.0,0.07,2,[1],3
7,10,x7fc63754fca0,544,325.0,0.0,0.0,0.06,7,[6],1
7,10,x7fc63754fca0,545,0.0,0.0,0.0,0.12,6,[6],1
7,10,x7fc63754fca0,546,800.0,1.0,1.0,0.06,2,[9],4
7,10,x7fc63754fca0,547,-152.0,0.0,0.0,0.07,6,[0],4
7,10,x7fc63754fca0,548,350.0,1.0,0.0,0.07,2,[1],3
7,10,x7fc63754fca0,549,250.0,0.0,1.0,0.07,3,[2],3
7,10,x7fc63754fca0,550,300.0,0.0,0.0,0.0,7,[7],1
7,10,x7fc63754fca0,551,301.0,0.0,0.0,0.06,7,[6],0
7,10,x7fc63754fca0,552,298.0,0.0,0.0,0.06,7,[6],1
7,10,x7fc63754fca0,553,300.0,0.0,0.0,0.06,7,[7],2
7,10,x7fc63754fca0,554,300.0,0.0,0.0,0.06,7,[7],1
7,10,x7fc63754fca0,555,700.0,0.0,1.0,0.06,7,[6],1
7,10,x7fc63754fca0,556,-300.0,1.0,0.0,0.07,7,[2],4
7,10,x7fc63754fca0,557,-256.0,0.0,0.0,0.07,3,[0],1
7,10,x7fc63754fca0,558,0.0,0.0,0.0,0.0,6,[6],1
7,10,x7fc63754fca0,559,200.0,1.0,1.0,0.07,7,[2],4
7,10,x7fc63754fca0,560,-99.0,0.0,0.0,0.06,7,[6],0
7,10,x7fc63754fca0,561,-239.0,0.0,1.0,0.07,7,[1],3
7,10,x7fc63754fca0,562,0.0,0.0,0.0,0.06,7,[6],3
7,10,x7fc63754fca0,563,-67.0,1.0,0.0,0.07,7,[0],4
7,10,x7fc63754fca0,564,-300.0,0.0,1.0,0.07,7,[2],3
7,10,x7fc63754fca0,565,-402.0,0.0,0.0,0.07,4,[0],0
7,10,x7fc63754fca0,566,0.0,0.0,0.0,0.0,7,[6],2
7,10,x7fc63754fca0,567,167.0,1.0,0.0,0.06,7,[9],4
7,10,x7fc63754fca0,568,500.0,1.0,1.0,0.12,4,[23],3
7,10,x7fc63754fca0,569,300.0,0.0,1.0,0.07,4,[23],3
7,10,x7fc63754fca0,570,-400.0,0.0,0.0,0.12,7,[6],1
7,10,x7fc63754fca0,571,238.0,1.0,0.0,0.06,7,[8],4
7,10,x7fc63754fca0,572,185.0,1.0,0.0,0.06,7,[9],4
7,10,x7fc63754fca0,573,300.0,0.0,0.0,0.06,7,[7],1
7,10,x7fc63754fca0,574,-100.0,0.0,0.0,0.06,7,[7],1
7,10,x7fc63754fca0,575,300.0,0.0,1.0,0.06,7,[6],3
7,10,x7fc63754fca0,576,-94.0,1.0,0.0,0.07,7,[1],4
7,10,x7fc63754fca0,577,-170.0,1.0,0.0,0.07,7,[1],4
7,10,x7fc63754fca0,578,150.0,0.0,1.0,0.06,7,[9],3
7,10,x7fc63754fca0,579,-201.0,1.0,0.0,0.07,7,[2],4
7,10,x7fc63754fca0,580,0.0,0.0,0.0,0.06,7,[6],1
7,10,x7fc63754fca0,581,-100.0,0.0,0.0,0.06,7,[6],1
7,10,x7fc63754fca0,582,-98.0,0.0,0.0,0.06,7,[6],0
7,10,x7fc63754fca0,583,-76.0,0.0,0.0,0.06,7,[6],2
7,10,x7fc63754fca0,584,246.0,1.0,0.0,0.06,7,[8],4
7,10,x7fc63754fca0,585,150.0,0.0,1.0,0.06,7,[6],3
7,10,x7fc63754fca0,586,100.0,0.0,0.0,0.08,4,[19],3
7,10,x7fc63754fca0,587,406.0,1.0,1.0,0.09,7,[2],4
7,10,x7fc63754fca0,588,262.0,1.0,0.0,0.06,7,[8],4
7,10,x7fc63754fca0,589,194.0,1.0,0.0,0.06,7,[9],4
7,10,x7fc63754fca0,590,101.0,1.0,1.0,0.07,7,[2],4
7,10,x7fc63754fca0,591,-222.0,1.0,0.0,0.07,7,[2],4
7,10,x7fc63754fca0,592,230.0,0.0,1.0,0.06,7,[6],3
7,10,x7fc63754fca0,593,-98.0,0.0,0.0,0.06,7,[6],1
7,10,x7fc63754fca0,594,100.0,0.0,0.0,0.12,4,[20],3
7,10,x7fc63754fca0,595,205.0,0.0,1.0,0.03,7,[6],0
7,10,x7fc63754fca0,596,92.0,0.0,1.0,0.06,7,[9],3
7,10,x7fc63754fca0,597,0.0,0.0,0.0,0.06,7,[6],1
7,10,x7fc63754fca0,598,500.0,1.0,0.0,0.06,7,[6],2
7,10,x7fc63754fca0,599,200.0,1.0,1.0,0.07,7,[2],4
7,10,x7fc63754fca0,600,305.0,0.0,0.0,0.06,7,[6],1
7,10,x7fc63754fca0,601,300.0,0.0,0.0,0.06,7,[6],1
7,10,x7fc63754fca0,602,300.0,0.0,0.0,0.06,7,[6],1
7,10,x7fc63754fca0,603,300.0,0.0,0.0,0.06,6,[7],1
7,10,x7fc63754fca0,604,150.0,0.0,1.0,0.06,7,[8],3
7,10,x7fc63754fca0,605,-192.0,1.0,0.0,0.07,7,[1],4
7,10,x7fc63754fca0,606,-100.0,0.0,0.0,0.06,7,[6],1
7,10,x7fc63754fca0,607,-100.0,0.0,0.0,0.06,7,[6],2
7,10,x7fc63754fca0,608,-100.0,0.0,0.0,0.06,7,[7],1
7,10,x7fc63754fca0,609,-66.0,1.0,0.0,0.07,7,[0],4
7,10,x7fc63754fca0,610,700.0,0.0,1.0,0.06,7,[6],1
7,10,x7fc63754fca0,611,152.0,0.0,1.0,0.06,7,[7],3
7,10,x7fc63754fca0,612,-75.0,1.0,0.0,0.07,7,[1],4
7,10,x7fc63754fca0,613,300.0,0.0,0.0,0.06,6,[6],1
7,10,x7fc63754fca0,614,319.0,0.0,0.0,0.06,6,[6],1
7,10,x7fc63754fca0,615,250.0,0.0,1.0,0.07,2,[2],3
7,10,x7fc63754fca0,616,-150.0,0.0,0.0,0.07,3,[0],3
7,10,x7fc63754fca0,617,0.0,0.0,0.0,0.06,6,[6],1
7,10,x7fc63754fca0,618,250.0,0.0,1.0,0.07,2,[2],3
7,10,x7fc63754fca0,619,-100.0,0.0,0.0,0.06,5,[6],1
7,10,x7fc63754fca0,620,250.0,0.0,0.0,0.07,3,[0],1
7,10,x7fc63754fca0,621,100.0,0.0,0.0,0.07,3,[1],3
7,10,x7fc63754fca0,622,-350.0,0.0,0.0,0.07,3,[0],2
7,10,x7fc63754fca0,623,0.0,0.0,0.0,0.0,7,[6],3
7,10,x7fc63754fca0,624,500.0,1.0,0.0,0.06,7,[6],2
7,10,x7fc63754fca0,625,-3.0,0.0,0.0,0.06,7,[6],0
7,10,x7fc63754fca0,626,250.0,0.0,0.0,0.07,3,[0],3
7,10,x7fc63754fca0,627,-300.0,0.0,1.0,0.12,7,[2],3
7,10,x7fc63754fca0,628,100.0,0.0,1.0,0.07,6,[2],3
7,10,x7fc63754fca0,629,250.0,0.0,0.0,0.07,2,[1],3
7,10,x7fc63754fca0,630,-50.0,0.0,0.0,0.07,2,[2],3
7,10,x7fc63754fca0,631,293.0,1.0,0.0,0.06,6,[8],4
7,10,x7fc63754fca0,632,-125.0,1.0,0.0,0.07,6,[0],4
7,10,x7fc63754fca0,633,301.0,0.0,0.0,0.06,5,[7],1
7,10,x7fc63754fca0,634,218.0,0.0,0.0,0.06,3,[6],0
7,10,x7fc63754fca0,635,136.0,0.0,1.0,0.06,4,[9],3
7,10,x7fc63754fca0,636,-1.0,1.0,0.0,0.07,3,[1],4
7,10,x7fc63754fca0,637,-600.0,0.0,0.0,0.12,3,[1],3
7,10,x7fc63754fca0,638,0.0,0.0,0.0,0.06,5,[6],0
7,10,x7fc63754fca0,639,500.0,1.0,0.0,0.06,2,[6],1
7,10,x7fc63754fca0,640,-151.0,0.0,0.0,0.06,6,[8],3
7,10,x7fc63754fca0,641,0.0,0.0,0.0,0.07,4,[23],3
7,10,x7fc63754fca0,642,-300.0,0.0,1.0,0.09,3,[2],3
7,10,x7fc63754fca0,643,-100.0,0.0,0.0,0.06,6,[6],2
7,10,x7fc63754fca0,644,634.0,1.0,1.0,0.06,6,[8],4
7,10,x7fc63754fca0,645,400.0,1.0,0.0,0.06,7,[6],2
7,10,x7fc63754fca0,646,-149.0,0.0,0.0,0.06,7,[8],3
7,10,x7fc63754fca0,647,-100.0,0.0,0.0,0.06,6,[7],2
7,10,x7fc63754fca0,648,700.0,0.0,1.0,0.06,2,[9],3
7,10,x7fc63754fca0,649,-50.0,0.0,0.0,0.06,6,[6],2
7,10,x7fc63754fca0,650,-22.0,0.0,0.0,0.06,6,[6],1
7,10,x7fc63754fca0,651,250.0,1.0,0.0,0.06,7,[9],4
7,10,x7fc63754fca0,652,0.0,0.0,0.0,0.06,6,[6],3
7,10,x7fc63754fca0,653,250.0,0.0,0.0,0.09,3,[0],3
7,10,x7fc63754fca0,654,250.0,0.0,0.0,0.12,2,[1],3
7,10,x7fc63754fca0,655,400.0,0.0,0.0,0.06,6,[6],3
7,10,x7fc63754fca0,656,114.0,0.0,0.0,0.09,7,[0],0
7,10,x7fc63754fca0,657,205.0,0.0,0.0,0.06,6,[6],0
7,10,x7fc63754fca0,658,-0.0,0.0,0.0,0.12,7,[6],2
7,10,x7fc63754fca0,659,295.0,0.0,0.0,0.06,6,[7],2
7,10,x7fc63754fca0,660,0.0,0.0,1.0,0.12,7,[6],1
7,10,x7fc63754fca0,661,-73.0,1.0,0.0,0.12,7,[9],4
7,10,x7fc63754fca0,662,133.0,0.0,0.0,0.06,8,[6],2
7,10,x7fc63754fca0,663,-138.0,0.0,0.0,0.06,7,[7],3
7,10,x7fc63754fca0,664,-300.0,0.0,0.0,0.12,2,[23],3
7,10,x7fc63754fca0,665,-73.0,1.0,0.0,0.12,7,[9],4
7,10,x7fc63754fca0,666,-154.0,0.0,0.0,0.07,7,[0],4
7,10,x7fc63754fca0,667,250.0,0.0,0.0,0.07,3,[0],3
7,10,x7fc63754fca0,668,129.0,1.0,0.0,0.07,4,[1],4
7,10,x7fc63754fca0,669,-212.0,1.0,0.0,0.09,7,[2],4
7,10,x7fc63754fca0,670,-250.0,0.0,0.0,0.09,7,[0],0
7,10,x7fc63754fca0,671,0.0,0.0,0.0,0.06,7,[6],0
7,10,x7fc63754fca0,672,0.0,0.0,0.0,0.06,7,[6],1
7,10,x7fc63754fca0,673,100.0,0.0,0.0,0.12,4,[20],3
7,10,x7fc63754fca0,674,-300.0,0.0,0.0,0.12,6,[7],2
7,10,x7fc63754fca0,675,401.0,1.0,0.0,0.06,7,[6],1
7,10,x7fc63754fca0,676,0.0,0.0,1.0,0.12,3,[20],3
7,10,x7fc63754fca0,677,-92.0,0.0,0.0,0.09,5,[0],0
7,10,x7fc63754fca0,678,50.0,1.0,0.0,0.09,2,[1],3
7,10,x7fc63754fca0,679,-140.0,1.0,0.0,0.07,7,[1],4
7,10,x7fc63754fca0,680,-51.0,1.0,0.0,0.12,7,[8],4
7,10,x7fc63754fca0,681,302.0,0.0,0.0,0.06,7,[7],1
7,10,x7fc63754fca0,682,800.0,1.0,1.0,0.07,8,[20],3
7,10,x7fc63754fca0,683,-12.0,0.0,0.0,0.12,7,[8],1
7,10,x7fc63754fca0,684,700.0,0.0,1.0,0.06,7,[6],2
7,10,x7fc63754fca0,685,34.0,0.0,0.0,0.09,7,[0],0
7,10,x7fc63754fca0,686,300.0,0.0,0.0,0.06,7,[6],1
7,10,x7fc63754fca0,687,300.0,0.0,0.0,0.06,7,[6],1
7,10,x7fc63754fca0,688,-0.0,0.0,0.0,0.12,7,[7],1
7,10,x7fc63754fca0,689,300.0,0.0,0.0,0.06,7,[6],2
7,10,x7fc63754fca0,690,86.0,0.0,0.0,0.09,7,[0],0
7,10,x7fc63754fca0,691,300.0,0.0,0.0,0.06,7,[7],1
7,10,x7fc63754fca0,692,100.0,0.0,0.0,0.12,2,[23],3
7,10,x7fc63754fca0,693,136.0,0.0,0.0,0.09,7,[0],0
7,10,x7fc63754fca0,694,400.0,0.0,0.0,0.03,7,[6],1
7,10,x7fc63754fca0,695,200.0,1.0,1.0,0.07,7,[2],4
7,10,x7fc63754fca0,696,150.0,0.0,0.0,0.09,7,[0],0
7,10,x7fc63754fca0,697,-202.0,0.0,1.0,0.07,7,[1],3
7,10,x7fc63754fca0,698,0.0,0.0,0.0,0.06,7,[6],0
7,10,x7fc63754fca0,699,-91.0,1.0,0.0,0.12,7,[9],4
7,10,x7fc63754fca0,700,47.0,0.0,0.0,0.12,7,[7],1
7,10,x7fc63754fca0,701,-300.0,0.0,0.0,0.12,7,[6],3
7,10,x7fc63754fca0,702,147.0,1.0,0.0,0.06,7,[9],4
7,10,x7fc63754fca0,703,140.0,0.0,0.0,0.09,7,[0],0
7,10,x7fc63754fca0,704,55.0,1.0,0.0,0.09,7,[2],4
7,10,x7fc63754fca0,705,300.0,0.0,0.0,0.06,7,[6],1
7,10,x7fc63754fca0,706,250.0,0.0,1.0,0.12,7,[7],3
7,10,x7fc63754fca0,707,400.0,0.0,1.0,0.12,4,[20],3
7,10,x7fc63754fca0,708,50.0,1.0,0.0,0.07,3,[2],3
7,10,x7fc63754fca0,709,-0.0,0.0,0.0,0.12,7,[7],1
7,10,x7fc63754fca0,710,158.0,0.0,1.0,0.06,7,[6],3
7,10,x7fc63754fca0,711,145.0,1.0,0.0,0.09,7,[1],4
7,10,x7fc63754fca0,712,300.0,0.0,0.0,0.06,7,[6],1
7,10,x7fc63754fca0,713,149.0,0.0,1.0,0.09,7,[0],3
7,10,x7fc63754fca0,714,-100.0,0.0,0.0,0.06,7,[6],0
7,10,x7fc63754fca0,715,638.0,1.0,1.0,0.09,7,[0],0
7,10,x7fc63754fca0,716,301.0,0.0,0.0,0.06,6,[7],1
7,10,x7fc63754fca0,717,-39.0,0.0,0.0,0.06,7,[6],0
7,10,x7fc63754fca0,718,200.0,1.0,0.0,0.12,7,[20],4
7,10,x7fc63754fca0,719,-150.0,0.0,0.0,0.09,2,[1],3
7,10,x7fc63754fca0,720,500.0,1.0,1.0,0.12,8,[23],4
7,10,x7fc63754fca0,721,0.0,1.0,0.0,0.09,3,[1],4
7,10,x7fc63754fca0,722,100.0,0.0,0.0,0.12,4,[20],3
7,10,x7fc63754fca0,723,-150.0,1.0,0.0,0.12,7,[8],4
7,10,x7fc63754fca0,724,400.0,0.0,0.0,0.06,7,[6],1
7,10,x7fc63754fca0,725,1.0,0.0,0.0,0.12,7,[6],1
7,10,x7fc63754fca0,726,100.0,0.0,0.0,0.12,4,[20],3
7,10,x7fc63754fca0,727,1.0,0.0,0.0,0.12,7,[7],1
7,10,x7fc63754fca0,728,3.0,0.0,0.0,0.12,7,[8],1
7,10,x7fc63754fca0,729,700.0,0.0,1.0,0.06,7,[6],1
7,10,x7fc63754fca0,730,400.0,0.0,1.0,0.12,6,[6],1
7,10,x7fc63754fca0,731,-100.0,1.0,0.0,0.07,2,[2],4
7,10,x7fc63754fca0,732,-245.0,1.0,0.0,0.12,7,[9],4
7,10,x7fc63754fca0,733,700.0,0.0,1.0,0.06,6,[6],1
7,10,x7fc63754fca0,734,100.0,0.0,0.0,0.12,6,[6],1
7,10,x7fc63754fca0,735,-205.0,0.0,1.0,0.12,6,[9],3
7,10,x7fc63754fca0,736,-7.0,0.0,0.0,0.06,5,[6],0
7,10,x7fc63754fca0,737,236.0,1.0,0.0,0.06,7,[8],4
7,10,x7fc63754fca0,738,-450.0,0.0,0.0,0.07,2,[1],3
7,10,x7fc63754fca0,739,250.0,0.0,0.0,0.07,2,[1],2
7,10,x7fc63754fca0,740,0.0,0.0,0.0,0.0,7,[6],3
7,10,x7fc63754fca0,741,-300.0,0.0,0.0,0.12,4,[23],3
7,10,x7fc63754fca0,742,-85.0,1.0,0.0,0.12,7,[8],4
7,10,x7fc63754fca0,743,700.0,0.0,1.0,0.07,4,[20],0
7,10,x7fc63754fca0,744,-295.0,0.0,0.0,0.09,7,[0],0
7,10,x7fc63754fca0,745,-88.0,0.0,0.0,0.06,7,[6],0
7,10,x7fc63754fca0,746,650.0,1.0,1.0,0.06,7,[9],4
7,10,x7fc63754fca0,747,281.0,1.0,1.0,0.12,7,[9],3
7,10,x7fc63754fca0,748,400.0,0.0,0.0,0.07,4,[23],3
7,10,x7fc63754fca0,749,7.0,0.0,0.0,0.12,7,[7],1
7,10,x7fc63754fca0,750,200.0,1.0,1.0,0.07,7,[2],3
7,10,x7fc63754fca0,751,400.0,0.0,0.0,0.06,7,[6],2
7,10,x7fc63754fca0,752,338.0,0.0,0.0,0.06,7,[6],1
7,10,x7fc63754fca0,753,316.0,0.0,0.0,0.06,7,[6],1
7,10,x7fc63754fca0,754,250.0,0.0,0.0,0.07,2,[0],3
7,10,x7fc63754fca0,755,301.0,0.0,0.0,0.06,7,[6],2
7,10,x7fc63754fca0,756,300.0,0.0,0.0,0.06,7,[6],0
7,10,x7fc63754fca0,757,300.0,0.0,0.0,0.06,7,[7],2
7,10,x7fc63754fca0,758,300.0,0.0,0.0,0.06,7,[6],1
7,10,x7fc63754fca0,759,150.0,0.0,1.0,0.06,7,[7],3
7,10,x7fc63754fca0,760,-282.0,1.0,0.0,0.07,7,[2],4
7,10,x7fc63754fca0,761,-100.0,0.0,0.0,0.06,7,[6],1
7,10,x7fc63754fca0,762,178.0,0.0,1.0,0.06,7,[6],3
7,10,x7fc63754fca0,763,200.0,0.0,1.0,0.07,2,[2],4
7,10,x7fc63754fca0,764,164.0,0.0,1.0,0.06,7,[6],0
7,10,x7fc63754fca0,765,251.0,1.0,0.0,0.06,7,[9],4
7,10,x7fc63754fca0,766,300.0,0.0,0.0,0.06,7,[6],1
7,10,x7fc63754fca0,767,113.0,0.0,0.0,0.09,7,[0],0
7,10,x7fc63754fca0,768,550.0,0.0,1.0,0.09,2,[0],2
7,10,x7fc63754fca0,769,300.0,0.0,1.0,0.0,7,[6],3
7,10,x7fc63754fca0,770,214.0,1.0,0.0,0.06,7,[9],4
7,10,x7fc63754fca0,771,150.0,0.0,1.0,0.06,7,[8],3
7,10,x7fc63754fca0,772,-236.0,1.0,0.0,0.07,7,[1],4
7,10,x7fc63754fca0,773,301.0,0.0,0.0,0.06,7,[7],1
7,10,x7fc63754fca0,774,400.0,0.0,0.0,0.06,7,[6],1
7,10,x7fc63754fca0,775,400.0,0.0,0.0,0.06,7,[6],0
7,10,x7fc63754fca0,776,400.0,0.0,0.0,0.06,7,[6],2
7,10,x7fc63754fca0,777,301.0,0.0,0.0,0.06,7,[6],1
7,10,x7fc63754fca0,778,302.0,0.0,0.0,0.06,7,[6],1
7,10,x7fc63754fca0,779,145.0,0.0,1.0,0.06,7,[8],3
7,10,x7fc63754fca0,780,0.0,0.0,0.0,0.06,7,[6],3
7,10,x7fc63754fca0,781,207.0,1.0,0.0,0.06,7,[9],4
7,10,x7fc63754fca0,782,-450.0,0.0,0.0,0.07,2,[1],3
7,10,x7fc63754fca0,783,195.0,1.0,0.0,0.09,7,[0],4
7,10,x7fc63754fca0,784,30.0,0.0,0.0,0.09,7,[0],0
7,10,x7fc63754fca0,785,339.0,0.0,0.0,0.06,7,[6],1
7,10,x7fc63754fca0,786,100.0,0.0,0.0,0.12,4,[23],3
7,10,x7fc63754fca0,787,306.0,0.0,0.0,0.03,7,[6],2
7,10,x7fc63754fca0,788,250.0,0.0,0.0,0.07,3,[0],3
7,10,x7fc63754fca0,789,324.0,0.0,0.0,0.0,7,[6],1
7,10,x7fc63754fca0,790,395.0,0.0,1.0,0.07,3,[1],3
7,10,x7fc63754fca0,791,150.0,0.0,1.0,0.06,7,[8],3
7,10,x7fc63754fca0,792,0.0,0.0,0.0,0.12,7,[7],1
7,10,x7fc63754fca0,793,150.0,0.0,1.0,0.06,7,[8],3
7,10,x7fc63754fca0,794,567.0,1.0,1.0,0.06,7,[9],4
7,10,x7fc63754fca0,795,400.0,0.0,0.0,0.06,7,[6],1
7,10,x7fc63754fca0,796,301.0,0.0,0.0,0.06,7,[6],1
7,10,x7fc63754fca0,797,400.0,0.0,0.0,0.06,7,[6],2
7,10,x7fc63754fca0,798,250.0,0.0,1.0,0.07,3,[2],3
7,10,x7fc63754fca0,799,300.0,0.0,0.0,0.06,7,[7],1
7,10,x7fc63754fca0,800,150.0,0.0,0.0,0.06,6,[6],2
7,10,x7fc63754fca0,801,3.0,0.0,0.0,0.12,7,[6],1
7,10,x7fc63754fca0,802,151.0,0.0,1.0,0.06,7,[6],3
7,10,x7fc63754fca0,803,200.0,1.0,1.0,0.07,6,[2],3
7,10,x7fc63754fca0,804,170.0,1.0,0.0,0.06,7,[9],4
7,10,x7fc63754fca0,805,106.0,0.0,0.0,0.09,7,[0],0
7,10,x7fc63754fca0,806,354.0,0.0,0.0,0.06,7,[7],3
7,10,x7fc63754fca0,807,-212.0,1.0,0.0,0.07,7,[2],4
7,10,x7fc63754fca0,808,400.0,0.0,0.0,0.06,7,[6],1
7,10,x7fc63754fca0,809,300.0,0.0,0.0,0.06,7,[6],0
7,10,x7fc63754fca0,810,0.0,1.0,0.0,0.09,7,[2],4
7,10,x7fc63754fca0,811,300.0,0.0,0.0,0.06,7,[6],0
7,10,x7fc63754fca0,812,150.0,0.0,1.0,0.06,7,[8],3
7,10,x7fc63754fca0,813,216.0,1.0,0.0,0.03,7,[9],4
7,10,x7fc63754fca0,814,47.0,1.0,0.0,0.07,4,[2],4
7,10,x7fc63754fca0,815,400.0,0.0,0.0,0.06,4,[23],3
7,10,x7fc63754fca0,816,143.0,0.0,0.0,0.09,7,[0],0
7,10,x7fc63754fca0,817,300.0,0.0,0.0,0.06,7,[6],1
7,10,x7fc63754fca0,818,700.0,0.0,1.0,0.06,7,[6],1
7,10,x7fc63754fca0,819,300.0,0.0,0.0,0.06,7,[6],1
7,10,x7fc63754fca0,820,298.0,0.0,0.0,0.06,7,[6],2
7,10,x7fc63754fca0,821,299.0,0.0,0.0,0.06,7,[9],1
7,10,x7fc63754fca0,822,519.0,0.0,1.0,0.09,7,[0],0
7,10,x7fc63754fca0,823,298.0,0.0,0.0,0.06,7,[9],1
7,10,x7fc63754fca0,824,300.0,0.0,0.0,0.06,7,[6],2
7,10,x7fc63754fca0,825,156.0,0.0,1.0,0.06,7,[7],3
7,10,x7fc63754fca0,826,57.0,1.0,0.0,0.06,7,[9],4
7,10,x7fc63754fca0,827,0.0,0.0,0.0,0.06,7,[6],0
7,10,x7fc63754fca0,828,-100.0,0.0,0.0,0.07,2,[2],4
7,10,x7fc63754fca0,829,147.0,1.0,0.0,0.06,7,[9],4
7,10,x7fc63754fca0,830,100.0,0.0,0.0,0.12,4,[23],3
7,10,x7fc63754fca0,831,270.0,0.0,1.0,0.12,7,[7],3
7,10,x7fc63754fca0,832,400.0,0.0,0.0,0.06,7,[6],1
7,10,x7fc63754fca0,833,0.0,0.0,0.0,0.06,7,[6],3
7,10,x7fc63754fca0,834,200.0,1.0,0.0,0.08,2,[19],4
7,10,x7fc63754fca0,835,338.0,1.0,1.0,0.12,7,[9],4
7,10,x7fc63754fca0,836,400.0,0.0,0.0,0.06,7,[6],1
7,10,x7fc63754fca0,837,200.0,1.0,0.0,0.08,2,[19],4
7,10,x7fc63754fca0,838,172.0,0.0,0.0,0.09,7,[0],0
7,10,x7fc63754fca0,839,-300.0,1.0,0.0,0.07,7,[2],4
7,10,x7fc63754fca0,840,302.0,0.0,0.0,0.06,7,[6],0
7,10,x7fc63754fca0,841,459.0,0.0,1.0,0.09,7,[0],0
7,10,x7fc63754fca0,842,309.0,0.0,0.0,0.06,7,[6],1
7,10,x7fc63754fca0,843,150.0,0.0,1.0,0.06,7,[7],3
7,10,x7fc63754fca0,844,150.0,0.0,1.0,0.06,7,[8],3
7,10,x7fc63754fca0,845,508.0,1.0,1.0,0.06,7,[9],4
7,10,x7fc63754fca0,846,300.0,0.0,1.0,0.07,4,[23],3
7,10,x7fc63754fca0,847,43.0,1.0,0.0,0.09,7,[1],4
7,10,x7fc63754fca0,848,400.0,0.0,0.0,0.06,7,[6],0
7,10,x7fc63754fca0,849,-100.0,0.0,0.0,0.06,7,[6],0
7,10,x7fc63754fca0,850,139.0,1.0,0.0,0.06,7,[9],4
7,10,x7fc63754fca0,851,300.0,0.0,0.0,0.06,7,[8],1
7,10,x7fc63754fca0,852,700.0,0.0,1.0,0.06,7,[6],1
7,10,x7fc63754fca0,853,700.0,0.0,1.0,0.06,7,[6],1
7,10,x7fc63754fca0,854,301.0,0.0,0.0,0.06,7,[6],0
7,10,x7fc63754fca0,855,104.0,0.0,0.0,0.09,7,[0],0
7,10,x7fc63754fca0,856,300.0,0.0,0.0,0.06,7,[6],1
7,10,x7fc63754fca0,857,300.0,0.0,0.0,0.06,7,[7],1
7,10,x7fc63754fca0,858,700.0,0.0,1.0,0.06,7,[6],1
7,10,x7fc63754fca0,859,-141.0,0.0,0.0,0.06,7,[7],3
7,10,x7fc63754fca0,860,222.0,1.0,0.0,0.06,7,[9],4
7,10,x7fc63754fca0,861,319.0,0.0,0.0,0.06,7,[7],1
7,10,x7fc63754fca0,862,400.0,0.0,0.0,0.06,7,[6],1
7,10,x7fc63754fca0,863,400.0,0.0,0.0,0.06,6,[6],1
7,10,x7fc63754fca0,864,350.0,1.0,0.0,0.09,2,[1],3
7,10,x7fc63754fca0,865,0.0,0.0,0.0,0.12,6,[6],1
7,10,x7fc63754fca0,866,250.0,0.0,0.0,0.06,4,[6],3
7,10,x7fc63754fca0,867,500.0,1.0,0.0,0.06,2,[9],0
7,10,x7fc63754fca0,868,300.0,1.0,0.0,0.06,2,[9],4
7,10,x7fc63754fca0,869,302.0,0.0,0.0,0.06,6,[6],1
7,10,x7fc63754fca0,870,300.0,0.0,0.0,0.06,6,[6],1
7,10,x7fc63754fca0,871,550.0,0.0,1.0,0.07,2,[1],3
7,10,x7fc63754fca0,872,-100.0,0.0,0.0,0.09,5,[2],4
7,10,x7fc63754fca0,873,300.0,0.0,0.0,0.06,5,[6],0
7,10,x7fc63754fca0,874,0.0,1.0,0.0,0.09,3,[2],4
7,10,x7fc63754fca0,875,299.0,0.0,0.0,0.06,5,[6],1
7,10,x7fc63754fca0,876,400.0,0.0,0.0,0.06,3,[8],3
7,10,x7fc63754fca0,877,300.0,0.0,0.0,0.06,5,[6],1
7,10,x7fc63754fca0,878,700.0,0.0,1.0,0.06,5,[6],2
7,10,x7fc63754fca0,879,307.0,1.0,1.0,0.07,7,[1],3
7,10,x7fc63754fca0,880,0.0,0.0,0.0,0.06,7,[6],3
7,10,x7fc63754fca0,881,246.0,1.0,0.0,0.06,7,[9],4
7,10,x7fc63754fca0,882,343.0,0.0,0.0,0.06,7,[6],1
7,10,x7fc63754fca0,883,300.0,1.0,1.0,0.07,2,[2],4
7,10,x7fc63754fca0,884,-107.0,0.0,0.0,0.06,7,[6],3
7,10,x7fc63754fca0,885,209.0,1.0,0.0,0.09,7,[1],4
7,10,x7fc63754fca0,886,300.0,0.0,0.0,0.06,7,[6],2
7,10,x7fc63754fca0,887,100.0,0.0,0.0,0.12,4,[23],3
7,10,x7fc63754fca0,888,280.0,0.0,0.0,0.06,7,[6],2
7,10,x7fc63754fca0,889,300.0,0.0,0.0,0.06,7,[6],1
7,10,x7fc63754fca0,890,-135.0,0.0,0.0,0.04,8,[19],3
7,10,x7fc63754fca0,891,-147.0,0.0,1.0,0.12,7,[6],3
7,10,x7fc63754fca0,892,177.0,1.0,1.0,0.07,7,[1],4
7,10,x7fc63754fca0,893,119.0,0.0,0.0,0.09,7,[0],0
7,10,x7fc63754fca0,894,300.0,0.0,0.0,0.06,7,[8],1
7,10,x7fc63754fca0,895,0.0,0.0,0.0,0.12,7,[8],1
7,10,x7fc63754fca0,896,400.0,0.0,1.0,0.12,7,[6],3
7,10,x7fc63754fca0,897,700.0,0.0,1.0,0.06,7,[6],1
7,10,x7fc63754fca0,898,151.0,0.0,1.0,0.06,7,[6],3
7,10,x7fc63754fca0,899,208.0,1.0,0.0,0.06,7,[9],4
7,10,x7fc63754fca0,900,67.0,0.0,1.0,0.06,7,[9],3
7,10,x7fc63754fca0,901,634.0,1.0,1.0,0.06,7,[9],4
7,10,x7fc63754fca0,902,92.0,0.0,0.0,0.12,7,[6],1
7,10,x7fc63754fca0,903,316.0,0.0,0.0,0.06,6,[7],1
7,10,x7fc63754fca0,904,-395.0,0.0,0.0,0.12,7,[6],3
7,10,x7fc63754fca0,905,130.0,1.0,0.0,0.06,7,[9],4
7,10,x7fc63754fca0,906,128.0,0.0,1.0,0.06,7,[9],3
7,10,x7fc63754fca0,907,-107.0,0.0,0.0,0.06,7,[6],0
7,10,x7fc63754fca0,908,205.0,1.0,0.0,0.06,7,[8],4
7,10,x7fc63754fca0,909,0.0,0.0,0.0,0.06,7,[6],0
7,10,x7fc63754fca0,910,239.0,1.0,0.0,0.06,7,[7],4
7,10,x7fc63754fca0,911,0.0,0.0,0.0,0.06,7,[6],3
7,10,x7fc63754fca0,912,100.0,0.0,0.0,0.12,4,[23],3
7,10,x7fc63754fca0,913,-72.0,1.0,0.0,0.12,7,[8],4
7,10,x7fc63754fca0,914,318.0,0.0,0.0,0.06,7,[6],1
7,10,x7fc63754fca0,915,303.0,0.0,0.0,0.06,7,[6],0
7,10,x7fc63754fca0,916,-101.0,0.0,0.0,0.06,7,[6],1
7,10,x7fc63754fca0,917,-100.0,0.0,0.0,0.06,6,[6],1
7,10,x7fc63754fca0,918,250.0,0.0,1.0,0.07,3,[2],3
7,10,x7fc63754fca0,919,152.0,0.0,1.0,0.0,5,[7],3
7,10,x7fc63754fca0,920,350.0,1.0,1.0,0.07,3,[2],4
7,10,x7fc63754fca0,921,567.0,1.0,1.0,0.0,7,[9],3
7,10,x7fc63754fca0,922,-150.0,0.0,0.0,0.07,3,[0],3
7,10,x7fc63754fca0,923,-260.0,1.0,0.0,0.12,4,[1],4
7,10,x7fc63754fca0,924,-300.0,0.0,1.0,0.12,5,[2],3
7,10,x7fc63754fca0,925,-402.0,0.0,0.0,0.09,7,[0],0
7,10,x7fc63754fca0,926,-300.0,1.0,0.0,0.07,2,[1],4
7,10,x7fc63754fca0,927,301.0,0.0,0.0,0.06,7,[6],1
7,10,x7fc63754fca0,928,-72.0,0.0,0.0,0.07,3,[1],2
7,10,x7fc63754fca0,929,349.0,1.0,1.0,0.12,4,[1],3
7,10,x7fc63754fca0,930,100.0,0.0,1.0,0.07,3,[1],3
7,10,x7fc63754fca0,931,200.0,0.0,0.0,0.06,2,[9],2
7,10,x7fc63754fca0,932,395.0,0.0,0.0,0.06,5,[6],1
7,10,x7fc63754fca0,933,-31.0,0.0,0.0,0.07,4,[0],2
7,10,x7fc63754fca0,934,400.0,0.0,1.0,0.09,4,[2],0
7,10,x7fc63754fca0,935,0.0,0.0,0.0,0.06,3,[9],3
7,10,x7fc63754fca0,936,-75.0,1.0,0.0,0.07,7,[0],4
7,10,x7fc63754fca0,937,-193.0,0.0,1.0,0.07,4,[1],3
7,10,x7fc63754fca0,938,-450.0,0.0,0.0,0.12,2,[1],3
7,10,x7fc63754fca0,939,300.0,0.0,1.0,0.0,3,[8],3
7,10,x7fc63754fca0,940,-450.0,0.0,0.0,0.07,2,[2],3
7,10,x7fc63754fca0,941,400.0,0.0,0.0,0.03,5,[6],1
7,10,x7fc63754fca0,942,-100.0,1.0,0.0,0.07,2,[2],4
7,10,x7fc63754fca0,943,301.0,0.0,0.0,0.06,7,[6],2
7,10,x7fc63754fca0,944,-100.0,0.0,1.0,0.09,2,[2],2
7,10,x7fc63754fca0,945,550.0,0.0,1.0,0.09,2,[0],3
7,10,x7fc63754fca0,946,-100.0,0.0,0.0,0.06,7,[6],0
7,10,x7fc63754fca0,947,-51.0,1.0,0.0,0.12,7,[9],4
7,10,x7fc63754fca0,948,300.0,0.0,0.0,0.06,7,[6],1
7,10,x7fc63754fca0,949,200.0,1.0,0.0,0.08,8,[19],4
7,10,x7fc63754fca0,950,-4.0,0.0,0.0,0.12,7,[6],2
7,10,x7fc63754fca0,951,251.0,0.0,0.0,0.06,7,[6],1
7,10,x7fc63754fca0,952,700.0,0.0,1.0,0.06,7,[6],1
7,10,x7fc63754fca0,953,550.0,0.0,1.0,0.06,7,[7],3
7,10,x7fc63754fca0,954,99.0,0.0,0.0,0.09,3,[1],3
7,10,x7fc63754fca0,955,270.0,1.0,1.0,0.12,7,[1],3
7,10,x7fc63754fca0,956,24.0,0.0,0.0,0.12,7,[8],2
7,10,x7fc63754fca0,957,100.0,0.0,0.0,0.12,7,[6],1
7,10,x7fc63754fca0,958,400.0,0.0,0.0,0.06,7,[6],1
7,10,x7fc63754fca0,959,100.0,0.0,0.0,0.12,7,[6],1
7,10,x7fc63754fca0,960,-150.0,0.0,0.0,0.06,7,[7],3
7,10,x7fc63754fca0,961,177.0,1.0,0.0,0.06,7,[9],4
7,10,x7fc63754fca0,962,-218.0,0.0,0.0,0.06,7,[6],0
7,10,x7fc63754fca0,963,-100.0,0.0,0.0,0.07,2,[2],2
7,10,x7fc63754fca0,964,172.0,1.0,0.0,0.06,7,[9],4
7,10,x7fc63754fca0,965,146.0,0.0,1.0,0.03,7,[8],3
7,10,x7fc63754fca0,966,561.0,1.0,1.0,0.06,7,[9],4
7,10,x7fc63754fca0,967,-300.0,0.0,1.0,0.09,7,[2],3
7,10,x7fc63754fca0,968,-36.0,1.0,0.0,0.07,8,[1],4
7,10,x7fc63754fca0,969,-107.0,1.0,0.0,0.07,8,[1],4
7,10,x7fc63754fca0,970,143.0,0.0,1.0,0.07,7,[0],4
7,10,x7fc63754fca0,971,500.0,1.0,1.0,0.08,8,[19],4
7,10,x7fc63754fca0,972,100.0,0.0,0.0,0.12,7,[6],1
7,10,x7fc63754fca0,973,-131.0,0.0,0.0,0.07,8,[0],4
7,10,x7fc63754fca0,974,0.0,0.0,0.0,0.06,7,[6],2
7,10,x7fc63754fca0,975,451.0,1.0,1.0,0.06,7,[9],4
7,10,x7fc63754fca0,976,0.0,0.0,0.0,0.06,7,[6],3
7,10,x7fc63754fca0,977,161.0,1.0,0.0,0.06,7,[9],4
7,10,x7fc63754fca0,978,400.0,0.0,0.0,0.06,7,[6],1
7,10,x7fc63754fca0,979,89.0,0.0,0.0,0.09,7,[0],0
7,10,x7fc63754fca0,980,-68.0,0.0,0.0,0.07,8,[0],4
7,10,x7fc63754fca0,981,301.0,0.0,0.0,0.06,7,[8],2
7,10,x7fc63754fca0,982,400.0,0.0,1.0,0.07,3,[1],3
7,10,x7fc63754fca0,983,105.0,0.0,0.0,0.09,7,[0],0
7,10,x7fc63754fca0,984,319.0,0.0,0.0,0.06,7,[6],1
7,10,x7fc63754fca0,985,128.0,0.0,0.0,0.09,7,[0],0
7,10,x7fc63754fca0,986,301.0,0.0,0.0,0.06,7,[6],1
7,10,x7fc63754fca0,987,300.0,0.0,0.0,0.06,7,[7],1
7,10,x7fc63754fca0,988,700.0,0.0,1.0,0.06,7,[6],1
7,10,x7fc63754fca0,989,700.0,0.0,1.0,0.06,7,[6],1
7,10,x7fc63754fca0,990,-100.0,0.0,0.0,0.07,7,[0],1
7,10,x7fc63754fca0,991,299.0,0.0,0.0,0.06,7,[6],1
7,10,x7fc63754fca0,992,200.0,1.0,0.0,0.08,8,[19],4
7,10,x7fc63754fca0,993,150.0,0.0,1.0,0.06,7,[8],3
7,10,x7fc63754fca0,994,-167.0,1.0,0.0,0.12,7,[9],4
7,10,x7fc63754fca0,995,386.0,0.0,0.0,0.06,7,[6],2
7,10,x7fc63754fca0,996,23.0,0.0,0.0,0.12,7,[6],1
7,10,x7fc63754fca0,997,314.0,0.0,0.0,0.06,7,[6],1
7,10,x7fc63754fca0,998,550.0,0.0,1.0,0.06,7,[6],3
7,10,x7fc63754fca0,999,100.0,0.0,0.0,0.12,7,[6],1
7,10,x7fc63754fca0,1000,302.0,0.0,0.0,0.06,7,[8],2
7,10,x7fc63754fca0,1001,400.0,0.0,0.0,0.06,7,[6],1
7,10,x7fc63754fca0,1002,400.0,0.0,0.0,0.06,7,[6],1
7,10,x7fc63754fca0,1003,302.0,0.0,0.0,0.06,7,[6],1
7,10,x7fc63754fca0,1004,250.0,0.0,1.0,0.07,2,[2],3
7,10,x7fc63754fca0,1005,0.0,0.0,0.0,0.12,7,[7],1
7,10,x7fc63754fca0,1006,150.0,0.0,1.0,0.06,7,[8],3
7,10,x7fc63754fca0,1007,41.0,0.0,0.0,0.09,7,[0],0
7,10,x7fc63754fca0,1008,2.0,0.0,0.0,0.12,7,[6],1
7,10,x7fc63754fca0,1009,100.0,0.0,0.0,0.12,4,[20],3
7,10,x7fc63754fca0,1010,253.0,0.0,1.0,0.12,7,[7],3
7,10,x7fc63754fca0,1011,0.0,0.0,0.0,0.12,6,[6],1
7,10,x7fc63754fca0,1012,250.0,0.0,1.0,0.07,2,[2],3
7,10,x7fc63754fca0,1013,400.0,0.0,0.0,0.07,4,[20],3
7,10,x7fc63754fca0,1014,700.0,0.0,1.0,0.06,7,[6],0
7,10,x7fc63754fca0,1015,149.0,0.0,1.0,0.09,7,[0],0
7,10,x7fc63754fca0,1016,-390.0,0.0,0.0,0.12,7,[6],3
7,10,x7fc63754fca0,1017,-295.0,1.0,0.0,0.09,7,[2],4
7,10,x7fc63754fca0,1018,400.0,0.0,0.0,0.06,7,[6],1
7,10,x7fc63754fca0,1019,400.0,0.0,0.0,0.06,7,[6],1
7,10,x7fc63754fca0,1020,307.0,0.0,0.0,0.06,7,[6],1
7,10,x7fc63754fca0,1021,299.0,0.0,0.0,0.06,7,[9],1
7,10,x7fc63754fca0,1022,300.0,0.0,0.0,0.06,7,[6],1
7,10,x7fc63754fca0,1023,100.0,0.0,0.0,0.12,4,[20],3
7,10,x7fc63754fca0,1024,280.0,0.0,0.0,0.09,7,[0],0
7,10,x7fc63754fca0,1025,100.0,0.0,0.0,0.12,4,[20],3
7,10,x7fc63754fca0,1026,700.0,0.0,1.0,0.06,7,[6],2
7,10,x7fc63754fca0,1027,300.0,0.0,0.0,0.06,7,[7],2
7,10,x7fc63754fca0,1028,300.0,0.0,1.0,0.06,7,[6],3
7,10,x7fc63754fca0,1029,0.0,1.0,0.0,0.07,2,[2],4
7,10,x7fc63754fca0,1030,11.0,0.0,0.0,0.07,4,[0],4
7,10,x7fc63754fca0,1031,300.0,0.0,0.0,0.0,7,[7],1
7,10,x7fc63754fca0,1032,104.0,0.0,0.0,0.07,4,[0],4
7,10,x7fc63754fca0,1033,300.0,0.0,0.0,0.06,7,[6],1
7,10,x7fc63754fca0,1034,-0.0,0.0,0.0,0.12,7,[6],1
7,10,x7fc63754fca0,1035,0.0,0.0,0.0,0.07,4,[20],3
7,10,x7fc63754fca0,1036,400.0,0.0,0.0,0.03,6,[6],1
7,10,x7fc63754fca0,1037,250.0,0.0,1.0,0.07,3,[2],3
7,10,x7fc63754fca0,1038,274.0,0.0,0.0,0.0,5,[6],3
7,10,x7fc63754fca0,1039,250.0,0.0,0.0,0.07,3,[0],3
7,10,x7fc63754fca0,1040,400.0,0.0,0.0,0.0,6,[6],1
7,10,x7fc63754fca0,1041,395.0,0.0,0.0,0.06,5,[6],1
7,10,x7fc63754fca0,1042,400.0,0.0,0.0,0.06,5,[6],1
7,10,x7fc63754fca0,1043,700.0,0.0,1.0,0.06,3,[7],0
7,10,x7fc63754fca0,1044,0.0,0.0,0.0,0.06,5,[6],1
7,10,x7fc63754fca0,1045,-150.0,0.0,0.0,0.07,3,[0],3
7,10,x7fc63754fca0,1046,200.0,1.0,1.0,0.07,6,[2],4
7,10,x7fc63754fca0,1047,100.0,0.0,0.0,0.12,4,[20],3
7,10,x7fc63754fca0,1048,250.0,0.0,0.0,0.09,2,[0],3
7,10,x7fc63754fca0,1049,-1.0,0.0,0.0,0.06,6,[6],1
7,10,x7fc63754fca0,1050,-50.0,0.0,0.0,0.07,2,[2],3
7,10,x7fc63754fca0,1051,220.0,1.0,0.0,0.06,6,[9],4
7,10,x7fc63754fca0,1052,250.0,0.0,0.0,0.09,3,[0],4
7,10,x7fc63754fca0,1053,-50.0,0.0,0.0,0.12,2,[2],3
7,10,x7fc63754fca0,1054,400.0,0.0,0.0,0.06,6,[6],1
7,10,x7fc63754fca0,1055,312.0,0.0,0.0,0.06,7,[6],1
7,10,x7fc63754fca0,1056,100.0,0.0,0.0,0.12,4,[20],3
7,10,x7fc63754fca0,1057,0.0,0.0,0.0,0.12,6,[6],1
7,10,x7fc63754fca0,1058,700.0,0.0,1.0,0.06,2,[9],3
7,10,x7fc63754fca0,1059,72.0,1.0,0.0,0.07,3,[1],4
7,10,x7fc63754fca0,1060,198.0,1.0,0.0,0.0,7,[9],4
7,10,x7fc63754fca0,1061,21.0,1.0,0.0,0.07,4,[1],4
7,10,x7fc63754fca0,1062,-151.0,1.0,0.0,0.12,7,[8],4
7,10,x7fc63754fca0,1063,300.0,0.0,0.0,0.06,7,[6],1
7,10,x7fc63754fca0,1064,-9.0,0.0,0.0,0.07,7,[0],1
7,10,x7fc63754fca0,1065,700.0,0.0,1.0,0.06,7,[6],1
7,10,x7fc63754fca0,1066,700.0,0.0,1.0,0.03,7,[6],1
7,10,x7fc63754fca0,1067,215.0,0.0,1.0,0.06,7,[6],3
7,10,x7fc63754fca0,1068,400.0,0.0,1.0,0.12,4,[20],3
7,10,x7fc63754fca0,1069,250.0,1.0,1.0,0.12,7,[8],4
7,10,x7fc63754fca0,1070,700.0,0.0,1.0,0.06,7,[6],2
7,10,x7fc63754fca0,1071,300.0,0.0,0.0,0.06,7,[7],2
7,10,x7fc63754fca0,1072,300.0,0.0,1.0,0.06,7,[6],3
7,10,x7fc63754fca0,1073,100.0,0.0,0.0,0.12,4,[20],3
7,10,x7fc63754fca0,1074,166.0,0.0,1.0,0.03,7,[6],3
7,10,x7fc63754fca0,1075,-100.0,0.0,0.0,0.03,7,[6],1
7,10,x7fc63754fca0,1076,-400.0,0.0,0.0,0.12,7,[7],1
7,10,x7fc63754fca0,1077,-100.0,0.0,0.0,0.06,7,[8],1
7,10,x7fc63754fca0,1078,158.0,0.0,1.0,0.06,7,[7],3
7,10,x7fc63754fca0,1079,634.0,1.0,1.0,0.06,7,[9],3
7,10,x7fc63754fca0,1080,400.0,1.0,0.0,0.06,7,[6],1
7,10,x7fc63754fca0,1081,149.0,1.0,0.0,0.09,7,[1],4
7,10,x7fc63754fca0,1082,1.0,0.0,0.0,0.12,7,[7],1
7,10,x7fc63754fca0,1083,150.0,0.0,1.0,0.06,7,[9],3
7,10,x7fc63754fca0,1084,570.0,1.0,1.0,0.06,7,[9],4
7,10,x7fc63754fca0,1085,400.0,0.0,0.0,0.06,7,[6],1
7,10,x7fc63754fca0,1086,300.0,0.0,0.0,0.06,7,[8],2
7,10,x7fc63754fca0,1087,0.0,1.0,0.0,0.09,7,[2],4
7,10,x7fc63754fca0,1088,-10.0,0.0,0.0,0.06,7,[6],0
7,10,x7fc63754fca0,1089,-231.0,1.0,0.0,0.07,7,[2],4
7,10,x7fc63754fca0,1090,125.0,1.0,0.0,0.06,7,[9],4
7,10,x7fc63754fca0,1091,550.0,0.0,1.0,0.06,7,[8],3
7,10,x7fc63754fca0,1092,0.0,1.0,0.0,0.07,4,[2],4
7,10,x7fc63754fca0,1093,700.0,0.0,1.0,0.03,4,[19],3
7,10,x7fc63754fca0,1094,-300.0,1.0,0.0,0.09,2,[2],4
7,10,x7fc63754fca0,1095,308.0,0.0,0.0,0.06,7,[6],1
7,10,x7fc63754fca0,1096,550.0,0.0,1.0,0.06,7,[6],3
7,10,x7fc63754fca0,1097,300.0,0.0,0.0,0.06,7,[7],1
7,10,x7fc63754fca0,1098,364.0,0.0,0.0,0.06,7,[6],1
7,10,x7fc63754fca0,1099,-150.0,0.0,1.0,0.07,7,[0],3
7,10,x7fc63754fca0,1100,636.0,1.0,1.0,0.09,7,[1],4
7,10,x7fc63754fca0,1101,400.0,0.0,0.0,0.06,7,[6],1
7,10,x7fc63754fca0,1102,100.0,0.0,0.0,0.12,7,[6],2
7,10,x7fc63754fca0,1103,149.0,0.0,0.0,0.09,7,[0],0
7,10,x7fc63754fca0,1104,400.0,0.0,0.0,0.06,7,[6],1
7,10,x7fc63754fca0,1105,-300.0,0.0,0.0,0.12,7,[6],3
7,10,x7fc63754fca0,1106,612.0,1.0,1.0,0.06,7,[9],4
7,10,x7fc63754fca0,1107,331.0,0.0,0.0,0.03,7,[6],1
7,10,x7fc63754fca0,1108,395.0,1.0,0.0,0.09,8,[19],4
7,10,x7fc63754fca0,1109,0.0,1.0,0.0,0.09,7,[2],4
7,10,x7fc63754fca0,1110,0.0,0.0,0.0,0.06,7,[6],3
7,10,x7fc63754fca0,1111,200.0,1.0,1.0,0.07,7,[2],3
7,10,x7fc63754fca0,1112,200.0,1.0,1.0,0.07,7,[2],4
7,10,x7fc63754fca0,1113,-153.0,1.0,0.0,0.07,7,[1],4
7,10,x7fc63754fca0,1114,200.0,1.0,1.0,0.09,7,[2],3
7,10,x7fc63754fca0,1115,341.0,0.0,0.0,0.06,7,[7],1
7,10,x7fc63754fca0,1116,0.0,0.0,0.0,0.06,7,[6],3
7,10,x7fc63754fca0,1117,-53.0,0.0,0.0,0.06,7,[7],3
7,10,x7fc63754fca0,1118,197.0,1.0,1.0,0.07,7,[2],4
7,10,x7fc63754fca0,1119,231.0,1.0,0.0,0.06,7,[9],4
7,10,x7fc63754fca0,1120,107.0,1.0,0.0,0.06,7,[9],4
7,10,x7fc63754fca0,1121,350.0,0.0,0.0,0.06,7,[6],1
7,10,x7fc63754fca0,1122,400.0,0.0,0.0,0.06,7,[6],1
7,10,x7fc63754fca0,1123,150.0,0.0,1.0,0.06,7,[7],3
7,10,x7fc63754fca0,1124,258.0,1.0,1.0,0.07,7,[1],4
7,10,x7fc63754fca0,1125,0.0,0.0,0.0,0.06,7,[6],3
7,10,x7fc63754fca0,1126,-104.0,1.0,0.0,0.12,7,[9],4
7,10,x7fc63754fca0,1127,300.0,0.0,0.0,0.06,7,[6],2
7,10,x7fc63754fca0,1128,150.0,0.0,1.0,0.06,7,[7],3
7,10,x7fc63754fca0,1129,169.0,1.0,0.0,0.06,7,[9],4
7,10,x7fc63754fca0,1130,143.0,0.0,0.0,0.06,7,[6],2
7,10,x7fc63754fca0,1131,0.0,1.0,0.0,0.07,2,[1],0
7,10,x7fc63754fca0,1132,102.0,1.0,1.0,0.07,7,[2],4
7,10,x7fc63754fca0,1133,150.0,0.0,1.0,0.03,7,[6],3
7,10,x7fc63754fca0,1134,245.0,1.0,0.0,0.06,7,[9],4
7,10,x7fc63754fca0,1135,-93.0,1.0,0.0,0.07,7,[0],4
7,10,x7fc63754fca0,1136,180.0,1.0,0.0,0.09,7,[1],4
7,10,x7fc63754fca0,1137,0.0,0.0,0.0,0.06,7,[6],0
7,10,x7fc63754fca0,1138,247.0,1.0,0.0,0.06,7,[9],4
7,10,x7fc63754fca0,1139,-432.0,0.0,0.0,0.12,7,[6],3
7,10,x7fc63754fca0,1140,0.0,0.0,0.0,0.06,7,[6],3
7,10,x7fc63754fca0,1141,-150.0,0.0,0.0,0.07,2,[0],3
7,10,x7fc63754fca0,1142,-122.0,0.0,0.0,0.0,7,[6],0
7,10,x7fc63754fca0,1143,137.0,1.0,0.0,0.07,4,[0],4
7,10,x7fc63754fca0,1144,-101.0,0.0,0.0,0.0,7,[6],2
7,10,x7fc63754fca0,1145,-107.0,1.0,0.0,0.12,7,[8],4
7,10,x7fc63754fca0,1146,148.0,0.0,1.0,0.06,7,[8],3
7,10,x7fc63754fca0,1147,-205.0,1.0,0.0,0.12,7,[9],4
7,10,x7fc63754fca0,1148,200.0,0.0,0.0,0.03,7,[7],1
7,10,x7fc63754fca0,1149,-188.0,0.0,0.0,0.09,4,[0],4
7,10,x7fc63754fca0,1150,428.0,0.0,1.0,0.07,4,[0],0
7,10,x7fc63754fca0,1151,500.0,1.0,0.0,0.06,4,[20],3
7,10,x7fc63754fca0,1152,400.0,1.0,1.0,0.09,7,[2],4
7,10,x7fc63754fca0,1153,-150.0,0.0,1.0,0.12,7,[8],3
7,10,x7fc63754fca0,1154,75.0,1.0,0.0,0.06,7,[9],4
7,10,x7fc63754fca0,1155,100.0,0.0,0.0,0.12,7,[6],3
7,10,x7fc63754fca0,1156,400.0,0.0,0.0,0.06,7,[6],1
7,10,x7fc63754fca0,1157,311.0,0.0,0.0,0.06,7,[6],2
7,10,x7fc63754fca0,1158,0.0,0.0,0.0,0.12,7,[7],2
7,10,x7fc63754fca0,1159,300.0,0.0,0.0,0.03,7,[7],2
7,10,x7fc63754fca0,1160,700.0,0.0,1.0,0.06,7,[6],2
7,10,x7fc63754fca0,1161,570.0,0.0,1.0,0.06,6,[7],3
7,10,x7fc63754fca0,1162,530.0,0.0,1.0,0.03,5,[7],3
7,10,x7fc63754fca0,1163,250.0,0.0,0.0,0.07,3,[0],3
7,10,x7fc63754fca0,1164,100.0,0.0,0.0,0.12,5,[6],3
7,10,x7fc63754fca0,1165,39.0,1.0,0.0,0.07,4,[0],4
7,10,x7fc63754fca0,1166,-181.0,0.0,1.0,0.09,6,[0],3
7,10,x7fc63754fca0,1167,83.0,1.0,0.0,0.09,5,[1],4
7,10,x7fc63754fca0,1168,250.0,1.0,0.0,0.06,5,[9],4
7,10,x7fc63754fca0,1169,0.0,0.0,0.0,0.09,2,[0],3
7,10,x7fc63754fca0,1170,400.0,0.0,0.0,0.06,7,[6],2
7,10,x7fc63754fca0,1171,200.0,1.0,0.0,0.12,3,[23],3
7,10,x7fc63754fca0,1172,144.0,0.0,1.0,0.03,6,[8],3
7,10,x7fc63754fca0,1173,564.0,1.0,1.0,0.09,7,[1],4
7,10,x7fc63754fca0,1174,141.0,1.0,0.0,0.07,4,[0],4
7,10,x7fc63754fca0,1175,-341.0,0.0,0.0,0.09,4,[0],4
7,10,x7fc63754fca0,1176,-300.0,1.0,0.0,0.09,4,[2],4
7,10,x7fc63754fca0,1177,-150.0,0.0,1.0,0.12,7,[0],3
7,10,x7fc63754fca0,1178,141.0,0.0,1.0,0.09,4,[0],4
7,10,x7fc63754fca0,1179,550.0,0.0,1.0,0.0,6,[9],3
7,10,x7fc63754fca0,1180,21.0,0.0,0.0,0.12,7,[6],2
7,10,x7fc63754fca0,1181,400.0,0.0,0.0,0.06,7,[6],2
7,10,x7fc63754fca0,1182,100.0,0.0,0.0,0.12,7,[6],3
7,10,x7fc63754fca0,1183,299.0,0.0,0.0,0.06,7,[6],1
7,10,x7fc63754fca0,1184,-95.0,0.0,0.0,0.06,7,[6],3
7,10,x7fc63754fca0,1185,0.0,0.0,0.0,0.06,7,[6],0
7,10,x7fc63754fca0,1186,0.0,0.0,0.0,0.06,7,[6],0
7,10,x7fc63754fca0,1187,-145.0,0.0,0.0,0.06,7,[6],0
7,10,x7fc63754fca0,1188,100.0,0.0,0.0,0.08,4,[19],3
7,10,x7fc63754fca0,1189,-300.0,0.0,0.0,0.12,7,[6],3
7,10,x7fc63754fca0,1190,173.0,1.0,0.0,0.06,7,[9],4
7,10,x7fc63754fca0,1191,400.0,0.0,0.0,0.03,7,[6],1
7,10,x7fc63754fca0,1192,-150.0,0.0,0.0,0.07,3,[0],3
7,10,x7fc63754fca0,1193,133.0,1.0,0.0,0.09,7,[1],4
7,10,x7fc63754fca0,1194,300.0,0.0,0.0,0.06,7,[6],1
7,10,x7fc63754fca0,1195,128.0,0.0,1.0,0.06,7,[9],3
7,10,x7fc63754fca0,1196,118.0,1.0,0.0,0.06,7,[9],4
7,10,x7fc63754fca0,1197,-149.0,0.0,0.0,0.06,7,[6],3
7,10,x7fc63754fca0,1198,0.0,0.0,0.0,0.06,5,[6],1
7,10,x7fc63754fca0,1199,238.0,1.0,0.0,0.06,7,[8],4
7,10,x7fc63754fca0,1200,0.0,0.0,0.0,0.08,4,[20],3
7,10,x7fc63754fca0,1201,100.0,0.0,0.0,0.12,4,[20],3
7,10,x7fc63754fca0,1202,-243.0,0.0,1.0,0.09,7,[1],3
7,10,x7fc63754fca0,1203,245.0,1.0,0.0,0.06,7,[8],4
7,10,x7fc63754fca0,1204,51.0,0.0,1.0,0.06,7,[9],3
7,10,x7fc63754fca0,1205,0.0,0.0,0.0,0.06,7,[6],0
7,10,x7fc63754fca0,1206,0.0,0.0,0.0,0.06,7,[6],2
7,10,x7fc63754fca0,1207,-186.0,0.0,1.0,0.07,7,[1],3
7,10,x7fc63754fca0,1208,0.0,0.0,0.0,0.06,7,[6],3
7,10,x7fc63754fca0,1209,139.0,1.0,0.0,0.06,7,[9],4
7,10,x7fc63754fca0,1210,-150.0,0.0,0.0,0.07,3,[0],3
7,10,x7fc63754fca0,1211,-100.0,0.0,0.0,0.06,7,[6],0
7,10,x7fc63754fca0,1212,149.0,0.0,1.0,0.06,7,[9],3
7,10,x7fc63754fca0,1213,0.0,1.0,0.0,0.07,4,[2],4
7,10,x7fc63754fca0,1214,0.0,0.0,0.0,0.0,7,[6],1
7,10,x7fc63754fca0,1215,0.0,0.0,0.0,0.06,7,[6],3
7,10,x7fc63754fca0,1216,0.0,0.0,0.0,0.06,7,[6],3
7,10,x7fc63754fca0,1217,-58.0,0.0,0.0,0.06,7,[7],2
7,10,x7fc63754fca0,1218,117.0,1.0,0.0,0.07,4,[0],4
7,10,x7fc63754fca0,1219,-99.0,0.0,0.0,0.0,7,[6],0
7,10,x7fc63754fca0,1220,-100.0,0.0,0.0,0.06,7,[6],0
7,10,x7fc63754fca0,1221,310.0,1.0,0.0,0.06,7,[7],4
7,10,x7fc63754fca0,1222,300.0,0.0,0.0,0.06,7,[6],2
7,10,x7fc63754fca0,1223,578.0,0.0,1.0,0.06,7,[6],0
7,10,x7fc63754fca0,1224,100.0,0.0,0.0,0.12,4,[20],3
7,10,x7fc63754fca0,1225,-0.0,0.0,0.0,0.12,7,[6],2
7,10,x7fc63754fca0,1226,700.0,0.0,1.0,0.06,7,[6],1
7,10,x7fc63754fca0,1227,292.0,0.0,0.0,0.06,7,[6],1
7,10,x7fc63754fca0,1228,100.0,0.0,0.0,0.12,4,[20],3
7,10,x7fc63754fca0,1229,148.0,0.0,0.0,0.09,7,[0],0
7,10,x7fc63754fca0,1230,400.0,0.0,1.0,0.12,4,[20],3
7,10,x7fc63754fca0,1231,307.0,0.0,0.0,0.06,7,[7],1
7,10,x7fc63754fca0,1232,700.0,0.0,1.0,0.06,7,[6],1
7,10,x7fc63754fca0,1233,250.0,0.0,1.0,0.12,7,[7],3
7,10,x7fc63754fca0,1234,120.0,0.0,0.0,0.09,7,[0],0
7,10,x7fc63754fca0,1235,150.0,0.0,1.0,0.06,7,[8],3
7,10,x7fc63754fca0,1236,98.0,1.0,0.0,0.09,7,[1],4
7,10,x7fc63754fca0,1237,549.0,0.0,1.0,0.06,7,[8],3
7,10,x7fc63754fca0,1238,389.0,0.0,0.0,0.06,7,[6],2
7,10,x7fc63754fca0,1239,150.0,0.0,1.0,0.03,7,[7],3
7,10,x7fc63754fca0,1240,148.0,0.0,0.0,0.06,6,[6],2
7,10,x7fc63754fca0,1241,245.0,1.0,0.0,0.06,7,[8],4
7,10,x7fc63754fca0,1242,150.0,0.0,1.0,0.06,7,[7],3
7,10,x7fc63754fca0,1243,198.0,1.0,1.0,0.07,7,[2],4
7,10,x7fc63754fca0,1244,107.0,0.0,0.0,0.07,4,[0],4
7,10,x7fc63754fca0,1245,400.0,0.0,0.0,0.06,7,[6],0
7,10,x7fc63754fca0,1246,400.0,0.0,0.0,0.03,7,[6],1
7,10,x7fc63754fca0,1247,-148.0,0.0,0.0,0.06,7,[6],3
7,10,x7fc63754fca0,1248,200.0,1.0,1.0,0.09,7,[2],3
7,10,x7fc63754fca0,1249,207.0,1.0,0.0,0.07,4,[1],4
7,10,x7fc63754fca0,1250,-54.0,1.0,0.0,0.12,7,[9],4
7,10,x7fc63754fca0,1251,400.0,0.0,0.0,0.06,7,[6],0
7,10,x7fc63754fca0,1252,492.0,0.0,1.0,0.09,7,[0],0
7,10,x7fc63754fca0,1253,400.0,0.0,0.0,0.06,7,[6],1
7,10,x7fc63754fca0,1254,100.0,0.0,0.0,0.12,2,[23],3
7,10,x7fc63754fca0,1255,700.0,0.0,1.0,0.07,4,[20],0
7,10,x7fc63754fca0,1256,100.0,0.0,0.0,0.12,7,[6],3
7,10,x7fc63754fca0,1257,0.0,0.0,0.0,0.12,7,[6],2
7,10,x7fc63754fca0,1258,293.0,0.0,0.0,0.06,7,[6],1
7,10,x7fc63754fca0,1259,-100.0,0.0,0.0,0.07,7,[0],1
7,10,x7fc63754fca0,1260,150.0,0.0,1.0,0.06,7,[8],3
7,10,x7fc63754fca0,1261,95.0,1.0,0.0,0.06,7,[9],4
7,10,x7fc63754fca0,1262,229.0,0.0,0.0,0.06,7,[6],1
7,10,x7fc63754fca0,1263,150.0,0.0,1.0,0.06,7,[8],3
7,10,x7fc63754fca0,1264,-151.0,1.0,0.0,0.07,7,[1],4
7,10,x7fc63754fca0,1265,1.0,0.0,0.0,0.07,7,[0],1
7,10,x7fc63754fca0,1266,304.0,0.0,0.0,0.06,7,[6],1
7,10,x7fc63754fca0,1267,302.0,0.0,0.0,0.06,7,[6],2
7,10,x7fc63754fca0,1268,700.0,0.0,1.0,0.06,7,[6],1
7,10,x7fc63754fca0,1269,700.0,0.0,1.0,0.06,7,[6],1
7,10,x7fc63754fca0,1270,-50.0,0.0,0.0,0.07,2,[1],3
7,10,x7fc63754fca0,1271,240.0,1.0,0.0,0.09,7,[1],4
7,10,x7fc63754fca0,1272,-112.0,1.0,0.0,0.07,7,[1],4
7,10,x7fc63754fca0,1273,-0.0,0.0,0.0,0.12,7,[7],1
7,10,x7fc63754fca0,1274,150.0,0.0,1.0,0.06,7,[8],3
7,10,x7fc63754fca0,1275,-209.0,1.0,0.0,0.07,7,[1],4
7,10,x7fc63754fca0,1276,201.0,0.0,1.0,0.07,7,[1],4
7,10,x7fc63754fca0,1277,-34.0,0.0,0.0,0.06,7,[6],0
7,10,x7fc63754fca0,1278,130.0,0.0,1.0,0.06,7,[9],3
7,10,x7fc63754fca0,1279,199.0,1.0,0.0,0.06,7,[9],4
7,10,x7fc63754fca0,1280,348.0,0.0,0.0,0.06,7,[7],1
7,10,x7fc63754fca0,1281,400.0,0.0,0.0,0.06,7,[6],3
7,10,x7fc63754fca0,1282,100.0,0.0,0.0,0.12,2,[20],2
7,10,x7fc63754fca0,1283,700.0,0.0,1.0,0.07,4,[20],3
7,10,x7fc63754fca0,1284,91.0,0.0,0.0,0.09,7,[0],0
7,10,x7fc63754fca0,1285,300.0,0.0,0.0,0.06,7,[8],1
7,10,x7fc63754fca0,1286,400.0,0.0,1.0,0.12,2,[20],2
7,10,x7fc63754fca0,1287,400.0,0.0,0.0,0.07,4,[23],3
7,10,x7fc63754fca0,1288,300.0,0.0,0.0,0.06,7,[6],1
7,10,x7fc63754fca0,1289,200.0,1.0,0.0,0.12,2,[20],1
7,10,x7fc63754fca0,1290,295.0,0.0,0.0,0.03,7,[7],1
7,10,x7fc63754fca0,1291,137.0,0.0,0.0,0.09,7,[0],0
7,10,x7fc63754fca0,1292,144.0,0.0,0.0,0.09,7,[0],0
7,10,x7fc63754fca0,1293,700.0,0.0,1.0,0.03,7,[6],3
7,10,x7fc63754fca0,1294,-130.0,0.0,0.0,0.06,7,[6],3
7,10,x7fc63754fca0,1295,200.0,0.0,1.0,0.07,2,[2],2
7,10,x7fc63754fca0,1296,0.0,0.0,0.0,0.06,7,[6],3
7,10,x7fc63754fca0,1297,500.0,1.0,1.0,0.12,2,[20],3
7,10,x7fc63754fca0,1298,-300.0,0.0,1.0,0.09,7,[2],3
7,10,x7fc63754fca0,1299,0.0,0.0,0.0,0.06,7,[6],0
7,10,x7fc63754fca0,1300,250.0,1.0,0.0,0.09,7,[0],4
7,10,x7fc63754fca0,1301,-300.0,1.0,0.0,0.07,7,[2],4
7,10,x7fc63754fca0,1302,308.0,0.0,0.0,0.06,7,[7],1
7,10,x7fc63754fca0,1303,-87.0,0.0,0.0,0.06,7,[6],3
7,10,x7fc63754fca0,1304,597.0,1.0,1.0,0.06,7,[9],4
7,10,x7fc63754fca0,1305,308.0,0.0,0.0,0.06,7,[6],1
7,10,x7fc63754fca0,1306,300.0,0.0,0.0,0.06,7,[6],1
7,10,x7fc63754fca0,1307,44.0,0.0,0.0,0.07,4,[0],0
7,10,x7fc63754fca0,1308,120.0,0.0,0.0,0.09,7,[0],0
7,10,x7fc63754fca0,1309,300.0,0.0,0.0,0.06,7,[7],1
7,10,x7fc63754fca0,1310,700.0,0.0,1.0,0.06,7,[6],3
7,10,x7fc63754fca0,1311,399.0,0.0,0.0,0.03,7,[7],1
7,10,x7fc63754fca0,1312,0.0,1.0,0.0,0.09,7,[2],4
7,10,x7fc63754fca0,1313,121.0,0.0,0.0,0.07,4,[0],4
7,10,x7fc63754fca0,1314,278.0,0.0,0.0,0.0,7,[6],3
7,10,x7fc63754fca0,1315,301.0,0.0,0.0,0.06,7,[8],1
7,10,x7fc63754fca0,1316,282.0,0.0,0.0,0.06,7,[6],3
7,10,x7fc63754fca0,1317,313.0,0.0,0.0,0.06,7,[6],1
7,10,x7fc63754fca0,1318,143.0,0.0,1.0,0.06,7,[9],3
7,10,x7fc63754fca0,1319,181.0,1.0,0.0,0.06,7,[9],4
7,10,x7fc63754fca0,1320,243.0,1.0,0.0,0.06,7,[9],4
7,10,x7fc63754fca0,1321,64.0,1.0,0.0,0.06,7,[9],4
7,10,x7fc63754fca0,1322,100.0,0.0,0.0,0.12,7,[6],3
7,10,x7fc63754fca0,1323,302.0,0.0,0.0,0.06,7,[6],1
7,10,x7fc63754fca0,1324,-98.0,0.0,0.0,0.06,7,[6],3
7,10,x7fc63754fca0,1325,-151.0,1.0,0.0,0.12,7,[9],4
7,10,x7fc63754fca0,1326,148.0,0.0,1.0,0.03,7,[9],3
7,10,x7fc63754fca0,1327,490.0,1.0,1.0,0.03,7,[9],4
7,10,x7fc63754fca0,1328,200.0,1.0,0.0,0.12,6,[20],3
7,10,x7fc63754fca0,1329,106.0,0.0,0.0,0.09,7,[0],0
7,10,x7fc63754fca0,1330,400.0,0.0,0.0,0.06,7,[6],2
7,10,x7fc63754fca0,1331,75.0,0.0,0.0,0.09,7,[0],0
7,10,x7fc63754fca0,1332,100.0,0.0,0.0,0.12,7,[6],3
7,10,x7fc63754fca0,1333,100.0,0.0,0.0,0.08,4,[19],3
7,10,x7fc63754fca0,1334,142.0,0.0,0.0,0.09,7,[0],4
7,10,x7fc63754fca0,1335,-186.0,1.0,0.0,0.07,7,[1],4
7,10,x7fc63754fca0,1336,301.0,0.0,0.0,0.06,7,[6],1
7,10,x7fc63754fca0,1337,300.0,0.0,1.0,0.06,7,[6],3
7,10,x7fc63754fca0,1338,-186.0,1.0,0.0,0.12,7,[9],4
7,10,x7fc63754fca0,1339,300.0,0.0,0.0,0.06,7,[6],1
7,10,x7fc63754fca0,1340,548.0,0.0,1.0,0.06,7,[8],3
7,10,x7fc63754fca0,1341,-150.0,0.0,0.0,0.06,7,[7],3
7,10,x7fc63754fca0,1342,126.0,1.0,0.0,0.09,7,[1],4
7,10,x7fc63754fca0,1343,300.0,0.0,0.0,0.06,7,[6],1
7,10,x7fc63754fca0,1344,145.0,0.0,1.0,0.06,7,[9],3
7,10,x7fc63754fca0,1345,200.0,1.0,0.0,0.12,7,[20],3
7,10,x7fc63754fca0,1346,-450.0,0.0,0.0,0.09,2,[2],3
7,10,x7fc63754fca0,1347,246.0,1.0,0.0,0.03,7,[9],4
7,10,x7fc63754fca0,1348,385.0,0.0,0.0,0.06,7,[6],1
7,10,x7fc63754fca0,1349,361.0,0.0,0.0,0.06,7,[6],0
7,10,x7fc63754fca0,1350,308.0,0.0,0.0,0.06,7,[6],2
7,10,x7fc63754fca0,1351,135.0,0.0,0.0,0.09,7,[0],0
7,10,x7fc63754fca0,1352,167.0,0.0,1.0,0.06,7,[6],3
7,10,x7fc63754fca0,1353,148.0,1.0,0.0,0.06,7,[9],4
7,10,x7fc63754fca0,1354,300.0,0.0,0.0,0.03,7,[6],0
7,10,x7fc63754fca0,1355,700.0,0.0,1.0,0.06,7,[6],1
7,10,x7fc63754fca0,1356,0.0,1.0,0.0,0.07,2,[2],4
7,10,x7fc63754fca0,1357,50.0,1.0,0.0,0.07,2,[2],3
7,10,x7fc63754fca0,1358,554.0,0.0,1.0,0.06,7,[6],3
7,10,x7fc63754fca0,1359,400.0,0.0,0.0,0.06,6,[6],3
7,10,x7fc63754fca0,1360,800.0,1.0,1.0,0.06,2,[9],4
7,10,x7fc63754fca0,1361,400.0,0.0,0.0,0.06,6,[6],3
7,10,x7fc63754fca0,1362,64.0,1.0,0.0,0.09,7,[1],4
7,10,x7fc63754fca0,1363,-50.0,0.0,0.0,0.12,6,[9],3
7,10,x7fc63754fca0,1364,300.0,0.0,0.0,0.06,7,[6],1
7,10,x7fc63754fca0,1365,300.0,0.0,0.0,0.06,6,[6],1
7,10,x7fc63754fca0,1366,545.0,0.0,1.0,0.03,6,[9],3
7,10,x7fc63754fca0,1367,-300.0,0.0,0.0,0.12,6,[6],3
7,10,x7fc63754fca0,1368,0.0,0.0,1.0,0.12,4,[20],3
7,10,x7fc63754fca0,1369,213.0,1.0,0.0,0.03,7,[9],4
7,10,x7fc63754fca0,1370,373.0,0.0,0.0,0.06,7,[6],1
7,10,x7fc63754fca0,1371,307.0,0.0,0.0,0.06,7,[6],1
7,10,x7fc63754fca0,1372,400.0,0.0,1.0,0.12,4,[20],3
7,10,x7fc63754fca0,1373,300.0,0.0,0.0,0.06,7,[6],1
7,10,x7fc63754fca0,1374,155.0,0.0,1.0,0.06,7,[8],3
7,10,x7fc63754fca0,1375,100.0,0.0,0.0,0.12,4,[20],3
7,10,x7fc63754fca0,1376,650.0,1.0,1.0,0.06,7,[8],4
7,10,x7fc63754fca0,1377,-54.0,0.0,0.0,0.07,7,[0],4
7,10,x7fc63754fca0,1378,350.0,1.0,0.0,0.07,2,[1],3
7,10,x7fc63754fca0,1379,-150.0,0.0,0.0,0.07,2,[1],3
7,10,x7fc63754fca0,1380,249.0,0.0,1.0,0.07,6,[0],3
7,10,x7fc63754fca0,1381,550.0,0.0,1.0,0.07,2,[1],4
7,10,x7fc63754fca0,1382,250.0,0.0,1.0,0.09,2,[2],3
7,10,x7fc63754fca0,1383,-150.0,0.0,0.0,0.07,2,[0],3
7,10,x7fc63754fca0,1384,50.0,1.0,0.0,0.07,2,[2],3
7,10,x7fc63754fca0,1385,548.0,0.0,1.0,0.06,5,[9],3
7,10,x7fc63754fca0,1386,-100.0,1.0,0.0,0.07,3,[2],4
7,10,x7fc63754fca0,1387,350.0,1.0,0.0,0.06,3,[9],4
7,10,x7fc63754fca0,1388,188.0,1.0,0.0,0.07,3,[1],3
7,10,x7fc63754fca0,1389,200.0,1.0,0.0,0.09,3,[2],4
7,10,x7fc63754fca0,1390,400.0,0.0,0.0,0.06,2,[9],0
7,10,x7fc63754fca0,1391,0.0,0.0,0.0,0.06,6,[6],3
7,10,x7fc63754fca0,1392,650.0,1.0,1.0,0.07,2,[1],3
7,10,x7fc63754fca0,1393,334.0,1.0,1.0,0.12,5,[9],4
7,10,x7fc63754fca0,1394,200.0,1.0,0.0,0.06,2,[9],3
7,10,x7fc63754fca0,1395,0.0,0.0,0.0,0.06,6,[6],3
7,10,x7fc63754fca0,1396,550.0,0.0,1.0,0.07,2,[0],1
7,10,x7fc63754fca0,1397,216.0,1.0,0.0,0.06,6,[7],4
7,10,x7fc63754fca0,1398,234.0,0.0,1.0,0.12,5,[7],3
7,10,x7fc63754fca0,1399,550.0,0.0,1.0,0.07,3,[0],3
7,10,x7fc63754fca0,1400,200.0,1.0,0.0,0.12,4,[23],3
7,10,x7fc63754fca0,1401,400.0,0.0,1.0,0.09,4,[2],3
7,10,x7fc63754fca0,1402,550.0,0.0,1.0,0.06,3,[6],3
7,10,x7fc63754fca0,1403,-162.0,0.0,1.0,0.07,5,[1],3
7,10,x7fc63754fca0,1404,95.0,1.0,0.0,0.07,3,[1],4
7,10,x7fc63754fca0,1405,400.0,0.0,1.0,0.12,3,[6],1
7,10,x7fc63754fca0,1406,250.0,0.0,0.0,0.06,4,[6],1
7,10,x7fc63754fca0,1407,-50.0,0.0,0.0,0.07,2,[2],3
7,10,x7fc63754fca0,1408,300.0,0.0,0.0,0.0,3,[8],0
7,10,x7fc63754fca0,1409,400.0,0.0,0.0,0.06,3,[6],0
7,10,x7fc63754fca0,1410,-145.0,0.0,0.0,0.06,3,[7],0
7,10,x7fc63754fca0,1411,250.0,0.0,1.0,0.07,3,[2],3
7,10,x7fc63754fca0,1412,500.0,1.0,0.0,0.0,2,[8],0
7,10,x7fc63754fca0,1413,138.0,0.0,1.0,0.06,6,[8],3
7,10,x7fc63754fca0,1414,250.0,0.0,0.0,0.07,3,[0],3
7,10,x7fc63754fca0,1415,400.0,0.0,0.0,0.06,4,[23],3
7,10,x7fc63754fca0,1416,400.0,1.0,0.0,0.03,7,[6],2
7,10,x7fc63754fca0,1417,500.0,1.0,1.0,0.12,4,[23],3
7,10,x7fc63754fca0,1418,295.0,0.0,0.0,0.06,7,[6],1
7,10,x7fc63754fca0,1419,299.0,0.0,1.0,0.12,6,[7],3
7,10,x7fc63754fca0,1420,550.0,0.0,1.0,0.06,6,[8],3
7,10,x7fc63754fca0,1421,400.0,0.0,0.0,0.06,5,[6],1
7,10,x7fc63754fca0,1422,300.0,0.0,0.0,0.06,7,[6],0
7,10,x7fc63754fca0,1423,100.0,1.0,0.0,0.09,7,[2],4
7,10,x7fc63754fca0,1424,0.0,0.0,0.0,0.06,3,[9],3
7,10,x7fc63754fca0,1425,270.0,0.0,0.0,0.06,4,[7],3
7,10,x7fc63754fca0,1426,649.0,1.0,1.0,0.06,4,[9],4
7,10,x7fc63754fca0,1427,-50.0,0.0,0.0,0.06,2,[7],3
7,10,x7fc63754fca0,1428,100.0,0.0,0.0,0.12,4,[20],3
7,10,x7fc63754fca0,1429,100.0,0.0,0.0,0.12,4,[6],3
7,10,x7fc63754fca0,1430,399.0,1.0,0.0,0.06,4,[6],2
7,10,x7fc63754fca0,1431,250.0,0.0,0.0,0.07,3,[0],3
7,10,x7fc63754fca0,1432,400.0,0.0,0.0,0.0,4,[6],3
7,10,x7fc63754fca0,1433,-50.0,0.0,0.0,0.07,3,[0],3
7,10,x7fc63754fca0,1434,400.0,0.0,0.0,0.06,2,[8],3
7,10,x7fc63754fca0,1435,50.0,1.0,0.0,0.07,2,[2],3
7,10,x7fc63754fca0,1436,200.0,1.0,0.0,0.12,4,[20],3
7,10,x7fc63754fca0,1437,-170.0,1.0,0.0,0.12,3,[9],4
7,10,x7fc63754fca0,1438,350.0,1.0,1.0,0.07,2,[2],3
7,10,x7fc63754fca0,1439,100.0,0.0,1.0,0.12,2,[9],3
7,10,x7fc63754fca0,1440,250.0,0.0,0.0,0.07,2,[0],3
7,10,x7fc63754fca0,1441,100.0,0.0,0.0,0.12,4,[20],3
7,10,x7fc63754fca0,1442,-105.0,1.0,0.0,0.12,5,[8],4
7,10,x7fc63754fca0,1443,-50.0,0.0,0.0,0.07,3,[2],3
7,10,x7fc63754fca0,1444,700.0,0.0,1.0,0.06,5,[6],0
7,10,x7fc63754fca0,1445,200.0,1.0,0.0,0.12,2,[23],1
7,10,x7fc63754fca0,1446,124.0,0.0,0.0,0.09,7,[0],0
7,10,x7fc63754fca0,1447,370.0,0.0,1.0,0.07,4,[0],4
7,10,x7fc63754fca0,1448,147.0,0.0,0.0,0.09,7,[0],0
7,10,x7fc63754fca0,1449,300.0,0.0,0.0,0.06,7,[6],0
7,10,x7fc63754fca0,1450,-3.0,0.0,0.0,0.09,8,[0],4
7,10,x7fc63754fca0,1451,170.0,0.0,1.0,0.06,7,[7],3
7,10,x7fc63754fca0,1452,-201.0,1.0,0.0,0.07,7,[2],4
7,10,x7fc63754fca0,1453,-114.0,1.0,0.0,0.12,7,[9],4
7,10,x7fc63754fca0,1454,300.0,0.0,0.0,0.06,7,[6],1
7,10,x7fc63754fca0,1455,700.0,0.0,1.0,0.06,7,[6],1
7,10,x7fc63754fca0,1456,343.0,0.0,0.0,0.06,7,[6],1
7,10,x7fc63754fca0,1457,300.0,0.0,0.0,0.06,7,[6],1
7,10,x7fc63754fca0,1458,400.0,0.0,0.0,0.06,7,[6],1
7,10,x7fc63754fca0,1459,100.0,0.0,0.0,0.12,4,[23],3
7,10,x7fc63754fca0,1460,400.0,0.0,0.0,0.03,7,[6],1
7,10,x7fc63754fca0,1461,306.0,0.0,0.0,0.06,7,[6],1
7,10,x7fc63754fca0,1462,-227.0,0.0,1.0,0.07,7,[1],3
7,10,x7fc63754fca0,1463,0.0,0.0,0.0,0.06,7,[6],0
7,10,x7fc63754fca0,1464,202.0,1.0,0.0,0.03,7,[9],4
7,10,x7fc63754fca0,1465,304.0,0.0,0.0,0.06,7,[6],1
7,10,x7fc63754fca0,1466,300.0,0.0,0.0,0.06,7,[6],1
7,10,x7fc63754fca0,1467,550.0,0.0,1.0,0.03,7,[9],3
7,10,x7fc63754fca0,1468,301.0,0.0,0.0,0.06,7,[6],1
7,10,x7fc63754fca0,1469,250.0,0.0,0.0,0.03,7,[8],3
7,10,x7fc63754fca0,1470,0.0,1.0,0.0,0.09,7,[2],4
7,10,x7fc63754fca0,1471,-150.0,0.0,0.0,0.06,7,[9],3
7,10,x7fc63754fca0,1472,160.0,1.0,0.0,0.06,7,[9],4
7,10,x7fc63754fca0,1473,200.0,1.0,1.0,0.07,7,[2],3
7,10,x7fc63754fca0,1474,-132.0,0.0,0.0,0.06,7,[7],3
7,10,x7fc63754fca0,1475,-200.0,1.0,0.0,0.07,7,[2],4
7,10,x7fc63754fca0,1476,180.0,1.0,0.0,0.06,7,[9],4
7,10,x7fc63754fca0,1477,400.0,0.0,0.0,0.03,7,[6],1
7,10,x7fc63754fca0,1478,122.0,0.0,0.0,0.09,7,[0],0
7,10,x7fc63754fca0,1479,307.0,0.0,0.0,0.06,7,[7],1
7,10,x7fc63754fca0,1480,368.0,0.0,0.0,0.06,7,[6],2
7,10,x7fc63754fca0,1481,300.0,0.0,0.0,0.06,7,[6],1
7,10,x7fc63754fca0,1482,300.0,0.0,0.0,0.06,7,[6],2
7,10,x7fc63754fca0,1483,200.0,1.0,0.0,0.12,4,[20],3
7,10,x7fc63754fca0,1484,-160.0,1.0,0.0,0.12,7,[9],4
7,10,x7fc63754fca0,1485,0.0,1.0,0.0,0.07,4,[2],4
7,10,x7fc63754fca0,1486,-151.0,0.0,1.0,0.12,7,[0],3
7,10,x7fc63754fca0,1487,0.0,1.0,0.0,0.07,4,[2],4
7,10,x7fc63754fca0,1488,0.0,0.0,0.0,0.0,7,[6],2
7,10,x7fc63754fca0,1489,100.0,0.0,0.0,0.12,4,[23],3
7,10,x7fc63754fca0,1490,-150.0,0.0,0.0,0.06,7,[8],3
7,10,x7fc63754fca0,1491,155.0,1.0,0.0,0.06,7,[9],4
7,10,x7fc63754fca0,1492,500.0,1.0,1.0,0.09,7,[2],3
7,10,x7fc63754fca0,1493,400.0,0.0,0.0,0.06,7,[6],2
7,10,x7fc63754fca0,1494,100.0,0.0,0.0,0.12,7,[6],2
7,10,x7fc63754fca0,1495,-112.0,0.0,0.0,0.06,7,[7],3
7,10,x7fc63754fca0,1496,192.0,1.0,0.0,0.06,7,[9],4
7,10,x7fc63754fca0,1497,200.0,0.0,0.0,0.08,2,[19],0
7,10,x7fc63754fca0,1498,138.0,0.0,0.0,0.09,7,[0],0
7,10,x7fc63754fca0,1499,400.0,0.0,0.0,0.06,7,[6],1
7,10,x7fc63754fca0,1500,359.0,0.0,0.0,0.06,7,[6],1
7,10,x7fc63754fca0,1501,302.0,0.0,0.0,0.06,7,[6],1
7,10,x7fc63754fca0,1502,282.0,0.0,0.0,0.06,7,[6],1
7,10,x7fc63754fca0,1503,700.0,0.0,1.0,0.06,7,[6],1
7,10,x7fc63754fca0,1504,550.0,0.0,1.0,0.09,7,[0],0
7,10,x7fc63754fca0,1505,92.0,0.0,0.0,0.09,7,[0],0
7,10,x7fc63754fca0,1506,301.0,0.0,0.0,0.06,7,[6],1
7,10,x7fc63754fca0,1507,0.0,0.0,0.0,0.06,7,[6],3
7,10,x7fc63754fca0,1508,200.0,1.0,1.0,0.07,7,[2],4
7,10,x7fc63754fca0,1509,-69.0,1.0,0.0,0.12,7,[9],4
7,10,x7fc63754fca0,1510,250.0,0.0,1.0,0.07,3,[2],3
7,10,x7fc63754fca0,1511,372.0,0.0,0.0,0.0,7,[6],1
7,10,x7fc63754fca0,1512,73.0,1.0,0.0,0.09,7,[2],4
7,10,x7fc63754fca0,1513,143.0,0.0,1.0,0.06,7,[8],3
7,10,x7fc63754fca0,1514,179.0,1.0,0.0,0.06,7,[9],4
7,10,x7fc63754fca0,1515,300.0,0.0,0.0,0.06,7,[6],1
7,10,x7fc63754fca0,1516,400.0,0.0,0.0,0.07,4,[23],3
7,10,x7fc63754fca0,1517,550.0,0.0,1.0,0.06,7,[7],3
7,10,x7fc63754fca0,1518,300.0,0.0,0.0,0.06,7,[6],1
7,10,x7fc63754fca0,1519,550.0,0.0,1.0,0.06,7,[7],3
7,10,x7fc63754fca0,1520,400.0,0.0,0.0,0.07,4,[23],3
7,10,x7fc63754fca0,1521,550.0,0.0,1.0,0.06,7,[6],3
7,10,x7fc63754fca0,1522,300.0,0.0,0.0,0.06,7,[9],2
7,10,x7fc63754fca0,1523,300.0,0.0,1.0,0.06,7,[6],3
7,10,x7fc63754fca0,1524,0.0,1.0,0.0,0.07,4,[2],4
7,10,x7fc63754fca0,1525,300.0,0.0,1.0,0.0,7,[6],3
7,10,x7fc63754fca0,1526,250.0,0.0,1.0,0.07,3,[2],3
7,10,x7fc63754fca0,1527,700.0,0.0,1.0,0.06,7,[6],0
7,10,x7fc63754fca0,1528,200.0,1.0,0.0,0.08,8,[19],4
7,10,x7fc63754fca0,1529,350.0,1.0,0.0,0.09,3,[0],0
7,10,x7fc63754fca0,1530,-58.0,1.0,0.0,0.12,7,[9],4
7,10,x7fc63754fca0,1531,50.0,1.0,0.0,0.07,2,[1],3
7,10,x7fc63754fca0,1532,222.0,1.0,0.0,0.0,7,[9],4
7,10,x7fc63754fca0,1533,101.0,0.0,0.0,0.09,7,[0],0
7,10,x7fc63754fca0,1534,500.0,1.0,0.0,0.07,4,[23],3
7,10,x7fc63754fca0,1535,700.0,0.0,1.0,0.07,4,[23],3
7,10,x7fc63754fca0,1536,150.0,0.0,0.0,0.09,3,[0],0
7,10,x7fc63754fca0,1537,-193.0,0.0,1.0,0.12,7,[1],3
7,10,x7fc63754fca0,1538,0.0,0.0,0.0,0.06,6,[6],3
7,10,x7fc63754fca0,1539,700.0,0.0,1.0,0.08,2,[19],0
7,10,x7fc63754fca0,1540,250.0,1.0,0.0,0.03,7,[9],4
7,10,x7fc63754fca0,1541,301.0,0.0,0.0,0.06,7,[6],1
7,10,x7fc63754fca0,1542,300.0,0.0,0.0,0.06,7,[6],1
7,10,x7fc63754fca0,1543,300.0,0.0,0.0,0.06,7,[6],0
7,10,x7fc63754fca0,1544,0.0,1.0,0.0,0.09,7,[2],4
7,10,x7fc63754fca0,1545,326.0,0.0,0.0,0.06,7,[6],0
7,10,x7fc63754fca0,1546,550.0,0.0,1.0,0.06,7,[6],0
7,10,x7fc63754fca0,1547,150.0,0.0,1.0,0.06,7,[6],3
7,10,x7fc63754fca0,1548,400.0,0.0,1.0,0.12,4,[23],3
7,10,x7fc63754fca0,1549,148.0,0.0,0.0,0.09,7,[0],4
7,10,x7fc63754fca0,1550,247.0,0.0,1.0,0.12,7,[8],3
7,10,x7fc63754fca0,1551,517.0,0.0,1.0,0.06,7,[8],3
7,10,x7fc63754fca0,1552,400.0,0.0,0.0,0.06,7,[6],1
7,10,x7fc63754fca0,1553,-50.0,0.0,0.0,0.07,2,[2],3
7,10,x7fc63754fca0,1554,300.0,0.0,0.0,0.06,7,[7],2
7,10,x7fc63754fca0,1555,200.0,1.0,0.0,0.12,4,[23],3
7,10,x7fc63754fca0,1556,43.0,0.0,0.0,0.09,7,[0],0
7,10,x7fc63754fca0,1557,233.0,0.0,1.0,0.07,7,[1],3
7,10,x7fc63754fca0,1558,300.0,0.0,0.0,0.06,7,[6],0
7,10,x7fc63754fca0,1559,50.0,0.0,0.0,0.07,4,[0],0
7,10,x7fc63754fca0,1560,-150.0,1.0,0.0,0.09,3,[2],4
7,10,x7fc63754fca0,1561,-100.0,0.0,0.0,0.0,7,[6],0
7,10,x7fc63754fca0,1562,-167.0,1.0,0.0,0.12,7,[8],4
7,10,x7fc63754fca0,1563,300.0,0.0,0.0,0.06,7,[6],1
7,10,x7fc63754fca0,1564,550.0,0.0,1.0,0.06,7,[7],3
7,10,x7fc63754fca0,1565,300.0,0.0,0.0,0.06,7,[6],1
7,10,x7fc63754fca0,1566,100.0,0.0,0.0,0.12,4,[23],3
7,10,x7fc63754fca0,1567,700.0,0.0,1.0,0.07,4,[23],3
7,10,x7fc63754fca0,1568,500.0,1.0,1.0,0.09,7,[2],4
7,10,x7fc63754fca0,1569,400.0,0.0,0.0,0.06,7,[6],2
7,10,x7fc63754fca0,1570,302.0,0.0,0.0,0.06,7,[8],1
7,10,x7fc63754fca0,1571,400.0,0.0,0.0,0.06,7,[6],1
7,10,x7fc63754fca0,1572,332.0,0.0,0.0,0.06,7,[7],1
7,10,x7fc63754fca0,1573,400.0,0.0,0.0,0.06,7,[6],1
7,10,x7fc63754fca0,1574,400.0,0.0,0.0,0.06,7,[6],1
7,10,x7fc63754fca0,1575,0.0,0.0,0.0,0.12,7,[6],2
7,10,x7fc63754fca0,1576,138.0,0.0,1.0,0.06,7,[7],3
7,10,x7fc63754fca0,1577,111.0,1.0,0.0,0.06,7,[9],4
7,10,x7fc63754fca0,1578,303.0,0.0,0.0,0.06,6,[6],1
7,10,x7fc63754fca0,1579,300.0,0.0,0.0,0.06,7,[7],2
7,10,x7fc63754fca0,1580,162.0,0.0,1.0,0.06,7,[6],3
7,10,x7fc63754fca0,1581,154.0,1.0,0.0,0.06,7,[9],4
7,10,x7fc63754fca0,1582,100.0,0.0,1.0,0.07,7,[2],3
7,10,x7fc63754fca0,1583,262.0,0.0,0.0,0.06,7,[6],3
7,10,x7fc63754fca0,1584,0.0,0.0,0.0,0.06,7,[6],2
7,10,x7fc63754fca0,1585,116.0,1.0,0.0,0.06,7,[9],4
7,10,x7fc63754fca0,1586,339.0,0.0,0.0,0.06,7,[6],0
7,10,x7fc63754fca0,1587,400.0,0.0,0.0,0.06,7,[6],3
7,10,x7fc63754fca0,1588,302.0,0.0,0.0,0.06,7,[6],1
7,10,x7fc63754fca0,1589,400.0,0.0,0.0,0.06,7,[6],3
7,10,x7fc63754fca0,1590,100.0,0.0,0.0,0.12,7,[6],3
7,10,x7fc63754fca0,1591,365.0,0.0,0.0,0.06,7,[7],1
7,10,x7fc63754fca0,1592,300.0,0.0,0.0,0.06,7,[7],1
7,10,x7fc63754fca0,1593,400.0,0.0,0.0,0.06,7,[6],1
7,10,x7fc63754fca0,1594,250.0,0.0,0.0,0.06,7,[6],0
7,10,x7fc63754fca0,1595,250.0,0.0,0.0,0.06,7,[6],0
7,10,x7fc63754fca0,1596,0.0,0.0,0.0,0.06,7,[6],3
7,10,x7fc63754fca0,1597,234.0,1.0,0.0,0.06,7,[9],4
7,10,x7fc63754fca0,1598,149.0,0.0,0.0,0.09,7,[0],0
7,10,x7fc63754fca0,1599,300.0,0.0,0.0,0.06,7,[6],1
7,10,x7fc63754fca0,1600,184.0,0.0,0.0,0.03,7,[6],0
7,10,x7fc63754fca0,1601,150.0,0.0,0.0,0.09,7,[0],0
7,10,x7fc63754fca0,1602,274.0,0.0,0.0,0.06,7,[6],1
7,10,x7fc63754fca0,1603,244.0,0.0,0.0,0.06,7,[6],1
7,10,x7fc63754fca0,1604,175.0,0.0,1.0,0.06,7,[7],3
7,10,x7fc63754fca0,1605,505.0,1.0,1.0,0.06,7,[9],4
7,10,x7fc63754fca0,1606,300.0,0.0,0.0,0.06,7,[6],2
7,10,x7fc63754fca0,1607,-50.0,0.0,0.0,0.09,2,[1],3
7,10,x7fc63754fca0,1608,700.0,0.0,1.0,0.0,7,[6],3
7,10,x7fc63754fca0,1609,700.0,0.0,1.0,0.06,7,[6],3
7,10,x7fc63754fca0,1610,300.0,0.0,1.0,0.06,7,[6],3
7,10,x7fc63754fca0,1611,95.0,1.0,0.0,0.06,7,[9],4
7,10,x7fc63754fca0,1612,150.0,0.0,0.0,0.09,7,[0],0
7,10,x7fc63754fca0,1613,100.0,0.0,0.0,0.08,3,[19],3
7,10,x7fc63754fca0,1614,300.0,1.0,1.0,0.07,2,[2],4
7,10,x7fc63754fca0,1615,400.0,0.0,0.0,0.07,7,[23],3
7,10,x7fc63754fca0,1616,50.0,1.0,0.0,0.09,3,[2],3
7,10,x7fc63754fca0,1617,-47.0,0.0,0.0,0.12,5,[6],3
7,10,x7fc63754fca0,1618,250.0,0.0,1.0,0.09,3,[2],3
7,10,x7fc63754fca0,1619,495.0,0.0,1.0,0.0,7,[9],3
7,10,x7fc63754fca0,1620,200.0,1.0,0.0,0.12,4,[23],3
7,10,x7fc63754fca0,1621,106.0,0.0,0.0,0.09,7,[0],0
7,10,x7fc63754fca0,1622,100.0,0.0,0.0,0.12,7,[6],3
7,10,x7fc63754fca0,1623,250.0,0.0,0.0,0.06,7,[7],3
7,10,x7fc63754fca0,1624,0.0,0.0,0.0,0.06,7,[6],3
7,10,x7fc63754fca0,1625,64.0,1.0,0.0,0.06,7,[9],4
7,10,x7fc63754fca0,1626,100.0,0.0,0.0,0.08,4,[19],3
7,10,x7fc63754fca0,1627,300.0,0.0,0.0,0.06,7,[6],1
7,10,x7fc63754fca0,1628,300.0,0.0,0.0,0.06,7,[7],1
7,10,x7fc63754fca0,1629,158.0,0.0,1.0,0.06,7,[6],3
7,10,x7fc63754fca0,1630,246.0,1.0,0.0,0.06,7,[9],4
7,10,x7fc63754fca0,1631,-143.0,0.0,0.0,0.06,7,[7],3
7,10,x7fc63754fca0,1632,180.0,1.0,0.0,0.06,7,[9],4
7,10,x7fc63754fca0,1633,400.0,0.0,0.0,0.06,7,[6],3
7,10,x7fc63754fca0,1634,299.0,0.0,0.0,0.06,7,[6],1
7,10,x7fc63754fca0,1635,-50.0,0.0,0.0,0.07,2,[1],3
7,10,x7fc63754fca0,1636,149.0,0.0,1.0,0.0,7,[8],3
7,10,x7fc63754fca0,1637,348.0,0.0,0.0,0.06,6,[6],0
7,10,x7fc63754fca0,1638,226.0,1.0,0.0,0.06,7,[8],4
7,10,x7fc63754fca0,1639,266.0,0.0,0.0,0.06,6,[6],0
7,10,x7fc63754fca0,1640,-243.0,0.0,0.0,0.06,7,[6],0
7,10,x7fc63754fca0,1641,250.0,0.0,0.0,0.07,2,[0],0
7,10,x7fc63754fca0,1642,152.0,0.0,1.0,0.0,7,[6],3
7,10,x7fc63754fca0,1643,650.0,1.0,1.0,0.06,7,[7],4
7,10,x7fc63754fca0,1644,-101.0,0.0,0.0,0.06,7,[6],0
7,10,x7fc63754fca0,1645,77.0,0.0,1.0,0.06,7,[9],3
7,10,x7fc63754fca0,1646,251.0,1.0,0.0,0.06,7,[7],4
7,10,x7fc63754fca0,1647,-155.0,1.0,0.0,0.12,7,[8],4
7,10,x7fc63754fca0,1648,0.0,1.0,0.0,0.09,7,[2],4
7,10,x7fc63754fca0,1649,400.0,0.0,0.0,0.06,7,[6],1
7,10,x7fc63754fca0,1650,250.0,0.0,0.0,0.07,2,[0],3
7,10,x7fc63754fca0,1651,299.0,0.0,0.0,0.0,7,[6],3
7,10,x7fc63754fca0,1652,401.0,0.0,1.0,0.07,3,[1],3
7,10,x7fc63754fca0,1653,150.0,0.0,1.0,0.06,7,[8],3
7,10,x7fc63754fca0,1654,518.0,1.0,1.0,0.06,7,[9],4
7,10,x7fc63754fca0,1655,545.0,0.0,1.0,0.06,7,[9],3
7,10,x7fc63754fca0,1656,300.0,0.0,0.0,0.06,7,[7],1
7,10,x7fc63754fca0,1657,541.0,0.0,1.0,0.06,7,[8],3
7,10,x7fc63754fca0,1658,200.0,1.0,1.0,0.09,7,[2],3
7,10,x7fc63754fca0,1659,47.0,0.0,0.0,0.09,7,[0],0
7,10,x7fc63754fca0,1660,-236.0,0.0,1.0,0.07,7,[1],3
7,10,x7fc63754fca0,1661,-139.0,1.0,0.0,0.07,7,[1],4
7,10,x7fc63754fca0,1662,400.0,0.0,0.0,0.06,7,[6],3
7,10,x7fc63754fca0,1663,-64.0,0.0,0.0,0.07,8,[0],4
7,10,x7fc63754fca0,1664,305.0,0.0,0.0,0.06,7,[6],1
7,10,x7fc63754fca0,1665,305.0,0.0,0.0,0.06,7,[6],1
7,10,x7fc63754fca0,1666,100.0,0.0,0.0,0.08,4,[19],3
7,10,x7fc63754fca0,1667,150.0,0.0,1.0,0.09,2,[1],3
7,10,x7fc63754fca0,1668,400.0,0.0,0.0,0.06,7,[6],1
7,10,x7fc63754fca0,1669,217.0,0.0,1.0,0.07,7,[0],3
7,10,x7fc63754fca0,1670,200.0,1.0,1.0,0.07,7,[2],3
7,10,x7fc63754fca0,1671,150.0,0.0,0.0,0.06,8,[6],0
7,10,x7fc63754fca0,1672,300.0,0.0,0.0,0.06,7,[7],1
7,10,x7fc63754fca0,1673,100.0,0.0,1.0,0.07,6,[2],3
7,10,x7fc63754fca0,1674,144.0,0.0,1.0,0.06,7,[9],3
7,10,x7fc63754fca0,1675,250.0,0.0,0.0,0.07,3,[0],3
7,10,x7fc63754fca0,1676,400.0,0.0,0.0,0.06,4,[23],3
7,10,x7fc63754fca0,1677,250.0,0.0,0.0,0.09,3,[0],3
7,10,x7fc63754fca0,1678,-15.0,0.0,0.0,0.09,5,[1],0
7,10,x7fc63754fca0,1679,388.0,0.0,0.0,0.06,7,[6],1
7,10,x7fc63754fca0,1680,251.0,0.0,0.0,0.06,6,[6],3
7,10,x7fc63754fca0,1681,149.0,0.0,1.0,0.06,7,[8],3
7,10,x7fc63754fca0,1682,0.0,0.0,0.0,0.06,6,[6],3
7,10,x7fc63754fca0,1683,-150.0,0.0,0.0,0.06,7,[9],3
7,10,x7fc63754fca0,1684,-150.0,0.0,0.0,0.09,3,[0],3
7,10,x7fc63754fca0,1685,-175.0,0.0,1.0,0.07,7,[1],3
7,10,x7fc63754fca0,1686,500.0,1.0,1.0,0.09,7,[2],4
7,10,x7fc63754fca0,1687,-50.0,1.0,0.0,0.07,7,[0],4
7,10,x7fc63754fca0,1688,0.0,0.0,0.0,0.06,7,[6],0
7,10,x7fc63754fca0,1689,0.0,1.0,0.0,0.07,4,[2],4
7,10,x7fc63754fca0,1690,0.0,0.0,0.0,0.0,7,[6],3
7,10,x7fc63754fca0,1691,209.0,1.0,0.0,0.06,7,[8],4
7,10,x7fc63754fca0,1692,-142.0,0.0,0.0,0.06,7,[7],3
7,10,x7fc63754fca0,1693,38.0,1.0,0.0,0.06,7,[9],4
7,10,x7fc63754fca0,1694,0.0,0.0,0.0,0.06,7,[6],3
7,10,x7fc63754fca0,1695,122.0,0.0,1.0,0.06,6,[8],3
7,10,x7fc63754fca0,1696,202.0,1.0,0.0,0.06,8,[8],4
7,10,x7fc63754fca0,1697,119.0,1.0,0.0,0.07,4,[1],4
7,10,x7fc63754fca0,1698,-143.0,0.0,0.0,0.0,7,[6],3
7,10,x7fc63754fca0,1699,245.0,1.0,0.0,0.06,7,[8],4
7,10,x7fc63754fca0,1700,51.0,0.0,0.0,0.12,7,[7],3
7,10,x7fc63754fca0,1701,400.0,0.0,0.0,0.03,7,[6],3
7,10,x7fc63754fca0,1702,400.0,0.0,0.0,0.06,7,[6],3
7,10,x7fc63754fca0,1703,100.0,0.0,1.0,0.07,7,[2],3
7,10,x7fc63754fca0,1704,301.0,0.0,0.0,0.06,7,[6],1
7,10,x7fc63754fca0,1705,400.0,0.0,0.0,0.06,7,[6],1
7,10,x7fc63754fca0,1706,100.0,0.0,0.0,0.12,7,[6],3
7,10,x7fc63754fca0,1707,300.0,0.0,0.0,0.06,7,[6],1
7,10,x7fc63754fca0,1708,-107.0,0.0,0.0,0.06,7,[6],3
7,10,x7fc63754fca0,1709,-157.0,1.0,0.0,0.12,7,[9],4
7,10,x7fc63754fca0,1710,150.0,0.0,0.0,0.09,7,[0],0
7,10,x7fc63754fca0,1711,300.0,0.0,0.0,0.06,7,[6],1
7,10,x7fc63754fca0,1712,149.0,0.0,1.0,0.06,7,[9],3
7,10,x7fc63754fca0,1713,-70.0,1.0,0.0,0.12,7,[9],4
7,10,x7fc63754fca0,1714,64.0,1.0,0.0,0.06,7,[9],4
7,10,x7fc63754fca0,1715,-61.0,0.0,0.0,0.06,7,[6],3
7,10,x7fc63754fca0,1716,59.0,1.0,0.0,0.06,7,[9],4
7,10,x7fc63754fca0,1717,92.0,0.0,1.0,0.06,7,[9],3
7,10,x7fc63754fca0,1718,110.0,1.0,0.0,0.06,7,[9],4
7,10,x7fc63754fca0,1719,503.0,0.0,1.0,0.06,7,[9],3
7,10,x7fc63754fca0,1720,0.0,0.0,0.0,0.06,7,[6],3
7,10,x7fc63754fca0,1721,124.0,1.0,0.0,0.06,7,[9],4
7,10,x7fc63754fca0,1722,362.0,0.0,0.0,0.06,7,[6],1
7,10,x7fc63754fca0,1723,300.0,0.0,0.0,0.03,7,[9],1
7,10,x7fc63754fca0,1724,100.0,0.0,0.0,0.12,7,[6],2
7,10,x7fc63754fca0,1725,3.0,0.0,0.0,0.12,7,[6],2
7,10,x7fc63754fca0,1726,0.0,0.0,0.0,0.07,4,[0],3
7,10,x7fc63754fca0,1727,110.0,1.0,1.0,0.12,8,[2],4
7,10,x7fc63754fca0,1728,-100.0,0.0,0.0,0.06,7,[9],1
7,10,x7fc63754fca0,1729,-238.0,1.0,0.0,0.09,4,[2],4
7,10,x7fc63754fca0,1730,-50.0,0.0,0.0,0.12,2,[1],3
7,10,x7fc63754fca0,1731,-279.0,1.0,0.0,0.12,4,[1],4
7,10,x7fc63754fca0,1732,151.0,0.0,1.0,0.0,7,[6],3
7,10,x7fc63754fca0,1733,650.0,1.0,1.0,0.07,2,[1],3
7,10,x7fc63754fca0,1734,-85.0,1.0,0.0,0.07,7,[1],4
7,10,x7fc63754fca0,1735,144.0,1.0,0.0,0.09,7,[1],4
7,10,x7fc63754fca0,1736,326.0,0.0,0.0,0.06,7,[6],1
7,10,x7fc63754fca0,1737,101.0,0.0,1.0,0.06,7,[9],3
7,10,x7fc63754fca0,1738,-98.0,0.0,0.0,0.06,7,[6],3
7,10,x7fc63754fca0,1739,95.0,1.0,0.0,0.06,7,[9],4
