7,11,x7fdfd69ed670,1,50.0,0.0,0.0,0.06,2,[6],2
7,11,x7fdfd69ed670,2,350.0,1.0,1.0,0.12,5,[9],4
7,11,x7fdfd69ed670,3,300.0,0.0,0.0,0.0,5,[6],2
7,11,x7fdfd69ed670,4,50.0,0.0,0.0,0.07,2,[0],2
7,11,x7fdfd69ed670,5,211.0,0.0,0.0,0.0,4,[6],2
7,11,x7fdfd69ed670,6,156.0,0.0,0.0,0.03,4,[6],2
7,11,x7fdfd69ed670,7,150.0,1.0,0.0,0.0,5,[9],4
7,11,x7fdfd69ed670,8,100.0,0.0,0.0,0.12,2,[23],3
7,11,x7fdfd69ed670,9,250.0,0.0,0.0,0.12,2,[0],3
7,11,x7fdfd69ed670,10,-50.0,0.0,0.0,0.12,2,[1],3
7,11,x7fdfd69ed670,11,-50.0,0.0,0.0,0.12,2,[1],3
7,11,x7fdfd69ed670,12,-50.0,0.0,0.0,0.12,2,[1],3
7,11,x7fdfd69ed670,13,-50.0,0.0,0.0,0.12,2,[1],3
7,11,x7fdfd69ed670,14,250.0,0.0,0.0,0.12,2,[0],3
7,11,x7fdfd69ed670,15,250.0,0.0,0.0,0.12,2,[0],3
7,11,x7fdfd69ed670,16,350.0,1.0,1.0,0.07,3,[2],3
7,11,x7fdfd69ed670,17,250.0,0.0,0.0,0.12,3,[0],3
7,11,x7fdfd69ed670,18,400.0,0.0,0.0,0.0,6,[6],3
7,11,x7fdfd69ed670,19,250.0,0.0,0.0,0.07,3,[0],3
7,11,x7fdfd69ed670,20,50.0,0.0,0.0,0.07,3,[0],2
7,11,x7fdfd69ed670,21,250.0,0.0,0.0,0.12,3,[0],3
7,11,x7fdfd69ed670,22,250.0,0.0,0.0,0.12,3,[0],3
7,11,x7fdfd69ed670,23,158.0,0.0,0.0,0.12,3,[0],2
7,11,x7fdfd69ed670,24,-150.0,0.0,0.0,0.12,3,[0],0
7,11,x7fdfd69ed670,25,-150.0,0.0,0.0,0.12,3,[0],0
7,11,x7fdfd69ed670,26,257.0,1.0,0.0,0.12,3,[0],0
7,11,x7fdfd69ed670,27,200.0,1.0,0.0,0.12,3,[1],4
7,11,x7fdfd69ed670,28,250.0,0.0,1.0,0.12,3,[2],3
7,11,x7fdfd69ed670,29,250.0,1.0,0.0,0.0,6,[8],4
7,11,x7fdfd69ed670,30,100.0,0.0,0.0,0.07,3,[1],3
7,11,x7fdfd69ed670,31,214.0,0.0,1.0,0.07,6,[1],3
7,11,x7fdfd69ed670,32,150.0,0.0,0.0,0.07,3,[0],2
7,11,x7fdfd69ed670,33,250.0,0.0,0.0,0.07,3,[0],3
7,11,x7fdfd69ed670,34,100.0,0.0,0.0,0.12,3,[1],3
7,11,x7fdfd69ed670,35,0.0,0.0,0.0,0.0,6,[7],3
7,11,x7fdfd69ed670,36,-150.0,0.0,0.0,0.07,3,[0],0
7,11,x7fdfd69ed670,37,150.0,1.0,0.0,0.12,3,[0],0
7,11,x7fdfd69ed670,38,514.0,0.0,1.0,0.09,6,[1],3
7,11,x7fdfd69ed670,39,250.0,0.0,0.0,0.07,3,[0],3
7,11,x7fdfd69ed670,40,250.0,0.0,0.0,0.07,3,[0],3
7,11,x7fdfd69ed670,41,-50.0,0.0,0.0,0.12,3,[2],3
7,11,x7fdfd69ed670,42,-150.0,0.0,0.0,0.07,3,[0],3
7,11,x7fdfd69ed670,43,-250.0,0.0,0.0,0.12,3,[0],0
7,11,x7fdfd69ed670,44,250.0,1.0,0.0,0.12,3,[0],0
7,11,x7fdfd69ed670,45,250.0,0.0,0.0,0.07,3,[0],4
7,11,x7fdfd69ed670,46,50.0,0.0,0.0,0.12,3,[0],4
7,11,x7fdfd69ed670,47,153.0,0.0,0.0,0.12,3,[0],2
7,11,x7fdfd69ed670,48,400.0,0.0,0.0,0.0,6,[6],2
7,11,x7fdfd69ed670,49,250.0,0.0,0.0,0.07,3,[0],3
7,11,x7fdfd69ed670,50,250.0,0.0,0.0,0.12,3,[0],3
7,11,x7fdfd69ed670,51,50.0,0.0,0.0,0.12,3,[0],2
7,11,x7fdfd69ed670,52,250.0,0.0,0.0,0.12,3,[0],2
7,11,x7fdfd69ed670,53,250.0,0.0,0.0,0.12,3,[0],4
7,11,x7fdfd69ed670,54,-50.0,0.0,0.0,0.12,3,[2],3
7,11,x7fdfd69ed670,55,150.0,0.0,0.0,0.12,3,[0],2
7,11,x7fdfd69ed670,56,250.0,0.0,0.0,0.12,3,[0],2
7,11,x7fdfd69ed670,57,250.0,0.0,0.0,0.09,3,[0],0
7,11,x7fdfd69ed670,58,250.0,0.0,0.0,0.07,3,[0],3
7,11,x7fdfd69ed670,59,147.0,0.0,0.0,0.12,3,[0],2
7,11,x7fdfd69ed670,60,250.0,0.0,0.0,0.12,3,[0],2
7,11,x7fdfd69ed670,61,250.0,0.0,0.0,0.12,3,[0],3
7,11,x7fdfd69ed670,62,-50.0,0.0,0.0,0.12,3,[2],3
7,11,x7fdfd69ed670,63,250.0,0.0,0.0,0.09,3,[0],3
7,11,x7fdfd69ed670,64,100.0,0.0,1.0,0.12,7,[2],3
7,11,x7fdfd69ed670,65,250.0,0.0,0.0,0.07,3,[0],3
7,11,x7fdfd69ed670,66,250.0,0.0,0.0,0.12,3,[0],0
7,11,x7fdfd69ed670,67,160.0,0.0,0.0,0.12,3,[0],2
7,11,x7fdfd69ed670,68,250.0,0.0,0.0,0.07,3,[0],3
7,11,x7fdfd69ed670,69,250.0,0.0,0.0,0.12,3,[0],3
7,11,x7fdfd69ed670,70,250.0,0.0,0.0,0.12,3,[0],0
7,11,x7fdfd69ed670,71,100.0,0.0,0.0,0.12,3,[1],3
7,11,x7fdfd69ed670,72,-65.0,1.0,0.0,0.07,3,[2],4
7,11,x7fdfd69ed670,73,250.0,0.0,0.0,0.12,3,[0],4
7,11,x7fdfd69ed670,74,95.0,0.0,0.0,0.12,3,[1],3
7,11,x7fdfd69ed670,75,250.0,0.0,0.0,0.12,3,[0],2
7,11,x7fdfd69ed670,76,100.0,0.0,0.0,0.12,3,[1],3
7,11,x7fdfd69ed670,77,250.0,0.0,0.0,0.12,3,[0],2
7,11,x7fdfd69ed670,78,100.0,0.0,0.0,0.07,3,[1],3
7,11,x7fdfd69ed670,79,250.0,0.0,0.0,0.12,3,[0],2
7,11,x7fdfd69ed670,80,250.0,0.0,0.0,0.12,3,[0],2
7,11,x7fdfd69ed670,81,400.0,0.0,0.0,0.0,6,[6],2
7,11,x7fdfd69ed670,82,400.0,0.0,0.0,0.07,4,[23],3
7,11,x7fdfd69ed670,83,530.0,0.0,1.0,0.06,6,[9],3
7,11,x7fdfd69ed670,84,188.0,1.0,0.0,0.09,3,[1],4
7,11,x7fdfd69ed670,85,-150.0,0.0,0.0,0.09,3,[0],0
7,11,x7fdfd69ed670,86,-251.0,0.0,0.0,0.12,3,[0],0
7,11,x7fdfd69ed670,87,218.0,1.0,0.0,0.12,3,[0],0
7,11,x7fdfd69ed670,88,-250.0,0.0,0.0,0.09,3,[0],2
7,11,x7fdfd69ed670,89,250.0,0.0,0.0,0.12,2,[0],3
7,11,x7fdfd69ed670,90,362.0,0.0,0.0,0.0,6,[6],2
7,11,x7fdfd69ed670,91,400.0,0.0,0.0,0.06,6,[6],3
7,11,x7fdfd69ed670,92,-312.0,0.0,0.0,0.07,3,[1],3
7,11,x7fdfd69ed670,93,-150.0,0.0,0.0,0.12,3,[0],2
7,11,x7fdfd69ed670,94,400.0,0.0,0.0,0.0,4,[6],2
7,11,x7fdfd69ed670,95,250.0,0.0,0.0,0.07,2,[1],3
7,11,x7fdfd69ed670,96,123.0,0.0,0.0,0.09,4,[0],0
7,11,x7fdfd69ed670,97,400.0,0.0,1.0,0.07,3,[1],3
7,11,x7fdfd69ed670,98,399.0,0.0,1.0,0.12,3,[1],3
7,11,x7fdfd69ed670,99,295.0,0.0,0.0,0.0,7,[6],1
7,11,x7fdfd69ed670,100,250.0,0.0,1.0,0.07,2,[2],3
7,11,x7fdfd69ed670,101,399.0,0.0,1.0,0.12,3,[1],3
7,11,x7fdfd69ed670,102,50.0,0.0,0.0,0.09,3,[0],4
7,11,x7fdfd69ed670,103,700.0,0.0,1.0,0.0,5,[7],3
7,11,x7fdfd69ed670,104,200.0,1.0,1.0,0.07,4,[2],4
7,11,x7fdfd69ed670,105,99.0,0.0,0.0,0.07,3,[1],3
7,11,x7fdfd69ed670,106,250.0,0.0,0.0,0.12,3,[0],3
7,11,x7fdfd69ed670,107,300.0,0.0,0.0,0.0,5,[6],2
7,11,x7fdfd69ed670,108,-50.0,0.0,0.0,0.07,2,[2],3
7,11,x7fdfd69ed670,109,250.0,1.0,0.0,0.09,3,[0],0
7,11,x7fdfd69ed670,110,-350.0,0.0,0.0,0.12,3,[0],2
7,11,x7fdfd69ed670,111,500.0,1.0,0.0,0.0,2,[8],0
7,11,x7fdfd69ed670,112,121.0,1.0,0.0,0.07,4,[0],4
7,11,x7fdfd69ed670,113,300.0,0.0,0.0,0.06,6,[7],2
7,11,x7fdfd69ed670,114,250.0,0.0,0.0,0.07,2,[0],3
7,11,x7fdfd69ed670,115,50.0,1.0,0.0,0.12,3,[2],4
7,11,x7fdfd69ed670,116,97.0,1.0,0.0,0.0,5,[8],4
7,11,x7fdfd69ed670,117,-250.0,0.0,0.0,0.07,3,[0],0
7,11,x7fdfd69ed670,118,250.0,1.0,0.0,0.12,3,[0],4
7,11,x7fdfd69ed670,119,350.0,1.0,0.0,0.12,3,[0],0
7,11,x7fdfd69ed670,120,250.0,0.0,0.0,0.09,3,[0],3
7,11,x7fdfd69ed670,121,400.0,0.0,0.0,0.0,6,[7],1
7,11,x7fdfd69ed670,122,100.0,0.0,0.0,0.12,4,[23],3
7,11,x7fdfd69ed670,123,-50.0,0.0,0.0,0.07,3,[2],3
7,11,x7fdfd69ed670,124,50.0,0.0,0.0,0.12,3,[0],2
7,11,x7fdfd69ed670,125,250.0,0.0,0.0,0.12,3,[0],3
7,11,x7fdfd69ed670,126,400.0,0.0,0.0,0.03,6,[6],3
7,11,x7fdfd69ed670,127,250.0,0.0,0.0,0.07,3,[0],3
7,11,x7fdfd69ed670,128,350.0,1.0,1.0,0.12,3,[2],3
7,11,x7fdfd69ed670,129,250.0,0.0,0.0,0.12,3,[0],3
7,11,x7fdfd69ed670,130,0.0,0.0,0.0,0.0,6,[6],0
7,11,x7fdfd69ed670,131,51.0,1.0,0.0,0.07,4,[2],4
7,11,x7fdfd69ed670,132,149.0,0.0,0.0,0.07,3,[0],2
7,11,x7fdfd69ed670,133,150.0,0.0,0.0,0.09,3,[0],2
7,11,x7fdfd69ed670,134,-14.0,0.0,0.0,0.12,6,[7],3
7,11,x7fdfd69ed670,135,-239.0,0.0,0.0,0.07,3,[0],2
7,11,x7fdfd69ed670,136,270.0,0.0,0.0,0.03,6,[7],3
7,11,x7fdfd69ed670,137,-303.0,0.0,0.0,0.09,3,[0],2
7,11,x7fdfd69ed670,138,-150.0,0.0,0.0,0.12,3,[0],2
7,11,x7fdfd69ed670,139,150.0,1.0,0.0,0.12,3,[0],4
7,11,x7fdfd69ed670,140,250.0,0.0,0.0,0.09,3,[0],3
7,11,x7fdfd69ed670,141,371.0,0.0,0.0,0.0,6,[6],2
7,11,x7fdfd69ed670,142,100.0,0.0,0.0,0.12,4,[23],3
7,11,x7fdfd69ed670,143,308.0,1.0,1.0,0.09,3,[2],4
7,11,x7fdfd69ed670,144,386.0,0.0,0.0,0.0,6,[6],2
7,11,x7fdfd69ed670,145,100.0,0.0,0.0,0.12,4,[20],3
7,11,x7fdfd69ed670,146,-213.0,0.0,0.0,0.12,3,[0],2
7,11,x7fdfd69ed670,147,195.0,0.0,1.0,0.12,6,[1],3
7,11,x7fdfd69ed670,148,150.0,0.0,0.0,0.07,3,[0],4
7,11,x7fdfd69ed670,149,-300.0,0.0,0.0,0.09,3,[1],3
7,11,x7fdfd69ed670,150,99.0,1.0,0.0,0.12,3,[1],4
7,11,x7fdfd69ed670,151,250.0,0.0,0.0,0.12,3,[0],2
7,11,x7fdfd69ed670,152,250.0,0.0,0.0,0.12,3,[0],2
7,11,x7fdfd69ed670,153,100.0,0.0,0.0,0.12,3,[1],3
7,11,x7fdfd69ed670,154,250.0,0.0,0.0,0.12,3,[0],3
7,11,x7fdfd69ed670,155,-450.0,0.0,0.0,0.07,2,[2],3
7,11,x7fdfd69ed670,156,150.0,1.0,0.0,0.12,3,[0],4
7,11,x7fdfd69ed670,157,250.0,0.0,0.0,0.12,3,[0],3
7,11,x7fdfd69ed670,158,-150.0,0.0,0.0,0.12,3,[0],3
7,11,x7fdfd69ed670,159,-350.0,0.0,0.0,0.07,2,[0],0
7,11,x7fdfd69ed670,160,0.0,0.0,0.0,0.06,6,[6],3
7,11,x7fdfd69ed670,161,252.0,1.0,0.0,0.03,6,[8],4
7,11,x7fdfd69ed670,162,50.0,0.0,0.0,0.07,2,[0],0
7,11,x7fdfd69ed670,163,113.0,0.0,0.0,0.07,3,[0],4
7,11,x7fdfd69ed670,164,200.0,1.0,0.0,0.12,3,[1],4
7,11,x7fdfd69ed670,165,92.0,1.0,0.0,0.07,4,[1],4
7,11,x7fdfd69ed670,166,400.0,0.0,0.0,0.0,5,[6],2
7,11,x7fdfd69ed670,167,250.0,0.0,1.0,0.07,3,[2],3
7,11,x7fdfd69ed670,168,250.0,0.0,0.0,0.09,3,[0],3
7,11,x7fdfd69ed670,169,250.0,0.0,0.0,0.12,3,[0],4
7,11,x7fdfd69ed670,170,-150.0,1.0,0.0,0.12,3,[2],4
7,11,x7fdfd69ed670,171,250.0,0.0,1.0,0.12,3,[2],3
7,11,x7fdfd69ed670,172,-350.0,0.0,0.0,0.12,3,[0],1
7,11,x7fdfd69ed670,173,-308.0,0.0,0.0,0.12,3,[0],1
7,11,x7fdfd69ed670,174,350.0,1.0,0.0,0.12,3,[0],4
7,11,x7fdfd69ed670,175,100.0,0.0,0.0,0.12,3,[1],3
7,11,x7fdfd69ed670,176,250.0,0.0,0.0,0.12,3,[0],3
7,11,x7fdfd69ed670,177,250.0,0.0,0.0,0.12,3,[0],3
7,11,x7fdfd69ed670,178,-250.0,0.0,0.0,0.12,3,[0],2
7,11,x7fdfd69ed670,179,400.0,0.0,0.0,0.0,3,[7],2
7,11,x7fdfd69ed670,180,350.0,1.0,0.0,0.06,5,[9],3
7,11,x7fdfd69ed670,181,100.0,0.0,0.0,0.07,3,[1],3
7,11,x7fdfd69ed670,182,-150.0,0.0,0.0,0.12,3,[0],3
7,11,x7fdfd69ed670,183,350.0,1.0,0.0,0.12,3,[0],4
7,11,x7fdfd69ed670,184,250.0,0.0,0.0,0.12,3,[0],3
7,11,x7fdfd69ed670,185,400.0,0.0,0.0,0.0,2,[9],2
7,11,x7fdfd69ed670,186,-50.0,0.0,0.0,0.07,3,[2],3
7,11,x7fdfd69ed670,187,100.0,0.0,0.0,0.12,3,[1],3
7,11,x7fdfd69ed670,188,-250.0,0.0,0.0,0.12,3,[0],0
7,11,x7fdfd69ed670,189,650.0,1.0,1.0,0.12,3,[0],0
7,11,x7fdfd69ed670,190,-58.0,1.0,0.0,0.12,5,[1],4
7,11,x7fdfd69ed670,191,250.0,0.0,0.0,0.07,2,[1],3
7,11,x7fdfd69ed670,192,250.0,0.0,1.0,0.12,3,[2],3
7,11,x7fdfd69ed670,193,-100.0,0.0,0.0,0.12,4,[0],2
7,11,x7fdfd69ed670,194,-305.0,0.0,0.0,0.07,3,[1],3
7,11,x7fdfd69ed670,195,-150.0,0.0,0.0,0.12,3,[0],2
7,11,x7fdfd69ed670,196,100.0,0.0,0.0,0.12,4,[7],2
7,11,x7fdfd69ed670,197,400.0,0.0,1.0,0.07,3,[1],3
7,11,x7fdfd69ed670,198,250.0,0.0,1.0,0.12,3,[2],3
7,11,x7fdfd69ed670,199,101.0,0.0,0.0,0.12,3,[1],3
7,11,x7fdfd69ed670,200,250.0,0.0,0.0,0.12,3,[0],3
7,11,x7fdfd69ed670,201,-50.0,0.0,0.0,0.12,3,[2],3
7,11,x7fdfd69ed670,202,-150.0,1.0,0.0,0.12,3,[2],4
7,11,x7fdfd69ed670,203,99.0,0.0,0.0,0.12,3,[1],3
7,11,x7fdfd69ed670,204,100.0,0.0,0.0,0.12,5,[7],3
7,11,x7fdfd69ed670,205,150.0,1.0,0.0,0.06,2,[6],2
7,11,x7fdfd69ed670,206,100.0,0.0,0.0,0.07,3,[1],3
7,11,x7fdfd69ed670,207,100.0,0.0,0.0,0.12,3,[1],3
7,11,x7fdfd69ed670,208,99.0,0.0,0.0,0.12,3,[1],3
7,11,x7fdfd69ed670,209,250.0,0.0,1.0,0.09,3,[2],3
7,11,x7fdfd69ed670,210,250.0,0.0,0.0,0.12,3,[0],2
7,11,x7fdfd69ed670,211,550.0,0.0,1.0,0.12,3,[0],3
7,11,x7fdfd69ed670,212,-350.0,0.0,0.0,0.12,3,[0],2
7,11,x7fdfd69ed670,213,650.0,1.0,1.0,0.12,3,[0],4
7,11,x7fdfd69ed670,214,250.0,0.0,0.0,0.12,3,[0],3
7,11,x7fdfd69ed670,215,400.0,0.0,0.0,0.0,6,[6],2
7,11,x7fdfd69ed670,216,250.0,0.0,0.0,0.07,3,[0],3
7,11,x7fdfd69ed670,217,-50.0,0.0,0.0,0.12,3,[2],3
7,11,x7fdfd69ed670,218,-150.0,0.0,0.0,0.12,3,[0],3
7,11,x7fdfd69ed670,219,-150.0,0.0,0.0,0.12,2,[0],2
7,11,x7fdfd69ed670,220,50.0,1.0,0.0,0.07,3,[2],4
7,11,x7fdfd69ed670,221,250.0,0.0,0.0,0.12,3,[0],3
7,11,x7fdfd69ed670,222,306.0,0.0,0.0,0.0,7,[6],2
7,11,x7fdfd69ed670,223,400.0,0.0,0.0,0.06,4,[6],2
7,11,x7fdfd69ed670,224,250.0,0.0,1.0,0.09,3,[2],3
7,11,x7fdfd69ed670,225,250.0,0.0,0.0,0.12,3,[0],2
7,11,x7fdfd69ed670,226,300.0,0.0,0.0,0.0,7,[6],2
7,11,x7fdfd69ed670,227,50.0,0.0,0.0,0.07,3,[0],2
7,11,x7fdfd69ed670,228,55.0,0.0,0.0,0.12,3,[0],2
7,11,x7fdfd69ed670,229,400.0,0.0,0.0,0.0,7,[6],2
7,11,x7fdfd69ed670,230,250.0,0.0,0.0,0.09,3,[0],2
7,11,x7fdfd69ed670,231,-350.0,0.0,0.0,0.12,3,[0],0
7,11,x7fdfd69ed670,232,-246.0,0.0,0.0,0.07,3,[0],2
7,11,x7fdfd69ed670,233,250.0,1.0,0.0,0.12,3,[0],4
7,11,x7fdfd69ed670,234,50.0,0.0,0.0,0.12,3,[0],2
7,11,x7fdfd69ed670,235,-350.0,0.0,0.0,0.07,3,[0],0
7,11,x7fdfd69ed670,236,-98.0,0.0,0.0,0.0,6,[7],0
7,11,x7fdfd69ed670,237,-100.0,0.0,0.0,0.06,5,[6],2
7,11,x7fdfd69ed670,238,145.0,0.0,0.0,0.07,3,[0],2
7,11,x7fdfd69ed670,239,148.0,0.0,0.0,0.09,3,[0],2
7,11,x7fdfd69ed670,240,125.0,0.0,0.0,0.12,3,[0],2
7,11,x7fdfd69ed670,241,-350.0,0.0,0.0,0.09,3,[0],0
7,11,x7fdfd69ed670,242,-150.0,0.0,0.0,0.12,3,[0],2
7,11,x7fdfd69ed670,243,350.0,1.0,0.0,0.12,3,[0],0
7,11,x7fdfd69ed670,244,-251.0,0.0,0.0,0.12,3,[0],0
7,11,x7fdfd69ed670,245,-150.0,0.0,0.0,0.12,3,[0],0
7,11,x7fdfd69ed670,246,150.0,1.0,0.0,0.12,3,[0],0
7,11,x7fdfd69ed670,247,250.0,0.0,0.0,0.09,3,[0],2
7,11,x7fdfd69ed670,248,400.0,0.0,1.0,0.07,3,[1],3
7,11,x7fdfd69ed670,249,-50.0,0.0,0.0,0.12,3,[2],3
7,11,x7fdfd69ed670,250,164.0,0.0,0.0,0.12,3,[0],2
7,11,x7fdfd69ed670,251,151.0,0.0,0.0,0.07,3,[0],2
7,11,x7fdfd69ed670,252,250.0,0.0,0.0,0.12,3,[0],2
7,11,x7fdfd69ed670,253,-250.0,0.0,0.0,0.07,3,[0],0
7,11,x7fdfd69ed670,254,-150.0,0.0,0.0,0.12,3,[0],1
7,11,x7fdfd69ed670,255,50.0,0.0,0.0,0.07,3,[0],2
7,11,x7fdfd69ed670,256,222.0,0.0,1.0,0.12,6,[1],3
7,11,x7fdfd69ed670,257,-50.0,0.0,0.0,0.07,3,[2],3
7,11,x7fdfd69ed670,258,400.0,0.0,0.0,0.0,6,[6],2
7,11,x7fdfd69ed670,259,250.0,0.0,1.0,0.07,3,[2],3
7,11,x7fdfd69ed670,260,250.0,0.0,0.0,0.12,3,[0],3
7,11,x7fdfd69ed670,261,-150.0,0.0,0.0,0.12,3,[0],0
7,11,x7fdfd69ed670,262,250.0,0.0,0.0,0.12,3,[0],3
7,11,x7fdfd69ed670,263,250.0,0.0,0.0,0.12,3,[0],2
7,11,x7fdfd69ed670,264,150.0,0.0,0.0,0.12,3,[0],2
7,11,x7fdfd69ed670,265,250.0,0.0,0.0,0.12,3,[0],2
7,11,x7fdfd69ed670,266,250.0,0.0,0.0,0.12,3,[0],3
7,11,x7fdfd69ed670,267,331.0,0.0,0.0,0.06,6,[7],1
7,11,x7fdfd69ed670,268,250.0,0.0,0.0,0.07,2,[1],3
7,11,x7fdfd69ed670,269,250.0,0.0,0.0,0.12,3,[0],4
7,11,x7fdfd69ed670,270,-50.0,0.0,0.0,0.12,3,[2],3
7,11,x7fdfd69ed670,271,101.0,0.0,0.0,0.12,3,[1],3
7,11,x7fdfd69ed670,272,-150.0,0.0,0.0,0.12,3,[0],2
7,11,x7fdfd69ed670,273,-248.0,0.0,0.0,0.12,3,[0],0
7,11,x7fdfd69ed670,274,150.0,1.0,0.0,0.12,3,[0],0
7,11,x7fdfd69ed670,275,-150.0,0.0,0.0,0.07,3,[0],3
7,11,x7fdfd69ed670,276,-100.0,0.0,0.0,0.0,4,[9],0
7,11,x7fdfd69ed670,277,-350.0,0.0,0.0,0.07,3,[0],2
7,11,x7fdfd69ed670,278,202.0,0.0,0.0,0.12,3,[0],4
7,11,x7fdfd69ed670,279,100.0,0.0,0.0,0.12,3,[1],3
7,11,x7fdfd69ed670,280,99.0,0.0,0.0,0.12,3,[1],3
7,11,x7fdfd69ed670,281,-50.0,0.0,0.0,0.12,3,[2],3
7,11,x7fdfd69ed670,282,400.0,0.0,0.0,0.0,5,[6],3
7,11,x7fdfd69ed670,283,250.0,0.0,0.0,0.07,2,[0],3
7,11,x7fdfd69ed670,284,100.0,0.0,0.0,0.03,2,[9],3
7,11,x7fdfd69ed670,285,-50.0,0.0,0.0,0.07,3,[2],3
7,11,x7fdfd69ed670,286,-50.0,0.0,0.0,0.12,3,[2],3
7,11,x7fdfd69ed670,287,-100.0,0.0,0.0,0.0,5,[6],2
7,11,x7fdfd69ed670,288,495.0,1.0,1.0,0.07,3,[1],3
7,11,x7fdfd69ed670,289,550.0,0.0,1.0,0.09,3,[0],3
7,11,x7fdfd69ed670,290,300.0,0.0,1.0,0.0,4,[9],2
7,11,x7fdfd69ed670,291,-350.0,0.0,0.0,0.07,3,[0],2
7,11,x7fdfd69ed670,292,-350.0,0.0,0.0,0.09,3,[0],2
7,11,x7fdfd69ed670,293,250.0,1.0,0.0,0.12,3,[0],0
7,11,x7fdfd69ed670,294,-188.0,1.0,0.0,0.12,4,[0],4
7,11,x7fdfd69ed670,295,100.0,0.0,0.0,0.12,3,[1],3
7,11,x7fdfd69ed670,296,99.0,0.0,0.0,0.12,3,[1],3
7,11,x7fdfd69ed670,297,95.0,0.0,0.0,0.12,3,[1],3
7,11,x7fdfd69ed670,298,350.0,1.0,1.0,0.12,3,[2],3
7,11,x7fdfd69ed670,299,-50.0,0.0,0.0,0.12,3,[2],3
7,11,x7fdfd69ed670,300,250.0,0.0,0.0,0.12,3,[0],3
7,11,x7fdfd69ed670,301,150.0,1.0,0.0,0.09,3,[0],4
7,11,x7fdfd69ed670,302,250.0,0.0,0.0,0.12,3,[0],2
7,11,x7fdfd69ed670,303,250.0,0.0,1.0,0.07,3,[2],3
7,11,x7fdfd69ed670,304,100.0,0.0,0.0,0.12,3,[1],3
7,11,x7fdfd69ed670,305,250.0,0.0,0.0,0.12,3,[0],3
7,11,x7fdfd69ed670,306,250.0,0.0,0.0,0.12,3,[0],3
7,11,x7fdfd69ed670,307,250.0,0.0,1.0,0.12,3,[2],3
7,11,x7fdfd69ed670,308,-50.0,0.0,0.0,0.12,3,[2],3
7,11,x7fdfd69ed670,309,-288.0,0.0,0.0,0.12,3,[1],3
7,11,x7fdfd69ed670,310,350.0,1.0,0.0,0.12,2,[1],1
7,11,x7fdfd69ed670,311,-150.0,1.0,0.0,0.12,3,[2],4
7,11,x7fdfd69ed670,312,401.0,0.0,1.0,0.12,3,[1],3
7,11,x7fdfd69ed670,313,-150.0,1.0,0.0,0.12,3,[2],4
7,11,x7fdfd69ed670,314,550.0,0.0,1.0,0.12,3,[0],2
7,11,x7fdfd69ed670,315,-150.0,1.0,0.0,0.12,3,[2],4
7,11,x7fdfd69ed670,316,101.0,0.0,0.0,0.12,3,[1],3
7,11,x7fdfd69ed670,317,100.0,0.0,0.0,0.12,3,[1],3
7,11,x7fdfd69ed670,318,500.0,1.0,1.0,0.12,3,[1],4
7,11,x7fdfd69ed670,319,250.0,0.0,1.0,0.12,3,[2],3
7,11,x7fdfd69ed670,320,100.0,0.0,0.0,0.12,3,[1],3
7,11,x7fdfd69ed670,321,700.0,0.0,1.0,0.0,2,[7],2
7,11,x7fdfd69ed670,322,-400.0,0.0,0.0,0.12,4,[8],1
7,11,x7fdfd69ed670,323,408.0,1.0,0.0,0.06,4,[9],0
7,11,x7fdfd69ed670,324,250.0,0.0,0.0,0.07,3,[0],3
7,11,x7fdfd69ed670,325,-50.0,0.0,0.0,0.12,3,[2],3
7,11,x7fdfd69ed670,326,199.0,1.0,0.0,0.07,3,[1],3
7,11,x7fdfd69ed670,327,-250.0,0.0,0.0,0.12,3,[0],0
7,11,x7fdfd69ed670,328,310.0,1.0,0.0,0.07,3,[0],0
7,11,x7fdfd69ed670,329,-150.0,0.0,0.0,0.07,3,[0],3
7,11,x7fdfd69ed670,330,550.0,0.0,1.0,0.09,3,[0],3
7,11,x7fdfd69ed670,331,150.0,0.0,1.0,0.12,3,[0],0
7,11,x7fdfd69ed670,332,250.0,0.0,0.0,0.12,3,[0],3
7,11,x7fdfd69ed670,333,105.0,0.0,0.0,0.12,3,[0],2
7,11,x7fdfd69ed670,334,-350.0,0.0,0.0,0.12,3,[0],2
7,11,x7fdfd69ed670,335,150.0,0.0,1.0,0.12,3,[0],2
7,11,x7fdfd69ed670,336,250.0,0.0,0.0,0.07,3,[0],2
7,11,x7fdfd69ed670,337,250.0,0.0,1.0,0.12,3,[2],3
7,11,x7fdfd69ed670,338,184.0,0.0,0.0,0.12,3,[0],4
7,11,x7fdfd69ed670,339,250.0,0.0,0.0,0.12,3,[0],3
7,11,x7fdfd69ed670,340,250.0,0.0,0.0,0.12,3,[0],2
7,11,x7fdfd69ed670,341,100.0,0.0,0.0,0.07,3,[1],3
7,11,x7fdfd69ed670,342,99.0,0.0,0.0,0.12,3,[1],3
7,11,x7fdfd69ed670,343,400.0,0.0,0.0,0.0,7,[6],2
7,11,x7fdfd69ed670,344,250.0,0.0,0.0,0.09,3,[0],3
7,11,x7fdfd69ed670,345,-350.0,0.0,0.0,0.12,3,[0],2
7,11,x7fdfd69ed670,346,250.0,0.0,0.0,0.12,3,[0],3
7,11,x7fdfd69ed670,347,307.0,0.0,0.0,0.0,6,[7],1
7,11,x7fdfd69ed670,348,250.0,0.0,0.0,0.07,3,[0],2
7,11,x7fdfd69ed670,349,400.0,0.0,0.0,0.06,2,[23],3
7,11,x7fdfd69ed670,350,-99.0,0.0,0.0,0.03,7,[6],2
7,11,x7fdfd69ed670,351,400.0,0.0,0.0,0.06,6,[6],2
7,11,x7fdfd69ed670,352,100.0,0.0,0.0,0.12,6,[6],3
7,11,x7fdfd69ed670,353,286.0,0.0,0.0,0.06,6,[7],3
7,11,x7fdfd69ed670,354,250.0,0.0,0.0,0.07,3,[0],3
7,11,x7fdfd69ed670,355,-300.0,0.0,0.0,0.12,3,[1],3
7,11,x7fdfd69ed670,356,-47.0,0.0,0.0,0.0,7,[6],2
7,11,x7fdfd69ed670,357,105.0,1.0,0.0,0.07,4,[0],4
7,11,x7fdfd69ed670,358,400.0,0.0,0.0,0.06,2,[23],3
7,11,x7fdfd69ed670,359,88.0,0.0,0.0,0.09,3,[1],3
7,11,x7fdfd69ed670,360,250.0,0.0,0.0,0.12,3,[0],2
7,11,x7fdfd69ed670,361,273.0,1.0,1.0,0.12,3,[2],4
7,11,x7fdfd69ed670,362,149.0,0.0,0.0,0.12,3,[0],2
7,11,x7fdfd69ed670,363,300.0,0.0,0.0,0.0,6,[8],1
7,11,x7fdfd69ed670,364,250.0,0.0,1.0,0.07,3,[2],3
7,11,x7fdfd69ed670,365,400.0,0.0,0.0,0.06,3,[23],3
7,11,x7fdfd69ed670,366,100.0,0.0,0.0,0.07,3,[1],3
7,11,x7fdfd69ed670,367,-150.0,0.0,0.0,0.12,3,[0],0
7,11,x7fdfd69ed670,368,-150.0,0.0,0.0,0.12,3,[0],0
7,11,x7fdfd69ed670,369,-250.0,0.0,0.0,0.09,3,[0],0
7,11,x7fdfd69ed670,370,100.0,0.0,0.0,0.12,3,[20],3
7,11,x7fdfd69ed670,371,400.0,0.0,0.0,0.06,6,[7],1
7,11,x7fdfd69ed670,372,-50.0,0.0,0.0,0.07,2,[2],3
7,11,x7fdfd69ed670,373,400.0,0.0,0.0,0.06,6,[7],1
7,11,x7fdfd69ed670,374,150.0,0.0,0.0,0.07,3,[0],2
7,11,x7fdfd69ed670,375,-97.0,0.0,0.0,0.06,6,[6],2
7,11,x7fdfd69ed670,376,-150.0,0.0,0.0,0.07,3,[0],2
7,11,x7fdfd69ed670,377,-150.0,0.0,0.0,0.07,3,[0],0
7,11,x7fdfd69ed670,378,150.0,1.0,0.0,0.12,3,[0],0
7,11,x7fdfd69ed670,379,550.0,0.0,1.0,0.07,3,[0],4
7,11,x7fdfd69ed670,380,250.0,0.0,0.0,0.12,3,[0],4
7,11,x7fdfd69ed670,381,250.0,0.0,1.0,0.07,3,[2],3
7,11,x7fdfd69ed670,382,250.0,0.0,0.0,0.12,3,[0],2
7,11,x7fdfd69ed670,383,250.0,0.0,0.0,0.12,3,[0],2
7,11,x7fdfd69ed670,384,-250.0,0.0,0.0,0.12,3,[0],0
7,11,x7fdfd69ed670,385,-250.0,0.0,0.0,0.12,3,[0],2
7,11,x7fdfd69ed670,386,350.0,1.0,0.0,0.12,3,[0],0
7,11,x7fdfd69ed670,387,-252.0,0.0,0.0,0.12,3,[0],0
7,11,x7fdfd69ed670,388,350.0,1.0,0.0,0.12,3,[0],0
7,11,x7fdfd69ed670,389,-150.0,0.0,0.0,0.12,3,[0],0
7,11,x7fdfd69ed670,390,350.0,1.0,0.0,0.12,3,[0],4
7,11,x7fdfd69ed670,391,250.0,0.0,0.0,0.12,3,[0],4
7,11,x7fdfd69ed670,392,400.0,0.0,0.0,0.0,6,[7],1
7,11,x7fdfd69ed670,393,250.0,0.0,0.0,0.07,3,[0],4
7,11,x7fdfd69ed670,394,150.0,0.0,0.0,0.07,3,[0],2
7,11,x7fdfd69ed670,395,-150.0,0.0,0.0,0.07,3,[0],2
7,11,x7fdfd69ed670,396,250.0,0.0,0.0,0.07,3,[0],3
7,11,x7fdfd69ed670,397,250.0,0.0,0.0,0.12,3,[0],2
7,11,x7fdfd69ed670,398,50.0,0.0,0.0,0.07,3,[0],2
7,11,x7fdfd69ed670,399,507.0,0.0,1.0,0.09,7,[1],3
7,11,x7fdfd69ed670,400,100.0,0.0,1.0,0.07,7,[2],3
7,11,x7fdfd69ed670,401,250.0,0.0,0.0,0.07,3,[0],2
7,11,x7fdfd69ed670,402,250.0,0.0,1.0,0.12,3,[2],3
7,11,x7fdfd69ed670,403,152.0,0.0,0.0,0.12,3,[0],2
7,11,x7fdfd69ed670,404,50.0,0.0,0.0,0.12,3,[0],2
7,11,x7fdfd69ed670,405,50.0,0.0,0.0,0.07,3,[0],2
7,11,x7fdfd69ed670,406,150.0,0.0,1.0,0.09,3,[0],0
7,11,x7fdfd69ed670,407,150.0,0.0,1.0,0.12,3,[0],2
7,11,x7fdfd69ed670,408,550.0,0.0,1.0,0.12,3,[0],0
7,11,x7fdfd69ed670,409,400.0,0.0,0.0,0.06,2,[20],3
7,11,x7fdfd69ed670,410,550.0,0.0,1.0,0.09,3,[0],2
7,11,x7fdfd69ed670,411,-174.0,0.0,1.0,0.12,4,[1],3
7,11,x7fdfd69ed670,412,88.0,0.0,0.0,0.12,3,[1],3
7,11,x7fdfd69ed670,413,250.0,0.0,0.0,0.12,3,[0],2
7,11,x7fdfd69ed670,414,-337.0,0.0,0.0,0.12,3,[0],0
7,11,x7fdfd69ed670,415,250.0,0.0,0.0,0.12,3,[0],2
7,11,x7fdfd69ed670,416,50.0,0.0,0.0,0.12,3,[0],2
7,11,x7fdfd69ed670,417,153.0,0.0,0.0,0.12,3,[0],2
7,11,x7fdfd69ed670,418,100.0,0.0,0.0,0.12,7,[6],3
7,11,x7fdfd69ed670,419,0.0,0.0,0.0,0.06,7,[6],3
7,11,x7fdfd69ed670,420,-350.0,0.0,0.0,0.07,3,[0],2
7,11,x7fdfd69ed670,421,350.0,1.0,0.0,0.12,3,[0],0
7,11,x7fdfd69ed670,422,-150.0,0.0,0.0,0.12,3,[0],0
7,11,x7fdfd69ed670,423,250.0,1.0,0.0,0.09,3,[0],0
7,11,x7fdfd69ed670,424,-150.0,0.0,0.0,0.12,3,[0],0
7,11,x7fdfd69ed670,425,-250.0,0.0,0.0,0.07,3,[0],2
7,11,x7fdfd69ed670,426,250.0,1.0,0.0,0.12,3,[0],4
7,11,x7fdfd69ed670,427,150.0,0.0,0.0,0.12,3,[0],2
7,11,x7fdfd69ed670,428,0.0,0.0,0.0,0.06,7,[6],3
7,11,x7fdfd69ed670,429,-150.0,1.0,0.0,0.07,2,[2],4
7,11,x7fdfd69ed670,430,-150.0,0.0,0.0,0.12,3,[0],0
7,11,x7fdfd69ed670,431,233.0,1.0,0.0,0.09,7,[0],4
7,11,x7fdfd69ed670,432,90.0,0.0,0.0,0.07,3,[0],4
7,11,x7fdfd69ed670,433,250.0,0.0,1.0,0.12,3,[2],3
7,11,x7fdfd69ed670,434,150.0,0.0,0.0,0.09,3,[0],2
7,11,x7fdfd69ed670,435,250.0,0.0,0.0,0.12,3,[0],2
7,11,x7fdfd69ed670,436,-350.0,0.0,0.0,0.07,3,[0],2
7,11,x7fdfd69ed670,437,249.0,1.0,0.0,0.12,3,[0],0
7,11,x7fdfd69ed670,438,150.0,0.0,1.0,0.12,3,[0],3
7,11,x7fdfd69ed670,439,-258.0,0.0,0.0,0.12,3,[0],0
7,11,x7fdfd69ed670,440,150.0,1.0,0.0,0.12,3,[0],0
7,11,x7fdfd69ed670,441,-143.0,1.0,0.0,0.09,4,[0],4
7,11,x7fdfd69ed670,442,100.0,0.0,0.0,0.12,4,[23],3
7,11,x7fdfd69ed670,443,250.0,0.0,0.0,0.12,3,[0],2
7,11,x7fdfd69ed670,444,71.0,0.0,0.0,0.12,3,[0],2
7,11,x7fdfd69ed670,445,329.0,0.0,0.0,0.0,5,[6],2
7,11,x7fdfd69ed670,446,250.0,0.0,0.0,0.07,3,[0],4
7,11,x7fdfd69ed670,447,700.0,0.0,1.0,0.0,2,[6],2
7,11,x7fdfd69ed670,448,200.0,1.0,0.0,0.12,4,[20],3
7,11,x7fdfd69ed670,449,-300.0,0.0,0.0,0.12,3,[1],3
7,11,x7fdfd69ed670,450,-150.0,0.0,0.0,0.12,3,[0],0
7,11,x7fdfd69ed670,451,263.0,1.0,0.0,0.12,3,[0],0
7,11,x7fdfd69ed670,452,0.0,0.0,0.0,0.03,4,[19],0
7,11,x7fdfd69ed670,453,-150.0,0.0,0.0,0.09,3,[0],0
7,11,x7fdfd69ed670,454,-150.0,0.0,0.0,0.12,3,[0],0
7,11,x7fdfd69ed670,455,223.0,1.0,0.0,0.12,3,[0],4
7,11,x7fdfd69ed670,456,250.0,0.0,1.0,0.12,3,[2],3
7,11,x7fdfd69ed670,457,50.0,0.0,0.0,0.12,3,[0],4
7,11,x7fdfd69ed670,458,250.0,0.0,0.0,0.12,3,[0],2
7,11,x7fdfd69ed670,459,250.0,0.0,0.0,0.12,3,[0],2
7,11,x7fdfd69ed670,460,147.0,0.0,0.0,0.12,3,[0],2
7,11,x7fdfd69ed670,461,-150.0,0.0,0.0,0.12,3,[0],0
7,11,x7fdfd69ed670,462,-150.0,0.0,0.0,0.12,3,[0],0
7,11,x7fdfd69ed670,463,247.0,1.0,0.0,0.12,3,[0],0
7,11,x7fdfd69ed670,464,150.0,0.0,0.0,0.07,3,[0],0
7,11,x7fdfd69ed670,465,250.0,0.0,0.0,0.12,3,[0],3
7,11,x7fdfd69ed670,466,400.0,0.0,0.0,0.0,6,[6],2
7,11,x7fdfd69ed670,467,-150.0,0.0,0.0,0.09,3,[0],0
7,11,x7fdfd69ed670,468,-150.0,0.0,0.0,0.12,3,[0],0
7,11,x7fdfd69ed670,469,350.0,1.0,0.0,0.12,3,[0],4
7,11,x7fdfd69ed670,470,0.0,0.0,0.0,0.06,6,[6],3
7,11,x7fdfd69ed670,471,250.0,0.0,0.0,0.09,3,[0],0
7,11,x7fdfd69ed670,472,-150.0,0.0,0.0,0.12,3,[0],0
7,11,x7fdfd69ed670,473,-350.0,0.0,0.0,0.12,3,[0],0
7,11,x7fdfd69ed670,474,150.0,0.0,0.0,0.12,3,[0],4
7,11,x7fdfd69ed670,475,50.0,0.0,0.0,0.12,3,[0],4
7,11,x7fdfd69ed670,476,499.0,1.0,1.0,0.07,3,[1],4
7,11,x7fdfd69ed670,477,250.0,0.0,0.0,0.12,3,[0],4
7,11,x7fdfd69ed670,478,50.0,0.0,0.0,0.12,3,[0],4
7,11,x7fdfd69ed670,479,321.0,0.0,0.0,0.0,6,[7],1
7,11,x7fdfd69ed670,480,50.0,0.0,0.0,0.07,3,[0],2
7,11,x7fdfd69ed670,481,250.0,0.0,0.0,0.07,3,[0],3
7,11,x7fdfd69ed670,482,300.0,0.0,0.0,0.0,6,[6],2
7,11,x7fdfd69ed670,483,250.0,0.0,1.0,0.07,3,[2],3
7,11,x7fdfd69ed670,484,100.0,0.0,0.0,0.12,3,[1],3
7,11,x7fdfd69ed670,485,250.0,0.0,0.0,0.09,3,[0],2
7,11,x7fdfd69ed670,486,178.0,0.0,0.0,0.12,3,[0],2
7,11,x7fdfd69ed670,487,-150.0,0.0,0.0,0.12,3,[0],0
7,11,x7fdfd69ed670,488,217.0,1.0,0.0,0.07,3,[0],4
7,11,x7fdfd69ed670,489,50.0,0.0,0.0,0.12,3,[0],2
7,11,x7fdfd69ed670,490,250.0,0.0,0.0,0.12,3,[0],3
7,11,x7fdfd69ed670,491,400.0,0.0,0.0,0.0,6,[6],2
7,11,x7fdfd69ed670,492,74.0,0.0,0.0,0.07,3,[0],2
7,11,x7fdfd69ed670,493,50.0,1.0,0.0,0.12,3,[2],4
7,11,x7fdfd69ed670,494,250.0,0.0,0.0,0.12,3,[0],4
7,11,x7fdfd69ed670,495,50.0,0.0,0.0,0.12,3,[0],4
7,11,x7fdfd69ed670,496,150.0,0.0,0.0,0.12,3,[0],4
7,11,x7fdfd69ed670,497,150.0,0.0,1.0,0.12,3,[0],3
7,11,x7fdfd69ed670,498,200.0,1.0,0.0,0.12,3,[1],4
7,11,x7fdfd69ed670,499,-50.0,0.0,0.0,0.12,3,[2],3
7,11,x7fdfd69ed670,500,50.0,1.0,0.0,0.12,3,[2],3
7,11,x7fdfd69ed670,501,50.0,1.0,0.0,0.12,3,[2],3
7,11,x7fdfd69ed670,502,50.0,0.0,0.0,0.12,3,[0],0
7,11,x7fdfd69ed670,503,300.0,1.0,0.0,0.0,2,[6],2
7,11,x7fdfd69ed670,504,350.0,1.0,1.0,0.09,3,[2],4
7,11,x7fdfd69ed670,505,101.0,0.0,0.0,0.12,3,[1],3
7,11,x7fdfd69ed670,506,250.0,0.0,0.0,0.12,3,[0],3
7,11,x7fdfd69ed670,507,-50.0,0.0,0.0,0.12,3,[2],3
7,11,x7fdfd69ed670,508,50.0,1.0,0.0,0.12,3,[2],3
7,11,x7fdfd69ed670,509,250.0,0.0,0.0,0.12,3,[0],3
7,11,x7fdfd69ed670,510,-50.0,0.0,0.0,0.12,3,[2],3
7,11,x7fdfd69ed670,511,101.0,0.0,0.0,0.12,3,[1],3
7,11,x7fdfd69ed670,512,95.0,0.0,0.0,0.12,3,[1],3
7,11,x7fdfd69ed670,513,250.0,0.0,0.0,0.12,3,[0],3
7,11,x7fdfd69ed670,514,-50.0,0.0,0.0,0.12,3,[2],3
7,11,x7fdfd69ed670,515,-289.0,0.0,0.0,0.12,3,[0],2
7,11,x7fdfd69ed670,516,-350.0,0.0,0.0,0.12,3,[0],2
7,11,x7fdfd69ed670,517,650.0,1.0,1.0,0.12,3,[0],4
7,11,x7fdfd69ed670,518,150.0,0.0,1.0,0.12,3,[0],3
7,11,x7fdfd69ed670,519,-150.0,0.0,0.0,0.12,3,[0],0
7,11,x7fdfd69ed670,520,300.0,0.0,1.0,0.0,5,[7],0
7,11,x7fdfd69ed670,521,350.0,1.0,0.0,0.07,3,[0],4
7,11,x7fdfd69ed670,522,350.0,1.0,1.0,0.12,3,[2],3
7,11,x7fdfd69ed670,523,100.0,0.0,0.0,0.12,3,[1],3
7,11,x7fdfd69ed670,524,-0.0,0.0,0.0,0.09,5,[0],2
7,11,x7fdfd69ed670,525,0.0,0.0,1.0,0.07,3,[1],3
7,11,x7fdfd69ed670,526,-150.0,0.0,0.0,0.12,3,[0],2
7,11,x7fdfd69ed670,527,150.0,1.0,0.0,0.12,3,[0],4
7,11,x7fdfd69ed670,528,700.0,0.0,1.0,0.0,3,[6],2
7,11,x7fdfd69ed670,529,200.0,1.0,0.0,0.07,3,[1],3
7,11,x7fdfd69ed670,530,-150.0,0.0,1.0,0.12,3,[2],3
7,11,x7fdfd69ed670,531,399.0,1.0,0.0,0.0,4,[6],2
7,11,x7fdfd69ed670,532,0.0,0.0,0.0,0.06,4,[6],0
7,11,x7fdfd69ed670,533,39.0,1.0,0.0,0.07,4,[0],0
7,11,x7fdfd69ed670,534,650.0,1.0,1.0,0.12,3,[0],0
7,11,x7fdfd69ed670,535,250.0,0.0,0.0,0.12,3,[0],3
7,11,x7fdfd69ed670,536,-50.0,0.0,0.0,0.12,3,[2],3
7,11,x7fdfd69ed670,537,500.0,1.0,0.0,0.0,3,[6],0
7,11,x7fdfd69ed670,538,50.0,0.0,0.0,0.07,3,[0],4
7,11,x7fdfd69ed670,539,100.0,0.0,0.0,0.12,3,[1],3
7,11,x7fdfd69ed670,540,-46.0,1.0,0.0,0.12,3,[2],4
7,11,x7fdfd69ed670,541,250.0,0.0,1.0,0.12,3,[2],3
7,11,x7fdfd69ed670,542,-150.0,0.0,0.0,0.12,3,[0],2
7,11,x7fdfd69ed670,543,-300.0,0.0,0.0,0.12,3,[1],3
7,11,x7fdfd69ed670,544,-450.0,0.0,0.0,0.12,3,[2],3
7,11,x7fdfd69ed670,545,-150.0,0.0,1.0,0.12,3,[2],3
7,11,x7fdfd69ed670,546,249.0,1.0,0.0,0.12,3,[0],4
7,11,x7fdfd69ed670,547,400.0,0.0,1.0,0.12,3,[1],3
7,11,x7fdfd69ed670,548,250.0,0.0,1.0,0.12,3,[2],3
7,11,x7fdfd69ed670,549,-150.0,1.0,0.0,0.12,3,[2],4
7,11,x7fdfd69ed670,550,88.0,0.0,0.0,0.12,3,[1],3
7,11,x7fdfd69ed670,551,250.0,0.0,0.0,0.12,3,[0],3
7,11,x7fdfd69ed670,552,300.0,0.0,0.0,0.0,5,[9],2
7,11,x7fdfd69ed670,553,-50.0,0.0,0.0,0.07,3,[2],3
7,11,x7fdfd69ed670,554,101.0,0.0,0.0,0.12,3,[1],3
7,11,x7fdfd69ed670,555,400.0,0.0,0.0,0.0,4,[6],2
7,11,x7fdfd69ed670,556,-150.0,1.0,0.0,0.07,3,[2],4
7,11,x7fdfd69ed670,557,-100.0,0.0,0.0,0.0,4,[7],0
7,11,x7fdfd69ed670,558,100.0,0.0,0.0,0.07,3,[1],3
7,11,x7fdfd69ed670,559,270.0,0.0,0.0,0.0,5,[7],3
7,11,x7fdfd69ed670,560,-300.0,1.0,0.0,0.07,4,[2],4
7,11,x7fdfd69ed670,561,250.0,0.0,0.0,0.07,3,[0],3
7,11,x7fdfd69ed670,562,250.0,0.0,0.0,0.12,3,[0],3
7,11,x7fdfd69ed670,563,250.0,0.0,0.0,0.12,3,[0],3
7,11,x7fdfd69ed670,564,250.0,0.0,0.0,0.12,3,[0],3
7,11,x7fdfd69ed670,565,-50.0,0.0,0.0,0.09,3,[2],3
7,11,x7fdfd69ed670,566,-120.0,1.0,0.0,0.12,3,[2],4
7,11,x7fdfd69ed670,567,-150.0,0.0,0.0,0.12,3,[0],3
7,11,x7fdfd69ed670,568,-324.0,0.0,0.0,0.12,3,[0],1
7,11,x7fdfd69ed670,569,550.0,0.0,1.0,0.12,3,[0],3
7,11,x7fdfd69ed670,570,250.0,0.0,1.0,0.12,3,[2],3
7,11,x7fdfd69ed670,571,-152.0,0.0,0.0,0.12,3,[0],1
7,11,x7fdfd69ed670,572,150.0,1.0,0.0,0.12,3,[0],4
7,11,x7fdfd69ed670,573,250.0,0.0,0.0,0.12,3,[0],3
7,11,x7fdfd69ed670,574,-50.0,0.0,0.0,0.12,3,[2],3
7,11,x7fdfd69ed670,575,250.0,0.0,0.0,0.09,3,[0],3
7,11,x7fdfd69ed670,576,-50.0,0.0,0.0,0.12,3,[2],3
7,11,x7fdfd69ed670,577,350.0,1.0,1.0,0.12,3,[2],3
7,11,x7fdfd69ed670,578,622.0,1.0,1.0,0.0,5,[9],4
7,11,x7fdfd69ed670,579,-50.0,0.0,0.0,0.07,3,[2],3
7,11,x7fdfd69ed670,580,250.0,0.0,0.0,0.12,3,[0],4
7,11,x7fdfd69ed670,581,250.0,0.0,1.0,0.12,3,[2],3
7,11,x7fdfd69ed670,582,99.0,0.0,0.0,0.12,3,[1],3
7,11,x7fdfd69ed670,583,250.0,0.0,1.0,0.12,3,[2],3
7,11,x7fdfd69ed670,584,-50.0,0.0,0.0,0.12,3,[2],3
7,11,x7fdfd69ed670,585,-350.0,0.0,0.0,0.12,3,[0],2
7,11,x7fdfd69ed670,586,250.0,1.0,0.0,0.12,3,[0],0
7,11,x7fdfd69ed670,587,400.0,0.0,1.0,0.09,3,[1],3
7,11,x7fdfd69ed670,588,100.0,0.0,0.0,0.09,3,[1],3
7,11,x7fdfd69ed670,589,299.0,0.0,0.0,0.0,6,[8],1
7,11,x7fdfd69ed670,590,50.0,0.0,0.0,0.07,3,[0],2
7,11,x7fdfd69ed670,591,200.0,1.0,0.0,0.12,4,[20],4
7,11,x7fdfd69ed670,592,100.0,0.0,0.0,0.09,3,[1],3
7,11,x7fdfd69ed670,593,250.0,0.0,1.0,0.12,3,[2],3
7,11,x7fdfd69ed670,594,250.0,0.0,0.0,0.12,3,[0],3
7,11,x7fdfd69ed670,595,250.0,0.0,1.0,0.12,3,[2],3
7,11,x7fdfd69ed670,596,-50.0,0.0,0.0,0.12,3,[2],3
7,11,x7fdfd69ed670,597,250.0,0.0,0.0,0.12,3,[0],3
7,11,x7fdfd69ed670,598,100.0,0.0,0.0,0.12,3,[1],3
7,11,x7fdfd69ed670,599,-150.0,0.0,0.0,0.12,3,[0],3
7,11,x7fdfd69ed670,600,-150.0,0.0,0.0,0.12,3,[0],3
7,11,x7fdfd69ed670,601,250.0,0.0,0.0,0.09,3,[0],3
7,11,x7fdfd69ed670,602,250.0,0.0,1.0,0.12,3,[2],3
7,11,x7fdfd69ed670,603,250.0,0.0,1.0,0.12,3,[2],3
7,11,x7fdfd69ed670,604,95.0,0.0,0.0,0.12,3,[1],3
7,11,x7fdfd69ed670,605,250.0,0.0,0.0,0.12,3,[0],3
7,11,x7fdfd69ed670,606,-50.0,0.0,0.0,0.12,3,[2],3
7,11,x7fdfd69ed670,607,250.0,0.0,0.0,0.0,3,[6],2
7,11,x7fdfd69ed670,608,-437.0,0.0,0.0,0.07,4,[0],2
7,11,x7fdfd69ed670,609,150.0,1.0,0.0,0.07,3,[0],4
7,11,x7fdfd69ed670,610,250.0,0.0,1.0,0.12,3,[2],3
7,11,x7fdfd69ed670,611,101.0,0.0,0.0,0.12,3,[1],3
7,11,x7fdfd69ed670,612,400.0,0.0,0.0,0.0,2,[9],2
7,11,x7fdfd69ed670,613,-50.0,0.0,0.0,0.07,3,[2],3
7,11,x7fdfd69ed670,614,250.0,0.0,0.0,0.12,3,[0],0
7,11,x7fdfd69ed670,615,-150.0,0.0,0.0,0.12,3,[0],3
7,11,x7fdfd69ed670,616,-50.0,0.0,0.0,0.12,3,[2],3
7,11,x7fdfd69ed670,617,0.0,0.0,0.0,0.0,4,[7],3
7,11,x7fdfd69ed670,618,0.0,0.0,0.0,0.06,5,[6],2
7,11,x7fdfd69ed670,619,-150.0,0.0,1.0,0.07,3,[2],3
7,11,x7fdfd69ed670,620,352.0,1.0,0.0,0.03,5,[6],3
7,11,x7fdfd69ed670,621,250.0,0.0,0.0,0.07,3,[0],3
7,11,x7fdfd69ed670,622,500.0,1.0,1.0,0.12,3,[1],3
7,11,x7fdfd69ed670,623,499.0,1.0,1.0,0.12,3,[1],3
7,11,x7fdfd69ed670,624,250.0,0.0,0.0,0.12,3,[0],3
7,11,x7fdfd69ed670,625,-50.0,0.0,0.0,0.12,3,[2],3
7,11,x7fdfd69ed670,626,250.0,0.0,0.0,0.12,3,[0],3
7,11,x7fdfd69ed670,627,100.0,0.0,0.0,0.12,3,[1],3
7,11,x7fdfd69ed670,628,-50.0,0.0,0.0,0.12,3,[2],3
7,11,x7fdfd69ed670,629,-50.0,0.0,0.0,0.12,3,[2],3
7,11,x7fdfd69ed670,630,250.0,0.0,0.0,0.12,3,[0],3
7,11,x7fdfd69ed670,631,250.0,0.0,1.0,0.12,3,[2],3
7,11,x7fdfd69ed670,632,250.0,0.0,0.0,0.12,3,[0],3
7,11,x7fdfd69ed670,633,-50.0,0.0,0.0,0.12,3,[2],3
7,11,x7fdfd69ed670,634,250.0,0.0,0.0,0.12,3,[0],3
7,11,x7fdfd69ed670,635,205.0,0.0,0.0,0.0,4,[6],2
7,11,x7fdfd69ed670,636,250.0,0.0,0.0,0.07,3,[0],2
7,11,x7fdfd69ed670,637,-150.0,0.0,0.0,0.07,3,[0],3
7,11,x7fdfd69ed670,638,314.0,1.0,0.0,0.12,3,[0],2
7,11,x7fdfd69ed670,639,250.0,0.0,0.0,0.12,3,[0],3
7,11,x7fdfd69ed670,640,100.0,0.0,0.0,0.12,3,[1],3
7,11,x7fdfd69ed670,641,400.0,0.0,0.0,0.0,3,[8],0
7,11,x7fdfd69ed670,642,-150.0,0.0,0.0,0.07,3,[0],3
7,11,x7fdfd69ed670,643,250.0,0.0,0.0,0.12,3,[0],3
7,11,x7fdfd69ed670,644,250.0,0.0,0.0,0.12,3,[0],3
7,11,x7fdfd69ed670,645,300.0,0.0,0.0,0.0,4,[9],2
7,11,x7fdfd69ed670,646,-200.0,0.0,0.0,0.0,4,[9],0
7,11,x7fdfd69ed670,647,-50.0,0.0,0.0,0.07,3,[2],3
7,11,x7fdfd69ed670,648,350.0,1.0,1.0,0.12,3,[2],3
7,11,x7fdfd69ed670,649,250.0,0.0,0.0,0.12,3,[0],3
7,11,x7fdfd69ed670,650,-50.0,0.0,0.0,0.12,3,[2],3
7,11,x7fdfd69ed670,651,250.0,0.0,1.0,0.12,3,[2],3
7,11,x7fdfd69ed670,652,105.0,0.0,0.0,0.12,3,[1],3
7,11,x7fdfd69ed670,653,250.0,0.0,0.0,0.12,3,[0],3
7,11,x7fdfd69ed670,654,100.0,0.0,0.0,0.12,3,[1],3
7,11,x7fdfd69ed670,655,250.0,0.0,0.0,0.12,3,[0],3
7,11,x7fdfd69ed670,656,350.0,1.0,1.0,0.12,3,[2],3
7,11,x7fdfd69ed670,657,-150.0,0.0,0.0,0.12,3,[0],0
7,11,x7fdfd69ed670,658,150.0,1.0,0.0,0.12,3,[0],0
7,11,x7fdfd69ed670,659,-264.0,0.0,0.0,0.12,3,[0],2
7,11,x7fdfd69ed670,660,650.0,1.0,1.0,0.12,3,[0],4
7,11,x7fdfd69ed670,661,400.0,0.0,1.0,0.12,3,[1],3
7,11,x7fdfd69ed670,662,250.0,0.0,0.0,0.12,3,[0],3
7,11,x7fdfd69ed670,663,-50.0,0.0,0.0,0.12,3,[2],3
7,11,x7fdfd69ed670,664,250.0,0.0,1.0,0.12,3,[2],3
7,11,x7fdfd69ed670,665,250.0,0.0,1.0,0.09,3,[2],3
7,11,x7fdfd69ed670,666,250.0,0.0,1.0,0.12,3,[2],3
7,11,x7fdfd69ed670,667,50.0,0.0,0.0,0.12,2,[1],2
7,11,x7fdfd69ed670,668,550.0,0.0,1.0,0.12,3,[0],3
7,11,x7fdfd69ed670,669,250.0,0.0,0.0,0.12,3,[0],3
7,11,x7fdfd69ed670,670,-50.0,0.0,0.0,0.12,3,[2],3
7,11,x7fdfd69ed670,671,400.0,0.0,0.0,0.03,5,[6],2
7,11,x7fdfd69ed670,672,250.0,0.0,0.0,0.07,2,[1],3
7,11,x7fdfd69ed670,673,250.0,0.0,1.0,0.12,3,[2],3
7,11,x7fdfd69ed670,674,250.0,0.0,0.0,0.12,3,[0],3
7,11,x7fdfd69ed670,675,250.0,0.0,0.0,0.12,2,[0],3
7,11,x7fdfd69ed670,676,100.0,0.0,0.0,0.12,3,[1],3
7,11,x7fdfd69ed670,677,250.0,0.0,0.0,0.12,3,[0],3
7,11,x7fdfd69ed670,678,350.0,1.0,1.0,0.12,3,[2],3
7,11,x7fdfd69ed670,679,50.0,1.0,0.0,0.12,3,[2],3
7,11,x7fdfd69ed670,680,500.0,1.0,0.0,0.0,2,[9],0
7,11,x7fdfd69ed670,681,150.0,1.0,0.0,0.07,3,[0],4
7,11,x7fdfd69ed670,682,400.0,0.0,1.0,0.12,3,[1],3
7,11,x7fdfd69ed670,683,247.0,1.0,0.0,0.12,3,[0],4
7,11,x7fdfd69ed670,684,250.0,0.0,0.0,0.12,3,[0],3
7,11,x7fdfd69ed670,685,-1.0,0.0,1.0,0.07,3,[1],3
7,11,x7fdfd69ed670,686,-150.0,0.0,0.0,0.12,3,[0],2
7,11,x7fdfd69ed670,687,-1.0,0.0,1.0,0.12,3,[1],3
7,11,x7fdfd69ed670,688,250.0,0.0,0.0,0.12,3,[0],3
7,11,x7fdfd69ed670,689,-50.0,0.0,0.0,0.12,3,[2],3
7,11,x7fdfd69ed670,690,50.0,0.0,0.0,0.12,2,[1],0
7,11,x7fdfd69ed670,691,80.0,0.0,0.0,0.07,3,[1],3
7,11,x7fdfd69ed670,692,250.0,0.0,0.0,0.12,3,[0],3
7,11,x7fdfd69ed670,693,-250.0,0.0,0.0,0.09,3,[0],2
7,11,x7fdfd69ed670,694,-50.0,0.0,0.0,0.12,3,[2],3
7,11,x7fdfd69ed670,695,-50.0,0.0,0.0,0.12,3,[2],3
7,11,x7fdfd69ed670,696,100.0,0.0,0.0,0.12,3,[1],3
7,11,x7fdfd69ed670,697,-150.0,0.0,0.0,0.12,3,[0],3
7,11,x7fdfd69ed670,698,-350.0,0.0,0.0,0.12,3,[0],1
7,11,x7fdfd69ed670,699,150.0,1.0,0.0,0.12,2,[0],0
7,11,x7fdfd69ed670,700,-150.0,0.0,0.0,0.12,3,[0],3
7,11,x7fdfd69ed670,701,-450.0,0.0,0.0,0.12,3,[2],3
7,11,x7fdfd69ed670,702,-450.0,0.0,0.0,0.12,3,[2],3
7,11,x7fdfd69ed670,703,104.0,1.0,0.0,0.12,3,[1],4
7,11,x7fdfd69ed670,704,-150.0,0.0,0.0,0.09,3,[0],2
7,11,x7fdfd69ed670,705,-55.0,0.0,0.0,0.0,5,[7],1
7,11,x7fdfd69ed670,706,150.0,1.0,0.0,0.07,3,[0],4
7,11,x7fdfd69ed670,707,250.0,0.0,1.0,0.12,3,[2],3
7,11,x7fdfd69ed670,708,0.0,0.0,0.0,0.0,5,[6],2
7,11,x7fdfd69ed670,709,-300.0,0.0,0.0,0.12,4,[23],3
7,11,x7fdfd69ed670,710,250.0,0.0,0.0,0.09,3,[0],3
7,11,x7fdfd69ed670,711,500.0,1.0,0.0,0.0,4,[8],4
7,11,x7fdfd69ed670,712,100.0,0.0,0.0,0.07,3,[1],3
7,11,x7fdfd69ed670,713,-70.0,0.0,0.0,0.12,5,[1],3
7,11,x7fdfd69ed670,714,350.0,1.0,0.0,0.06,4,[20],1
7,11,x7fdfd69ed670,715,400.0,0.0,0.0,0.03,4,[6],3
7,11,x7fdfd69ed670,716,250.0,0.0,0.0,0.07,3,[0],3
7,11,x7fdfd69ed670,717,-50.0,0.0,0.0,0.12,3,[2],3
7,11,x7fdfd69ed670,718,200.0,0.0,0.0,0.0,3,[7],1
7,11,x7fdfd69ed670,719,400.0,0.0,1.0,0.07,3,[1],3
7,11,x7fdfd69ed670,720,250.0,0.0,0.0,0.12,3,[0],3
7,11,x7fdfd69ed670,721,-41.0,0.0,0.0,0.0,4,[6],2
7,11,x7fdfd69ed670,722,-170.0,1.0,0.0,0.07,5,[1],4
7,11,x7fdfd69ed670,723,47.0,1.0,0.0,0.0,4,[9],4
7,11,x7fdfd69ed670,724,400.0,0.0,0.0,0.06,4,[7],3
7,11,x7fdfd69ed670,725,250.0,0.0,0.0,0.07,2,[1],3
7,11,x7fdfd69ed670,726,-50.0,0.0,0.0,0.12,3,[2],3
7,11,x7fdfd69ed670,727,-50.0,0.0,0.0,0.12,3,[2],3
7,11,x7fdfd69ed670,728,250.0,0.0,0.0,0.12,3,[0],3
7,11,x7fdfd69ed670,729,250.0,0.0,0.0,0.12,3,[0],3
7,11,x7fdfd69ed670,730,-50.0,0.0,0.0,0.09,3,[2],3
7,11,x7fdfd69ed670,731,-50.0,0.0,0.0,0.09,3,[2],3
7,11,x7fdfd69ed670,732,-450.0,0.0,0.0,0.12,3,[2],3
7,11,x7fdfd69ed670,733,-230.0,0.0,0.0,0.12,3,[0],2
7,11,x7fdfd69ed670,734,400.0,0.0,0.0,0.0,3,[6],2
7,11,x7fdfd69ed670,735,-80.0,0.0,0.0,0.06,4,[7],1
7,11,x7fdfd69ed670,736,-242.0,0.0,0.0,0.07,3,[0],2
7,11,x7fdfd69ed670,737,400.0,0.0,0.0,0.0,2,[7],3
7,11,x7fdfd69ed670,738,-50.0,0.0,0.0,0.07,3,[2],3
7,11,x7fdfd69ed670,739,-150.0,1.0,0.0,0.12,3,[2],4
7,11,x7fdfd69ed670,740,250.0,0.0,0.0,0.12,2,[1],0
7,11,x7fdfd69ed670,741,250.0,0.0,0.0,0.07,3,[0],3
7,11,x7fdfd69ed670,742,250.0,0.0,1.0,0.12,3,[2],3
7,11,x7fdfd69ed670,743,-150.0,0.0,0.0,0.12,3,[0],3
7,11,x7fdfd69ed670,744,-350.0,0.0,0.0,0.12,3,[0],2
7,11,x7fdfd69ed670,745,229.0,1.0,0.0,0.12,3,[0],0
7,11,x7fdfd69ed670,746,250.0,0.0,0.0,0.12,3,[0],3
7,11,x7fdfd69ed670,747,250.0,0.0,0.0,0.12,3,[0],3
7,11,x7fdfd69ed670,748,400.0,0.0,0.0,0.0,5,[7],3
7,11,x7fdfd69ed670,749,100.0,0.0,0.0,0.12,4,[23],3
7,11,x7fdfd69ed670,750,-250.0,0.0,0.0,0.09,3,[0],2
7,11,x7fdfd69ed670,751,350.0,1.0,0.0,0.12,3,[0],4
7,11,x7fdfd69ed670,752,400.0,0.0,0.0,0.0,4,[6],0
7,11,x7fdfd69ed670,753,-50.0,0.0,0.0,0.07,3,[2],3
7,11,x7fdfd69ed670,754,222.0,0.0,0.0,0.0,5,[9],3
7,11,x7fdfd69ed670,755,100.0,0.0,0.0,0.12,4,[20],3
7,11,x7fdfd69ed670,756,50.0,1.0,0.0,0.09,3,[2],3
7,11,x7fdfd69ed670,757,-150.0,0.0,0.0,0.12,3,[0],2
7,11,x7fdfd69ed670,758,99.0,1.0,0.0,0.12,3,[1],4
7,11,x7fdfd69ed670,759,250.0,1.0,0.0,0.12,3,[0],4
7,11,x7fdfd69ed670,760,250.0,0.0,0.0,0.12,3,[0],3
7,11,x7fdfd69ed670,761,100.0,1.0,0.0,0.12,3,[7],2
7,11,x7fdfd69ed670,762,50.0,0.0,0.0,0.07,3,[0],4
7,11,x7fdfd69ed670,763,300.0,0.0,0.0,0.0,5,[8],1
7,11,x7fdfd69ed670,764,100.0,0.0,0.0,0.12,4,[23],3
7,11,x7fdfd69ed670,765,400.0,0.0,1.0,0.09,3,[1],3
7,11,x7fdfd69ed670,766,300.0,0.0,0.0,0.0,5,[6],2
7,11,x7fdfd69ed670,767,399.0,0.0,1.0,0.07,3,[1],3
7,11,x7fdfd69ed670,768,151.0,0.0,1.0,0.0,5,[7],3
7,11,x7fdfd69ed670,769,-300.0,0.0,0.0,0.12,4,[20],3
7,11,x7fdfd69ed670,770,55.0,1.0,0.0,0.12,4,[9],3
7,11,x7fdfd69ed670,771,250.0,0.0,0.0,0.07,2,[1],3
7,11,x7fdfd69ed670,772,400.0,0.0,0.0,0.0,5,[6],2
7,11,x7fdfd69ed670,773,100.0,0.0,0.0,0.12,4,[20],3
7,11,x7fdfd69ed670,774,-150.0,0.0,0.0,0.09,3,[0],2
7,11,x7fdfd69ed670,775,244.0,1.0,0.0,0.12,3,[0],4
7,11,x7fdfd69ed670,776,100.0,0.0,0.0,0.12,3,[1],3
7,11,x7fdfd69ed670,777,400.0,0.0,0.0,0.0,5,[6],2
7,11,x7fdfd69ed670,778,250.0,0.0,0.0,0.07,2,[0],3
7,11,x7fdfd69ed670,779,-200.0,0.0,0.0,0.0,4,[9],0
7,11,x7fdfd69ed670,780,-89.0,1.0,0.0,0.07,6,[0],4
7,11,x7fdfd69ed670,781,399.0,0.0,1.0,0.07,3,[1],3
7,11,x7fdfd69ed670,782,250.0,0.0,0.0,0.12,3,[0],3
7,11,x7fdfd69ed670,783,-300.0,0.0,0.0,0.12,3,[1],3
7,11,x7fdfd69ed670,784,0.0,0.0,0.0,0.03,5,[7],0
7,11,x7fdfd69ed670,785,350.0,1.0,0.0,0.07,3,[0],2
7,11,x7fdfd69ed670,786,400.0,0.0,0.0,0.0,2,[6],2
7,11,x7fdfd69ed670,787,400.0,0.0,1.0,0.07,3,[1],3
7,11,x7fdfd69ed670,788,400.0,0.0,0.0,0.08,4,[23],3
7,11,x7fdfd69ed670,789,400.0,0.0,0.0,0.08,3,[20],3
7,11,x7fdfd69ed670,790,-50.0,0.0,0.0,0.09,3,[2],3
7,11,x7fdfd69ed670,791,100.0,0.0,0.0,0.09,3,[1],3
7,11,x7fdfd69ed670,792,250.0,0.0,0.0,0.0,5,[8],3
7,11,x7fdfd69ed670,793,250.0,0.0,0.0,0.07,3,[0],4
7,11,x7fdfd69ed670,794,250.0,0.0,0.0,0.12,3,[0],3
7,11,x7fdfd69ed670,795,100.0,0.0,0.0,0.07,3,[1],3
7,11,x7fdfd69ed670,796,99.0,0.0,0.0,0.12,3,[1],3
7,11,x7fdfd69ed670,797,250.0,0.0,1.0,0.12,3,[2],3
7,11,x7fdfd69ed670,798,-100.0,0.0,0.0,0.0,5,[6],2
7,11,x7fdfd69ed670,799,150.0,1.0,0.0,0.07,3,[0],2
7,11,x7fdfd69ed670,800,299.0,0.0,0.0,0.0,4,[9],2
7,11,x7fdfd69ed670,801,-150.0,0.0,0.0,0.07,3,[0],3
7,11,x7fdfd69ed670,802,0.0,1.0,0.0,0.12,3,[1],4
7,11,x7fdfd69ed670,803,299.0,0.0,0.0,0.0,5,[7],2
7,11,x7fdfd69ed670,804,250.0,0.0,0.0,0.07,3,[0],3
7,11,x7fdfd69ed670,805,400.0,0.0,1.0,0.12,3,[1],3
7,11,x7fdfd69ed670,806,250.0,0.0,0.0,0.12,3,[0],3
7,11,x7fdfd69ed670,807,400.0,0.0,0.0,0.0,6,[6],2
7,11,x7fdfd69ed670,808,250.0,0.0,0.0,0.07,3,[0],3
7,11,x7fdfd69ed670,809,100.0,0.0,0.0,0.12,3,[1],3
7,11,x7fdfd69ed670,810,250.0,0.0,0.0,0.12,3,[0],3
7,11,x7fdfd69ed670,811,-50.0,0.0,0.0,0.12,3,[2],3
7,11,x7fdfd69ed670,812,395.0,0.0,1.0,0.12,3,[1],3
7,11,x7fdfd69ed670,813,-50.0,0.0,0.0,0.12,3,[2],3
7,11,x7fdfd69ed670,814,325.0,0.0,0.0,0.0,6,[6],1
7,11,x7fdfd69ed670,815,100.0,0.0,0.0,0.08,3,[19],3
7,11,x7fdfd69ed670,816,100.0,0.0,0.0,0.12,5,[6],3
7,11,x7fdfd69ed670,817,101.0,0.0,0.0,0.07,3,[1],3
7,11,x7fdfd69ed670,818,250.0,0.0,0.0,0.12,2,[1],2
7,11,x7fdfd69ed670,819,317.0,0.0,0.0,0.0,6,[6],1
7,11,x7fdfd69ed670,820,101.0,0.0,0.0,0.07,3,[1],3
7,11,x7fdfd69ed670,821,400.0,0.0,0.0,0.0,2,[9],2
7,11,x7fdfd69ed670,822,0.0,0.0,0.0,0.06,5,[6],2
7,11,x7fdfd69ed670,823,237.0,1.0,0.0,0.07,3,[0],4
7,11,x7fdfd69ed670,824,550.0,0.0,1.0,0.12,3,[0],3
7,11,x7fdfd69ed670,825,-300.0,0.0,0.0,0.12,3,[1],3
7,11,x7fdfd69ed670,826,-293.0,0.0,0.0,0.12,3,[0],0
7,11,x7fdfd69ed670,827,200.0,0.0,0.0,0.0,2,[9],2
7,11,x7fdfd69ed670,828,150.0,1.0,0.0,0.09,3,[0],4
7,11,x7fdfd69ed670,829,247.0,1.0,0.0,0.0,5,[9],4
7,11,x7fdfd69ed670,830,550.0,0.0,1.0,0.07,3,[0],3
7,11,x7fdfd69ed670,831,200.0,1.0,0.0,0.12,3,[1],3
7,11,x7fdfd69ed670,832,-50.0,0.0,0.0,0.12,3,[2],3
7,11,x7fdfd69ed670,833,100.0,0.0,0.0,0.12,3,[1],3
7,11,x7fdfd69ed670,834,-50.0,0.0,0.0,0.12,3,[2],3
7,11,x7fdfd69ed670,835,-170.0,0.0,0.0,0.0,4,[9],3
7,11,x7fdfd69ed670,836,300.0,0.0,1.0,0.06,5,[6],0
7,11,x7fdfd69ed670,837,-64.0,1.0,0.0,0.07,3,[2],4
7,11,x7fdfd69ed670,838,150.0,1.0,0.0,0.09,3,[0],4
7,11,x7fdfd69ed670,839,250.0,0.0,0.0,0.12,3,[0],3
7,11,x7fdfd69ed670,840,100.0,0.0,0.0,0.12,3,[1],3
7,11,x7fdfd69ed670,841,-50.0,0.0,0.0,0.12,3,[2],3
7,11,x7fdfd69ed670,842,-150.0,0.0,0.0,0.12,3,[0],3
7,11,x7fdfd69ed670,843,-450.0,0.0,0.0,0.12,3,[2],3
7,11,x7fdfd69ed670,844,-150.0,0.0,0.0,0.12,3,[0],1
7,11,x7fdfd69ed670,845,-50.0,0.0,0.0,0.12,3,[2],3
7,11,x7fdfd69ed670,846,105.0,0.0,0.0,0.12,3,[1],3
7,11,x7fdfd69ed670,847,300.0,0.0,0.0,0.0,5,[6],2
7,11,x7fdfd69ed670,848,50.0,1.0,0.0,0.07,3,[2],4
7,11,x7fdfd69ed670,849,250.0,0.0,1.0,0.12,3,[2],3
7,11,x7fdfd69ed670,850,249.0,0.0,0.0,0.0,3,[8],0
7,11,x7fdfd69ed670,851,250.0,0.0,1.0,0.07,3,[2],3
7,11,x7fdfd69ed670,852,250.0,0.0,0.0,0.12,3,[0],3
7,11,x7fdfd69ed670,853,401.0,1.0,0.0,0.0,3,[6],2
7,11,x7fdfd69ed670,854,200.0,1.0,0.0,0.07,3,[1],4
7,11,x7fdfd69ed670,855,50.0,1.0,0.0,0.12,3,[2],4
7,11,x7fdfd69ed670,856,-100.0,0.0,0.0,0.0,5,[7],2
7,11,x7fdfd69ed670,857,200.0,1.0,0.0,0.07,3,[1],3
7,11,x7fdfd69ed670,858,398.0,0.0,1.0,0.12,3,[1],3
7,11,x7fdfd69ed670,859,-150.0,1.0,0.0,0.12,3,[2],4
7,11,x7fdfd69ed670,860,92.0,0.0,0.0,0.12,3,[1],3
7,11,x7fdfd69ed670,861,250.0,0.0,0.0,0.12,3,[0],4
7,11,x7fdfd69ed670,862,200.0,0.0,0.0,0.0,2,[8],0
7,11,x7fdfd69ed670,863,700.0,0.0,1.0,0.06,6,[6],3
7,11,x7fdfd69ed670,864,200.0,1.0,0.0,0.08,3,[19],4
7,11,x7fdfd69ed670,865,250.0,0.0,0.0,0.09,3,[0],3
7,11,x7fdfd69ed670,866,-299.0,0.0,0.0,0.12,3,[1],3
7,11,x7fdfd69ed670,867,-335.0,0.0,0.0,0.12,3,[0],2
7,11,x7fdfd69ed670,868,550.0,0.0,1.0,0.12,3,[0],3
7,11,x7fdfd69ed670,869,250.0,0.0,0.0,0.12,3,[0],3
7,11,x7fdfd69ed670,870,105.0,0.0,0.0,0.12,3,[0],2
7,11,x7fdfd69ed670,871,-50.0,0.0,0.0,0.12,3,[2],3
7,11,x7fdfd69ed670,872,100.0,0.0,0.0,0.12,3,[1],3
7,11,x7fdfd69ed670,873,350.0,1.0,1.0,0.12,3,[2],3
7,11,x7fdfd69ed670,874,250.0,0.0,1.0,0.12,3,[2],3
7,11,x7fdfd69ed670,875,250.0,0.0,0.0,0.12,3,[0],3
7,11,x7fdfd69ed670,876,145.0,0.0,1.0,0.0,4,[8],0
7,11,x7fdfd69ed670,877,-305.0,0.0,0.0,0.07,3,[1],3
7,11,x7fdfd69ed670,878,227.0,1.0,0.0,0.12,3,[0],4
7,11,x7fdfd69ed670,879,400.0,0.0,1.0,0.12,3,[1],3
7,11,x7fdfd69ed670,880,50.0,0.0,0.0,0.12,3,[0],4
7,11,x7fdfd69ed670,881,250.0,0.0,0.0,0.12,3,[0],3
7,11,x7fdfd69ed670,882,-300.0,0.0,0.0,0.12,5,[8],1
7,11,x7fdfd69ed670,883,100.0,0.0,1.0,0.07,2,[2],3
7,11,x7fdfd69ed670,884,-1.0,0.0,1.0,0.07,3,[1],3
7,11,x7fdfd69ed670,885,0.0,0.0,0.0,0.0,4,[6],0
7,11,x7fdfd69ed670,886,150.0,1.0,0.0,0.07,3,[0],0
7,11,x7fdfd69ed670,887,100.0,0.0,0.0,0.12,3,[1],3
7,11,x7fdfd69ed670,888,-150.0,0.0,0.0,0.09,3,[0],3
7,11,x7fdfd69ed670,889,268.0,1.0,0.0,0.12,3,[0],4
7,11,x7fdfd69ed670,890,100.0,0.0,0.0,0.12,3,[1],3
7,11,x7fdfd69ed670,891,250.0,0.0,0.0,0.09,3,[0],2
7,11,x7fdfd69ed670,892,95.0,0.0,0.0,0.12,3,[1],3
7,11,x7fdfd69ed670,893,400.0,0.0,0.0,0.0,5,[6],2
7,11,x7fdfd69ed670,894,250.0,0.0,0.0,0.07,2,[0],3
7,11,x7fdfd69ed670,895,400.0,0.0,0.0,0.0,5,[7],1
7,11,x7fdfd69ed670,896,-50.0,0.0,0.0,0.07,2,[1],3
7,11,x7fdfd69ed670,897,400.0,0.0,0.0,0.0,5,[7],3
7,11,x7fdfd69ed670,898,99.0,0.0,0.0,0.07,3,[1],3
7,11,x7fdfd69ed670,899,249.0,0.0,0.0,0.0,4,[9],3
7,11,x7fdfd69ed670,900,-50.0,0.0,0.0,0.07,3,[2],3
7,11,x7fdfd69ed670,901,250.0,0.0,0.0,0.12,3,[0],3
7,11,x7fdfd69ed670,902,250.0,0.0,0.0,0.12,3,[0],3
7,11,x7fdfd69ed670,903,138.0,0.0,0.0,0.12,3,[0],2
7,11,x7fdfd69ed670,904,100.0,0.0,1.0,0.12,3,[1],3
7,11,x7fdfd69ed670,905,-450.0,0.0,0.0,0.07,3,[2],3
7,11,x7fdfd69ed670,906,-150.0,0.0,1.0,0.12,3,[2],3
7,11,x7fdfd69ed670,907,-150.0,0.0,0.0,0.12,3,[0],0
7,11,x7fdfd69ed670,908,350.0,1.0,0.0,0.12,3,[0],4
7,11,x7fdfd69ed670,909,700.0,0.0,1.0,0.0,4,[7],3
7,11,x7fdfd69ed670,910,250.0,0.0,1.0,0.07,3,[2],3
7,11,x7fdfd69ed670,911,250.0,0.0,1.0,0.12,3,[2],3
7,11,x7fdfd69ed670,912,-50.0,0.0,0.0,0.12,3,[2],3
7,11,x7fdfd69ed670,913,250.0,0.0,0.0,0.12,3,[0],3
7,11,x7fdfd69ed670,914,250.0,0.0,1.0,0.12,3,[2],3
7,11,x7fdfd69ed670,915,250.0,0.0,1.0,0.12,3,[2],3
7,11,x7fdfd69ed670,916,-50.0,0.0,0.0,0.12,3,[2],3
7,11,x7fdfd69ed670,917,250.0,0.0,1.0,0.12,3,[2],3
7,11,x7fdfd69ed670,918,120.0,0.0,0.0,0.12,3,[1],3
7,11,x7fdfd69ed670,919,250.0,0.0,0.0,0.12,3,[0],3
7,11,x7fdfd69ed670,920,-150.0,0.0,0.0,0.09,3,[0],2
7,11,x7fdfd69ed670,921,-250.0,0.0,0.0,0.12,3,[0],0
7,11,x7fdfd69ed670,922,0.0,0.0,0.0,0.03,4,[19],0
7,11,x7fdfd69ed670,923,400.0,0.0,1.0,0.09,3,[1],3
7,11,x7fdfd69ed670,924,99.0,0.0,0.0,0.12,3,[1],3
7,11,x7fdfd69ed670,925,250.0,0.0,0.0,0.12,3,[0],4
7,11,x7fdfd69ed670,926,-50.0,0.0,0.0,0.12,3,[2],3
7,11,x7fdfd69ed670,927,-50.0,0.0,0.0,0.12,3,[2],3
7,11,x7fdfd69ed670,928,250.0,0.0,1.0,0.12,3,[2],3
7,11,x7fdfd69ed670,929,650.0,1.0,1.0,0.12,3,[0],0
7,11,x7fdfd69ed670,930,-350.0,0.0,0.0,0.12,3,[0],1
7,11,x7fdfd69ed670,931,350.0,1.0,0.0,0.12,3,[0],4
7,11,x7fdfd69ed670,932,-350.0,0.0,0.0,0.12,3,[0],0
7,11,x7fdfd69ed670,933,350.0,1.0,0.0,0.12,3,[0],4
7,11,x7fdfd69ed670,934,-50.0,0.0,0.0,0.12,3,[2],3
7,11,x7fdfd69ed670,935,250.0,0.0,0.0,0.12,3,[0],3
7,11,x7fdfd69ed670,936,250.0,0.0,0.0,0.06,4,[20],3
7,11,x7fdfd69ed670,937,-50.0,0.0,0.0,0.09,3,[2],3
7,11,x7fdfd69ed670,938,400.0,0.0,0.0,0.03,4,[6],2
7,11,x7fdfd69ed670,939,0.0,0.0,0.0,0.06,4,[6],2
7,11,x7fdfd69ed670,940,-150.0,1.0,0.0,0.07,3,[2],4
7,11,x7fdfd69ed670,941,250.0,0.0,0.0,0.07,3,[0],3
7,11,x7fdfd69ed670,942,100.0,0.0,0.0,0.12,3,[1],3
7,11,x7fdfd69ed670,943,-150.0,1.0,0.0,0.12,3,[2],4
7,11,x7fdfd69ed670,944,-150.0,1.0,0.0,0.12,3,[2],4
7,11,x7fdfd69ed670,945,-5.0,1.0,0.0,0.07,3,[1],4
7,11,x7fdfd69ed670,946,-150.0,1.0,0.0,0.12,3,[2],4
7,11,x7fdfd69ed670,947,-1.0,0.0,1.0,0.12,3,[1],3
7,11,x7fdfd69ed670,948,-28.0,1.0,0.0,0.12,3,[1],4
7,11,x7fdfd69ed670,949,0.0,0.0,0.0,0.07,4,[20],3
7,11,x7fdfd69ed670,950,250.0,0.0,0.0,0.09,3,[0],4
7,11,x7fdfd69ed670,951,99.0,0.0,0.0,0.12,3,[1],3
7,11,x7fdfd69ed670,952,351.0,1.0,0.0,0.0,4,[6],0
7,11,x7fdfd69ed670,953,250.0,0.0,0.0,0.07,3,[0],4
7,11,x7fdfd69ed670,954,400.0,0.0,0.0,0.0,5,[7],3
7,11,x7fdfd69ed670,955,200.0,1.0,0.0,0.12,5,[20],3
7,11,x7fdfd69ed670,956,400.0,0.0,1.0,0.09,3,[1],3
7,11,x7fdfd69ed670,957,-50.0,0.0,0.0,0.12,3,[2],3
7,11,x7fdfd69ed670,958,400.0,0.0,0.0,0.0,4,[7],3
7,11,x7fdfd69ed670,959,100.0,0.0,0.0,0.12,4,[23],3
7,11,x7fdfd69ed670,960,-50.0,0.0,0.0,0.09,3,[2],3
7,11,x7fdfd69ed670,961,250.0,0.0,1.0,0.12,3,[2],3
7,11,x7fdfd69ed670,962,0.0,0.0,0.0,0.0,5,[7],1
7,11,x7fdfd69ed670,963,-300.0,0.0,0.0,0.12,4,[23],3
7,11,x7fdfd69ed670,964,145.0,1.0,0.0,0.09,4,[0],0
7,11,x7fdfd69ed670,965,607.0,1.0,1.0,0.06,6,[9],4
7,11,x7fdfd69ed670,966,100.0,0.0,1.0,0.07,5,[2],3
7,11,x7fdfd69ed670,967,-300.0,0.0,0.0,0.12,3,[1],3
7,11,x7fdfd69ed670,968,-150.0,0.0,0.0,0.12,3,[0],0
7,11,x7fdfd69ed670,969,-288.0,0.0,0.0,0.0,6,[6],0
7,11,x7fdfd69ed670,970,100.0,0.0,0.0,0.12,4,[20],3
7,11,x7fdfd69ed670,971,250.0,0.0,0.0,0.09,3,[0],3
7,11,x7fdfd69ed670,972,250.0,0.0,0.0,0.12,3,[0],3
7,11,x7fdfd69ed670,973,100.0,0.0,0.0,0.12,3,[1],3
7,11,x7fdfd69ed670,974,95.0,0.0,0.0,0.12,3,[1],3
7,11,x7fdfd69ed670,975,-150.0,0.0,1.0,0.09,3,[2],3
7,11,x7fdfd69ed670,976,201.0,1.0,0.0,0.12,3,[1],3
7,11,x7fdfd69ed670,977,700.0,0.0,1.0,0.0,2,[8],0
7,11,x7fdfd69ed670,978,-100.0,0.0,0.0,0.06,6,[6],0
7,11,x7fdfd69ed670,979,350.0,1.0,0.0,0.09,3,[0],2
7,11,x7fdfd69ed670,980,-225.0,0.0,0.0,0.12,3,[0],2
7,11,x7fdfd69ed670,981,150.0,1.0,0.0,0.12,3,[0],0
7,11,x7fdfd69ed670,982,150.0,1.0,0.0,0.12,3,[0],4
7,11,x7fdfd69ed670,983,-144.0,1.0,0.0,0.09,3,[2],4
7,11,x7fdfd69ed670,984,250.0,0.0,1.0,0.12,3,[2],3
7,11,x7fdfd69ed670,985,100.0,0.0,0.0,0.12,3,[1],3
7,11,x7fdfd69ed670,986,-100.0,0.0,0.0,0.12,3,[0],2
7,11,x7fdfd69ed670,987,-150.0,0.0,0.0,0.07,3,[0],3
7,11,x7fdfd69ed670,988,234.0,1.0,0.0,0.12,3,[0],4
7,11,x7fdfd69ed670,989,401.0,0.0,1.0,0.12,3,[1],3
7,11,x7fdfd69ed670,990,95.0,0.0,0.0,0.12,3,[1],3
7,11,x7fdfd69ed670,991,-50.0,0.0,0.0,0.12,3,[2],3
7,11,x7fdfd69ed670,992,550.0,0.0,1.0,0.12,3,[0],3
7,11,x7fdfd69ed670,993,350.0,1.0,1.0,0.07,3,[2],3
7,11,x7fdfd69ed670,994,350.0,1.0,1.0,0.12,3,[2],3
7,11,x7fdfd69ed670,995,-150.0,1.0,0.0,0.12,3,[2],4
7,11,x7fdfd69ed670,996,250.0,0.0,0.0,0.12,3,[0],3
7,11,x7fdfd69ed670,997,500.0,1.0,1.0,0.12,3,[1],3
7,11,x7fdfd69ed670,998,250.0,0.0,0.0,0.12,2,[0],2
7,11,x7fdfd69ed670,999,-50.0,0.0,0.0,0.12,3,[2],3
7,11,x7fdfd69ed670,1000,100.0,0.0,0.0,0.12,3,[1],3
7,11,x7fdfd69ed670,1001,400.0,0.0,0.0,0.06,6,[6],2
7,11,x7fdfd69ed670,1002,250.0,0.0,0.0,0.06,6,[7],3
7,11,x7fdfd69ed670,1003,250.0,0.0,0.0,0.07,3,[0],3
7,11,x7fdfd69ed670,1004,250.0,0.0,0.0,0.12,3,[0],3
7,11,x7fdfd69ed670,1005,250.0,0.0,0.0,0.12,3,[0],0
7,11,x7fdfd69ed670,1006,400.0,0.0,0.0,0.0,5,[7],2
7,11,x7fdfd69ed670,1007,-50.0,0.0,0.0,0.07,3,[2],3
7,11,x7fdfd69ed670,1008,250.0,0.0,0.0,0.12,3,[0],3
7,11,x7fdfd69ed670,1009,200.0,1.0,0.0,0.08,7,[19],3
7,11,x7fdfd69ed670,1010,250.0,0.0,0.0,0.09,3,[0],3
7,11,x7fdfd69ed670,1011,350.0,1.0,0.0,0.06,7,[20],1
7,11,x7fdfd69ed670,1012,150.0,0.0,0.0,0.12,3,[0],2
7,11,x7fdfd69ed670,1013,400.0,0.0,1.0,0.12,3,[1],3
7,11,x7fdfd69ed670,1014,-100.0,1.0,0.0,0.12,5,[2],3
7,11,x7fdfd69ed670,1015,-305.0,0.0,0.0,0.07,3,[1],3
7,11,x7fdfd69ed670,1016,188.0,1.0,0.0,0.12,3,[1],3
7,11,x7fdfd69ed670,1017,250.0,0.0,0.0,0.12,3,[0],3
7,11,x7fdfd69ed670,1018,100.0,0.0,0.0,0.12,3,[1],3
7,11,x7fdfd69ed670,1019,250.0,0.0,0.0,0.12,3,[0],3
7,11,x7fdfd69ed670,1020,100.0,0.0,0.0,0.12,3,[1],3
7,11,x7fdfd69ed670,1021,-200.0,0.0,0.0,0.12,4,[2],3
7,11,x7fdfd69ed670,1022,50.0,1.0,0.0,0.09,3,[2],3
7,11,x7fdfd69ed670,1023,102.0,0.0,0.0,0.12,3,[1],3
7,11,x7fdfd69ed670,1024,-300.0,0.0,0.0,0.07,3,[1],3
7,11,x7fdfd69ed670,1025,-150.0,0.0,0.0,0.12,3,[0],2
7,11,x7fdfd69ed670,1026,-72.0,1.0,0.0,0.12,6,[0],4
7,11,x7fdfd69ed670,1027,99.0,0.0,0.0,0.07,3,[1],3
7,11,x7fdfd69ed670,1028,95.0,0.0,0.0,0.12,3,[1],3
7,11,x7fdfd69ed670,1029,100.0,0.0,1.0,0.12,5,[2],3
7,11,x7fdfd69ed670,1030,0.0,0.0,0.0,0.06,7,[6],3
7,11,x7fdfd69ed670,1031,614.0,1.0,1.0,0.06,7,[9],4
7,11,x7fdfd69ed670,1032,289.0,0.0,0.0,0.06,6,[6],3
7,11,x7fdfd69ed670,1033,306.0,0.0,0.0,0.03,6,[7],1
7,11,x7fdfd69ed670,1034,550.0,0.0,1.0,0.07,2,[1],3
7,11,x7fdfd69ed670,1035,150.0,0.0,1.0,0.12,3,[0],0
7,11,x7fdfd69ed670,1036,-150.0,0.0,0.0,0.12,3,[0],3
7,11,x7fdfd69ed670,1037,350.0,1.0,0.0,0.12,3,[0],4
7,11,x7fdfd69ed670,1038,50.0,0.0,0.0,0.12,3,[0],4
7,11,x7fdfd69ed670,1039,150.0,0.0,0.0,0.12,3,[0],2
7,11,x7fdfd69ed670,1040,400.0,0.0,1.0,0.12,3,[1],3
7,11,x7fdfd69ed670,1041,250.0,0.0,0.0,0.12,3,[0],3
7,11,x7fdfd69ed670,1042,250.0,0.0,0.0,0.12,3,[0],3
7,11,x7fdfd69ed670,1043,-250.0,0.0,0.0,0.12,3,[0],0
7,11,x7fdfd69ed670,1044,100.0,1.0,0.0,0.12,3,[1],4
7,11,x7fdfd69ed670,1045,-150.0,1.0,0.0,0.12,3,[2],4
7,11,x7fdfd69ed670,1046,250.0,1.0,0.0,0.0,7,[8],4
7,11,x7fdfd69ed670,1047,250.0,0.0,0.0,0.07,3,[0],0
7,11,x7fdfd69ed670,1048,50.0,1.0,0.0,0.12,3,[2],3
7,11,x7fdfd69ed670,1049,0.0,0.0,0.0,0.06,4,[23],3
7,11,x7fdfd69ed670,1050,222.0,1.0,0.0,0.03,6,[8],4
7,11,x7fdfd69ed670,1051,150.0,1.0,0.0,0.07,3,[0],0
7,11,x7fdfd69ed670,1052,250.0,0.0,0.0,0.12,3,[0],3
7,11,x7fdfd69ed670,1053,-300.0,0.0,0.0,0.12,3,[1],3
7,11,x7fdfd69ed670,1054,101.0,1.0,0.0,0.12,3,[1],4
7,11,x7fdfd69ed670,1055,-150.0,0.0,0.0,0.12,3,[0],2
7,11,x7fdfd69ed670,1056,0.0,1.0,0.0,0.12,3,[1],4
7,11,x7fdfd69ed670,1057,400.0,0.0,0.0,0.0,6,[6],2
7,11,x7fdfd69ed670,1058,250.0,0.0,0.0,0.07,3,[0],3
7,11,x7fdfd69ed670,1059,200.0,1.0,0.0,0.07,3,[1],4
7,11,x7fdfd69ed670,1060,-252.0,0.0,0.0,0.12,3,[0],1
7,11,x7fdfd69ed670,1061,350.0,1.0,0.0,0.12,3,[0],4
7,11,x7fdfd69ed670,1062,250.0,0.0,0.0,0.12,2,[0],2
7,11,x7fdfd69ed670,1063,291.0,1.0,0.0,0.0,6,[8],4
7,11,x7fdfd69ed670,1064,-12.0,1.0,0.0,0.07,3,[1],4
7,11,x7fdfd69ed670,1065,100.0,0.0,0.0,0.12,3,[1],3
7,11,x7fdfd69ed670,1066,-150.0,0.0,0.0,0.12,3,[0],3
7,11,x7fdfd69ed670,1067,50.0,1.0,0.0,0.12,3,[2],3
7,11,x7fdfd69ed670,1068,165.0,1.0,0.0,0.0,7,[9],4
7,11,x7fdfd69ed670,1069,50.0,0.0,0.0,0.07,2,[1],2
7,11,x7fdfd69ed670,1070,327.0,0.0,0.0,0.0,7,[6],2
7,11,x7fdfd69ed670,1071,549.0,0.0,1.0,0.06,6,[9],3
7,11,x7fdfd69ed670,1072,350.0,1.0,1.0,0.07,3,[2],3
7,11,x7fdfd69ed670,1073,100.0,0.0,0.0,0.12,3,[1],3
7,11,x7fdfd69ed670,1074,250.0,0.0,0.0,0.12,3,[0],3
7,11,x7fdfd69ed670,1075,99.0,0.0,0.0,0.12,3,[1],3
7,11,x7fdfd69ed670,1076,88.0,0.0,0.0,0.12,3,[1],3
7,11,x7fdfd69ed670,1077,262.0,0.0,0.0,0.0,6,[6],3
7,11,x7fdfd69ed670,1078,250.0,0.0,0.0,0.07,3,[0],3
7,11,x7fdfd69ed670,1079,250.0,0.0,0.0,0.12,3,[0],3
7,11,x7fdfd69ed670,1080,164.0,0.0,0.0,0.12,3,[0],0
7,11,x7fdfd69ed670,1081,400.0,0.0,0.0,0.0,6,[7],1
7,11,x7fdfd69ed670,1082,250.0,0.0,0.0,0.07,2,[1],2
7,11,x7fdfd69ed670,1083,250.0,0.0,0.0,0.12,3,[0],2
7,11,x7fdfd69ed670,1084,354.0,0.0,0.0,0.0,7,[6],2
7,11,x7fdfd69ed670,1085,250.0,0.0,0.0,0.07,2,[1],3
7,11,x7fdfd69ed670,1086,150.0,0.0,0.0,0.07,3,[0],2
7,11,x7fdfd69ed670,1087,-150.0,0.0,0.0,0.06,6,[9],3
7,11,x7fdfd69ed670,1088,350.0,1.0,1.0,0.07,3,[2],4
7,11,x7fdfd69ed670,1089,250.0,0.0,0.0,0.07,3,[0],2
7,11,x7fdfd69ed670,1090,250.0,0.0,0.0,0.12,3,[0],3
7,11,x7fdfd69ed670,1091,250.0,0.0,0.0,0.12,3,[0],2
7,11,x7fdfd69ed670,1092,-50.0,1.0,0.0,0.12,3,[2],4
7,11,x7fdfd69ed670,1093,232.0,1.0,0.0,0.0,7,[9],4
7,11,x7fdfd69ed670,1094,100.0,0.0,1.0,0.07,6,[2],3
7,11,x7fdfd69ed670,1095,250.0,0.0,0.0,0.07,3,[0],2
7,11,x7fdfd69ed670,1096,153.0,0.0,0.0,0.12,3,[0],0
7,11,x7fdfd69ed670,1097,250.0,0.0,0.0,0.12,3,[0],2
7,11,x7fdfd69ed670,1098,318.0,0.0,0.0,0.0,7,[6],2
7,11,x7fdfd69ed670,1099,250.0,0.0,0.0,0.07,3,[0],3
7,11,x7fdfd69ed670,1100,400.0,0.0,0.0,0.0,6,[6],2
7,11,x7fdfd69ed670,1101,250.0,0.0,0.0,0.07,3,[0],3
7,11,x7fdfd69ed670,1102,250.0,0.0,0.0,0.12,3,[0],2
7,11,x7fdfd69ed670,1103,400.0,0.0,0.0,0.0,6,[7],3
7,11,x7fdfd69ed670,1104,250.0,0.0,0.0,0.07,3,[0],3
7,11,x7fdfd69ed670,1105,100.0,0.0,0.0,0.12,3,[1],3
7,11,x7fdfd69ed670,1106,250.0,0.0,0.0,0.12,3,[0],3
7,11,x7fdfd69ed670,1107,-50.0,0.0,0.0,0.12,3,[2],3
7,11,x7fdfd69ed670,1108,-50.0,0.0,0.0,0.12,3,[2],3
7,11,x7fdfd69ed670,1109,250.0,0.0,0.0,0.12,3,[0],3
7,11,x7fdfd69ed670,1110,400.0,0.0,0.0,0.0,6,[6],2
