0,10,x7fd54d10c370,1,150.0,0.0,0.0,0.01,3,[11],1
0,10,x7fd54d10c370,2,650.0,1.0,1.0,0.02,3,[14],2
0,10,x7fd54d10c370,3,550.0,0.0,1.0,0.0,4,[4],0
0,10,x7fd54d10c370,4,250.0,0.0,0.0,0.02,2,[0],3
0,10,x7fd54d10c370,5,250.0,0.0,0.0,0.02,3,[14],3
0,10,x7fd54d10c370,6,-127.0,0.0,0.0,0.03,3,[0],4
0,10,x7fd54d10c370,7,-250.0,0.0,0.0,0.01,4,[11],1
0,10,x7fd54d10c370,8,-100.0,0.0,0.0,0.03,4,[0],4
0,10,x7fd54d10c370,9,550.0,0.0,1.0,0.01,4,[11],2
0,10,x7fd54d10c370,10,550.0,0.0,1.0,0.02,4,[14],1
0,10,x7fd54d10c370,11,150.0,0.0,0.0,0.03,3,[11],2
0,10,x7fd54d10c370,12,150.0,0.0,0.0,0.02,4,[14],1
0,10,x7fd54d10c370,13,409.0,0.0,1.0,0.02,4,[14],3
0,10,x7fd54d10c370,14,400.0,0.0,1.0,0.02,4,[14],0
0,10,x7fd54d10c370,15,148.0,0.0,0.0,0.01,3,[11],2
0,10,x7fd54d10c370,16,550.0,0.0,1.0,0.03,2,[0],1
0,10,x7fd54d10c370,17,100.0,0.0,0.0,0.0,4,[14],3
0,10,x7fd54d10c370,18,250.0,0.0,0.0,0.01,3,[11],2
0,10,x7fd54d10c370,19,423.0,0.0,1.0,0.01,4,[11],0
0,10,x7fd54d10c370,20,150.0,0.0,1.0,0.02,4,[14],1
0,10,x7fd54d10c370,21,250.0,0.0,0.0,0.01,3,[11],3
0,10,x7fd54d10c370,22,250.0,0.0,1.0,0.03,4,[1],3
0,10,x7fd54d10c370,23,138.0,0.0,0.0,0.01,4,[11],0
0,10,x7fd54d10c370,24,-52.0,0.0,0.0,0.02,4,[14],1
0,10,x7fd54d10c370,25,-60.0,0.0,0.0,0.03,3,[0],0
0,10,x7fd54d10c370,26,550.0,0.0,1.0,0.01,3,[11],3
0,10,x7fd54d10c370,27,50.0,0.0,0.0,0.02,2,[0],2
0,10,x7fd54d10c370,28,50.0,0.0,0.0,0.01,4,[11],2
0,10,x7fd54d10c370,29,550.0,0.0,1.0,0.01,4,[11],3
0,10,x7fd54d10c370,30,153.0,0.0,0.0,0.01,4,[11],2
0,10,x7fd54d10c370,31,150.0,0.0,1.0,0.01,4,[11],2
0,10,x7fd54d10c370,32,550.0,0.0,1.0,0.02,4,[14],3
0,10,x7fd54d10c370,33,-19.0,0.0,0.0,0.01,4,[11],0
0,10,x7fd54d10c370,34,250.0,0.0,0.0,0.01,4,[11],0
0,10,x7fd54d10c370,35,350.0,1.0,1.0,0.03,4,[1],3
0,10,x7fd54d10c370,36,500.0,1.0,1.0,0.02,4,[14],4
0,10,x7fd54d10c370,37,50.0,1.0,0.0,0.03,3,[1],4
0,10,x7fd54d10c370,38,-97.0,0.0,0.0,0.03,4,[0],4
0,10,x7fd54d10c370,39,250.0,0.0,0.0,0.01,4,[11],0
0,10,x7fd54d10c370,40,250.0,0.0,0.0,0.01,4,[11],0
0,10,x7fd54d10c370,41,-249.0,0.0,0.0,0.01,4,[11],2
0,10,x7fd54d10c370,42,394.0,1.0,1.0,0.03,4,[0],3
0,10,x7fd54d10c370,43,-250.0,0.0,0.0,0.02,3,[14],1
0,10,x7fd54d10c370,44,350.0,1.0,0.0,0.01,3,[11],4
0,10,x7fd54d10c370,45,-30.0,0.0,0.0,0.03,3,[0],0
0,10,x7fd54d10c370,46,-259.0,0.0,0.0,0.01,3,[11],1
0,10,x7fd54d10c370,47,-350.0,0.0,0.0,0.03,2,[0],0
0,10,x7fd54d10c370,48,-250.0,0.0,0.0,0.0,4,[11],2
0,10,x7fd54d10c370,49,650.0,1.0,1.0,0.02,3,[14],4
0,10,x7fd54d10c370,50,250.0,1.0,0.0,0.01,4,[11],4
0,10,x7fd54d10c370,51,150.0,1.0,0.0,0.01,4,[14],4
0,10,x7fd54d10c370,52,-350.0,0.0,0.0,0.01,3,[11],1
0,10,x7fd54d10c370,53,350.0,1.0,0.0,0.01,4,[11],0
0,10,x7fd54d10c370,54,250.0,0.0,0.0,0.01,3,[11],1
0,10,x7fd54d10c370,55,0.0,0.0,0.0,0.01,4,[11],1
0,10,x7fd54d10c370,56,-26.0,0.0,0.0,0.01,3,[11],0
0,10,x7fd54d10c370,57,2.0,1.0,0.0,0.01,4,[11],4
0,10,x7fd54d10c370,58,-250.0,0.0,0.0,0.02,4,[14],0
0,10,x7fd54d10c370,59,144.0,0.0,0.0,0.01,3,[11],2
0,10,x7fd54d10c370,60,-150.0,0.0,0.0,0.01,3,[11],1
0,10,x7fd54d10c370,61,84.0,0.0,0.0,0.02,4,[14],1
0,10,x7fd54d10c370,62,550.0,0.0,1.0,0.01,3,[11],1
0,10,x7fd54d10c370,63,79.0,0.0,0.0,0.01,3,[11],1
0,10,x7fd54d10c370,64,250.0,0.0,0.0,0.02,3,[14],2
0,10,x7fd54d10c370,65,-150.0,0.0,0.0,0.01,3,[11],1
0,10,x7fd54d10c370,66,255.0,1.0,0.0,0.02,4,[14],4
0,10,x7fd54d10c370,67,150.0,0.0,0.0,0.01,4,[11],0
0,10,x7fd54d10c370,68,150.0,0.0,1.0,0.02,4,[14],2
0,10,x7fd54d10c370,69,250.0,0.0,0.0,0.01,4,[11],1
0,10,x7fd54d10c370,70,250.0,0.0,0.0,0.02,4,[14],2
0,10,x7fd54d10c370,71,96.0,1.0,0.0,0.02,3,[14],4
0,10,x7fd54d10c370,72,250.0,0.0,0.0,0.01,3,[11],0
0,10,x7fd54d10c370,73,-350.0,0.0,0.0,0.02,4,[14],1
0,10,x7fd54d10c370,74,-150.0,0.0,0.0,0.03,4,[11],1
0,10,x7fd54d10c370,75,-250.0,0.0,0.0,0.01,4,[11],1
0,10,x7fd54d10c370,76,150.0,0.0,0.0,0.01,4,[11],1
0,10,x7fd54d10c370,77,322.0,1.0,0.0,0.01,4,[11],2
0,10,x7fd54d10c370,78,250.0,0.0,0.0,0.02,3,[14],1
0,10,x7fd54d10c370,79,-45.0,1.0,0.0,0.03,4,[0],4
0,10,x7fd54d10c370,80,250.0,0.0,0.0,0.02,3,[14],1
0,10,x7fd54d10c370,81,-254.0,0.0,0.0,0.01,4,[11],1
0,10,x7fd54d10c370,82,550.0,0.0,1.0,0.02,4,[14],1
0,10,x7fd54d10c370,83,-16.0,0.0,0.0,0.03,3,[0],4
0,10,x7fd54d10c370,84,-150.0,0.0,0.0,0.01,4,[11],1
0,10,x7fd54d10c370,85,50.0,0.0,0.0,0.03,2,[0],4
0,10,x7fd54d10c370,86,250.0,0.0,0.0,0.02,3,[14],1
0,10,x7fd54d10c370,87,120.0,0.0,0.0,0.02,4,[14],3
0,10,x7fd54d10c370,88,-254.0,0.0,0.0,0.01,3,[11],0
0,10,x7fd54d10c370,89,-250.0,0.0,0.0,0.03,3,[0],4
0,10,x7fd54d10c370,90,151.0,0.0,0.0,0.01,4,[11],1
0,10,x7fd54d10c370,91,250.0,0.0,0.0,0.02,3,[14],0
0,10,x7fd54d10c370,92,-100.0,0.0,0.0,0.03,3,[0],4
0,10,x7fd54d10c370,93,250.0,0.0,1.0,0.03,3,[0],3
0,10,x7fd54d10c370,94,-250.0,0.0,0.0,0.01,2,[11],0
0,10,x7fd54d10c370,95,250.0,0.0,1.0,0.01,2,[11],0
0,10,x7fd54d10c370,96,50.0,0.0,0.0,0.03,2,[17],1
0,10,x7fd54d10c370,97,-250.0,0.0,0.0,0.01,3,[11],4
0,10,x7fd54d10c370,98,50.0,0.0,0.0,0.03,3,[17],1
0,10,x7fd54d10c370,99,122.0,0.0,0.0,0.02,3,[17],2
0,10,x7fd54d10c370,100,-350.0,0.0,0.0,0.02,3,[14],1
0,10,x7fd54d10c370,101,50.0,0.0,0.0,0.03,2,[0],1
0,10,x7fd54d10c370,102,550.0,0.0,1.0,0.01,3,[17],2
0,10,x7fd54d10c370,103,-250.0,0.0,0.0,0.01,2,[11],4
0,10,x7fd54d10c370,104,-650.0,0.0,0.0,0.01,3,[11],0
0,10,x7fd54d10c370,105,250.0,0.0,0.0,0.0,4,[4],1
0,10,x7fd54d10c370,106,50.0,1.0,0.0,0.0,2,[14],4
0,10,x7fd54d10c370,107,50.0,0.0,0.0,0.02,2,[14],1
0,10,x7fd54d10c370,108,250.0,0.0,0.0,0.0,2,[11],2
0,10,x7fd54d10c370,109,250.0,0.0,0.0,0.01,2,[14],2
0,10,x7fd54d10c370,110,50.0,0.0,0.0,0.01,2,[11],1
0,10,x7fd54d10c370,111,250.0,0.0,0.0,0.0,2,[14],1
0,10,x7fd54d10c370,112,-250.0,0.0,0.0,0.01,2,[11],4
0,10,x7fd54d10c370,113,50.0,0.0,0.0,0.01,2,[11],2
0,10,x7fd54d10c370,114,-250.0,0.0,0.0,0.01,2,[11],0
0,10,x7fd54d10c370,115,550.0,0.0,1.0,0.01,2,[14],2
0,10,x7fd54d10c370,116,-250.0,0.0,0.0,0.02,2,[11],4
0,10,x7fd54d10c370,117,50.0,0.0,0.0,0.01,2,[11],1
0,10,x7fd54d10c370,118,550.0,0.0,1.0,0.02,2,[14],1
0,10,x7fd54d10c370,119,250.0,0.0,1.0,0.02,2,[14],3
0,10,x7fd54d10c370,120,250.0,0.0,0.0,0.01,2,[14],3
0,10,x7fd54d10c370,121,250.0,0.0,0.0,0.03,2,[4],1
0,10,x7fd54d10c370,122,50.0,0.0,0.0,0.01,2,[11],1
0,10,x7fd54d10c370,123,-250.0,0.0,0.0,0.01,2,[11],0
0,10,x7fd54d10c370,124,250.0,0.0,0.0,0.01,2,[14],3
0,10,x7fd54d10c370,125,50.0,0.0,0.0,0.02,2,[11],1
0,10,x7fd54d10c370,126,-250.0,0.0,0.0,0.01,2,[11],0
0,10,x7fd54d10c370,127,-150.0,0.0,0.0,0.02,2,[14],1
0,10,x7fd54d10c370,128,-150.0,0.0,0.0,0.01,2,[11],1
0,10,x7fd54d10c370,129,-250.0,0.0,0.0,0.01,2,[11],4
0,10,x7fd54d10c370,130,250.0,0.0,1.0,0.03,2,[0],3
0,10,x7fd54d10c370,131,50.0,0.0,0.0,0.02,2,[14],2
0,10,x7fd54d10c370,132,50.0,0.0,0.0,0.01,2,[11],2
0,10,x7fd54d10c370,133,550.0,0.0,1.0,0.01,2,[11],3
0,10,x7fd54d10c370,134,-50.0,0.0,0.0,0.01,2,[11],4
0,10,x7fd54d10c370,135,250.0,0.0,0.0,0.02,2,[14],2
0,10,x7fd54d10c370,136,-250.0,0.0,0.0,0.01,2,[11],0
0,10,x7fd54d10c370,137,-250.0,0.0,0.0,0.0,4,[14],0
0,10,x7fd54d10c370,138,249.0,1.0,0.0,0.03,3,[17],2
0,10,x7fd54d10c370,139,250.0,0.0,1.0,0.01,3,[11],4
0,10,x7fd54d10c370,140,-50.0,0.0,0.0,0.02,2,[14],0
0,10,x7fd54d10c370,141,50.0,0.0,0.0,0.0,2,[5],2
0,10,x7fd54d10c370,142,250.0,0.0,0.0,0.03,3,[17],2
0,10,x7fd54d10c370,143,-250.0,0.0,0.0,0.02,3,[14],2
0,10,x7fd54d10c370,144,350.0,1.0,1.0,0.03,2,[1],3
0,10,x7fd54d10c370,145,-250.0,0.0,0.0,0.0,2,[11],0
0,10,x7fd54d10c370,146,-150.0,0.0,0.0,0.01,2,[17],0
0,10,x7fd54d10c370,147,-250.0,0.0,0.0,0.01,2,[14],0
0,10,x7fd54d10c370,148,165.0,0.0,0.0,0.03,3,[4],1
0,10,x7fd54d10c370,149,120.0,0.0,0.0,0.0,3,[4],4
0,10,x7fd54d10c370,150,250.0,0.0,0.0,0.03,2,[4],3
0,10,x7fd54d10c370,151,50.0,1.0,0.0,0.03,2,[5],3
0,10,x7fd54d10c370,152,-50.0,0.0,0.0,0.02,2,[0],4
0,10,x7fd54d10c370,153,50.0,1.0,0.0,0.03,2,[5],3
0,10,x7fd54d10c370,154,50.0,0.0,0.0,0.04,2,[4],0
0,10,x7fd54d10c370,155,-450.0,0.0,0.0,0.02,2,[14],3
0,10,x7fd54d10c370,156,550.0,0.0,1.0,0.03,2,[17],3
0,10,x7fd54d10c370,157,250.0,0.0,0.0,0.01,2,[11],2
0,10,x7fd54d10c370,158,650.0,1.0,1.0,0.03,2,[17],2
0,10,x7fd54d10c370,159,250.0,0.0,0.0,0.03,2,[17],1
0,10,x7fd54d10c370,160,250.0,0.0,0.0,0.03,2,[17],3
0,10,x7fd54d10c370,161,250.0,0.0,0.0,0.0,3,[4],3
0,10,x7fd54d10c370,162,150.0,0.0,1.0,0.02,2,[17],2
0,10,x7fd54d10c370,163,-350.0,0.0,0.0,0.0,3,[4],2
0,10,x7fd54d10c370,164,250.0,0.0,1.0,0.01,2,[11],3
0,10,x7fd54d10c370,165,550.0,0.0,1.0,0.03,3,[4],0
0,10,x7fd54d10c370,166,-250.0,0.0,0.0,0.0,2,[14],0
0,10,x7fd54d10c370,167,550.0,0.0,1.0,0.03,2,[17],1
0,10,x7fd54d10c370,168,150.0,0.0,0.0,0.04,6,[4],1
0,10,x7fd54d10c370,169,-50.0,0.0,0.0,0.01,2,[11],0
0,10,x7fd54d10c370,170,250.0,0.0,1.0,0.01,2,[14],3
0,10,x7fd54d10c370,171,350.0,1.0,0.0,0.03,2,[11],3
0,10,x7fd54d10c370,172,150.0,1.0,0.0,0.01,2,[14],1
0,10,x7fd54d10c370,173,-245.0,0.0,0.0,0.0,3,[14],3
0,10,x7fd54d10c370,174,-150.0,0.0,0.0,0.01,3,[11],3
0,10,x7fd54d10c370,175,250.0,0.0,0.0,0.01,2,[11],3
0,10,x7fd54d10c370,176,250.0,0.0,0.0,0.01,2,[11],3
0,10,x7fd54d10c370,177,-350.0,0.0,0.0,0.02,3,[14],1
0,10,x7fd54d10c370,178,250.0,0.0,0.0,0.01,2,[11],3
0,10,x7fd54d10c370,179,250.0,0.0,0.0,0.02,2,[14],3
0,10,x7fd54d10c370,180,50.0,0.0,0.0,0.02,2,[14],1
0,10,x7fd54d10c370,181,550.0,0.0,1.0,0.01,2,[11],3
0,10,x7fd54d10c370,182,250.0,0.0,0.0,0.02,2,[14],3
0,10,x7fd54d10c370,183,-350.0,0.0,0.0,0.01,3,[11],0
0,10,x7fd54d10c370,184,156.0,0.0,0.0,0.01,3,[11],0
0,10,x7fd54d10c370,185,350.0,1.0,1.0,0.03,3,[0],3
0,10,x7fd54d10c370,186,50.0,0.0,0.0,0.02,2,[14],2
0,10,x7fd54d10c370,187,-150.0,0.0,0.0,0.01,3,[11],1
0,10,x7fd54d10c370,188,-350.0,0.0,0.0,0.01,2,[11],2
0,10,x7fd54d10c370,189,-250.0,0.0,0.0,0.01,2,[11],0
0,10,x7fd54d10c370,190,250.0,0.0,0.0,0.0,2,[11],1
0,10,x7fd54d10c370,191,550.0,0.0,1.0,0.01,2,[11],3
0,10,x7fd54d10c370,192,-50.0,0.0,0.0,0.01,2,[11],3
0,10,x7fd54d10c370,193,-450.0,0.0,0.0,0.02,2,[14],3
0,10,x7fd54d10c370,194,50.0,0.0,0.0,0.01,2,[11],0
0,10,x7fd54d10c370,195,50.0,0.0,0.0,0.0,2,[14],1
0,10,x7fd54d10c370,196,550.0,0.0,1.0,0.0,2,[4],3
0,10,x7fd54d10c370,197,250.0,0.0,0.0,0.03,2,[4],3
0,10,x7fd54d10c370,198,-50.0,0.0,0.0,0.01,2,[11],3
0,10,x7fd54d10c370,199,50.0,0.0,0.0,0.01,2,[14],2
0,10,x7fd54d10c370,200,550.0,0.0,1.0,0.03,2,[11],4
0,10,x7fd54d10c370,201,250.0,0.0,0.0,0.01,2,[14],3
0,10,x7fd54d10c370,202,250.0,0.0,0.0,0.01,2,[11],3
0,10,x7fd54d10c370,203,250.0,0.0,0.0,0.01,2,[11],1
0,10,x7fd54d10c370,204,250.0,0.0,0.0,0.02,2,[14],3
0,10,x7fd54d10c370,205,250.0,0.0,0.0,0.01,2,[11],3
0,10,x7fd54d10c370,206,-50.0,0.0,0.0,0.0,2,[11],3
0,10,x7fd54d10c370,207,550.0,0.0,1.0,0.0,2,[11],3
0,10,x7fd54d10c370,208,-250.0,0.0,0.0,0.01,2,[11],4
0,10,x7fd54d10c370,209,50.0,0.0,0.0,0.01,2,[11],1
0,10,x7fd54d10c370,210,-50.0,0.0,0.0,0.01,2,[11],4
0,10,x7fd54d10c370,211,250.0,0.0,1.0,0.0,2,[11],3
0,10,x7fd54d10c370,212,250.0,0.0,1.0,0.01,2,[11],3
0,10,x7fd54d10c370,213,-250.0,0.0,0.0,0.01,2,[11],4
0,10,x7fd54d10c370,214,350.0,1.0,0.0,0.0,2,[14],3
0,10,x7fd54d10c370,215,150.0,0.0,1.0,0.02,2,[14],3
0,10,x7fd54d10c370,216,-50.0,0.0,0.0,0.01,2,[11],3
0,10,x7fd54d10c370,217,250.0,0.0,0.0,0.01,2,[14],3
0,10,x7fd54d10c370,218,-150.0,1.0,0.0,0.03,3,[0],4
0,10,x7fd54d10c370,219,250.0,0.0,0.0,0.01,2,[11],3
0,10,x7fd54d10c370,220,205.0,0.0,0.0,0.01,3,[11],1
0,10,x7fd54d10c370,221,250.0,0.0,0.0,0.01,3,[11],0
0,10,x7fd54d10c370,222,250.0,0.0,0.0,0.02,2,[14],3
0,10,x7fd54d10c370,223,-102.0,0.0,0.0,0.03,3,[0],4
0,10,x7fd54d10c370,224,-250.0,0.0,0.0,0.03,2,[0],4
0,10,x7fd54d10c370,225,250.0,0.0,1.0,0.01,2,[11],0
0,10,x7fd54d10c370,226,250.0,0.0,0.0,0.01,2,[11],4
0,10,x7fd54d10c370,227,250.0,0.0,0.0,0.01,2,[14],2
0,10,x7fd54d10c370,228,550.0,0.0,1.0,0.02,2,[14],2
0,10,x7fd54d10c370,229,250.0,0.0,0.0,0.01,2,[11],1
0,10,x7fd54d10c370,230,-50.0,0.0,0.0,0.01,2,[11],3
0,10,x7fd54d10c370,231,550.0,0.0,1.0,0.01,2,[11],3
0,10,x7fd54d10c370,232,50.0,0.0,0.0,0.0,2,[14],0
0,10,x7fd54d10c370,233,-350.0,0.0,0.0,0.01,3,[11],2
0,10,x7fd54d10c370,234,250.0,0.0,0.0,0.02,3,[17],3
0,10,x7fd54d10c370,235,-50.0,0.0,0.0,0.02,2,[14],3
0,10,x7fd54d10c370,236,550.0,0.0,1.0,0.03,3,[17],2
0,10,x7fd54d10c370,237,404.0,0.0,1.0,0.02,3,[14],3
0,10,x7fd54d10c370,238,250.0,0.0,0.0,0.03,3,[17],2
0,10,x7fd54d10c370,239,250.0,0.0,0.0,0.01,4,[11],3
0,10,x7fd54d10c370,240,100.0,0.0,0.0,0.0,5,[5],3
0,10,x7fd54d10c370,241,115.0,0.0,0.0,0.03,5,[5],3
0,10,x7fd54d10c370,242,250.0,0.0,0.0,0.01,2,[14],1
0,10,x7fd54d10c370,243,250.0,0.0,0.0,0.02,3,[14],3
0,10,x7fd54d10c370,244,250.0,0.0,0.0,0.02,2,[14],2
0,10,x7fd54d10c370,245,-50.0,0.0,0.0,0.02,2,[0],4
0,10,x7fd54d10c370,246,50.0,0.0,0.0,0.01,2,[11],2
0,10,x7fd54d10c370,247,-50.0,0.0,0.0,0.02,2,[0],3
0,10,x7fd54d10c370,248,50.0,0.0,0.0,0.02,2,[14],2
0,10,x7fd54d10c370,249,50.0,0.0,0.0,0.01,2,[14],2
0,10,x7fd54d10c370,250,250.0,0.0,0.0,0.02,2,[14],2
0,10,x7fd54d10c370,251,250.0,0.0,0.0,0.01,3,[11],1
0,10,x7fd54d10c370,252,250.0,0.0,0.0,0.01,2,[11],3
0,10,x7fd54d10c370,253,100.0,0.0,0.0,0.01,3,[11],0
0,10,x7fd54d10c370,254,250.0,0.0,0.0,0.02,2,[14],1
0,10,x7fd54d10c370,255,-250.0,0.0,0.0,0.01,2,[11],4
0,10,x7fd54d10c370,256,258.0,0.0,1.0,0.03,4,[0],3
0,10,x7fd54d10c370,257,50.0,0.0,0.0,0.02,3,[14],2
0,10,x7fd54d10c370,258,250.0,0.0,1.0,0.03,3,[1],3
0,10,x7fd54d10c370,259,50.0,0.0,0.0,0.01,2,[11],1
0,10,x7fd54d10c370,260,-150.0,0.0,0.0,0.01,4,[11],3
0,10,x7fd54d10c370,261,250.0,0.0,0.0,0.02,3,[14],2
0,10,x7fd54d10c370,262,-300.0,0.0,0.0,0.03,4,[11],3
0,10,x7fd54d10c370,263,63.0,1.0,0.0,0.03,3,[0],4
0,10,x7fd54d10c370,264,153.0,0.0,0.0,0.02,3,[14],1
0,10,x7fd54d10c370,265,-22.0,0.0,0.0,0.02,4,[0],4
0,10,x7fd54d10c370,266,150.0,0.0,0.0,0.02,3,[14],2
0,10,x7fd54d10c370,267,-52.0,1.0,0.0,0.03,3,[1],4
0,10,x7fd54d10c370,268,500.0,1.0,1.0,0.02,4,[14],3
0,10,x7fd54d10c370,269,150.0,0.0,0.0,0.01,3,[11],0
0,10,x7fd54d10c370,270,-145.0,1.0,0.0,0.03,4,[1],4
0,10,x7fd54d10c370,271,250.0,0.0,1.0,0.03,3,[0],4
0,10,x7fd54d10c370,272,250.0,0.0,0.0,0.01,4,[11],3
0,10,x7fd54d10c370,273,-433.0,0.0,0.0,0.03,4,[0],3
0,10,x7fd54d10c370,274,-341.0,0.0,0.0,0.03,4,[0],3
0,10,x7fd54d10c370,275,350.0,1.0,1.0,0.03,4,[1],4
0,10,x7fd54d10c370,276,50.0,1.0,0.0,0.03,4,[1],4
0,10,x7fd54d10c370,277,200.0,1.0,0.0,0.02,4,[14],3
0,10,x7fd54d10c370,278,250.0,0.0,0.0,0.01,3,[11],0
0,10,x7fd54d10c370,279,550.0,0.0,1.0,0.01,3,[11],3
0,10,x7fd54d10c370,280,-50.0,0.0,0.0,0.03,2,[1],3
0,10,x7fd54d10c370,281,200.0,1.0,0.0,0.02,3,[14],3
0,10,x7fd54d10c370,282,-150.0,0.0,0.0,0.02,3,[14],1
0,10,x7fd54d10c370,283,-150.0,1.0,0.0,0.03,2,[1],4
0,10,x7fd54d10c370,284,50.0,1.0,0.0,0.01,2,[11],3
0,10,x7fd54d10c370,285,250.0,0.0,1.0,0.03,2,[1],3
0,10,x7fd54d10c370,286,250.0,0.0,0.0,0.02,3,[14],3
0,10,x7fd54d10c370,287,250.0,0.0,1.0,0.03,3,[1],3
0,10,x7fd54d10c370,288,471.0,0.0,1.0,0.0,3,[6],3
0,10,x7fd54d10c370,289,61.0,0.0,0.0,0.01,4,[0],3
0,10,x7fd54d10c370,290,100.0,0.0,0.0,0.01,4,[11],3
0,10,x7fd54d10c370,291,-150.0,0.0,0.0,0.02,4,[14],3
0,10,x7fd54d10c370,292,135.0,0.0,0.0,0.02,3,[14],1
0,10,x7fd54d10c370,293,95.0,1.0,0.0,0.03,4,[0],4
0,10,x7fd54d10c370,294,350.0,1.0,1.0,0.03,4,[1],3
0,10,x7fd54d10c370,295,220.0,0.0,0.0,0.01,4,[11],3
0,10,x7fd54d10c370,296,250.0,0.0,0.0,0.02,3,[14],0
0,10,x7fd54d10c370,297,250.0,0.0,0.0,0.02,3,[14],3
0,10,x7fd54d10c370,298,500.0,1.0,1.0,0.03,3,[17],3
0,10,x7fd54d10c370,299,650.0,1.0,1.0,0.0,2,[6],2
0,10,x7fd54d10c370,300,250.0,0.0,0.0,0.01,4,[17],3
0,10,x7fd54d10c370,301,250.0,0.0,1.0,0.03,4,[1],3
0,10,x7fd54d10c370,302,-390.0,0.0,0.0,0.01,4,[11],0
0,10,x7fd54d10c370,303,350.0,1.0,0.0,0.03,3,[17],2
0,10,x7fd54d10c370,304,97.0,1.0,0.0,0.01,5,[11],4
0,10,x7fd54d10c370,305,-350.0,0.0,0.0,0.0,3,[5],2
0,10,x7fd54d10c370,306,250.0,0.0,0.0,0.0,5,[17],1
0,10,x7fd54d10c370,307,550.0,0.0,1.0,0.0,3,[4],3
0,10,x7fd54d10c370,308,250.0,0.0,0.0,0.01,3,[14],0
0,10,x7fd54d10c370,309,350.0,1.0,0.0,0.02,3,[14],3
0,10,x7fd54d10c370,310,33.0,0.0,0.0,0.03,3,[0],0
0,10,x7fd54d10c370,311,250.0,0.0,0.0,0.0,3,[6],1
0,10,x7fd54d10c370,312,114.0,0.0,0.0,0.0,3,[11],0
0,10,x7fd54d10c370,313,-150.0,0.0,1.0,0.02,3,[0],3
0,10,x7fd54d10c370,314,-263.0,0.0,0.0,0.03,4,[11],3
0,10,x7fd54d10c370,315,-150.0,0.0,0.0,0.02,3,[14],0
0,10,x7fd54d10c370,316,-50.0,0.0,0.0,0.01,2,[11],3
0,10,x7fd54d10c370,317,-150.0,0.0,0.0,0.02,3,[14],1
0,10,x7fd54d10c370,318,149.0,0.0,0.0,0.01,3,[14],1
0,10,x7fd54d10c370,319,-267.0,0.0,0.0,0.02,4,[11],1
0,10,x7fd54d10c370,320,251.0,1.0,0.0,0.01,3,[11],4
0,10,x7fd54d10c370,321,250.0,0.0,0.0,0.02,3,[14],0
0,10,x7fd54d10c370,322,-150.0,1.0,0.0,0.03,3,[0],4
0,10,x7fd54d10c370,323,50.0,1.0,0.0,0.01,2,[11],3
0,10,x7fd54d10c370,324,250.0,0.0,0.0,0.02,2,[14],3
0,10,x7fd54d10c370,325,50.0,0.0,0.0,0.02,2,[14],1
0,10,x7fd54d10c370,326,250.0,0.0,0.0,0.01,2,[11],0
0,10,x7fd54d10c370,327,-150.0,0.0,0.0,0.02,2,[14],3
0,10,x7fd54d10c370,328,350.0,1.0,0.0,0.01,2,[11],3
0,10,x7fd54d10c370,329,-50.0,0.0,0.0,0.0,2,[11],3
0,10,x7fd54d10c370,330,250.0,0.0,0.0,0.02,2,[14],1
0,10,x7fd54d10c370,331,250.0,0.0,0.0,0.0,2,[14],2
0,10,x7fd54d10c370,332,50.0,0.0,0.0,0.01,2,[11],4
0,10,x7fd54d10c370,333,50.0,0.0,0.0,0.01,2,[11],4
0,10,x7fd54d10c370,334,550.0,0.0,1.0,0.01,2,[11],3
0,10,x7fd54d10c370,335,550.0,0.0,1.0,0.02,2,[14],2
0,10,x7fd54d10c370,336,550.0,0.0,1.0,0.01,2,[11],3
0,10,x7fd54d10c370,337,550.0,0.0,1.0,0.01,2,[11],2
0,10,x7fd54d10c370,338,-50.0,0.0,0.0,0.01,2,[11],3
0,10,x7fd54d10c370,339,50.0,0.0,0.0,0.02,2,[14],1
0,10,x7fd54d10c370,340,50.0,0.0,0.0,0.02,2,[14],2
0,10,x7fd54d10c370,341,250.0,0.0,1.0,0.01,2,[11],3
0,10,x7fd54d10c370,342,250.0,0.0,0.0,0.02,2,[14],3
0,10,x7fd54d10c370,343,250.0,0.0,0.0,0.01,2,[11],3
0,10,x7fd54d10c370,344,250.0,0.0,0.0,0.0,2,[11],3
0,10,x7fd54d10c370,345,250.0,0.0,1.0,0.01,2,[11],3
0,10,x7fd54d10c370,346,50.0,0.0,0.0,0.02,2,[14],2
0,10,x7fd54d10c370,347,-250.0,0.0,0.0,0.01,2,[11],0
0,10,x7fd54d10c370,348,250.0,0.0,0.0,0.02,2,[4],3
0,10,x7fd54d10c370,349,50.0,0.0,0.0,0.0,2,[14],2
0,10,x7fd54d10c370,350,550.0,0.0,1.0,0.01,2,[11],1
0,10,x7fd54d10c370,351,550.0,0.0,1.0,0.02,2,[14],3
0,10,x7fd54d10c370,352,-50.0,0.0,0.0,0.01,2,[11],3
0,10,x7fd54d10c370,353,250.0,0.0,0.0,0.0,2,[14],2
0,10,x7fd54d10c370,354,-50.0,0.0,0.0,0.02,2,[14],3
0,10,x7fd54d10c370,355,250.0,0.0,0.0,0.01,2,[11],4
0,10,x7fd54d10c370,356,250.0,0.0,0.0,0.01,2,[11],0
0,10,x7fd54d10c370,357,-150.0,0.0,0.0,0.02,2,[14],3
0,10,x7fd54d10c370,358,150.0,1.0,0.0,0.01,2,[11],4
0,10,x7fd54d10c370,359,250.0,0.0,0.0,0.02,2,[14],3
0,10,x7fd54d10c370,360,250.0,0.0,0.0,0.01,2,[11],3
0,10,x7fd54d10c370,361,250.0,0.0,0.0,0.01,2,[11],0
0,10,x7fd54d10c370,362,50.0,0.0,0.0,0.02,2,[14],1
0,10,x7fd54d10c370,363,147.0,0.0,0.0,0.01,4,[11],0
0,10,x7fd54d10c370,364,250.0,0.0,0.0,0.01,4,[11],2
0,10,x7fd54d10c370,365,150.0,0.0,0.0,0.02,4,[14],1
0,10,x7fd54d10c370,366,101.0,0.0,0.0,0.02,3,[14],3
0,10,x7fd54d10c370,367,250.0,0.0,0.0,0.01,3,[11],0
0,10,x7fd54d10c370,368,-300.0,0.0,0.0,0.01,4,[11],3
0,10,x7fd54d10c370,369,-0.0,0.0,0.0,0.01,4,[11],0
0,10,x7fd54d10c370,370,122.0,0.0,0.0,0.02,3,[14],0
0,10,x7fd54d10c370,371,100.0,0.0,0.0,0.01,3,[11],3
0,10,x7fd54d10c370,372,-257.0,0.0,0.0,0.02,4,[14],2
0,10,x7fd54d10c370,373,-6.0,1.0,0.0,0.03,4,[0],4
0,10,x7fd54d10c370,374,-45.0,0.0,1.0,0.03,4,[0],3
0,10,x7fd54d10c370,375,400.0,0.0,1.0,0.02,3,[14],3
0,10,x7fd54d10c370,376,494.0,1.0,1.0,0.02,3,[14],3
0,10,x7fd54d10c370,377,250.0,0.0,1.0,0.03,2,[0],3
0,10,x7fd54d10c370,378,250.0,0.0,0.0,0.01,2,[11],0
0,10,x7fd54d10c370,379,-150.0,0.0,0.0,0.01,3,[11],3
0,10,x7fd54d10c370,380,-450.0,0.0,0.0,0.03,2,[0],3
0,10,x7fd54d10c370,381,-150.0,0.0,0.0,0.01,2,[11],3
0,10,x7fd54d10c370,382,151.0,0.0,0.0,0.02,4,[14],3
0,10,x7fd54d10c370,383,-67.0,0.0,0.0,0.03,4,[0],4
0,10,x7fd54d10c370,384,-290.0,0.0,0.0,0.02,4,[14],3
0,10,x7fd54d10c370,385,0.0,0.0,1.0,0.02,4,[14],3
0,10,x7fd54d10c370,386,-150.0,1.0,0.0,0.03,3,[1],4
0,10,x7fd54d10c370,387,250.0,0.0,0.0,0.01,4,[11],0
0,10,x7fd54d10c370,388,150.0,0.0,0.0,0.02,3,[14],0
0,10,x7fd54d10c370,389,250.0,0.0,0.0,0.03,2,[0],3
0,10,x7fd54d10c370,390,250.0,0.0,0.0,0.01,3,[14],2
0,10,x7fd54d10c370,391,71.0,1.0,0.0,0.03,4,[0],4
0,10,x7fd54d10c370,392,150.0,0.0,0.0,0.01,4,[11],0
0,10,x7fd54d10c370,393,23.0,0.0,0.0,0.01,4,[11],0
0,10,x7fd54d10c370,394,250.0,0.0,0.0,0.02,4,[14],1
0,10,x7fd54d10c370,395,250.0,0.0,0.0,0.01,3,[11],3
0,10,x7fd54d10c370,396,141.0,0.0,0.0,0.02,3,[14],0
0,10,x7fd54d10c370,397,-150.0,1.0,0.0,0.01,4,[1],4
0,10,x7fd54d10c370,398,250.0,0.0,0.0,0.02,4,[14],3
0,10,x7fd54d10c370,399,137.0,0.0,0.0,0.01,4,[11],2
0,10,x7fd54d10c370,400,-150.0,0.0,0.0,0.02,3,[14],3
0,10,x7fd54d10c370,401,-150.0,0.0,1.0,0.03,4,[1],3
0,10,x7fd54d10c370,402,-161.0,0.0,0.0,0.01,4,[11],0
0,10,x7fd54d10c370,403,114.0,0.0,0.0,0.01,4,[11],0
0,10,x7fd54d10c370,404,-150.0,1.0,0.0,0.03,4,[1],4
0,10,x7fd54d10c370,405,78.0,1.0,0.0,0.01,4,[11],0
0,10,x7fd54d10c370,406,250.0,0.0,0.0,0.02,3,[14],2
0,10,x7fd54d10c370,407,-311.0,0.0,0.0,0.03,3,[0],3
0,10,x7fd54d10c370,408,350.0,1.0,0.0,0.02,4,[14],4
0,10,x7fd54d10c370,409,-250.0,0.0,0.0,0.01,3,[11],2
0,10,x7fd54d10c370,410,350.0,1.0,0.0,0.01,3,[11],0
0,10,x7fd54d10c370,411,550.0,0.0,1.0,0.02,4,[14],0
0,10,x7fd54d10c370,412,250.0,0.0,0.0,0.03,3,[11],3
0,10,x7fd54d10c370,413,-45.0,1.0,0.0,0.03,4,[0],4
0,10,x7fd54d10c370,414,-53.0,1.0,0.0,0.03,4,[0],4
0,10,x7fd54d10c370,415,357.0,0.0,1.0,0.03,4,[0],3
0,10,x7fd54d10c370,416,507.0,1.0,1.0,0.01,4,[11],4
0,10,x7fd54d10c370,417,-150.0,0.0,0.0,0.02,3,[14],3
0,10,x7fd54d10c370,418,50.0,1.0,0.0,0.03,3,[1],3
0,10,x7fd54d10c370,419,104.0,0.0,0.0,0.01,4,[11],3
0,10,x7fd54d10c370,420,250.0,0.0,0.0,0.02,3,[14],0
0,10,x7fd54d10c370,421,250.0,0.0,0.0,0.02,3,[14],0
0,10,x7fd54d10c370,422,50.0,0.0,0.0,0.03,2,[0],1
0,10,x7fd54d10c370,423,-150.0,1.0,0.0,0.03,3,[1],4
0,10,x7fd54d10c370,424,379.0,1.0,1.0,0.02,3,[14],4
0,10,x7fd54d10c370,425,-144.0,1.0,0.0,0.03,3,[1],4
0,10,x7fd54d10c370,426,187.0,1.0,0.0,0.0,4,[6],3
0,10,x7fd54d10c370,427,100.0,0.0,0.0,0.0,4,[14],3
0,10,x7fd54d10c370,428,100.0,0.0,0.0,0.03,3,[0],3
0,10,x7fd54d10c370,429,250.0,0.0,1.0,0.03,3,[1],3
0,10,x7fd54d10c370,430,243.0,0.0,0.0,0.02,3,[14],1
0,10,x7fd54d10c370,431,250.0,0.0,0.0,0.01,3,[11],0
0,10,x7fd54d10c370,432,-558.0,0.0,0.0,0.02,3,[0],0
0,10,x7fd54d10c370,433,350.0,1.0,0.0,0.01,3,[11],0
0,10,x7fd54d10c370,434,250.0,0.0,0.0,0.01,3,[11],3
0,10,x7fd54d10c370,435,250.0,0.0,0.0,0.02,3,[14],1
0,10,x7fd54d10c370,436,50.0,0.0,0.0,0.03,2,[0],0
0,10,x7fd54d10c370,437,150.0,0.0,0.0,0.02,3,[14],2
0,10,x7fd54d10c370,438,550.0,0.0,1.0,0.01,3,[11],0
0,10,x7fd54d10c370,439,250.0,0.0,0.0,0.03,2,[0],3
0,10,x7fd54d10c370,440,150.0,0.0,0.0,0.0,3,[14],0
0,10,x7fd54d10c370,441,-502.0,0.0,0.0,0.03,3,[0],0
0,10,x7fd54d10c370,442,-128.0,0.0,0.0,0.03,4,[0],4
0,10,x7fd54d10c370,443,250.0,0.0,0.0,0.01,4,[11],2
0,10,x7fd54d10c370,444,250.0,0.0,0.0,0.01,4,[11],2
0,10,x7fd54d10c370,445,250.0,0.0,0.0,0.02,3,[14],0
0,10,x7fd54d10c370,446,-50.0,1.0,0.0,0.03,4,[1],4
0,10,x7fd54d10c370,447,-107.0,0.0,0.0,0.03,4,[0],4
0,10,x7fd54d10c370,448,18.0,0.0,0.0,0.01,4,[11],0
0,10,x7fd54d10c370,449,250.0,0.0,0.0,0.02,3,[14],0
0,10,x7fd54d10c370,450,250.0,0.0,0.0,0.02,3,[14],0
0,10,x7fd54d10c370,451,-150.0,1.0,0.0,0.03,3,[1],4
0,10,x7fd54d10c370,452,-50.0,0.0,0.0,0.03,3,[1],3
0,10,x7fd54d10c370,453,350.0,1.0,0.0,0.01,3,[11],2
0,10,x7fd54d10c370,454,-150.0,0.0,0.0,0.03,2,[0],2
0,10,x7fd54d10c370,455,-150.0,0.0,0.0,0.02,3,[14],3
0,10,x7fd54d10c370,456,-249.0,0.0,0.0,0.01,3,[11],0
0,10,x7fd54d10c370,457,-450.0,0.0,0.0,0.03,2,[1],3
0,10,x7fd54d10c370,458,95.0,1.0,0.0,0.01,3,[11],4
0,10,x7fd54d10c370,459,144.0,0.0,0.0,0.02,3,[14],0
0,10,x7fd54d10c370,460,458.0,1.0,1.0,0.01,4,[11],0
0,10,x7fd54d10c370,461,146.0,0.0,0.0,0.02,3,[14],2
0,10,x7fd54d10c370,462,550.0,0.0,1.0,0.03,2,[0],3
0,10,x7fd54d10c370,463,131.0,1.0,0.0,0.02,3,[14],4
0,10,x7fd54d10c370,464,250.0,0.0,0.0,0.01,3,[11],3
0,10,x7fd54d10c370,465,-50.0,0.0,0.0,0.03,2,[1],3
0,10,x7fd54d10c370,466,2.0,0.0,0.0,0.02,4,[14],0
0,10,x7fd54d10c370,467,250.0,0.0,0.0,0.01,3,[11],3
0,10,x7fd54d10c370,468,550.0,0.0,1.0,0.01,4,[11],0
0,10,x7fd54d10c370,469,-4.0,0.0,0.0,0.01,4,[11],0
0,10,x7fd54d10c370,470,50.0,0.0,0.0,0.02,3,[14],0
0,10,x7fd54d10c370,471,121.0,0.0,0.0,0.01,4,[11],0
0,10,x7fd54d10c370,472,-150.0,1.0,0.0,0.03,4,[1],4
0,10,x7fd54d10c370,473,400.0,0.0,1.0,0.01,4,[11],0
0,10,x7fd54d10c370,474,101.0,0.0,0.0,0.01,4,[11],0
0,10,x7fd54d10c370,475,-0.0,0.0,0.0,0.01,4,[11],0
0,10,x7fd54d10c370,476,250.0,0.0,0.0,0.02,3,[14],0
0,10,x7fd54d10c370,477,-1.0,0.0,0.0,0.01,4,[11],0
0,10,x7fd54d10c370,478,250.0,0.0,0.0,0.02,4,[14],2
0,10,x7fd54d10c370,479,250.0,0.0,0.0,0.01,3,[11],3
0,10,x7fd54d10c370,480,250.0,0.0,0.0,0.02,4,[14],3
0,10,x7fd54d10c370,481,152.0,0.0,0.0,0.01,4,[11],0
0,10,x7fd54d10c370,482,230.0,0.0,0.0,0.01,4,[11],0
0,10,x7fd54d10c370,483,-317.0,0.0,0.0,0.03,4,[0],3
0,10,x7fd54d10c370,484,-54.0,1.0,0.0,0.03,4,[0],4
0,10,x7fd54d10c370,485,-3.0,0.0,0.0,0.01,4,[11],0
0,10,x7fd54d10c370,486,250.0,0.0,0.0,0.02,3,[14],2
0,10,x7fd54d10c370,487,250.0,0.0,0.0,0.01,3,[11],3
0,10,x7fd54d10c370,488,-150.0,0.0,0.0,0.02,3,[14],2
0,10,x7fd54d10c370,489,-254.0,0.0,0.0,0.03,4,[11],3
0,10,x7fd54d10c370,490,250.0,0.0,1.0,0.03,2,[1],3
0,10,x7fd54d10c370,491,150.0,0.0,0.0,0.01,4,[14],1
0,10,x7fd54d10c370,492,-99.0,0.0,0.0,0.01,4,[11],0
0,10,x7fd54d10c370,493,250.0,0.0,0.0,0.02,3,[14],2
0,10,x7fd54d10c370,494,-50.0,1.0,0.0,0.03,4,[1],4
0,10,x7fd54d10c370,495,250.0,0.0,0.0,0.02,4,[14],3
0,10,x7fd54d10c370,496,99.0,0.0,0.0,0.03,4,[0],3
0,10,x7fd54d10c370,497,250.0,0.0,0.0,0.01,4,[11],3
0,10,x7fd54d10c370,498,93.0,0.0,0.0,0.03,3,[0],3
0,10,x7fd54d10c370,499,550.0,0.0,1.0,0.01,3,[11],3
0,10,x7fd54d10c370,500,137.0,0.0,0.0,0.02,3,[14],2
0,10,x7fd54d10c370,501,149.0,0.0,0.0,0.02,3,[14],0
0,10,x7fd54d10c370,502,15.0,1.0,0.0,0.03,3,[0],4
0,10,x7fd54d10c370,503,250.0,0.0,0.0,0.01,3,[11],3
0,10,x7fd54d10c370,504,-77.0,0.0,0.0,0.0,4,[11],0
0,10,x7fd54d10c370,505,250.0,0.0,0.0,0.02,3,[14],3
0,10,x7fd54d10c370,506,250.0,0.0,0.0,0.01,4,[11],0
0,10,x7fd54d10c370,507,250.0,0.0,0.0,0.01,4,[11],0
0,10,x7fd54d10c370,508,250.0,0.0,0.0,0.02,3,[14],0
0,10,x7fd54d10c370,509,4.0,0.0,0.0,0.01,4,[11],0
0,10,x7fd54d10c370,510,250.0,0.0,0.0,0.02,4,[14],3
0,10,x7fd54d10c370,511,150.0,0.0,0.0,0.01,4,[11],0
0,10,x7fd54d10c370,512,250.0,0.0,1.0,0.03,4,[1],3
0,10,x7fd54d10c370,513,139.0,0.0,0.0,0.02,4,[14],2
0,10,x7fd54d10c370,514,250.0,0.0,0.0,0.01,4,[11],3
0,10,x7fd54d10c370,515,-129.0,0.0,0.0,0.03,3,[0],4
0,10,x7fd54d10c370,516,109.0,0.0,0.0,0.01,4,[11],0
0,10,x7fd54d10c370,517,-23.0,0.0,0.0,0.03,3,[0],3
0,10,x7fd54d10c370,518,236.0,0.0,0.0,0.01,3,[14],2
0,10,x7fd54d10c370,519,100.0,0.0,0.0,0.03,3,[0],3
0,10,x7fd54d10c370,520,250.0,0.0,0.0,0.02,3,[14],1
0,10,x7fd54d10c370,521,250.0,0.0,0.0,0.01,3,[11],3
0,10,x7fd54d10c370,522,-134.0,0.0,0.0,0.02,4,[0],4
0,10,x7fd54d10c370,523,150.0,0.0,1.0,0.02,4,[14],2
0,10,x7fd54d10c370,524,-58.0,1.0,0.0,0.03,4,[1],4
0,10,x7fd54d10c370,525,57.0,1.0,0.0,0.03,4,[0],4
0,10,x7fd54d10c370,526,200.0,1.0,0.0,0.02,4,[14],4
0,10,x7fd54d10c370,527,-32.0,1.0,0.0,0.03,3,[0],4
0,10,x7fd54d10c370,528,250.0,0.0,0.0,0.01,4,[11],3
0,10,x7fd54d10c370,529,189.0,0.0,0.0,0.02,3,[14],2
0,10,x7fd54d10c370,530,150.0,0.0,0.0,0.01,3,[11],2
0,10,x7fd54d10c370,531,250.0,0.0,0.0,0.03,2,[0],3
0,10,x7fd54d10c370,532,350.0,1.0,0.0,0.02,2,[14],2
0,10,x7fd54d10c370,533,-50.0,0.0,0.0,0.03,2,[1],3
0,10,x7fd54d10c370,534,250.0,0.0,1.0,0.02,3,[1],3
0,10,x7fd54d10c370,535,112.0,1.0,0.0,0.02,4,[14],4
0,10,x7fd54d10c370,536,250.0,0.0,0.0,0.03,3,[11],3
0,10,x7fd54d10c370,537,350.0,1.0,0.0,0.01,3,[11],0
0,10,x7fd54d10c370,538,150.0,0.0,0.0,0.02,4,[14],2
0,10,x7fd54d10c370,539,250.0,0.0,1.0,0.03,2,[1],3
0,10,x7fd54d10c370,540,250.0,0.0,0.0,0.01,3,[11],3
0,10,x7fd54d10c370,541,250.0,0.0,1.0,0.03,4,[1],3
0,10,x7fd54d10c370,542,-150.0,0.0,0.0,0.01,4,[11],2
0,10,x7fd54d10c370,543,-150.0,0.0,0.0,0.02,4,[14],2
0,10,x7fd54d10c370,544,-50.0,1.0,0.0,0.03,4,[1],4
0,10,x7fd54d10c370,545,-1.0,1.0,0.0,0.03,4,[0],4
0,10,x7fd54d10c370,546,250.0,0.0,1.0,0.03,4,[1],3
0,10,x7fd54d10c370,547,-150.0,0.0,0.0,0.01,4,[11],3
0,10,x7fd54d10c370,548,-150.0,0.0,0.0,0.02,4,[14],3
0,10,x7fd54d10c370,549,-36.0,1.0,0.0,0.03,4,[0],4
0,10,x7fd54d10c370,550,250.0,0.0,0.0,0.03,5,[17],3
0,10,x7fd54d10c370,551,200.0,1.0,0.0,0.02,5,[14],4
0,10,x7fd54d10c370,552,250.0,0.0,0.0,0.03,4,[17],2
0,10,x7fd54d10c370,553,-150.0,0.0,0.0,0.03,5,[17],3
0,10,x7fd54d10c370,554,350.0,1.0,1.0,0.03,4,[1],4
0,10,x7fd54d10c370,555,142.0,0.0,1.0,0.01,5,[11],3
0,10,x7fd54d10c370,556,-150.0,0.0,0.0,0.03,4,[17],2
0,10,x7fd54d10c370,557,150.0,1.0,0.0,0.02,3,[14],2
0,10,x7fd54d10c370,558,150.0,0.0,1.0,0.0,3,[4],3
0,10,x7fd54d10c370,559,-401.0,0.0,0.0,0.02,5,[11],1
0,10,x7fd54d10c370,560,50.0,0.0,0.0,0.03,3,[0],2
0,10,x7fd54d10c370,561,150.0,1.0,0.0,0.01,3,[17],2
0,10,x7fd54d10c370,562,500.0,1.0,1.0,0.01,4,[11],4
0,10,x7fd54d10c370,563,287.0,1.0,1.0,0.03,4,[0],4
0,10,x7fd54d10c370,564,-150.0,1.0,0.0,0.03,4,[1],4
0,10,x7fd54d10c370,565,-402.0,0.0,0.0,0.02,4,[0],0
0,10,x7fd54d10c370,566,150.0,0.0,0.0,0.02,4,[14],2
0,10,x7fd54d10c370,567,624.0,1.0,1.0,0.02,4,[14],4
0,10,x7fd54d10c370,568,550.0,0.0,1.0,0.01,3,[11],3
0,10,x7fd54d10c370,569,250.0,0.0,0.0,0.02,2,[14],2
0,10,x7fd54d10c370,570,250.0,0.0,0.0,0.01,3,[11],3
0,10,x7fd54d10c370,571,250.0,0.0,0.0,0.02,3,[14],2
0,10,x7fd54d10c370,572,-350.0,0.0,0.0,0.02,4,[14],2
0,10,x7fd54d10c370,573,-150.0,0.0,0.0,0.01,3,[11],3
