2,10,x7fdcf51c3be0,1,50.0,0.0,0.0,0.02,2,[0],1
2,10,x7fdcf51c3be0,2,138.0,0.0,0.0,0.0,5,[4],0
2,10,x7fdcf51c3be0,3,-27.0,1.0,0.0,0.02,5,[0],4
2,10,x7fdcf51c3be0,4,-91.0,1.0,0.0,0.02,5,[0],0
2,10,x7fdcf51c3be0,5,550.0,0.0,1.0,0.02,2,[0],2
2,10,x7fdcf51c3be0,6,399.0,0.0,1.0,0.0,5,[6],3
2,10,x7fdcf51c3be0,7,-249.0,0.0,0.0,0.02,5,[0],4
2,10,x7fdcf51c3be0,8,350.0,1.0,0.0,0.02,2,[0],1
2,10,x7fdcf51c3be0,9,-243.0,0.0,0.0,0.02,3,[0],0
2,10,x7fdcf51c3be0,10,350.0,1.0,0.0,0.02,2,[0],0
2,10,x7fdcf51c3be0,11,-101.0,1.0,0.0,0.02,3,[0],0
2,10,x7fdcf51c3be0,12,550.0,0.0,1.0,0.02,2,[14],3
2,10,x7fdcf51c3be0,13,550.0,0.0,1.0,0.01,4,[11],0
2,10,x7fdcf51c3be0,14,-101.0,0.0,0.0,0.02,3,[0],0
2,10,x7fdcf51c3be0,15,150.0,0.0,1.0,0.02,3,[14],2
2,10,x7fdcf51c3be0,16,-64.0,1.0,0.0,0.02,3,[1],4
2,10,x7fdcf51c3be0,17,250.0,0.0,1.0,0.02,2,[1],3
2,10,x7fdcf51c3be0,18,650.0,1.0,1.0,0.02,2,[0],3
2,10,x7fdcf51c3be0,19,250.0,0.0,0.0,0.02,2,[0],0
2,10,x7fdcf51c3be0,20,250.0,0.0,1.0,0.02,2,[1],3
2,10,x7fdcf51c3be0,21,250.0,0.0,0.0,0.02,2,[0],4
2,10,x7fdcf51c3be0,22,650.0,1.0,1.0,0.02,3,[14],2
2,10,x7fdcf51c3be0,23,350.0,1.0,0.0,0.01,3,[11],4
2,10,x7fdcf51c3be0,24,550.0,0.0,1.0,0.02,2,[0],3
2,10,x7fdcf51c3be0,25,150.0,0.0,1.0,0.02,3,[14],3
2,10,x7fdcf51c3be0,26,150.0,1.0,0.0,0.02,2,[0],4
2,10,x7fdcf51c3be0,27,274.0,0.0,1.0,0.02,3,[0],0
2,10,x7fdcf51c3be0,28,250.0,0.0,0.0,0.02,2,[0],1
2,10,x7fdcf51c3be0,29,-250.0,0.0,0.0,0.02,2,[0],4
2,10,x7fdcf51c3be0,30,261.0,0.0,1.0,0.02,3,[0],4
2,10,x7fdcf51c3be0,31,250.0,0.0,0.0,0.02,4,[14],1
2,10,x7fdcf51c3be0,32,251.0,1.0,0.0,0.02,3,[14],4
2,10,x7fdcf51c3be0,33,550.0,0.0,1.0,0.02,3,[14],3
2,10,x7fdcf51c3be0,34,550.0,0.0,1.0,0.02,2,[0],1
2,10,x7fdcf51c3be0,35,550.0,0.0,1.0,0.02,2,[0],1
2,10,x7fdcf51c3be0,36,-231.0,0.0,0.0,0.02,3,[0],4
2,10,x7fdcf51c3be0,37,550.0,0.0,1.0,0.02,4,[14],2
2,10,x7fdcf51c3be0,38,250.0,0.0,0.0,0.01,3,[11],3
2,10,x7fdcf51c3be0,39,550.0,0.0,1.0,0.02,3,[14],3
2,10,x7fdcf51c3be0,40,-250.0,0.0,0.0,0.02,2,[1],1
2,10,x7fdcf51c3be0,41,250.0,0.0,0.0,0.01,2,[11],2
2,10,x7fdcf51c3be0,42,150.0,0.0,0.0,0.02,3,[14],2
2,10,x7fdcf51c3be0,43,50.0,0.0,0.0,0.02,2,[0],1
2,10,x7fdcf51c3be0,44,250.0,0.0,0.0,0.02,3,[14],1
2,10,x7fdcf51c3be0,45,-72.0,0.0,0.0,0.02,3,[0],4
2,10,x7fdcf51c3be0,46,-150.0,1.0,0.0,0.02,3,[1],4
2,10,x7fdcf51c3be0,47,400.0,0.0,1.0,0.02,4,[14],3
2,10,x7fdcf51c3be0,48,250.0,0.0,0.0,0.02,3,[14],3
2,10,x7fdcf51c3be0,49,102.0,0.0,0.0,0.02,4,[14],3
2,10,x7fdcf51c3be0,50,-350.0,0.0,0.0,0.02,3,[14],1
2,10,x7fdcf51c3be0,51,-150.0,0.0,0.0,0.0,5,[5],1
2,10,x7fdcf51c3be0,52,-250.0,0.0,0.0,0.02,2,[0],4
2,10,x7fdcf51c3be0,53,-146.0,0.0,0.0,0.02,3,[0],0
2,10,x7fdcf51c3be0,54,113.0,0.0,0.0,0.02,4,[14],3
2,10,x7fdcf51c3be0,55,-250.0,0.0,0.0,0.01,4,[11],2
2,10,x7fdcf51c3be0,56,650.0,1.0,1.0,0.02,4,[14],2
2,10,x7fdcf51c3be0,57,550.0,0.0,1.0,0.0,3,[11],1
2,10,x7fdcf51c3be0,58,-250.0,0.0,0.0,0.0,4,[4],1
2,10,x7fdcf51c3be0,59,250.0,0.0,0.0,0.01,3,[11],1
2,10,x7fdcf51c3be0,60,-121.0,0.0,0.0,0.02,3,[0],4
2,10,x7fdcf51c3be0,61,250.0,0.0,0.0,0.01,4,[11],0
2,10,x7fdcf51c3be0,62,250.0,0.0,0.0,0.02,4,[14],2
2,10,x7fdcf51c3be0,63,-398.0,0.0,0.0,0.01,4,[11],0
2,10,x7fdcf51c3be0,64,-100.0,0.0,0.0,0.02,4,[0],4
2,10,x7fdcf51c3be0,65,145.0,0.0,0.0,0.02,4,[14],1
2,10,x7fdcf51c3be0,66,-150.0,1.0,0.0,0.02,4,[1],4
2,10,x7fdcf51c3be0,67,150.0,0.0,0.0,0.02,4,[14],1
2,10,x7fdcf51c3be0,68,399.0,0.0,1.0,0.02,4,[0],4
2,10,x7fdcf51c3be0,69,250.0,0.0,0.0,0.01,3,[11],1
2,10,x7fdcf51c3be0,70,226.0,0.0,0.0,0.01,4,[11],0
2,10,x7fdcf51c3be0,71,-243.0,0.0,0.0,0.0,4,[5],2
2,10,x7fdcf51c3be0,72,350.0,1.0,0.0,0.01,3,[11],0
2,10,x7fdcf51c3be0,73,-98.0,0.0,0.0,0.02,3,[0],4
2,10,x7fdcf51c3be0,74,150.0,0.0,1.0,0.01,3,[11],2
2,10,x7fdcf51c3be0,75,-150.0,0.0,1.0,0.0,4,[6],3
2,10,x7fdcf51c3be0,76,150.0,0.0,1.0,0.01,3,[11],3
2,10,x7fdcf51c3be0,77,150.0,1.0,0.0,0.02,2,[0],1
2,10,x7fdcf51c3be0,78,250.0,1.0,0.0,0.01,3,[14],2
2,10,x7fdcf51c3be0,79,50.0,0.0,0.0,0.01,4,[11],1
2,10,x7fdcf51c3be0,80,229.0,0.0,1.0,0.02,3,[0],0
2,10,x7fdcf51c3be0,81,-150.0,0.0,0.0,0.02,4,[14],3
2,10,x7fdcf51c3be0,82,250.0,0.0,0.0,0.02,3,[14],1
2,10,x7fdcf51c3be0,83,250.0,0.0,0.0,0.01,3,[11],1
2,10,x7fdcf51c3be0,84,150.0,0.0,0.0,0.0,4,[4],2
2,10,x7fdcf51c3be0,85,550.0,0.0,1.0,0.02,2,[14],2
2,10,x7fdcf51c3be0,86,150.0,0.0,1.0,0.01,4,[11],1
2,10,x7fdcf51c3be0,87,350.0,1.0,0.0,0.02,3,[14],4
2,10,x7fdcf51c3be0,88,13.0,1.0,0.0,0.02,3,[0],4
2,10,x7fdcf51c3be0,89,-250.0,0.0,0.0,0.02,2,[0],4
2,10,x7fdcf51c3be0,90,150.0,0.0,1.0,0.01,4,[11],1
2,10,x7fdcf51c3be0,91,87.0,1.0,0.0,0.0,4,[4],0
2,10,x7fdcf51c3be0,92,550.0,0.0,1.0,0.02,3,[5],4
2,10,x7fdcf51c3be0,93,-150.0,0.0,0.0,0.02,3,[14],1
2,10,x7fdcf51c3be0,94,-150.0,0.0,0.0,0.02,4,[14],3
2,10,x7fdcf51c3be0,95,-150.0,0.0,0.0,0.01,3,[11],2
2,10,x7fdcf51c3be0,96,-325.0,0.0,0.0,0.0,5,[4],0
2,10,x7fdcf51c3be0,97,350.0,1.0,0.0,0.0,4,[14],3
2,10,x7fdcf51c3be0,98,-350.0,0.0,0.0,0.02,2,[0],0
2,10,x7fdcf51c3be0,99,150.0,0.0,1.0,0.02,4,[14],2
2,10,x7fdcf51c3be0,100,350.0,1.0,0.0,0.01,3,[11],2
2,10,x7fdcf51c3be0,101,250.0,0.0,0.0,0.02,2,[0],4
2,10,x7fdcf51c3be0,102,-241.0,0.0,0.0,0.02,4,[14],2
2,10,x7fdcf51c3be0,103,150.0,1.0,0.0,0.01,3,[11],1
2,10,x7fdcf51c3be0,104,650.0,1.0,1.0,0.01,3,[11],4
2,10,x7fdcf51c3be0,105,-238.0,0.0,0.0,0.02,4,[0],4
2,10,x7fdcf51c3be0,106,-121.0,0.0,0.0,0.02,4,[0],4
2,10,x7fdcf51c3be0,107,250.0,0.0,0.0,0.02,4,[14],2
2,10,x7fdcf51c3be0,108,-28.0,0.0,0.0,0.02,4,[0],4
2,10,x7fdcf51c3be0,109,-121.0,0.0,0.0,0.02,3,[0],4
2,10,x7fdcf51c3be0,110,-82.0,0.0,0.0,0.02,4,[0],4
2,10,x7fdcf51c3be0,111,250.0,0.0,0.0,0.01,4,[11],1
2,10,x7fdcf51c3be0,112,250.0,0.0,0.0,0.01,4,[11],1
2,10,x7fdcf51c3be0,113,250.0,0.0,0.0,0.02,2,[14],3
2,10,x7fdcf51c3be0,114,-71.0,0.0,0.0,0.02,4,[0],4
2,10,x7fdcf51c3be0,115,250.0,0.0,0.0,0.02,4,[14],1
2,10,x7fdcf51c3be0,116,104.0,1.0,0.0,0.02,4,[14],4
2,10,x7fdcf51c3be0,117,100.0,1.0,0.0,0.02,4,[14],4
2,10,x7fdcf51c3be0,118,150.0,0.0,0.0,0.01,3,[11],2
2,10,x7fdcf51c3be0,119,250.0,0.0,0.0,0.01,3,[11],3
2,10,x7fdcf51c3be0,120,250.0,0.0,0.0,0.0,4,[4],3
2,10,x7fdcf51c3be0,121,650.0,1.0,1.0,0.02,2,[0],4
2,10,x7fdcf51c3be0,122,-101.0,0.0,0.0,0.02,3,[0],4
2,10,x7fdcf51c3be0,123,250.0,0.0,0.0,0.0,3,[6],3
2,10,x7fdcf51c3be0,124,250.0,0.0,0.0,0.01,2,[0],3
2,10,x7fdcf51c3be0,125,102.0,0.0,0.0,0.01,4,[11],1
2,10,x7fdcf51c3be0,126,250.0,0.0,0.0,0.02,3,[14],1
2,10,x7fdcf51c3be0,127,250.0,0.0,0.0,0.01,3,[11],0
2,10,x7fdcf51c3be0,128,105.0,0.0,0.0,0.0,5,[4],3
2,10,x7fdcf51c3be0,129,250.0,0.0,0.0,0.01,4,[11],3
2,10,x7fdcf51c3be0,130,151.0,0.0,0.0,0.02,3,[14],1
2,10,x7fdcf51c3be0,131,550.0,0.0,1.0,0.02,3,[14],2
2,10,x7fdcf51c3be0,132,250.0,0.0,1.0,0.01,3,[0],3
2,10,x7fdcf51c3be0,133,360.0,1.0,1.0,0.02,4,[0],4
2,10,x7fdcf51c3be0,134,398.0,1.0,1.0,0.02,4,[0],3
2,10,x7fdcf51c3be0,135,49.0,0.0,1.0,0.01,4,[11],0
2,10,x7fdcf51c3be0,136,500.0,1.0,1.0,0.02,3,[0],3
2,10,x7fdcf51c3be0,137,550.0,0.0,1.0,0.02,4,[14],1
2,10,x7fdcf51c3be0,138,250.0,0.0,0.0,0.01,3,[11],2
2,10,x7fdcf51c3be0,139,-258.0,0.0,0.0,0.02,4,[14],2
2,10,x7fdcf51c3be0,140,650.0,1.0,1.0,0.01,3,[11],3
2,10,x7fdcf51c3be0,141,-250.0,0.0,0.0,0.0,5,[4],1
2,10,x7fdcf51c3be0,142,425.0,1.0,1.0,0.01,4,[11],0
2,10,x7fdcf51c3be0,143,550.0,0.0,1.0,0.02,3,[14],3
2,10,x7fdcf51c3be0,144,250.0,0.0,1.0,0.02,4,[1],3
2,10,x7fdcf51c3be0,145,405.0,0.0,1.0,0.01,4,[11],3
2,10,x7fdcf51c3be0,146,-0.0,1.0,0.0,0.01,4,[11],0
2,10,x7fdcf51c3be0,147,-152.0,0.0,0.0,0.02,3,[0],4
2,10,x7fdcf51c3be0,148,150.0,0.0,0.0,0.02,4,[14],2
2,10,x7fdcf51c3be0,149,94.0,0.0,0.0,0.02,3,[0],4
2,10,x7fdcf51c3be0,150,250.0,0.0,0.0,0.01,2,[11],0
2,10,x7fdcf51c3be0,151,-250.0,0.0,0.0,0.0,2,[6],4
2,10,x7fdcf51c3be0,152,550.0,0.0,1.0,0.01,3,[11],0
2,10,x7fdcf51c3be0,153,250.0,0.0,0.0,0.0,4,[4],1
2,10,x7fdcf51c3be0,154,250.0,0.0,0.0,0.02,2,[0],3
2,10,x7fdcf51c3be0,155,550.0,0.0,1.0,0.01,3,[11],3
2,10,x7fdcf51c3be0,156,-496.0,0.0,0.0,0.02,3,[0],0
2,10,x7fdcf51c3be0,157,478.0,1.0,1.0,0.02,4,[14],4
2,10,x7fdcf51c3be0,158,250.0,0.0,0.0,0.01,4,[11],1
2,10,x7fdcf51c3be0,159,250.0,0.0,0.0,0.02,3,[14],2
2,10,x7fdcf51c3be0,160,-50.0,0.0,0.0,0.02,2,[1],3
2,10,x7fdcf51c3be0,161,613.0,1.0,1.0,0.0,3,[5],3
2,10,x7fdcf51c3be0,162,250.0,0.0,0.0,0.01,3,[11],2
2,10,x7fdcf51c3be0,163,250.0,0.0,0.0,0.01,3,[11],2
2,10,x7fdcf51c3be0,164,250.0,0.0,0.0,0.02,3,[14],2
2,10,x7fdcf51c3be0,165,650.0,1.0,1.0,0.01,2,[11],3
2,10,x7fdcf51c3be0,166,-250.0,0.0,0.0,0.01,4,[11],1
2,10,x7fdcf51c3be0,167,350.0,1.0,0.0,0.02,3,[14],3
2,10,x7fdcf51c3be0,168,-150.0,0.0,0.0,0.0,4,[5],0
2,10,x7fdcf51c3be0,169,130.0,0.0,0.0,0.01,4,[11],2
2,10,x7fdcf51c3be0,170,50.0,0.0,0.0,0.02,3,[14],2
2,10,x7fdcf51c3be0,171,150.0,1.0,0.0,0.02,3,[14],1
2,10,x7fdcf51c3be0,172,350.0,1.0,0.0,0.01,3,[11],2
2,10,x7fdcf51c3be0,173,250.0,0.0,0.0,0.02,2,[0],3
2,10,x7fdcf51c3be0,174,-184.0,0.0,0.0,0.02,3,[0],4
2,10,x7fdcf51c3be0,175,250.0,0.0,0.0,0.02,3,[14],2
2,10,x7fdcf51c3be0,176,250.0,0.0,0.0,0.01,3,[11],2
2,10,x7fdcf51c3be0,177,-113.0,0.0,0.0,0.02,3,[0],4
2,10,x7fdcf51c3be0,178,250.0,0.0,0.0,0.02,4,[14],3
2,10,x7fdcf51c3be0,179,151.0,0.0,0.0,0.01,4,[11],0
2,10,x7fdcf51c3be0,180,250.0,0.0,0.0,0.0,5,[4],3
2,10,x7fdcf51c3be0,181,250.0,0.0,1.0,0.02,4,[1],3
2,10,x7fdcf51c3be0,182,250.0,0.0,0.0,0.01,4,[11],2
2,10,x7fdcf51c3be0,183,103.0,0.0,0.0,0.01,4,[11],3
2,10,x7fdcf51c3be0,184,350.0,1.0,1.0,0.02,4,[1],4
2,10,x7fdcf51c3be0,185,187.0,0.0,0.0,0.02,4,[14],2
2,10,x7fdcf51c3be0,186,250.0,0.0,0.0,0.02,4,[14],3
2,10,x7fdcf51c3be0,187,197.0,0.0,0.0,0.01,3,[11],3
2,10,x7fdcf51c3be0,188,550.0,0.0,1.0,0.02,4,[14],3
2,10,x7fdcf51c3be0,189,251.0,0.0,1.0,0.02,4,[0],4
2,10,x7fdcf51c3be0,190,-300.0,0.0,0.0,0.01,4,[11],3
2,10,x7fdcf51c3be0,191,-150.0,0.0,0.0,0.02,3,[14],3
2,10,x7fdcf51c3be0,192,-250.0,0.0,0.0,0.02,2,[0],0
2,10,x7fdcf51c3be0,193,-150.0,0.0,0.0,0.02,3,[14],3
2,10,x7fdcf51c3be0,194,250.0,0.0,0.0,0.0,2,[6],3
2,10,x7fdcf51c3be0,195,1.0,0.0,1.0,0.02,4,[14],3
2,10,x7fdcf51c3be0,196,-150.0,0.0,0.0,0.01,3,[11],3
2,10,x7fdcf51c3be0,197,-150.0,0.0,0.0,0.01,3,[11],3
2,10,x7fdcf51c3be0,198,-150.0,0.0,0.0,0.02,2,[0],3
2,10,x7fdcf51c3be0,199,-91.0,0.0,1.0,0.02,4,[0],3
2,10,x7fdcf51c3be0,200,-17.0,0.0,1.0,0.02,4,[0],3
2,10,x7fdcf51c3be0,201,0.0,0.0,1.0,0.01,4,[11],3
2,10,x7fdcf51c3be0,202,350.0,1.0,0.0,0.02,3,[14],2
2,10,x7fdcf51c3be0,203,550.0,0.0,1.0,0.02,3,[14],3
2,10,x7fdcf51c3be0,204,-50.0,0.0,0.0,0.02,2,[1],3
2,10,x7fdcf51c3be0,205,-401.0,0.0,0.0,0.02,3,[0],0
2,10,x7fdcf51c3be0,206,350.0,1.0,0.0,0.02,2,[14],1
2,10,x7fdcf51c3be0,207,550.0,0.0,1.0,0.01,3,[11],3
2,10,x7fdcf51c3be0,208,-450.0,0.0,0.0,0.02,3,[1],3
2,10,x7fdcf51c3be0,209,-150.0,0.0,0.0,0.01,4,[11],3
2,10,x7fdcf51c3be0,210,350.0,1.0,0.0,0.02,3,[14],3
2,10,x7fdcf51c3be0,211,250.0,0.0,0.0,0.02,2,[0],2
2,10,x7fdcf51c3be0,212,-102.0,0.0,0.0,0.02,3,[0],4
2,10,x7fdcf51c3be0,213,102.0,1.0,0.0,0.01,3,[11],0
2,10,x7fdcf51c3be0,214,-150.0,0.0,0.0,0.02,3,[14],2
2,10,x7fdcf51c3be0,215,-150.0,0.0,1.0,0.02,4,[1],3
2,10,x7fdcf51c3be0,216,250.0,0.0,0.0,0.02,4,[14],3
2,10,x7fdcf51c3be0,217,155.0,0.0,0.0,0.02,4,[14],1
2,10,x7fdcf51c3be0,218,250.0,0.0,0.0,0.01,3,[11],0
2,10,x7fdcf51c3be0,219,250.0,0.0,1.0,0.02,3,[1],3
2,10,x7fdcf51c3be0,220,111.0,0.0,0.0,0.02,4,[14],3
2,10,x7fdcf51c3be0,221,250.0,0.0,0.0,0.01,3,[11],1
2,10,x7fdcf51c3be0,222,288.0,1.0,0.0,0.01,4,[11],2
2,10,x7fdcf51c3be0,223,-0.0,0.0,1.0,0.02,3,[0],3
2,10,x7fdcf51c3be0,224,150.0,1.0,0.0,0.02,2,[14],2
2,10,x7fdcf51c3be0,225,250.0,0.0,0.0,0.01,4,[11],3
2,10,x7fdcf51c3be0,226,250.0,0.0,0.0,0.02,3,[14],2
2,10,x7fdcf51c3be0,227,-50.0,0.0,0.0,0.02,2,[0],3
2,10,x7fdcf51c3be0,228,-150.0,0.0,0.0,0.02,2,[14],3
2,10,x7fdcf51c3be0,229,550.0,0.0,1.0,0.02,3,[14],1
2,10,x7fdcf51c3be0,230,250.0,0.0,0.0,0.01,4,[11],1
2,10,x7fdcf51c3be0,231,100.0,1.0,0.0,0.01,4,[11],0
2,10,x7fdcf51c3be0,232,-233.0,0.0,0.0,0.0,4,[4],2
2,10,x7fdcf51c3be0,233,205.0,0.0,0.0,0.02,4,[14],1
2,10,x7fdcf51c3be0,234,250.0,0.0,1.0,0.02,3,[0],3
2,10,x7fdcf51c3be0,235,404.0,1.0,1.0,0.02,4,[0],4
2,10,x7fdcf51c3be0,236,250.0,0.0,0.0,0.01,4,[11],3
2,10,x7fdcf51c3be0,237,250.0,0.0,0.0,0.02,4,[14],2
2,10,x7fdcf51c3be0,238,250.0,0.0,0.0,0.01,4,[11],3
2,10,x7fdcf51c3be0,239,250.0,0.0,0.0,0.0,4,[4],1
2,10,x7fdcf51c3be0,240,128.0,0.0,0.0,0.02,3,[14],1
2,10,x7fdcf51c3be0,241,150.0,0.0,0.0,0.01,3,[11],1
2,10,x7fdcf51c3be0,242,443.0,1.0,1.0,0.01,4,[11],4
2,10,x7fdcf51c3be0,243,550.0,0.0,1.0,0.02,3,[14],2
2,10,x7fdcf51c3be0,244,-250.0,0.0,0.0,0.0,5,[5],2
2,10,x7fdcf51c3be0,245,350.0,1.0,0.0,0.02,3,[14],2
2,10,x7fdcf51c3be0,246,-121.0,0.0,0.0,0.02,4,[0],4
2,10,x7fdcf51c3be0,247,-150.0,0.0,0.0,0.0,4,[4],3
2,10,x7fdcf51c3be0,248,-150.0,0.0,0.0,0.01,3,[11],2
2,10,x7fdcf51c3be0,249,250.0,0.0,0.0,0.02,3,[14],3
2,10,x7fdcf51c3be0,250,250.0,0.0,0.0,0.01,3,[11],3
2,10,x7fdcf51c3be0,251,250.0,0.0,0.0,0.0,3,[5],2
2,10,x7fdcf51c3be0,252,350.0,1.0,0.0,0.02,3,[14],2
2,10,x7fdcf51c3be0,253,250.0,0.0,0.0,0.02,2,[0],4
2,10,x7fdcf51c3be0,254,350.0,1.0,0.0,0.01,3,[11],3
2,10,x7fdcf51c3be0,255,-150.0,0.0,0.0,0.0,4,[4],1
2,10,x7fdcf51c3be0,256,257.0,1.0,1.0,0.02,4,[1],4
2,10,x7fdcf51c3be0,257,-179.0,0.0,0.0,0.01,4,[11],2
2,10,x7fdcf51c3be0,258,-150.0,0.0,0.0,0.02,4,[14],1
2,10,x7fdcf51c3be0,259,100.0,0.0,0.0,0.01,3,[11],3
2,10,x7fdcf51c3be0,260,250.0,0.0,0.0,0.02,3,[14],3
2,10,x7fdcf51c3be0,261,107.0,0.0,0.0,0.02,4,[14],3
2,10,x7fdcf51c3be0,262,250.0,0.0,1.0,0.02,3,[0],3
2,10,x7fdcf51c3be0,263,250.0,0.0,0.0,0.01,4,[11],1
2,10,x7fdcf51c3be0,264,650.0,1.0,1.0,0.01,4,[11],4
2,10,x7fdcf51c3be0,265,149.0,0.0,0.0,0.02,3,[14],2
2,10,x7fdcf51c3be0,266,250.0,0.0,0.0,0.01,3,[11],1
2,10,x7fdcf51c3be0,267,250.0,0.0,0.0,0.02,2,[14],1
2,10,x7fdcf51c3be0,268,-250.0,0.0,0.0,0.02,4,[14],1
2,10,x7fdcf51c3be0,269,350.0,1.0,1.0,0.02,3,[1],4
2,10,x7fdcf51c3be0,270,250.0,0.0,0.0,0.01,2,[11],3
2,10,x7fdcf51c3be0,271,-150.0,0.0,0.0,0.01,3,[11],3
2,10,x7fdcf51c3be0,272,250.0,0.0,0.0,0.0,4,[4],4
2,10,x7fdcf51c3be0,273,650.0,1.0,1.0,0.0,2,[14],4
2,10,x7fdcf51c3be0,274,506.0,1.0,1.0,0.0,4,[6],3
2,10,x7fdcf51c3be0,275,-50.0,0.0,0.0,0.02,2,[1],3
2,10,x7fdcf51c3be0,276,-150.0,0.0,0.0,0.02,4,[14],3
2,10,x7fdcf51c3be0,277,-150.0,0.0,0.0,0.01,4,[11],2
2,10,x7fdcf51c3be0,278,250.0,0.0,0.0,0.0,3,[5],3
2,10,x7fdcf51c3be0,279,-50.0,0.0,0.0,0.02,2,[1],3
2,10,x7fdcf51c3be0,280,250.0,0.0,0.0,0.01,3,[11],3
2,10,x7fdcf51c3be0,281,250.0,0.0,0.0,0.02,2,[0],4
2,10,x7fdcf51c3be0,282,650.0,1.0,1.0,0.02,3,[14],4
2,10,x7fdcf51c3be0,283,350.0,1.0,1.0,0.02,3,[1],3
2,10,x7fdcf51c3be0,284,250.0,0.0,0.0,0.02,2,[0],4
2,10,x7fdcf51c3be0,285,-150.0,0.0,0.0,0.02,3,[14],1
2,10,x7fdcf51c3be0,286,-250.0,0.0,0.0,0.02,2,[0],4
2,10,x7fdcf51c3be0,287,-150.0,1.0,0.0,0.02,4,[0],4
2,10,x7fdcf51c3be0,288,100.0,0.0,0.0,0.01,3,[11],1
2,10,x7fdcf51c3be0,289,250.0,0.0,0.0,0.02,4,[14],1
2,10,x7fdcf51c3be0,290,500.0,1.0,1.0,0.02,4,[14],4
2,10,x7fdcf51c3be0,291,250.0,0.0,0.0,0.01,3,[11],3
2,10,x7fdcf51c3be0,292,-300.0,0.0,0.0,0.0,4,[4],0
2,10,x7fdcf51c3be0,293,250.0,0.0,0.0,0.02,2,[14],3
2,10,x7fdcf51c3be0,294,0.0,1.0,0.0,0.01,3,[11],4
2,10,x7fdcf51c3be0,295,250.0,0.0,0.0,0.02,3,[14],2
2,10,x7fdcf51c3be0,296,81.0,1.0,0.0,0.02,4,[14],4
2,10,x7fdcf51c3be0,297,-150.0,0.0,0.0,0.01,4,[11],0
2,10,x7fdcf51c3be0,298,250.0,0.0,0.0,0.0,5,[4],3
2,10,x7fdcf51c3be0,299,250.0,0.0,0.0,0.02,3,[4],2
2,10,x7fdcf51c3be0,300,250.0,0.0,0.0,0.01,4,[11],3
2,10,x7fdcf51c3be0,301,250.0,0.0,0.0,0.02,3,[14],3
2,10,x7fdcf51c3be0,302,-250.0,0.0,0.0,0.02,2,[1],1
2,10,x7fdcf51c3be0,303,-78.0,1.0,0.0,0.01,3,[11],0
2,10,x7fdcf51c3be0,304,250.0,0.0,0.0,0.0,2,[5],2
2,10,x7fdcf51c3be0,305,-74.0,1.0,0.0,0.02,3,[0],4
2,10,x7fdcf51c3be0,306,-107.0,1.0,0.0,0.02,4,[1],4
2,10,x7fdcf51c3be0,307,171.0,0.0,0.0,0.02,3,[14],1
2,10,x7fdcf51c3be0,308,-150.0,0.0,0.0,0.02,4,[14],3
2,10,x7fdcf51c3be0,309,-99.0,0.0,0.0,0.02,4,[0],4
2,10,x7fdcf51c3be0,310,-150.0,1.0,0.0,0.02,4,[1],4
2,10,x7fdcf51c3be0,311,110.0,1.0,0.0,0.01,4,[11],4
2,10,x7fdcf51c3be0,312,-150.0,0.0,0.0,0.02,3,[14],2
2,10,x7fdcf51c3be0,313,-150.0,1.0,0.0,0.02,2,[0],4
2,10,x7fdcf51c3be0,314,250.0,0.0,0.0,0.02,2,[14],2
2,10,x7fdcf51c3be0,315,350.0,1.0,0.0,0.01,3,[11],2
2,10,x7fdcf51c3be0,316,-150.0,0.0,0.0,0.0,4,[4],3
2,10,x7fdcf51c3be0,317,-359.0,0.0,0.0,0.01,3,[0],3
2,10,x7fdcf51c3be0,318,150.0,1.0,0.0,0.0,4,[4],0
2,10,x7fdcf51c3be0,319,250.0,0.0,0.0,0.02,2,[0],4
2,10,x7fdcf51c3be0,320,350.0,1.0,0.0,0.01,3,[11],0
2,10,x7fdcf51c3be0,321,50.0,0.0,0.0,0.02,2,[0],4
2,10,x7fdcf51c3be0,322,250.0,0.0,0.0,0.02,3,[14],1
2,10,x7fdcf51c3be0,323,50.0,0.0,0.0,0.02,2,[0],1
2,10,x7fdcf51c3be0,324,250.0,0.0,0.0,0.01,3,[11],1
2,10,x7fdcf51c3be0,325,250.0,0.0,0.0,0.01,3,[11],3
2,10,x7fdcf51c3be0,326,250.0,0.0,0.0,0.0,2,[5],3
2,10,x7fdcf51c3be0,327,250.0,0.0,0.0,0.01,3,[11],3
2,10,x7fdcf51c3be0,328,250.0,0.0,0.0,0.02,2,[0],4
2,10,x7fdcf51c3be0,329,151.0,0.0,0.0,0.02,3,[14],1
2,10,x7fdcf51c3be0,330,50.0,0.0,0.0,0.02,2,[0],4
2,10,x7fdcf51c3be0,331,14.0,0.0,0.0,0.0,5,[4],0
2,10,x7fdcf51c3be0,332,50.0,0.0,0.0,0.0,3,[14],2
2,10,x7fdcf51c3be0,333,-21.0,0.0,0.0,0.02,3,[0],4
2,10,x7fdcf51c3be0,334,250.0,0.0,0.0,0.01,3,[11],0
2,10,x7fdcf51c3be0,335,250.0,0.0,0.0,0.02,3,[14],1
2,10,x7fdcf51c3be0,336,250.0,0.0,0.0,0.02,2,[0],4
2,10,x7fdcf51c3be0,337,250.0,0.0,0.0,0.01,3,[14],3
2,10,x7fdcf51c3be0,338,141.0,0.0,0.0,0.01,3,[11],1
2,10,x7fdcf51c3be0,339,250.0,0.0,0.0,0.02,2,[14],2
2,10,x7fdcf51c3be0,340,250.0,0.0,1.0,0.01,4,[11],3
2,10,x7fdcf51c3be0,341,151.0,0.0,0.0,0.02,3,[4],4
2,10,x7fdcf51c3be0,342,250.0,0.0,0.0,0.02,2,[5],3
2,10,x7fdcf51c3be0,343,250.0,0.0,0.0,0.02,3,[14],2
2,10,x7fdcf51c3be0,344,250.0,0.0,0.0,0.02,2,[0],1
2,10,x7fdcf51c3be0,345,350.0,1.0,0.0,0.01,3,[11],0
2,10,x7fdcf51c3be0,346,-103.0,0.0,0.0,0.02,3,[0],4
2,10,x7fdcf51c3be0,347,250.0,0.0,0.0,0.02,2,[14],2
2,10,x7fdcf51c3be0,348,150.0,0.0,0.0,0.02,4,[14],1
2,10,x7fdcf51c3be0,349,550.0,0.0,1.0,0.01,4,[11],3
2,10,x7fdcf51c3be0,350,416.0,0.0,1.0,0.0,5,[6],3
2,10,x7fdcf51c3be0,351,250.0,0.0,0.0,0.02,3,[14],3
2,10,x7fdcf51c3be0,352,149.0,0.0,0.0,0.01,4,[11],0
2,10,x7fdcf51c3be0,353,250.0,0.0,0.0,0.02,2,[0],3
2,10,x7fdcf51c3be0,354,-150.0,0.0,0.0,0.0,4,[11],3
2,10,x7fdcf51c3be0,355,250.0,0.0,0.0,0.0,5,[4],3
2,10,x7fdcf51c3be0,356,250.0,0.0,0.0,0.01,4,[11],3
2,10,x7fdcf51c3be0,357,250.0,0.0,0.0,0.01,3,[11],3
2,10,x7fdcf51c3be0,358,250.0,0.0,0.0,0.02,3,[14],1
2,10,x7fdcf51c3be0,359,150.0,0.0,0.0,0.02,3,[14],1
2,10,x7fdcf51c3be0,360,-150.0,0.0,1.0,0.02,4,[0],3
2,10,x7fdcf51c3be0,361,-150.0,0.0,0.0,0.01,4,[11],2
2,10,x7fdcf51c3be0,362,350.0,1.0,0.0,0.02,4,[14],4
2,10,x7fdcf51c3be0,363,-90.0,1.0,0.0,0.02,4,[1],4
2,10,x7fdcf51c3be0,364,-150.0,1.0,0.0,0.02,4,[1],4
2,10,x7fdcf51c3be0,365,250.0,0.0,1.0,0.02,4,[1],3
2,10,x7fdcf51c3be0,366,250.0,0.0,0.0,0.01,4,[11],3
2,10,x7fdcf51c3be0,367,546.0,0.0,1.0,0.01,4,[11],3
2,10,x7fdcf51c3be0,368,250.0,0.0,0.0,0.02,3,[14],2
2,10,x7fdcf51c3be0,369,105.0,0.0,0.0,0.02,3,[14],3
2,10,x7fdcf51c3be0,370,350.0,1.0,0.0,0.02,2,[14],4
2,10,x7fdcf51c3be0,371,255.0,1.0,0.0,0.01,3,[11],4
2,10,x7fdcf51c3be0,372,-50.0,0.0,0.0,0.02,2,[1],3
2,10,x7fdcf51c3be0,373,250.0,0.0,0.0,0.02,3,[14],1
2,10,x7fdcf51c3be0,374,250.0,0.0,0.0,0.01,2,[11],3
2,10,x7fdcf51c3be0,375,250.0,0.0,0.0,0.02,2,[0],4
2,10,x7fdcf51c3be0,376,250.0,0.0,1.0,0.02,2,[1],3
2,10,x7fdcf51c3be0,377,250.0,0.0,0.0,0.02,3,[14],3
2,10,x7fdcf51c3be0,378,250.0,0.0,0.0,0.0,5,[6],3
2,10,x7fdcf51c3be0,379,140.0,0.0,0.0,0.01,4,[11],3
2,10,x7fdcf51c3be0,380,250.0,0.0,0.0,0.02,3,[14],3
2,10,x7fdcf51c3be0,381,250.0,0.0,0.0,0.02,2,[0],2
2,10,x7fdcf51c3be0,382,267.0,0.0,1.0,0.02,3,[0],3
2,10,x7fdcf51c3be0,383,380.0,0.0,1.0,0.02,3,[0],3
2,10,x7fdcf51c3be0,384,329.0,0.0,1.0,0.02,3,[0],3
2,10,x7fdcf51c3be0,385,366.0,0.0,1.0,0.02,4,[0],3
2,10,x7fdcf51c3be0,386,-100.0,0.0,0.0,0.02,3,[0],0
2,10,x7fdcf51c3be0,387,400.0,0.0,1.0,0.02,4,[14],3
2,10,x7fdcf51c3be0,388,150.0,0.0,0.0,0.01,4,[11],2
2,10,x7fdcf51c3be0,389,550.0,0.0,1.0,0.02,3,[14],1
2,10,x7fdcf51c3be0,390,-300.0,0.0,0.0,0.02,3,[0],3
2,10,x7fdcf51c3be0,391,150.0,1.0,0.0,0.01,2,[11],2
2,10,x7fdcf51c3be0,392,-150.0,1.0,0.0,0.02,2,[1],4
2,10,x7fdcf51c3be0,393,550.0,0.0,1.0,0.02,3,[14],1
2,10,x7fdcf51c3be0,394,550.0,0.0,1.0,0.02,3,[14],1
2,10,x7fdcf51c3be0,395,-150.0,1.0,0.0,0.02,3,[1],4
2,10,x7fdcf51c3be0,396,250.0,0.0,0.0,0.01,3,[11],3
2,10,x7fdcf51c3be0,397,252.0,1.0,0.0,0.02,3,[14],4
2,10,x7fdcf51c3be0,398,250.0,0.0,0.0,0.02,2,[0],3
2,10,x7fdcf51c3be0,399,250.0,0.0,0.0,0.01,3,[11],0
2,10,x7fdcf51c3be0,400,250.0,0.0,0.0,0.02,3,[14],1
2,10,x7fdcf51c3be0,401,250.0,0.0,0.0,0.01,2,[11],0
2,10,x7fdcf51c3be0,402,-150.0,0.0,0.0,0.02,3,[14],2
2,10,x7fdcf51c3be0,403,250.0,0.0,0.0,0.01,4,[11],1
2,10,x7fdcf51c3be0,404,-150.0,0.0,0.0,0.02,4,[14],1
2,10,x7fdcf51c3be0,405,124.0,0.0,0.0,0.02,4,[14],3
2,10,x7fdcf51c3be0,406,250.0,0.0,0.0,0.01,3,[11],3
2,10,x7fdcf51c3be0,407,-250.0,0.0,0.0,0.01,2,[11],4
2,10,x7fdcf51c3be0,408,-44.0,1.0,0.0,0.02,3,[0],4
2,10,x7fdcf51c3be0,409,-150.0,1.0,0.0,0.02,2,[0],4
2,10,x7fdcf51c3be0,410,250.0,0.0,0.0,0.02,4,[14],1
2,10,x7fdcf51c3be0,411,-250.0,0.0,0.0,0.01,4,[11],2
2,10,x7fdcf51c3be0,412,-44.0,0.0,1.0,0.02,3,[0],3
2,10,x7fdcf51c3be0,413,-150.0,1.0,0.0,0.02,2,[0],4
2,10,x7fdcf51c3be0,414,100.0,1.0,0.0,0.01,4,[11],4
2,10,x7fdcf51c3be0,415,250.0,0.0,0.0,0.02,3,[14],2
2,10,x7fdcf51c3be0,416,50.0,0.0,0.0,0.02,2,[0],1
2,10,x7fdcf51c3be0,417,150.0,1.0,0.0,0.02,4,[14],4
2,10,x7fdcf51c3be0,418,250.0,0.0,0.0,0.01,3,[11],3
2,10,x7fdcf51c3be0,419,250.0,0.0,1.0,0.02,3,[1],3
2,10,x7fdcf51c3be0,420,402.0,0.0,1.0,0.01,3,[11],3
2,10,x7fdcf51c3be0,421,250.0,0.0,0.0,0.02,3,[14],3
2,10,x7fdcf51c3be0,422,150.0,1.0,0.0,0.02,2,[14],4
2,10,x7fdcf51c3be0,423,-150.0,0.0,0.0,0.01,2,[11],0
2,10,x7fdcf51c3be0,424,-243.0,0.0,0.0,0.0,5,[4],2
2,10,x7fdcf51c3be0,425,-221.0,0.0,0.0,0.02,4,[0],4
2,10,x7fdcf51c3be0,426,250.0,0.0,0.0,0.02,4,[14],3
2,10,x7fdcf51c3be0,427,400.0,0.0,1.0,0.02,3,[0],3
2,10,x7fdcf51c3be0,428,1.0,1.0,0.0,0.02,4,[14],4
2,10,x7fdcf51c3be0,429,250.0,0.0,0.0,0.01,3,[11],3
2,10,x7fdcf51c3be0,430,550.0,0.0,1.0,0.01,2,[11],0
2,10,x7fdcf51c3be0,431,250.0,0.0,0.0,0.0,4,[4],3
2,10,x7fdcf51c3be0,432,250.0,0.0,1.0,0.02,5,[14],3
2,10,x7fdcf51c3be0,433,250.0,0.0,0.0,0.01,3,[11],0
2,10,x7fdcf51c3be0,434,250.0,0.0,0.0,0.01,2,[11],3
2,10,x7fdcf51c3be0,435,250.0,0.0,0.0,0.02,3,[14],2
2,10,x7fdcf51c3be0,436,507.0,1.0,1.0,0.02,4,[14],4
2,10,x7fdcf51c3be0,437,500.0,1.0,1.0,0.0,4,[6],4
2,10,x7fdcf51c3be0,438,550.0,0.0,1.0,0.02,2,[0],3
2,10,x7fdcf51c3be0,439,250.0,0.0,1.0,0.01,3,[1],3
2,10,x7fdcf51c3be0,440,250.0,0.0,0.0,0.02,2,[14],1
2,10,x7fdcf51c3be0,441,-8.0,1.0,0.0,0.02,3,[0],4
2,10,x7fdcf51c3be0,442,250.0,0.0,0.0,0.02,3,[14],3
2,10,x7fdcf51c3be0,443,-0.0,1.0,0.0,0.0,3,[5],4
2,10,x7fdcf51c3be0,444,250.0,0.0,0.0,0.0,2,[11],3
2,10,x7fdcf51c3be0,445,-50.0,0.0,0.0,0.02,2,[1],3
2,10,x7fdcf51c3be0,446,550.0,0.0,1.0,0.0,4,[4],3
2,10,x7fdcf51c3be0,447,250.0,1.0,0.0,0.0,3,[11],4
2,10,x7fdcf51c3be0,448,101.0,0.0,0.0,0.0,3,[4],3
2,10,x7fdcf51c3be0,449,550.0,0.0,1.0,0.0,4,[11],3
2,10,x7fdcf51c3be0,450,250.0,0.0,0.0,0.02,2,[14],2
2,10,x7fdcf51c3be0,451,150.0,0.0,1.0,0.01,3,[14],3
2,10,x7fdcf51c3be0,452,550.0,0.0,1.0,0.0,3,[4],3
2,10,x7fdcf51c3be0,453,550.0,0.0,1.0,0.02,2,[0],3
2,10,x7fdcf51c3be0,454,250.0,0.0,0.0,0.02,3,[14],2
2,10,x7fdcf51c3be0,455,-150.0,0.0,0.0,0.0,3,[6],1
2,10,x7fdcf51c3be0,456,236.0,1.0,0.0,0.01,4,[11],4
2,10,x7fdcf51c3be0,457,-150.0,0.0,0.0,0.02,3,[14],2
2,10,x7fdcf51c3be0,458,-150.0,1.0,0.0,0.02,2,[1],4
2,10,x7fdcf51c3be0,459,-150.0,1.0,0.0,0.02,3,[1],4
2,10,x7fdcf51c3be0,460,250.0,0.0,0.0,0.0,2,[4],3
2,10,x7fdcf51c3be0,461,350.0,1.0,0.0,0.02,4,[4],4
2,10,x7fdcf51c3be0,462,-150.0,0.0,0.0,0.0,2,[11],3
2,10,x7fdcf51c3be0,463,-0.0,1.0,0.0,0.02,4,[0],4
2,10,x7fdcf51c3be0,464,550.0,0.0,1.0,0.02,3,[14],2
2,10,x7fdcf51c3be0,465,373.0,0.0,1.0,0.02,3,[0],4
2,10,x7fdcf51c3be0,466,-50.0,0.0,0.0,0.02,2,[1],3
2,10,x7fdcf51c3be0,467,550.0,0.0,1.0,0.02,2,[14],3
2,10,x7fdcf51c3be0,468,-50.0,0.0,0.0,0.01,2,[11],3
2,10,x7fdcf51c3be0,469,250.0,0.0,1.0,0.01,2,[11],3
2,10,x7fdcf51c3be0,470,28.0,0.0,1.0,0.02,5,[5],3
2,10,x7fdcf51c3be0,471,-299.0,0.0,0.0,0.01,5,[5],3
2,10,x7fdcf51c3be0,472,-150.0,1.0,0.0,0.0,2,[14],4
2,10,x7fdcf51c3be0,473,245.0,1.0,0.0,0.01,3,[11],4
2,10,x7fdcf51c3be0,474,-150.0,0.0,0.0,0.02,3,[14],3
2,10,x7fdcf51c3be0,475,0.0,0.0,1.0,0.0,4,[5],3
2,10,x7fdcf51c3be0,476,150.0,1.0,0.0,0.01,2,[0],2
2,10,x7fdcf51c3be0,477,350.0,1.0,0.0,0.01,4,[11],4
2,10,x7fdcf51c3be0,478,-150.0,1.0,0.0,0.02,2,[1],4
2,10,x7fdcf51c3be0,479,67.0,1.0,0.0,0.02,5,[5],4
2,10,x7fdcf51c3be0,480,550.0,0.0,1.0,0.01,2,[0],3
2,10,x7fdcf51c3be0,481,241.0,0.0,0.0,0.01,3,[11],0
2,10,x7fdcf51c3be0,482,-50.0,0.0,0.0,0.02,2,[1],3
2,10,x7fdcf51c3be0,483,-150.0,0.0,0.0,0.0,4,[4],0
2,10,x7fdcf51c3be0,484,250.0,1.0,0.0,0.02,4,[4],2
2,10,x7fdcf51c3be0,485,-100.0,0.0,0.0,0.02,4,[5],1
2,10,x7fdcf51c3be0,486,150.0,1.0,1.0,0.02,4,[0],4
2,10,x7fdcf51c3be0,487,150.0,0.0,0.0,0.02,4,[4],1
2,10,x7fdcf51c3be0,488,550.0,0.0,1.0,0.02,4,[4],3
2,10,x7fdcf51c3be0,489,598.0,1.0,1.0,0.0,4,[14],2
2,10,x7fdcf51c3be0,490,650.0,1.0,1.0,0.0,2,[6],4
2,10,x7fdcf51c3be0,491,150.0,0.0,1.0,0.01,4,[11],0
2,10,x7fdcf51c3be0,492,650.0,1.0,1.0,0.02,3,[14],3
2,10,x7fdcf51c3be0,493,250.0,1.0,0.0,0.02,3,[14],2
2,10,x7fdcf51c3be0,494,-150.0,0.0,1.0,0.02,3,[1],3
2,10,x7fdcf51c3be0,495,-62.0,1.0,0.0,0.02,5,[0],4
2,10,x7fdcf51c3be0,496,198.0,0.0,1.0,0.02,6,[0],4
2,10,x7fdcf51c3be0,497,250.0,0.0,0.0,0.01,5,[4],3
2,10,x7fdcf51c3be0,498,550.0,0.0,1.0,0.02,2,[0],3
2,10,x7fdcf51c3be0,499,550.0,0.0,1.0,0.0,5,[4],3
2,10,x7fdcf51c3be0,500,250.0,0.0,0.0,0.01,3,[11],3
2,10,x7fdcf51c3be0,501,-150.0,1.0,0.0,0.02,3,[1],4
2,10,x7fdcf51c3be0,502,-130.0,1.0,0.0,0.0,5,[6],4
2,10,x7fdcf51c3be0,503,250.0,0.0,0.0,0.01,3,[11],2
2,10,x7fdcf51c3be0,504,250.0,0.0,0.0,0.02,2,[0],3
2,10,x7fdcf51c3be0,505,250.0,0.0,0.0,0.01,3,[11],1
2,10,x7fdcf51c3be0,506,250.0,0.0,0.0,0.0,2,[6],3
2,10,x7fdcf51c3be0,507,145.0,0.0,0.0,0.02,4,[5],3
2,10,x7fdcf51c3be0,508,250.0,0.0,0.0,0.0,3,[14],3
2,10,x7fdcf51c3be0,509,104.0,0.0,0.0,0.0,3,[5],3
2,10,x7fdcf51c3be0,510,250.0,0.0,0.0,0.0,2,[14],3
2,10,x7fdcf51c3be0,511,250.0,0.0,0.0,0.0,3,[4],0
2,10,x7fdcf51c3be0,512,-150.0,0.0,0.0,0.0,3,[14],3
2,10,x7fdcf51c3be0,513,350.0,1.0,1.0,0.02,2,[0],3
2,10,x7fdcf51c3be0,514,250.0,0.0,0.0,0.0,3,[14],2
2,10,x7fdcf51c3be0,515,-246.0,0.0,0.0,0.02,3,[0],4
2,10,x7fdcf51c3be0,516,250.0,0.0,0.0,0.02,3,[14],3
2,10,x7fdcf51c3be0,517,250.0,0.0,0.0,0.0,3,[6],3
2,10,x7fdcf51c3be0,518,94.0,0.0,0.0,0.02,3,[0],4
2,10,x7fdcf51c3be0,519,-150.0,1.0,0.0,0.02,5,[1],4
2,10,x7fdcf51c3be0,520,100.0,0.0,0.0,0.01,5,[6],3
2,10,x7fdcf51c3be0,521,250.0,0.0,0.0,0.0,4,[14],1
2,10,x7fdcf51c3be0,522,250.0,0.0,0.0,0.0,2,[6],3
2,10,x7fdcf51c3be0,523,-150.0,1.0,0.0,0.01,2,[11],4
2,10,x7fdcf51c3be0,524,250.0,0.0,0.0,0.02,4,[4],3
2,10,x7fdcf51c3be0,525,250.0,0.0,0.0,0.0,2,[11],3
2,10,x7fdcf51c3be0,526,50.0,0.0,0.0,0.02,2,[0],4
2,10,x7fdcf51c3be0,527,250.0,0.0,0.0,0.0,4,[4],2
2,10,x7fdcf51c3be0,528,340.0,1.0,1.0,0.02,4,[14],4
2,10,x7fdcf51c3be0,529,250.0,0.0,0.0,0.0,2,[4],3
2,10,x7fdcf51c3be0,530,250.0,0.0,0.0,0.02,2,[0],3
2,10,x7fdcf51c3be0,531,250.0,0.0,0.0,0.02,6,[14],3
2,10,x7fdcf51c3be0,532,100.0,0.0,0.0,0.02,4,[6],3
2,10,x7fdcf51c3be0,533,-250.0,0.0,0.0,0.02,2,[1],4
2,10,x7fdcf51c3be0,534,-300.0,0.0,0.0,0.0,4,[11],0
2,10,x7fdcf51c3be0,535,250.0,1.0,0.0,0.02,3,[14],2
2,10,x7fdcf51c3be0,536,150.0,1.0,0.0,0.02,2,[0],4
2,10,x7fdcf51c3be0,537,-150.0,0.0,0.0,0.02,3,[14],3
2,10,x7fdcf51c3be0,538,250.0,0.0,0.0,0.0,3,[6],1
2,10,x7fdcf51c3be0,539,-150.0,0.0,0.0,0.02,3,[14],3
2,10,x7fdcf51c3be0,540,103.0,1.0,0.0,0.0,4,[5],4
2,10,x7fdcf51c3be0,541,550.0,0.0,1.0,0.01,3,[14],3
2,10,x7fdcf51c3be0,542,550.0,0.0,1.0,0.02,2,[0],4
2,10,x7fdcf51c3be0,543,50.0,0.0,1.0,0.01,2,[11],4
2,10,x7fdcf51c3be0,544,250.0,0.0,0.0,0.02,4,[14],1
2,10,x7fdcf51c3be0,545,-29.0,0.0,0.0,0.0,3,[6],0
2,10,x7fdcf51c3be0,546,250.0,0.0,0.0,0.02,3,[14],2
2,10,x7fdcf51c3be0,547,250.0,0.0,0.0,0.02,2,[0],1
2,10,x7fdcf51c3be0,548,256.0,1.0,0.0,0.0,5,[4],4
2,10,x7fdcf51c3be0,549,150.0,0.0,1.0,0.02,5,[4],3
2,10,x7fdcf51c3be0,550,160.0,1.0,0.0,0.02,4,[6],4
2,10,x7fdcf51c3be0,551,-3.0,1.0,0.0,0.01,3,[0],4
2,10,x7fdcf51c3be0,552,51.0,1.0,0.0,0.02,4,[6],4
2,10,x7fdcf51c3be0,553,250.0,0.0,0.0,0.02,2,[14],3
2,10,x7fdcf51c3be0,554,150.0,1.0,1.0,0.01,2,[11],4
2,10,x7fdcf51c3be0,555,-150.0,0.0,0.0,0.02,5,[4],1
2,10,x7fdcf51c3be0,556,250.0,0.0,0.0,0.01,2,[14],3
2,10,x7fdcf51c3be0,557,49.0,1.0,0.0,0.02,4,[6],4
2,10,x7fdcf51c3be0,558,250.0,1.0,1.0,0.01,3,[1],4
2,10,x7fdcf51c3be0,559,152.0,1.0,1.0,0.0,4,[6],4
2,10,x7fdcf51c3be0,560,250.0,1.0,1.0,0.01,3,[1],4
2,10,x7fdcf51c3be0,561,227.0,1.0,1.0,0.0,4,[6],4
2,10,x7fdcf51c3be0,562,561.0,1.0,1.0,0.01,3,[11],4
2,10,x7fdcf51c3be0,563,-150.0,0.0,0.0,0.02,3,[14],3
2,10,x7fdcf51c3be0,564,250.0,0.0,0.0,0.0,3,[4],3
2,10,x7fdcf51c3be0,565,250.0,0.0,0.0,0.02,4,[4],3
2,10,x7fdcf51c3be0,566,250.0,0.0,0.0,0.02,4,[4],3
2,10,x7fdcf51c3be0,567,250.0,0.0,0.0,0.0,4,[14],1
2,10,x7fdcf51c3be0,568,-150.0,0.0,0.0,0.02,2,[0],3
2,10,x7fdcf51c3be0,569,-150.0,0.0,0.0,0.01,2,[11],3
2,10,x7fdcf51c3be0,570,250.0,0.0,0.0,0.02,4,[4],3
2,10,x7fdcf51c3be0,571,250.0,0.0,0.0,0.0,3,[14],3
2,10,x7fdcf51c3be0,572,550.0,0.0,1.0,0.0,3,[4],3
2,10,x7fdcf51c3be0,573,-150.0,0.0,0.0,0.0,3,[14],3
2,10,x7fdcf51c3be0,574,-150.0,0.0,0.0,0.0,2,[4],3
2,10,x7fdcf51c3be0,575,-83.0,1.0,0.0,0.02,3,[0],4
2,10,x7fdcf51c3be0,576,-150.0,1.0,0.0,0.02,2,[0],4
2,10,x7fdcf51c3be0,577,250.0,0.0,0.0,0.02,3,[14],2
2,10,x7fdcf51c3be0,578,153.0,1.0,0.0,0.0,3,[4],4
2,10,x7fdcf51c3be0,579,150.0,1.0,1.0,0.02,3,[1],4
2,10,x7fdcf51c3be0,580,250.0,0.0,0.0,0.02,2,[14],2
2,10,x7fdcf51c3be0,581,250.0,0.0,0.0,0.02,2,[0],2
2,10,x7fdcf51c3be0,582,391.0,1.0,1.0,0.0,4,[5],4
2,10,x7fdcf51c3be0,583,150.0,1.0,0.0,0.0,4,[14],2
2,10,x7fdcf51c3be0,584,350.0,1.0,1.0,0.02,2,[1],3
2,10,x7fdcf51c3be0,585,350.0,1.0,0.0,0.0,2,[5],3
2,10,x7fdcf51c3be0,586,250.0,0.0,0.0,0.01,3,[11],1
2,10,x7fdcf51c3be0,587,250.0,0.0,0.0,0.02,2,[0],0
2,10,x7fdcf51c3be0,588,550.0,0.0,1.0,0.02,3,[14],2
2,10,x7fdcf51c3be0,589,550.0,0.0,1.0,0.0,3,[6],3
2,10,x7fdcf51c3be0,590,250.0,0.0,0.0,0.02,3,[14],2
2,10,x7fdcf51c3be0,591,250.0,0.0,0.0,0.0,2,[6],2
2,10,x7fdcf51c3be0,592,-150.0,0.0,0.0,0.02,4,[14],1
2,10,x7fdcf51c3be0,593,250.0,0.0,0.0,0.02,3,[14],2
2,10,x7fdcf51c3be0,594,250.0,0.0,0.0,0.02,2,[0],2
2,10,x7fdcf51c3be0,595,101.0,1.0,0.0,0.02,4,[5],4
2,10,x7fdcf51c3be0,596,150.0,1.0,0.0,0.01,2,[0],4
2,10,x7fdcf51c3be0,597,92.0,1.0,0.0,0.02,5,[6],4
2,10,x7fdcf51c3be0,598,250.0,0.0,0.0,0.01,2,[11],0
2,10,x7fdcf51c3be0,599,-150.0,0.0,0.0,0.02,2,[0],3
2,10,x7fdcf51c3be0,600,91.0,1.0,0.0,0.0,5,[5],4
2,10,x7fdcf51c3be0,601,-150.0,0.0,0.0,0.01,5,[4],3
2,10,x7fdcf51c3be0,602,-150.0,0.0,0.0,0.01,3,[11],3
2,10,x7fdcf51c3be0,603,333.0,1.0,1.0,0.02,3,[0],4
2,10,x7fdcf51c3be0,604,541.0,1.0,1.0,0.02,4,[6],4
2,10,x7fdcf51c3be0,605,550.0,0.0,1.0,0.02,5,[4],3
2,10,x7fdcf51c3be0,606,250.0,0.0,0.0,0.01,2,[14],3
2,10,x7fdcf51c3be0,607,250.0,0.0,0.0,0.02,5,[4],3
2,10,x7fdcf51c3be0,608,250.0,0.0,0.0,0.0,4,[11],1
2,10,x7fdcf51c3be0,609,250.0,0.0,0.0,0.0,4,[4],3
2,10,x7fdcf51c3be0,610,250.0,0.0,0.0,0.0,2,[14],1
2,10,x7fdcf51c3be0,611,250.0,0.0,0.0,0.02,2,[0],2
2,10,x7fdcf51c3be0,612,277.0,1.0,0.0,0.02,3,[14],2
2,10,x7fdcf51c3be0,613,250.0,0.0,0.0,0.02,3,[14],2
2,10,x7fdcf51c3be0,614,-150.0,0.0,0.0,0.02,3,[14],3
2,10,x7fdcf51c3be0,615,250.0,1.0,0.0,0.02,3,[14],2
2,10,x7fdcf51c3be0,616,250.0,0.0,0.0,0.0,3,[4],2
2,10,x7fdcf51c3be0,617,250.0,0.0,0.0,0.0,3,[14],2
2,10,x7fdcf51c3be0,618,550.0,0.0,1.0,0.02,2,[0],2
2,10,x7fdcf51c3be0,619,250.0,0.0,0.0,0.0,3,[4],2
2,10,x7fdcf51c3be0,620,650.0,1.0,1.0,0.0,3,[14],4
2,10,x7fdcf51c3be0,621,550.0,0.0,1.0,0.0,2,[4],2
2,10,x7fdcf51c3be0,622,-150.0,0.0,0.0,0.0,4,[14],3
2,10,x7fdcf51c3be0,623,650.0,1.0,1.0,0.01,4,[5],4
2,10,x7fdcf51c3be0,624,650.0,1.0,1.0,0.02,3,[14],2
2,10,x7fdcf51c3be0,625,-150.0,0.0,0.0,0.0,4,[4],2
2,10,x7fdcf51c3be0,626,150.0,1.0,0.0,0.02,2,[0],4
2,10,x7fdcf51c3be0,627,650.0,1.0,1.0,0.0,3,[4],2
2,10,x7fdcf51c3be0,628,304.0,1.0,0.0,0.02,3,[14],2
2,10,x7fdcf51c3be0,629,-300.0,0.0,0.0,0.02,3,[14],3
2,10,x7fdcf51c3be0,630,250.0,0.0,0.0,0.02,2,[0],2
2,10,x7fdcf51c3be0,631,-450.0,0.0,0.0,0.02,2,[14],1
2,10,x7fdcf51c3be0,632,255.0,1.0,0.0,0.02,5,[4],4
2,10,x7fdcf51c3be0,633,250.0,0.0,0.0,0.0,5,[4],2
2,10,x7fdcf51c3be0,634,-516.0,0.0,0.0,0.02,5,[0],0
2,10,x7fdcf51c3be0,635,-150.0,1.0,0.0,0.01,5,[1],4
2,10,x7fdcf51c3be0,636,-154.0,0.0,0.0,0.02,5,[0],4
2,10,x7fdcf51c3be0,637,350.0,1.0,0.0,0.0,2,[11],0
2,10,x7fdcf51c3be0,638,208.0,0.0,0.0,0.02,4,[4],2
2,10,x7fdcf51c3be0,639,150.0,1.0,0.0,0.0,4,[14],0
2,10,x7fdcf51c3be0,640,-80.0,1.0,0.0,0.0,3,[6],4
2,10,x7fdcf51c3be0,641,-150.0,1.0,0.0,0.02,3,[1],4
2,10,x7fdcf51c3be0,642,-150.0,0.0,0.0,0.0,5,[4],3
2,10,x7fdcf51c3be0,643,250.0,0.0,0.0,0.0,2,[11],3
2,10,x7fdcf51c3be0,644,84.0,1.0,0.0,0.02,5,[5],4
2,10,x7fdcf51c3be0,645,250.0,0.0,0.0,0.0,4,[14],3
2,10,x7fdcf51c3be0,646,250.0,0.0,0.0,0.0,4,[4],3
2,10,x7fdcf51c3be0,647,350.0,1.0,0.0,0.01,3,[14],4
2,10,x7fdcf51c3be0,648,251.0,1.0,0.0,0.0,4,[6],4
2,10,x7fdcf51c3be0,649,350.0,1.0,1.0,0.02,2,[1],3
2,10,x7fdcf51c3be0,650,-150.0,0.0,0.0,0.02,3,[14],2
2,10,x7fdcf51c3be0,651,-150.0,0.0,0.0,0.02,2,[0],2
2,10,x7fdcf51c3be0,652,650.0,1.0,1.0,0.0,4,[4],2
2,10,x7fdcf51c3be0,653,-150.0,0.0,0.0,0.01,3,[11],1
2,10,x7fdcf51c3be0,654,250.0,1.0,0.0,0.02,3,[14],2
2,10,x7fdcf51c3be0,655,250.0,1.0,0.0,0.02,3,[14],2
2,10,x7fdcf51c3be0,656,650.0,1.0,1.0,0.02,3,[14],4
2,10,x7fdcf51c3be0,657,250.0,0.0,0.0,0.02,3,[14],3
2,10,x7fdcf51c3be0,658,550.0,0.0,1.0,0.02,2,[0],1
2,10,x7fdcf51c3be0,659,550.0,0.0,1.0,0.0,3,[6],3
2,10,x7fdcf51c3be0,660,250.0,0.0,0.0,0.0,4,[11],3
2,10,x7fdcf51c3be0,661,250.0,0.0,0.0,0.02,3,[14],3
2,10,x7fdcf51c3be0,662,250.0,0.0,0.0,0.0,4,[4],3
2,10,x7fdcf51c3be0,663,250.0,0.0,0.0,0.02,4,[4],3
2,10,x7fdcf51c3be0,664,-411.0,0.0,0.0,0.02,3,[0],1
2,10,x7fdcf51c3be0,665,350.0,1.0,0.0,0.02,3,[14],2
2,10,x7fdcf51c3be0,666,105.0,1.0,0.0,0.0,4,[6],4
2,10,x7fdcf51c3be0,667,250.0,0.0,0.0,0.02,2,[4],1
2,10,x7fdcf51c3be0,668,250.0,0.0,0.0,0.02,3,[14],3
2,10,x7fdcf51c3be0,669,250.0,0.0,0.0,0.02,3,[14],2
2,10,x7fdcf51c3be0,670,250.0,0.0,0.0,0.0,4,[4],2
2,10,x7fdcf51c3be0,671,-0.0,1.0,0.0,0.0,4,[11],0
2,10,x7fdcf51c3be0,672,-150.0,1.0,0.0,0.02,3,[1],4
2,10,x7fdcf51c3be0,673,150.0,1.0,0.0,0.01,2,[11],2
2,10,x7fdcf51c3be0,674,100.0,1.0,0.0,0.02,5,[6],4
2,10,x7fdcf51c3be0,675,221.0,1.0,0.0,0.0,4,[14],4
2,10,x7fdcf51c3be0,676,-150.0,1.0,0.0,0.02,2,[1],4
2,10,x7fdcf51c3be0,677,86.0,1.0,0.0,0.0,5,[6],4
2,10,x7fdcf51c3be0,678,488.0,1.0,1.0,0.01,3,[0],4
2,10,x7fdcf51c3be0,679,350.0,1.0,0.0,0.01,2,[11],4
2,10,x7fdcf51c3be0,680,-250.0,0.0,0.0,0.01,2,[11],4
2,10,x7fdcf51c3be0,681,400.0,1.0,1.0,0.02,5,[6],4
2,10,x7fdcf51c3be0,682,250.0,0.0,0.0,0.01,2,[14],1
2,10,x7fdcf51c3be0,683,650.0,1.0,1.0,0.01,2,[11],3
2,10,x7fdcf51c3be0,684,250.0,0.0,0.0,0.02,2,[6],3
2,10,x7fdcf51c3be0,685,-4.0,1.0,0.0,0.02,3,[0],4
2,10,x7fdcf51c3be0,686,250.0,0.0,0.0,0.01,3,[11],3
2,10,x7fdcf51c3be0,687,250.0,0.0,0.0,0.0,2,[6],3
2,10,x7fdcf51c3be0,688,250.0,0.0,0.0,0.02,2,[0],3
2,10,x7fdcf51c3be0,689,116.0,1.0,0.0,0.0,5,[5],4
2,10,x7fdcf51c3be0,690,233.0,0.0,0.0,0.01,4,[11],1
2,10,x7fdcf51c3be0,691,379.0,0.0,1.0,0.02,3,[0],3
2,10,x7fdcf51c3be0,692,250.0,0.0,0.0,0.01,2,[11],3
2,10,x7fdcf51c3be0,693,98.0,1.0,0.0,0.02,5,[5],4
2,10,x7fdcf51c3be0,694,550.0,0.0,1.0,0.01,2,[14],3
2,10,x7fdcf51c3be0,695,250.0,0.0,0.0,0.02,5,[4],3
2,10,x7fdcf51c3be0,696,250.0,0.0,0.0,0.01,2,[0],4
2,10,x7fdcf51c3be0,697,250.0,0.0,0.0,0.01,2,[11],3
2,10,x7fdcf51c3be0,698,-91.0,1.0,0.0,0.02,5,[0],4
2,10,x7fdcf51c3be0,699,-150.0,1.0,0.0,0.01,5,[1],4
2,10,x7fdcf51c3be0,700,143.0,0.0,0.0,0.01,4,[5],3
2,10,x7fdcf51c3be0,701,250.0,0.0,0.0,0.02,4,[14],3
2,10,x7fdcf51c3be0,702,250.0,0.0,0.0,0.02,3,[14],2
2,10,x7fdcf51c3be0,703,-10.0,0.0,0.0,0.0,3,[5],4
2,10,x7fdcf51c3be0,704,250.0,0.0,0.0,0.02,3,[14],3
2,10,x7fdcf51c3be0,705,250.0,0.0,0.0,0.0,4,[4],2
2,10,x7fdcf51c3be0,706,250.0,0.0,0.0,0.01,3,[14],1
2,10,x7fdcf51c3be0,707,250.0,0.0,0.0,0.02,2,[0],2
2,10,x7fdcf51c3be0,708,250.0,0.0,0.0,0.02,2,[14],3
2,10,x7fdcf51c3be0,709,150.0,1.0,0.0,0.01,2,[11],0
2,10,x7fdcf51c3be0,710,501.0,1.0,1.0,0.02,4,[14],4
2,10,x7fdcf51c3be0,711,650.0,1.0,1.0,0.0,2,[6],4
2,10,x7fdcf51c3be0,712,250.0,0.0,0.0,0.02,3,[14],1
2,10,x7fdcf51c3be0,713,650.0,1.0,1.0,0.02,3,[14],2
2,10,x7fdcf51c3be0,714,-150.0,1.0,0.0,0.02,3,[1],4
2,10,x7fdcf51c3be0,715,-150.0,0.0,0.0,0.0,5,[4],3
2,10,x7fdcf51c3be0,716,250.0,0.0,0.0,0.01,4,[14],2
2,10,x7fdcf51c3be0,717,250.0,0.0,0.0,0.0,2,[6],3
2,10,x7fdcf51c3be0,718,50.0,0.0,0.0,0.02,2,[14],2
2,10,x7fdcf51c3be0,719,250.0,0.0,0.0,0.01,3,[11],3
2,10,x7fdcf51c3be0,720,180.0,0.0,0.0,0.02,3,[14],2
2,10,x7fdcf51c3be0,721,550.0,0.0,1.0,0.02,3,[14],2
2,10,x7fdcf51c3be0,722,-53.0,1.0,0.0,0.02,3,[0],4
2,10,x7fdcf51c3be0,723,350.0,1.0,0.0,0.02,2,[14],4
2,10,x7fdcf51c3be0,724,99.0,1.0,0.0,0.02,4,[6],4
2,10,x7fdcf51c3be0,725,250.0,0.0,0.0,0.01,3,[14],3
2,10,x7fdcf51c3be0,726,-150.0,1.0,0.0,0.02,2,[1],4
2,10,x7fdcf51c3be0,727,-150.0,0.0,0.0,0.0,2,[5],2
2,10,x7fdcf51c3be0,728,250.0,0.0,0.0,0.02,2,[14],3
2,10,x7fdcf51c3be0,729,90.0,1.0,0.0,0.02,4,[5],4
2,10,x7fdcf51c3be0,730,237.0,1.0,0.0,0.0,3,[14],2
2,10,x7fdcf51c3be0,731,250.0,0.0,0.0,0.0,3,[4],2
2,10,x7fdcf51c3be0,732,50.0,0.0,0.0,0.0,2,[14],2
2,10,x7fdcf51c3be0,733,250.0,0.0,0.0,0.02,2,[0],2
2,10,x7fdcf51c3be0,734,250.0,0.0,0.0,0.0,3,[4],2
2,10,x7fdcf51c3be0,735,350.0,1.0,0.0,0.0,3,[14],2
2,10,x7fdcf51c3be0,736,-150.0,0.0,0.0,0.02,2,[0],3
2,10,x7fdcf51c3be0,737,-150.0,1.0,0.0,0.01,3,[11],4
2,10,x7fdcf51c3be0,738,-110.0,0.0,0.0,0.02,3,[0],4
2,10,x7fdcf51c3be0,739,250.0,0.0,0.0,0.02,2,[14],3
2,10,x7fdcf51c3be0,740,250.0,0.0,0.0,0.01,2,[11],3
2,10,x7fdcf51c3be0,741,-350.0,0.0,0.0,0.01,2,[11],1
2,10,x7fdcf51c3be0,742,250.0,0.0,0.0,0.02,5,[4],3
2,10,x7fdcf51c3be0,743,400.0,0.0,1.0,0.0,4,[11],3
2,10,x7fdcf51c3be0,744,-20.0,0.0,0.0,0.02,3,[0],0
2,10,x7fdcf51c3be0,745,-150.0,0.0,0.0,0.02,5,[4],3
2,10,x7fdcf51c3be0,746,400.0,1.0,1.0,0.02,4,[6],4
2,10,x7fdcf51c3be0,747,250.0,1.0,0.0,0.0,4,[14],4
2,10,x7fdcf51c3be0,748,550.0,0.0,1.0,0.0,4,[4],2
2,10,x7fdcf51c3be0,749,250.0,0.0,0.0,0.01,3,[14],1
2,10,x7fdcf51c3be0,750,550.0,1.0,1.0,0.02,3,[14],2
2,10,x7fdcf51c3be0,751,-150.0,0.0,0.0,0.0,4,[4],3
2,10,x7fdcf51c3be0,752,-400.0,0.0,0.0,0.01,4,[11],1
2,10,x7fdcf51c3be0,753,-34.0,1.0,0.0,0.02,3,[0],4
2,10,x7fdcf51c3be0,754,470.0,0.0,1.0,0.02,3,[14],2
2,10,x7fdcf51c3be0,755,150.0,0.0,0.0,0.02,3,[14],2
2,10,x7fdcf51c3be0,756,-136.0,1.0,0.0,0.02,3,[0],0
2,10,x7fdcf51c3be0,757,350.0,1.0,0.0,0.0,4,[4],4
2,10,x7fdcf51c3be0,758,50.0,0.0,0.0,0.01,2,[0],2
2,10,x7fdcf51c3be0,759,350.0,1.0,0.0,0.02,5,[4],4
2,10,x7fdcf51c3be0,760,50.0,0.0,0.0,0.01,2,[0],2
2,10,x7fdcf51c3be0,761,350.0,1.0,0.0,0.0,4,[4],2
2,10,x7fdcf51c3be0,762,350.0,1.0,0.0,0.0,3,[11],0
2,10,x7fdcf51c3be0,763,550.0,0.0,1.0,0.02,2,[0],2
2,10,x7fdcf51c3be0,764,250.0,0.0,0.0,0.0,4,[4],2
2,10,x7fdcf51c3be0,765,250.0,0.0,0.0,0.0,3,[11],1
2,10,x7fdcf51c3be0,766,151.0,0.0,0.0,0.0,3,[4],2
2,10,x7fdcf51c3be0,767,350.0,1.0,0.0,0.0,2,[11],0
2,10,x7fdcf51c3be0,768,-150.0,1.0,0.0,0.0,2,[6],4
2,10,x7fdcf51c3be0,769,250.0,0.0,0.0,0.02,2,[0],2
2,10,x7fdcf51c3be0,770,550.0,0.0,1.0,0.0,4,[4],2
2,10,x7fdcf51c3be0,771,250.0,0.0,0.0,0.0,3,[11],0
2,10,x7fdcf51c3be0,772,550.0,0.0,1.0,0.02,2,[0],2
2,10,x7fdcf51c3be0,773,150.0,0.0,0.0,0.0,4,[4],2
2,10,x7fdcf51c3be0,774,250.0,0.0,0.0,0.0,3,[11],3
2,10,x7fdcf51c3be0,775,250.0,0.0,0.0,0.0,3,[4],2
2,10,x7fdcf51c3be0,776,550.0,0.0,1.0,0.0,3,[11],2
2,10,x7fdcf51c3be0,777,550.0,0.0,1.0,0.0,2,[4],2
2,10,x7fdcf51c3be0,778,-83.0,0.0,0.0,0.01,4,[4],4
2,10,x7fdcf51c3be0,779,125.0,0.0,0.0,0.01,3,[14],2
2,10,x7fdcf51c3be0,780,550.0,0.0,1.0,0.02,2,[0],2
2,10,x7fdcf51c3be0,781,350.0,1.0,0.0,0.01,2,[0],2
2,10,x7fdcf51c3be0,782,150.0,0.0,1.0,0.0,3,[11],2
2,10,x7fdcf51c3be0,783,150.0,0.0,1.0,0.02,2,[0],2
2,10,x7fdcf51c3be0,784,550.0,0.0,1.0,0.02,3,[14],2
2,10,x7fdcf51c3be0,785,-150.0,1.0,0.0,0.01,3,[11],4
2,10,x7fdcf51c3be0,786,550.0,0.0,1.0,0.02,2,[4],3
2,10,x7fdcf51c3be0,787,550.0,0.0,1.0,0.02,2,[0],2
2,10,x7fdcf51c3be0,788,-150.0,1.0,0.0,0.02,2,[14],4
2,10,x7fdcf51c3be0,789,150.0,1.0,0.0,0.01,2,[11],0
2,10,x7fdcf51c3be0,790,550.0,0.0,1.0,0.02,5,[4],3
2,10,x7fdcf51c3be0,791,250.0,0.0,1.0,0.01,2,[14],3
2,10,x7fdcf51c3be0,792,650.0,1.0,1.0,0.02,2,[14],4
2,10,x7fdcf51c3be0,793,-125.0,1.0,0.0,0.02,5,[0],4
2,10,x7fdcf51c3be0,794,531.0,0.0,1.0,0.02,5,[5],3
2,10,x7fdcf51c3be0,795,250.0,0.0,0.0,0.01,5,[4],3
2,10,x7fdcf51c3be0,796,550.0,0.0,1.0,0.01,2,[11],1
2,10,x7fdcf51c3be0,797,-52.0,1.0,0.0,0.02,5,[1],4
2,10,x7fdcf51c3be0,798,250.0,0.0,0.0,0.02,5,[4],3
2,10,x7fdcf51c3be0,799,250.0,0.0,1.0,0.02,2,[0],3
2,10,x7fdcf51c3be0,800,-150.0,1.0,0.0,0.02,4,[0],4
2,10,x7fdcf51c3be0,801,250.0,0.0,0.0,0.02,5,[4],3
2,10,x7fdcf51c3be0,802,250.0,0.0,0.0,0.01,2,[14],1
2,10,x7fdcf51c3be0,803,550.0,0.0,1.0,0.02,2,[0],2
2,10,x7fdcf51c3be0,804,550.0,0.0,1.0,0.0,4,[4],2
2,10,x7fdcf51c3be0,805,250.0,0.0,0.0,0.0,3,[11],2
2,10,x7fdcf51c3be0,806,150.0,0.0,0.0,0.0,3,[4],2
2,10,x7fdcf51c3be0,807,250.0,0.0,0.0,0.01,2,[0],2
2,10,x7fdcf51c3be0,808,550.0,0.0,1.0,0.0,3,[4],3
2,10,x7fdcf51c3be0,809,550.0,0.0,1.0,0.0,3,[11],3
2,10,x7fdcf51c3be0,810,550.0,0.0,1.0,0.02,2,[0],2
2,10,x7fdcf51c3be0,811,400.0,0.0,1.0,0.0,3,[6],3
2,10,x7fdcf51c3be0,812,250.0,0.0,0.0,0.0,3,[11],3
2,10,x7fdcf51c3be0,813,250.0,0.0,0.0,0.0,3,[4],3
2,10,x7fdcf51c3be0,814,250.0,0.0,0.0,0.01,3,[14],2
2,10,x7fdcf51c3be0,815,250.0,0.0,0.0,0.0,2,[5],3
2,10,x7fdcf51c3be0,816,550.0,0.0,1.0,0.0,3,[11],2
2,10,x7fdcf51c3be0,817,550.0,0.0,1.0,0.01,2,[0],2
2,10,x7fdcf51c3be0,818,149.0,0.0,0.0,0.02,3,[14],2
2,10,x7fdcf51c3be0,819,250.0,0.0,0.0,0.02,3,[14],3
2,10,x7fdcf51c3be0,820,-250.0,0.0,0.0,0.02,2,[0],4
2,10,x7fdcf51c3be0,821,550.0,0.0,1.0,0.02,3,[4],2
2,10,x7fdcf51c3be0,822,250.0,0.0,0.0,0.01,2,[14],3
2,10,x7fdcf51c3be0,823,50.0,0.0,0.0,0.02,2,[0],2
2,10,x7fdcf51c3be0,824,-150.0,1.0,0.0,0.02,3,[14],4
2,10,x7fdcf51c3be0,825,-136.0,1.0,0.0,0.02,4,[0],4
2,10,x7fdcf51c3be0,826,40.0,1.0,0.0,0.0,5,[6],4
2,10,x7fdcf51c3be0,827,-150.0,1.0,0.0,0.0,2,[11],0
2,10,x7fdcf51c3be0,828,-101.0,1.0,0.0,0.02,5,[0],4
2,10,x7fdcf51c3be0,829,350.0,1.0,0.0,0.02,2,[14],3
2,10,x7fdcf51c3be0,830,-150.0,1.0,0.0,0.02,4,[0],4
2,10,x7fdcf51c3be0,831,250.0,0.0,0.0,0.02,4,[4],1
2,10,x7fdcf51c3be0,832,550.0,0.0,1.0,0.0,3,[11],0
2,10,x7fdcf51c3be0,833,250.0,0.0,0.0,0.0,3,[4],3
2,10,x7fdcf51c3be0,834,550.0,0.0,1.0,0.01,2,[5],3
2,10,x7fdcf51c3be0,835,-24.0,1.0,0.0,0.02,4,[14],4
2,10,x7fdcf51c3be0,836,250.0,0.0,0.0,0.0,2,[4],3
2,10,x7fdcf51c3be0,837,250.0,0.0,0.0,0.02,2,[0],2
2,10,x7fdcf51c3be0,838,250.0,0.0,0.0,0.0,4,[4],3
2,10,x7fdcf51c3be0,839,250.0,0.0,0.0,0.0,2,[11],0
2,10,x7fdcf51c3be0,840,219.0,0.0,0.0,0.0,3,[5],3
2,10,x7fdcf51c3be0,841,50.0,0.0,0.0,0.01,2,[0],2
2,10,x7fdcf51c3be0,842,250.0,0.0,0.0,0.02,2,[0],2
2,10,x7fdcf51c3be0,843,250.0,0.0,1.0,0.02,4,[0],3
2,10,x7fdcf51c3be0,844,-208.0,0.0,0.0,0.01,5,[4],1
2,10,x7fdcf51c3be0,845,350.0,1.0,0.0,0.01,4,[14],4
2,10,x7fdcf51c3be0,846,150.0,1.0,0.0,0.01,2,[11],0
2,10,x7fdcf51c3be0,847,-150.0,0.0,0.0,0.02,2,[0],2
2,10,x7fdcf51c3be0,848,350.0,1.0,0.0,0.01,2,[11],4
2,10,x7fdcf51c3be0,849,250.0,0.0,0.0,0.02,4,[4],3
2,10,x7fdcf51c3be0,850,-350.0,0.0,0.0,0.0,3,[14],2
2,10,x7fdcf51c3be0,851,150.0,1.0,1.0,0.02,3,[1],4
2,10,x7fdcf51c3be0,852,250.0,0.0,0.0,0.0,3,[14],2
2,10,x7fdcf51c3be0,853,250.0,0.0,0.0,0.0,3,[4],2
2,10,x7fdcf51c3be0,854,-150.0,1.0,0.0,0.02,3,[1],4
2,10,x7fdcf51c3be0,855,250.0,0.0,0.0,0.02,3,[14],2
2,10,x7fdcf51c3be0,856,650.0,1.0,1.0,0.02,4,[14],4
2,10,x7fdcf51c3be0,857,375.0,1.0,1.0,0.0,4,[6],4
2,10,x7fdcf51c3be0,858,152.0,0.0,0.0,0.01,3,[11],0
2,10,x7fdcf51c3be0,859,350.0,1.0,0.0,0.0,3,[4],0
2,10,x7fdcf51c3be0,860,-253.0,0.0,0.0,0.01,3,[14],1
2,10,x7fdcf51c3be0,861,250.0,0.0,1.0,0.02,5,[14],3
2,10,x7fdcf51c3be0,862,150.0,1.0,0.0,0.02,2,[0],4
2,10,x7fdcf51c3be0,863,-241.0,0.0,0.0,0.02,3,[14],2
2,10,x7fdcf51c3be0,864,550.0,0.0,1.0,0.02,3,[14],2
2,10,x7fdcf51c3be0,865,350.0,1.0,0.0,0.0,2,[4],2
2,10,x7fdcf51c3be0,866,100.0,1.0,0.0,0.0,3,[11],4
2,10,x7fdcf51c3be0,867,-150.0,0.0,0.0,0.01,2,[0],2
2,10,x7fdcf51c3be0,868,50.0,0.0,0.0,0.0,2,[6],2
2,10,x7fdcf51c3be0,869,3.0,1.0,0.0,0.0,3,[11],4
2,10,x7fdcf51c3be0,870,50.0,0.0,0.0,0.01,2,[0],2
2,10,x7fdcf51c3be0,871,-350.0,0.0,0.0,0.01,2,[0],2
2,10,x7fdcf51c3be0,872,76.0,1.0,0.0,0.02,3,[0],4
2,10,x7fdcf51c3be0,873,-150.0,0.0,0.0,0.02,3,[14],2
2,10,x7fdcf51c3be0,874,250.0,0.0,0.0,0.02,3,[14],2
2,10,x7fdcf51c3be0,875,250.0,0.0,0.0,0.0,3,[5],3
2,10,x7fdcf51c3be0,876,250.0,0.0,0.0,0.02,4,[14],3
2,10,x7fdcf51c3be0,877,250.0,0.0,0.0,0.0,4,[4],3
2,10,x7fdcf51c3be0,878,-522.0,0.0,0.0,0.02,3,[0],0
2,10,x7fdcf51c3be0,879,-34.0,0.0,1.0,0.02,4,[0],3
2,10,x7fdcf51c3be0,880,151.0,0.0,0.0,0.02,3,[14],2
2,10,x7fdcf51c3be0,881,250.0,0.0,1.0,0.01,3,[11],3
2,10,x7fdcf51c3be0,882,-142.0,1.0,0.0,0.02,3,[0],4
2,10,x7fdcf51c3be0,883,-150.0,1.0,0.0,0.01,2,[11],0
2,10,x7fdcf51c3be0,884,250.0,1.0,0.0,0.02,5,[4],4
2,10,x7fdcf51c3be0,885,-450.0,0.0,0.0,0.02,2,[0],3
2,10,x7fdcf51c3be0,886,249.0,1.0,0.0,0.0,5,[4],2
2,10,x7fdcf51c3be0,887,-150.0,1.0,0.0,0.01,4,[0],4
2,10,x7fdcf51c3be0,888,208.0,0.0,0.0,0.01,5,[5],3
2,10,x7fdcf51c3be0,889,250.0,0.0,0.0,0.0,2,[14],1
2,10,x7fdcf51c3be0,890,50.0,0.0,0.0,0.02,2,[0],2
2,10,x7fdcf51c3be0,891,-250.0,0.0,0.0,0.02,4,[0],4
2,10,x7fdcf51c3be0,892,250.0,0.0,0.0,0.01,4,[4],3
2,10,x7fdcf51c3be0,893,150.0,0.0,0.0,0.0,3,[11],2
2,10,x7fdcf51c3be0,894,550.0,0.0,1.0,0.0,3,[4],3
2,10,x7fdcf51c3be0,895,50.0,0.0,0.0,0.0,2,[11],0
2,10,x7fdcf51c3be0,896,550.0,0.0,1.0,0.02,2,[0],4
2,10,x7fdcf51c3be0,897,399.0,0.0,1.0,0.0,3,[6],3
2,10,x7fdcf51c3be0,898,250.0,0.0,0.0,0.0,4,[11],1
2,10,x7fdcf51c3be0,899,76.0,1.0,0.0,0.02,3,[0],4
2,10,x7fdcf51c3be0,900,250.0,0.0,0.0,0.0,4,[5],3
2,10,x7fdcf51c3be0,901,250.0,0.0,0.0,0.02,3,[14],3
2,10,x7fdcf51c3be0,902,250.0,0.0,0.0,0.02,4,[14],3
2,10,x7fdcf51c3be0,903,250.0,0.0,0.0,0.02,3,[14],3
2,10,x7fdcf51c3be0,904,0.0,1.0,0.0,0.01,4,[11],4
2,10,x7fdcf51c3be0,905,150.0,0.0,1.0,0.02,3,[14],2
2,10,x7fdcf51c3be0,906,-150.0,0.0,0.0,0.02,2,[0],1
2,10,x7fdcf51c3be0,907,250.0,0.0,0.0,0.02,2,[0],2
2,10,x7fdcf51c3be0,908,250.0,0.0,0.0,0.02,3,[14],2
2,10,x7fdcf51c3be0,909,50.0,0.0,0.0,0.02,2,[0],0
2,10,x7fdcf51c3be0,910,-450.0,0.0,0.0,0.01,2,[11],3
2,10,x7fdcf51c3be0,911,-150.0,0.0,0.0,0.02,5,[4],3
2,10,x7fdcf51c3be0,912,-150.0,0.0,0.0,0.0,3,[14],0
2,10,x7fdcf51c3be0,913,143.0,0.0,0.0,0.02,3,[14],2
2,10,x7fdcf51c3be0,914,250.0,0.0,0.0,0.02,3,[14],2
2,10,x7fdcf51c3be0,915,250.0,0.0,0.0,0.0,3,[4],2
2,10,x7fdcf51c3be0,916,650.0,1.0,1.0,0.0,3,[14],2
2,10,x7fdcf51c3be0,917,250.0,0.0,0.0,0.0,2,[4],2
2,10,x7fdcf51c3be0,918,568.0,1.0,1.0,0.02,4,[5],4
2,10,x7fdcf51c3be0,919,550.0,0.0,1.0,0.02,3,[14],2
2,10,x7fdcf51c3be0,920,250.0,0.0,0.0,0.0,2,[5],3
2,10,x7fdcf51c3be0,921,250.0,0.0,0.0,0.0,3,[14],3
2,10,x7fdcf51c3be0,922,250.0,0.0,0.0,0.02,2,[0],2
2,10,x7fdcf51c3be0,923,250.0,0.0,0.0,0.0,2,[6],2
2,10,x7fdcf51c3be0,924,-150.0,0.0,0.0,0.0,3,[14],2
2,10,x7fdcf51c3be0,925,-150.0,0.0,0.0,0.0,3,[14],2
2,10,x7fdcf51c3be0,926,237.0,0.0,0.0,0.0,3,[14],0
2,10,x7fdcf51c3be0,927,350.0,1.0,0.0,0.02,3,[14],4
2,10,x7fdcf51c3be0,928,115.0,1.0,0.0,0.01,4,[6],4
2,10,x7fdcf51c3be0,929,550.0,0.0,1.0,0.02,3,[14],3
2,10,x7fdcf51c3be0,930,650.0,1.0,1.0,0.0,2,[5],3
2,10,x7fdcf51c3be0,931,550.0,0.0,1.0,0.01,2,[0],2
2,10,x7fdcf51c3be0,932,150.0,1.0,0.0,0.02,3,[14],4
2,10,x7fdcf51c3be0,933,416.0,1.0,1.0,0.01,4,[11],4
2,10,x7fdcf51c3be0,934,250.0,0.0,0.0,0.02,3,[14],2
2,10,x7fdcf51c3be0,935,550.0,0.0,1.0,0.02,2,[14],1
2,10,x7fdcf51c3be0,936,550.0,0.0,1.0,0.02,3,[14],2
2,10,x7fdcf51c3be0,937,250.0,0.0,0.0,0.02,3,[14],2
2,10,x7fdcf51c3be0,938,550.0,0.0,1.0,0.0,2,[4],2
2,10,x7fdcf51c3be0,939,350.0,1.0,0.0,0.0,3,[11],2
2,10,x7fdcf51c3be0,940,250.0,0.0,0.0,0.02,3,[14],2
2,10,x7fdcf51c3be0,941,250.0,0.0,0.0,0.02,3,[14],2
2,10,x7fdcf51c3be0,942,157.0,0.0,0.0,0.02,3,[14],2
2,10,x7fdcf51c3be0,943,250.0,0.0,0.0,0.0,5,[4],3
2,10,x7fdcf51c3be0,944,-150.0,1.0,0.0,0.02,3,[1],4
2,10,x7fdcf51c3be0,945,250.0,0.0,1.0,0.0,3,[5],3
2,10,x7fdcf51c3be0,946,361.0,0.0,1.0,0.02,3,[0],3
2,10,x7fdcf51c3be0,947,-150.0,1.0,0.0,0.02,3,[1],4
2,10,x7fdcf51c3be0,948,250.0,0.0,0.0,0.02,3,[14],2
2,10,x7fdcf51c3be0,949,250.0,0.0,0.0,0.02,3,[14],2
2,10,x7fdcf51c3be0,950,100.0,1.0,0.0,0.0,4,[5],4
2,10,x7fdcf51c3be0,951,-133.0,0.0,0.0,0.01,3,[0],1
2,10,x7fdcf51c3be0,952,150.0,1.0,0.0,0.02,2,[0],2
2,10,x7fdcf51c3be0,953,250.0,0.0,0.0,0.01,2,[11],3
2,10,x7fdcf51c3be0,954,100.0,1.0,0.0,0.02,5,[6],4
2,10,x7fdcf51c3be0,955,-150.0,1.0,0.0,0.02,5,[1],4
2,10,x7fdcf51c3be0,956,250.0,0.0,0.0,0.02,5,[4],3
2,10,x7fdcf51c3be0,957,-282.0,0.0,0.0,0.01,4,[11],3
2,10,x7fdcf51c3be0,958,250.0,0.0,0.0,0.02,4,[4],3
2,10,x7fdcf51c3be0,959,250.0,0.0,0.0,0.0,3,[14],2
2,10,x7fdcf51c3be0,960,103.0,0.0,0.0,0.0,3,[5],3
2,10,x7fdcf51c3be0,961,250.0,0.0,0.0,0.0,2,[14],1
2,10,x7fdcf51c3be0,962,50.0,0.0,0.0,0.02,2,[0],4
2,10,x7fdcf51c3be0,963,250.0,0.0,0.0,0.0,3,[4],3
2,10,x7fdcf51c3be0,964,250.0,0.0,0.0,0.0,3,[14],2
2,10,x7fdcf51c3be0,965,50.0,0.0,0.0,0.0,2,[4],2
2,10,x7fdcf51c3be0,966,250.0,0.0,0.0,0.0,2,[14],1
2,10,x7fdcf51c3be0,967,-71.0,1.0,0.0,0.02,3,[0],4
2,10,x7fdcf51c3be0,968,250.0,0.0,0.0,0.02,3,[14],2
2,10,x7fdcf51c3be0,969,250.0,0.0,1.0,0.02,3,[1],3
2,10,x7fdcf51c3be0,970,169.0,0.0,0.0,0.02,3,[14],2
2,10,x7fdcf51c3be0,971,150.0,1.0,0.0,0.0,3,[4],1
2,10,x7fdcf51c3be0,972,207.0,0.0,0.0,0.0,3,[14],2
2,10,x7fdcf51c3be0,973,550.0,0.0,1.0,0.02,2,[0],2
2,10,x7fdcf51c3be0,974,550.0,0.0,1.0,0.0,3,[4],3
2,10,x7fdcf51c3be0,975,155.0,0.0,0.0,0.0,3,[14],2
2,10,x7fdcf51c3be0,976,550.0,0.0,1.0,0.0,2,[4],2
2,10,x7fdcf51c3be0,977,-301.0,0.0,0.0,0.02,4,[4],3
2,10,x7fdcf51c3be0,978,250.0,0.0,0.0,0.02,2,[6],3
2,10,x7fdcf51c3be0,979,550.0,0.0,1.0,0.0,3,[14],2
2,10,x7fdcf51c3be0,980,-150.0,0.0,0.0,0.02,2,[0],1
2,10,x7fdcf51c3be0,981,150.0,1.0,0.0,0.02,2,[0],2
2,10,x7fdcf51c3be0,982,104.0,1.0,0.0,0.0,4,[6],4
2,10,x7fdcf51c3be0,983,-150.0,1.0,0.0,0.02,3,[1],4
2,10,x7fdcf51c3be0,984,-149.0,1.0,0.0,0.02,3,[0],4
2,10,x7fdcf51c3be0,985,58.0,1.0,0.0,0.0,5,[6],4
2,10,x7fdcf51c3be0,986,110.0,1.0,0.0,0.01,5,[5],4
2,10,x7fdcf51c3be0,987,550.0,0.0,1.0,0.01,2,[11],3
2,10,x7fdcf51c3be0,988,42.0,0.0,1.0,0.02,5,[5],3
2,10,x7fdcf51c3be0,989,-150.0,0.0,0.0,0.01,2,[11],1
2,10,x7fdcf51c3be0,990,-150.0,0.0,0.0,0.02,3,[14],2
2,10,x7fdcf51c3be0,991,50.0,0.0,0.0,0.02,2,[0],2
2,10,x7fdcf51c3be0,992,550.0,0.0,1.0,0.02,2,[14],3
2,10,x7fdcf51c3be0,993,-150.0,1.0,0.0,0.02,4,[0],4
2,10,x7fdcf51c3be0,994,150.0,1.0,0.0,0.01,2,[11],0
2,10,x7fdcf51c3be0,995,250.0,0.0,0.0,0.02,5,[4],3
2,10,x7fdcf51c3be0,996,237.0,0.0,0.0,0.0,4,[14],3
2,10,x7fdcf51c3be0,997,-150.0,0.0,0.0,0.0,4,[4],0
2,10,x7fdcf51c3be0,998,-122.0,1.0,0.0,0.01,3,[0],4
2,10,x7fdcf51c3be0,999,85.0,1.0,0.0,0.0,5,[6],4
2,10,x7fdcf51c3be0,1000,250.0,0.0,0.0,0.01,3,[11],3
2,10,x7fdcf51c3be0,1001,250.0,1.0,0.0,0.02,3,[14],2
2,10,x7fdcf51c3be0,1002,450.0,1.0,1.0,0.02,2,[0],2
2,10,x7fdcf51c3be0,1003,381.0,1.0,1.0,0.0,4,[6],4
2,10,x7fdcf51c3be0,1004,150.0,0.0,1.0,0.0,3,[11],1
2,10,x7fdcf51c3be0,1005,-150.0,0.0,0.0,0.02,2,[0],2
2,10,x7fdcf51c3be0,1006,-150.0,1.0,0.0,0.02,4,[0],4
2,10,x7fdcf51c3be0,1007,-228.0,0.0,0.0,0.02,5,[0],4
2,10,x7fdcf51c3be0,1008,250.0,0.0,0.0,0.01,4,[4],3
2,10,x7fdcf51c3be0,1009,250.0,0.0,0.0,0.0,3,[11],2
2,10,x7fdcf51c3be0,1010,250.0,0.0,0.0,0.0,3,[4],3
2,10,x7fdcf51c3be0,1011,250.0,0.0,0.0,0.01,2,[5],3
2,10,x7fdcf51c3be0,1012,250.0,0.0,0.0,0.01,4,[11],3
2,10,x7fdcf51c3be0,1013,250.0,0.0,0.0,0.02,3,[14],2
2,10,x7fdcf51c3be0,1014,50.0,0.0,0.0,0.01,2,[0],2
2,10,x7fdcf51c3be0,1015,250.0,0.0,0.0,0.01,3,[14],3
2,10,x7fdcf51c3be0,1016,250.0,0.0,1.0,0.02,2,[1],3
2,10,x7fdcf51c3be0,1017,-350.0,0.0,0.0,0.0,3,[14],2
2,10,x7fdcf51c3be0,1018,148.0,0.0,0.0,0.02,3,[14],1
2,10,x7fdcf51c3be0,1019,387.0,0.0,1.0,0.02,3,[0],3
2,10,x7fdcf51c3be0,1020,250.0,0.0,0.0,0.0,3,[4],2
2,10,x7fdcf51c3be0,1021,250.0,0.0,0.0,0.02,2,[4],1
2,10,x7fdcf51c3be0,1022,-13.0,0.0,0.0,0.02,5,[0],0
2,10,x7fdcf51c3be0,1023,150.0,0.0,1.0,0.01,5,[4],3
2,10,x7fdcf51c3be0,1024,250.0,0.0,0.0,0.01,3,[11],1
2,10,x7fdcf51c3be0,1025,250.0,0.0,0.0,0.0,2,[6],1
2,10,x7fdcf51c3be0,1026,-108.0,0.0,0.0,0.02,3,[0],4
2,10,x7fdcf51c3be0,1027,150.0,0.0,1.0,0.02,2,[0],2
2,10,x7fdcf51c3be0,1028,350.0,1.0,1.0,0.01,2,[11],0
2,10,x7fdcf51c3be0,1029,231.0,0.0,0.0,0.01,3,[11],3
2,10,x7fdcf51c3be0,1030,250.0,0.0,0.0,0.02,3,[14],2
2,10,x7fdcf51c3be0,1031,250.0,1.0,0.0,0.02,3,[14],4
2,10,x7fdcf51c3be0,1032,250.0,0.0,0.0,0.02,3,[14],3
2,10,x7fdcf51c3be0,1033,150.0,1.0,0.0,0.02,2,[14],4
2,10,x7fdcf51c3be0,1034,524.0,0.0,1.0,0.02,5,[5],3
2,10,x7fdcf51c3be0,1035,250.0,0.0,0.0,0.02,5,[4],3
2,10,x7fdcf51c3be0,1036,550.0,0.0,1.0,0.01,3,[14],1
2,10,x7fdcf51c3be0,1037,50.0,0.0,0.0,0.02,2,[0],2
2,10,x7fdcf51c3be0,1038,362.0,1.0,1.0,0.02,3,[0],4
2,10,x7fdcf51c3be0,1039,509.0,1.0,1.0,0.0,5,[6],4
2,10,x7fdcf51c3be0,1040,250.0,0.0,0.0,0.02,2,[14],3
2,10,x7fdcf51c3be0,1041,-154.0,0.0,0.0,0.02,5,[4],2
2,10,x7fdcf51c3be0,1042,250.0,0.0,0.0,0.01,4,[4],3
2,10,x7fdcf51c3be0,1043,250.0,0.0,0.0,0.0,3,[14],2
2,10,x7fdcf51c3be0,1044,550.0,0.0,1.0,0.0,3,[4],2
2,10,x7fdcf51c3be0,1045,250.0,0.0,0.0,0.0,3,[14],0
2,10,x7fdcf51c3be0,1046,250.0,0.0,0.0,0.02,2,[0],2
2,10,x7fdcf51c3be0,1047,250.0,0.0,0.0,0.02,2,[0],2
2,10,x7fdcf51c3be0,1048,250.0,0.0,0.0,0.0,4,[4],3
2,10,x7fdcf51c3be0,1049,250.0,0.0,0.0,0.0,3,[14],3
2,10,x7fdcf51c3be0,1050,550.0,0.0,1.0,0.02,3,[14],3
2,10,x7fdcf51c3be0,1051,550.0,0.0,1.0,0.0,3,[6],3
2,10,x7fdcf51c3be0,1052,250.0,0.0,0.0,0.02,3,[14],3
2,10,x7fdcf51c3be0,1053,250.0,0.0,0.0,0.0,2,[6],1
2,10,x7fdcf51c3be0,1054,-150.0,1.0,0.0,0.02,3,[1],4
2,10,x7fdcf51c3be0,1055,250.0,0.0,0.0,0.02,3,[14],3
2,10,x7fdcf51c3be0,1056,50.0,0.0,0.0,0.02,2,[0],4
2,10,x7fdcf51c3be0,1057,64.0,1.0,0.0,0.02,5,[5],4
2,10,x7fdcf51c3be0,1058,250.0,0.0,0.0,0.02,2,[0],2
2,10,x7fdcf51c3be0,1059,250.0,0.0,0.0,0.0,5,[4],2
2,10,x7fdcf51c3be0,1060,250.0,0.0,0.0,0.0,5,[4],2
2,10,x7fdcf51c3be0,1061,250.0,0.0,0.0,0.0,5,[4],2
2,10,x7fdcf51c3be0,1062,250.0,0.0,0.0,0.0,3,[14],2
2,10,x7fdcf51c3be0,1063,250.0,0.0,0.0,0.02,2,[14],3
2,10,x7fdcf51c3be0,1064,-150.0,0.0,0.0,0.02,5,[4],3
2,10,x7fdcf51c3be0,1065,250.0,0.0,0.0,0.02,2,[14],3
2,10,x7fdcf51c3be0,1066,99.0,1.0,0.0,0.02,5,[6],4
2,10,x7fdcf51c3be0,1067,250.0,0.0,0.0,0.01,4,[4],3
2,10,x7fdcf51c3be0,1068,308.0,1.0,0.0,0.0,4,[11],4
2,10,x7fdcf51c3be0,1069,150.0,1.0,0.0,0.02,2,[14],2
2,10,x7fdcf51c3be0,1070,650.0,1.0,1.0,0.02,3,[14],4
2,10,x7fdcf51c3be0,1071,550.0,0.0,1.0,0.02,3,[14],3
2,10,x7fdcf51c3be0,1072,650.0,1.0,1.0,0.0,3,[5],4
2,10,x7fdcf51c3be0,1073,-174.0,0.0,0.0,0.02,3,[0],4
2,10,x7fdcf51c3be0,1074,-150.0,0.0,1.0,0.02,3,[1],3
2,10,x7fdcf51c3be0,1075,-293.0,0.0,0.0,0.01,4,[6],3
2,10,x7fdcf51c3be0,1076,550.0,0.0,1.0,0.0,3,[11],2
2,10,x7fdcf51c3be0,1077,-150.0,1.0,0.0,0.02,3,[1],4
2,10,x7fdcf51c3be0,1078,-150.0,1.0,0.0,0.02,3,[1],4
2,10,x7fdcf51c3be0,1079,350.0,1.0,0.0,0.0,4,[4],4
2,10,x7fdcf51c3be0,1080,111.0,1.0,0.0,0.01,4,[11],4
2,10,x7fdcf51c3be0,1081,-144.0,1.0,0.0,0.02,3,[0],4
2,10,x7fdcf51c3be0,1082,-150.0,0.0,0.0,0.01,2,[11],2
2,10,x7fdcf51c3be0,1083,119.0,1.0,0.0,0.02,4,[6],4
2,10,x7fdcf51c3be0,1084,250.0,0.0,0.0,0.0,3,[14],2
2,10,x7fdcf51c3be0,1085,251.0,1.0,0.0,0.0,4,[4],2
2,10,x7fdcf51c3be0,1086,50.0,0.0,0.0,0.01,2,[0],2
2,10,x7fdcf51c3be0,1087,250.0,0.0,0.0,0.0,5,[4],3
2,10,x7fdcf51c3be0,1088,250.0,0.0,0.0,0.01,5,[4],3
2,10,x7fdcf51c3be0,1089,350.0,1.0,0.0,0.01,3,[14],4
2,10,x7fdcf51c3be0,1090,50.0,0.0,0.0,0.02,2,[0],2
2,10,x7fdcf51c3be0,1091,-50.0,0.0,0.0,0.02,2,[14],3
2,10,x7fdcf51c3be0,1092,250.0,0.0,0.0,0.02,5,[4],3
2,10,x7fdcf51c3be0,1093,50.0,0.0,0.0,0.01,2,[0],2
2,10,x7fdcf51c3be0,1094,231.0,0.0,0.0,0.0,4,[5],3
2,10,x7fdcf51c3be0,1095,-250.0,0.0,0.0,0.02,2,[0],1
2,10,x7fdcf51c3be0,1096,250.0,0.0,0.0,0.0,5,[4],3
2,10,x7fdcf51c3be0,1097,550.0,0.0,1.0,0.01,3,[14],3
2,10,x7fdcf51c3be0,1098,550.0,0.0,1.0,0.0,2,[6],3
2,10,x7fdcf51c3be0,1099,250.0,0.0,0.0,0.02,3,[14],3
2,10,x7fdcf51c3be0,1100,232.0,0.0,0.0,0.0,4,[6],3
2,10,x7fdcf51c3be0,1101,250.0,0.0,0.0,0.01,3,[11],3
2,10,x7fdcf51c3be0,1102,250.0,0.0,0.0,0.02,2,[0],3
2,10,x7fdcf51c3be0,1103,250.0,0.0,0.0,0.02,3,[14],1
2,10,x7fdcf51c3be0,1104,350.0,0.0,1.0,0.02,2,[0],2
2,10,x7fdcf51c3be0,1105,150.0,1.0,1.0,0.02,5,[1],4
2,10,x7fdcf51c3be0,1106,150.0,1.0,1.0,0.0,2,[14],0
2,10,x7fdcf51c3be0,1107,250.0,0.0,0.0,0.02,4,[4],3
2,10,x7fdcf51c3be0,1108,550.0,0.0,1.0,0.0,4,[14],3
2,10,x7fdcf51c3be0,1109,250.0,0.0,0.0,0.0,4,[4],2
2,10,x7fdcf51c3be0,1110,50.0,0.0,0.0,0.01,2,[0],2
2,10,x7fdcf51c3be0,1111,250.0,0.0,0.0,0.01,4,[11],3
2,10,x7fdcf51c3be0,1112,250.0,0.0,0.0,0.02,3,[14],2
2,10,x7fdcf51c3be0,1113,396.0,0.0,1.0,0.02,3,[0],3
2,10,x7fdcf51c3be0,1114,250.0,0.0,0.0,0.02,5,[4],3
2,10,x7fdcf51c3be0,1115,250.0,0.0,0.0,0.01,3,[14],3
2,10,x7fdcf51c3be0,1116,-150.0,0.0,0.0,0.02,2,[0],2
2,10,x7fdcf51c3be0,1117,-150.0,1.0,0.0,0.02,4,[1],4
2,10,x7fdcf51c3be0,1118,550.0,0.0,1.0,0.02,4,[4],3
2,10,x7fdcf51c3be0,1119,-450.0,0.0,0.0,0.02,2,[1],3
2,10,x7fdcf51c3be0,1120,250.0,0.0,0.0,0.02,5,[4],3
2,10,x7fdcf51c3be0,1121,250.0,0.0,0.0,0.01,5,[4],3
2,10,x7fdcf51c3be0,1122,-150.0,1.0,0.0,0.01,4,[1],4
2,10,x7fdcf51c3be0,1123,250.0,0.0,0.0,0.01,2,[11],3
2,10,x7fdcf51c3be0,1124,104.0,1.0,0.0,0.02,5,[6],4
2,10,x7fdcf51c3be0,1125,-150.0,1.0,0.0,0.01,4,[1],4
2,10,x7fdcf51c3be0,1126,250.0,0.0,0.0,0.02,2,[14],3
2,10,x7fdcf51c3be0,1127,250.0,0.0,0.0,0.02,5,[5],3
2,10,x7fdcf51c3be0,1128,199.0,0.0,0.0,0.01,4,[11],3
2,10,x7fdcf51c3be0,1129,250.0,1.0,1.0,0.02,3,[1],4
2,10,x7fdcf51c3be0,1130,289.0,1.0,1.0,0.0,4,[6],4
2,10,x7fdcf51c3be0,1131,-130.0,1.0,0.0,0.01,4,[0],4
2,10,x7fdcf51c3be0,1132,-50.0,0.0,0.0,0.02,2,[14],3
2,10,x7fdcf51c3be0,1133,250.0,0.0,0.0,0.02,2,[14],3
2,10,x7fdcf51c3be0,1134,80.0,1.0,0.0,0.02,5,[6],4
2,10,x7fdcf51c3be0,1135,550.0,1.0,1.0,0.01,3,[14],4
2,10,x7fdcf51c3be0,1136,150.0,0.0,1.0,0.0,3,[4],2
2,10,x7fdcf51c3be0,1137,-150.0,1.0,0.0,0.01,2,[1],4
2,10,x7fdcf51c3be0,1138,191.0,1.0,0.0,0.0,4,[4],4
2,10,x7fdcf51c3be0,1139,-150.0,1.0,0.0,0.02,2,[1],4
2,10,x7fdcf51c3be0,1140,145.0,1.0,0.0,0.0,4,[5],4
2,10,x7fdcf51c3be0,1141,250.0,0.0,0.0,0.0,3,[14],3
2,10,x7fdcf51c3be0,1142,-71.0,1.0,0.0,0.0,3,[5],4
2,10,x7fdcf51c3be0,1143,350.0,1.0,0.0,0.0,4,[14],4
2,10,x7fdcf51c3be0,1144,350.0,1.0,0.0,0.0,3,[6],4
2,10,x7fdcf51c3be0,1145,150.0,1.0,0.0,0.02,3,[14],4
2,10,x7fdcf51c3be0,1146,550.0,0.0,1.0,0.02,2,[0],2
2,10,x7fdcf51c3be0,1147,100.0,1.0,0.0,0.0,4,[5],4
2,10,x7fdcf51c3be0,1148,150.0,1.0,0.0,0.02,3,[14],4
2,10,x7fdcf51c3be0,1149,12.0,1.0,0.0,0.0,4,[5],4
2,10,x7fdcf51c3be0,1150,-50.0,0.0,0.0,0.02,3,[1],3
2,10,x7fdcf51c3be0,1151,150.0,1.0,0.0,0.0,4,[4],2
2,10,x7fdcf51c3be0,1152,-250.0,0.0,0.0,0.02,3,[1],1
2,10,x7fdcf51c3be0,1153,99.0,0.0,0.0,0.01,4,[11],3
2,10,x7fdcf51c3be0,1154,250.0,0.0,0.0,0.02,2,[0],4
2,10,x7fdcf51c3be0,1155,250.0,0.0,0.0,0.02,2,[0],2
2,10,x7fdcf51c3be0,1156,250.0,0.0,0.0,0.0,5,[4],3
2,10,x7fdcf51c3be0,1157,250.0,0.0,0.0,0.01,4,[4],3
2,10,x7fdcf51c3be0,1158,250.0,0.0,0.0,0.02,4,[4],3
2,10,x7fdcf51c3be0,1159,100.0,0.0,0.0,0.02,4,[5],3
2,10,x7fdcf51c3be0,1160,250.0,0.0,0.0,0.0,3,[14],3
2,10,x7fdcf51c3be0,1161,250.0,0.0,0.0,0.02,2,[0],2
2,10,x7fdcf51c3be0,1162,250.0,0.0,0.0,0.0,4,[4],3
2,10,x7fdcf51c3be0,1163,250.0,0.0,0.0,0.0,3,[14],3
2,10,x7fdcf51c3be0,1164,150.0,0.0,0.0,0.0,4,[4],2
2,10,x7fdcf51c3be0,1165,250.0,0.0,0.0,0.01,4,[14],1
2,10,x7fdcf51c3be0,1166,-150.0,1.0,0.0,0.02,2,[1],4
2,10,x7fdcf51c3be0,1167,-41.0,1.0,0.0,0.0,3,[6],4
2,10,x7fdcf51c3be0,1168,250.0,0.0,0.0,0.0,2,[14],1
2,10,x7fdcf51c3be0,1169,-150.0,0.0,0.0,0.02,2,[0],2
2,10,x7fdcf51c3be0,1170,250.0,0.0,0.0,0.0,3,[4],3
2,10,x7fdcf51c3be0,1171,250.0,0.0,1.0,0.02,3,[1],3
2,10,x7fdcf51c3be0,1172,250.0,0.0,0.0,0.02,3,[14],3
2,10,x7fdcf51c3be0,1173,249.0,1.0,0.0,0.02,3,[14],2
2,10,x7fdcf51c3be0,1174,-246.0,0.0,0.0,0.0,4,[4],2
2,10,x7fdcf51c3be0,1175,-4.0,1.0,0.0,0.01,3,[0],4
2,10,x7fdcf51c3be0,1176,150.0,1.0,0.0,0.0,3,[5],4
2,10,x7fdcf51c3be0,1177,258.0,0.0,1.0,0.02,3,[0],3
2,10,x7fdcf51c3be0,1178,100.0,1.0,0.0,0.0,4,[5],4
2,10,x7fdcf51c3be0,1179,150.0,0.0,1.0,0.0,3,[14],2
2,10,x7fdcf51c3be0,1180,550.0,0.0,1.0,0.0,3,[4],2
2,10,x7fdcf51c3be0,1181,150.0,0.0,0.0,0.0,3,[14],2
2,10,x7fdcf51c3be0,1182,550.0,0.0,1.0,0.0,2,[4],2
2,10,x7fdcf51c3be0,1183,350.0,1.0,0.0,0.0,3,[14],2
2,10,x7fdcf51c3be0,1184,550.0,0.0,1.0,0.02,2,[0],2
2,10,x7fdcf51c3be0,1185,550.0,0.0,1.0,0.0,2,[6],3
2,10,x7fdcf51c3be0,1186,550.0,0.0,1.0,0.0,2,[14],1
2,10,x7fdcf51c3be0,1187,-50.0,0.0,0.0,0.02,2,[0],4
2,10,x7fdcf51c3be0,1188,22.0,1.0,0.0,0.02,3,[0],4
2,10,x7fdcf51c3be0,1189,550.0,0.0,1.0,0.0,2,[4],2
2,10,x7fdcf51c3be0,1190,60.0,1.0,0.0,0.02,5,[5],4
2,10,x7fdcf51c3be0,1191,550.0,0.0,1.0,0.01,2,[14],1
2,10,x7fdcf51c3be0,1192,150.0,1.0,1.0,0.02,3,[1],4
2,10,x7fdcf51c3be0,1193,250.0,0.0,1.0,0.02,3,[1],3
2,10,x7fdcf51c3be0,1194,150.0,1.0,1.0,0.02,5,[1],4
2,10,x7fdcf51c3be0,1195,400.0,0.0,1.0,0.02,4,[6],3
2,10,x7fdcf51c3be0,1196,350.0,1.0,1.0,0.01,3,[1],4
2,10,x7fdcf51c3be0,1197,-150.0,0.0,0.0,0.0,3,[4],3
2,10,x7fdcf51c3be0,1198,250.0,0.0,0.0,0.01,2,[0],2
2,10,x7fdcf51c3be0,1199,550.0,0.0,1.0,0.01,3,[11],3
2,10,x7fdcf51c3be0,1200,250.0,0.0,0.0,0.02,3,[14],3
2,10,x7fdcf51c3be0,1201,-50.0,0.0,0.0,0.02,2,[1],3
2,10,x7fdcf51c3be0,1202,-200.0,0.0,0.0,0.0,5,[5],2
2,10,x7fdcf51c3be0,1203,250.0,0.0,0.0,0.0,3,[11],2
2,10,x7fdcf51c3be0,1204,650.0,1.0,1.0,0.0,4,[4],4
2,10,x7fdcf51c3be0,1205,-15.0,1.0,0.0,0.01,3,[0],4
2,10,x7fdcf51c3be0,1206,250.0,0.0,0.0,0.02,2,[14],3
2,10,x7fdcf51c3be0,1207,83.0,1.0,0.0,0.02,5,[6],4
2,10,x7fdcf51c3be0,1208,400.0,0.0,1.0,0.01,4,[11],3
2,10,x7fdcf51c3be0,1209,350.0,1.0,0.0,0.02,3,[14],2
2,10,x7fdcf51c3be0,1210,250.0,0.0,0.0,0.0,4,[4],2
2,10,x7fdcf51c3be0,1211,405.0,0.0,1.0,0.01,3,[11],3
2,10,x7fdcf51c3be0,1212,250.0,0.0,0.0,0.02,3,[14],3
2,10,x7fdcf51c3be0,1213,250.0,0.0,0.0,0.02,3,[14],3
2,10,x7fdcf51c3be0,1214,-138.0,1.0,0.0,0.02,3,[0],4
2,10,x7fdcf51c3be0,1215,-150.0,0.0,0.0,0.0,4,[4],3
2,10,x7fdcf51c3be0,1216,250.0,0.0,0.0,0.01,3,[14],3
2,10,x7fdcf51c3be0,1217,250.0,0.0,0.0,0.0,4,[4],3
2,10,x7fdcf51c3be0,1218,250.0,0.0,0.0,0.01,3,[11],3
2,10,x7fdcf51c3be0,1219,350.0,1.0,0.0,0.0,3,[4],2
2,10,x7fdcf51c3be0,1220,422.0,1.0,1.0,0.02,4,[0],4
2,10,x7fdcf51c3be0,1221,475.0,1.0,1.0,0.02,3,[0],4
2,10,x7fdcf51c3be0,1222,250.0,0.0,0.0,0.0,3,[4],3
2,10,x7fdcf51c3be0,1223,250.0,0.0,0.0,0.02,3,[14],3
2,10,x7fdcf51c3be0,1224,250.0,0.0,0.0,0.02,2,[0],2
2,10,x7fdcf51c3be0,1225,650.0,1.0,1.0,0.0,5,[4],4
2,10,x7fdcf51c3be0,1226,250.0,0.0,0.0,0.02,2,[0],2
2,10,x7fdcf51c3be0,1227,650.0,1.0,1.0,0.02,4,[4],4
2,10,x7fdcf51c3be0,1228,99.0,0.0,0.0,0.02,3,[0],3
2,10,x7fdcf51c3be0,1229,250.0,0.0,0.0,0.0,4,[4],2
2,10,x7fdcf51c3be0,1230,-150.0,1.0,0.0,0.02,3,[1],4
2,10,x7fdcf51c3be0,1231,250.0,0.0,0.0,0.01,2,[11],3
2,10,x7fdcf51c3be0,1232,-632.0,0.0,0.0,0.02,5,[0],0
2,10,x7fdcf51c3be0,1233,99.0,1.0,0.0,0.02,5,[6],4
2,10,x7fdcf51c3be0,1234,271.0,0.0,1.0,0.02,4,[0],3
2,10,x7fdcf51c3be0,1235,-150.0,1.0,0.0,0.01,2,[11],0
2,10,x7fdcf51c3be0,1236,550.0,0.0,1.0,0.02,2,[14],3
2,10,x7fdcf51c3be0,1237,98.0,1.0,0.0,0.02,5,[5],4
2,10,x7fdcf51c3be0,1238,388.0,1.0,1.0,0.01,6,[6],4
2,10,x7fdcf51c3be0,1239,165.0,0.0,0.0,0.0,3,[11],2
2,10,x7fdcf51c3be0,1240,-50.0,0.0,0.0,0.01,2,[11],3
2,10,x7fdcf51c3be0,1241,-150.0,0.0,0.0,0.02,2,[0],2
2,10,x7fdcf51c3be0,1242,-150.0,1.0,0.0,0.01,2,[11],4
2,10,x7fdcf51c3be0,1243,250.0,0.0,0.0,0.02,5,[4],3
2,10,x7fdcf51c3be0,1244,144.0,0.0,0.0,0.01,3,[14],2
2,10,x7fdcf51c3be0,1245,nan,0.0,0.0,0.02,2,[0],2
2,10,x7fdcf51c3be0,1246,550.0,0.0,1.0,0.0,5,[4],2
2,10,x7fdcf51c3be0,1247,50.0,0.0,0.0,0.02,2,[0],4
2,10,x7fdcf51c3be0,1248,556.0,1.0,1.0,0.01,3,[11],4
2,10,x7fdcf51c3be0,1249,450.0,0.0,1.0,0.02,3,[14],2
2,10,x7fdcf51c3be0,1250,-150.0,1.0,0.0,0.02,3,[1],4
2,10,x7fdcf51c3be0,1251,80.0,1.0,0.0,0.02,4,[6],4
2,10,x7fdcf51c3be0,1252,250.0,0.0,0.0,0.01,2,[0],2
2,10,x7fdcf51c3be0,1253,250.0,0.0,0.0,0.0,5,[4],3
2,10,x7fdcf51c3be0,1254,158.0,0.0,0.0,0.01,4,[6],2
2,10,x7fdcf51c3be0,1255,550.0,0.0,1.0,0.02,2,[0],0
2,10,x7fdcf51c3be0,1256,151.0,0.0,0.0,0.01,3,[11],2
2,10,x7fdcf51c3be0,1257,330.0,0.0,1.0,0.02,3,[0],0
2,10,x7fdcf51c3be0,1258,150.0,0.0,1.0,0.0,4,[4],0
2,10,x7fdcf51c3be0,1259,-250.0,0.0,0.0,0.01,2,[0],0
2,10,x7fdcf51c3be0,1260,150.0,0.0,1.0,0.0,5,[4],0
2,10,x7fdcf51c3be0,1261,250.0,0.0,0.0,0.01,3,[11],0
2,10,x7fdcf51c3be0,1262,250.0,0.0,0.0,0.02,2,[0],0
2,10,x7fdcf51c3be0,1263,-50.0,0.0,0.0,0.01,2,[11],0
2,10,x7fdcf51c3be0,1264,-150.0,0.0,0.0,0.01,2,[11],0
2,10,x7fdcf51c3be0,1265,50.0,0.0,1.0,0.02,4,[0],0
2,10,x7fdcf51c3be0,1266,-250.0,0.0,0.0,0.01,4,[0],0
2,10,x7fdcf51c3be0,1267,50.0,0.0,1.0,0.01,4,[0],0
2,10,x7fdcf51c3be0,1268,-236.0,0.0,0.0,0.01,5,[0],0
2,10,x7fdcf51c3be0,1269,250.0,0.0,1.0,0.01,2,[11],0
2,10,x7fdcf51c3be0,1270,-250.0,0.0,0.0,0.02,4,[0],0
2,10,x7fdcf51c3be0,1271,-149.0,1.0,0.0,0.01,5,[0],0
2,10,x7fdcf51c3be0,1272,-235.0,0.0,0.0,0.02,5,[0],0
2,10,x7fdcf51c3be0,1273,-250.0,0.0,0.0,0.0,2,[14],0
2,10,x7fdcf51c3be0,1274,-150.0,1.0,0.0,0.02,4,[0],0
2,10,x7fdcf51c3be0,1275,-250.0,0.0,0.0,0.01,4,[0],0
2,10,x7fdcf51c3be0,1276,-250.0,0.0,0.0,0.01,4,[0],0
2,10,x7fdcf51c3be0,1277,-602.0,0.0,0.0,0.01,5,[0],0
2,10,x7fdcf51c3be0,1278,-150.0,1.0,0.0,0.0,2,[11],0
2,10,x7fdcf51c3be0,1279,50.0,0.0,0.0,0.01,2,[11],0
2,10,x7fdcf51c3be0,1280,-586.0,0.0,0.0,0.02,5,[0],0
2,10,x7fdcf51c3be0,1281,-250.0,0.0,0.0,0.0,2,[14],0
2,10,x7fdcf51c3be0,1282,-250.0,0.0,0.0,0.01,2,[11],0
2,10,x7fdcf51c3be0,1283,301.0,0.0,1.0,0.01,4,[11],0
2,10,x7fdcf51c3be0,1284,-241.0,0.0,0.0,0.02,3,[0],0
2,10,x7fdcf51c3be0,1285,249.0,0.0,0.0,0.0,5,[4],0
2,10,x7fdcf51c3be0,1286,50.0,0.0,0.0,0.01,3,[11],0
2,10,x7fdcf51c3be0,1287,250.0,0.0,0.0,0.01,3,[11],0
2,10,x7fdcf51c3be0,1288,-241.0,0.0,0.0,0.02,3,[0],0
2,10,x7fdcf51c3be0,1289,550.0,0.0,1.0,0.0,5,[4],0
2,10,x7fdcf51c3be0,1290,-335.0,0.0,0.0,0.0,4,[14],0
2,10,x7fdcf51c3be0,1291,-150.0,0.0,0.0,0.0,4,[4],0
2,10,x7fdcf51c3be0,1292,-7.0,0.0,0.0,0.01,3,[0],0
2,10,x7fdcf51c3be0,1293,250.0,0.0,0.0,0.01,2,[11],0
2,10,x7fdcf51c3be0,1294,-150.0,0.0,0.0,0.01,2,[11],0
2,10,x7fdcf51c3be0,1295,-450.0,0.0,0.0,0.01,2,[11],0
2,10,x7fdcf51c3be0,1296,250.0,0.0,0.0,0.01,3,[11],0
2,10,x7fdcf51c3be0,1297,250.0,0.0,1.0,0.02,3,[0],0
2,10,x7fdcf51c3be0,1298,-150.0,0.0,0.0,0.0,5,[4],0
2,10,x7fdcf51c3be0,1299,-432.0,0.0,0.0,0.01,3,[0],0
2,10,x7fdcf51c3be0,1300,-229.0,0.0,0.0,0.02,3,[0],0
2,10,x7fdcf51c3be0,1301,150.0,0.0,1.0,0.0,5,[4],0
2,10,x7fdcf51c3be0,1302,168.0,0.0,1.0,0.02,5,[0],0
2,10,x7fdcf51c3be0,1303,350.0,0.0,1.0,0.01,2,[11],0
2,10,x7fdcf51c3be0,1304,350.0,0.0,1.0,0.01,2,[11],0
2,10,x7fdcf51c3be0,1305,-250.0,0.0,0.0,0.01,2,[11],0
2,10,x7fdcf51c3be0,1306,-450.0,0.0,0.0,0.01,2,[11],0
2,10,x7fdcf51c3be0,1307,-250.0,0.0,0.0,0.02,4,[0],0
