0,10,x7f4a46a66100,1,50.0,0.0,0.0,0.0,2,[4],1
0,10,x7f4a46a66100,2,-250.0,0.0,0.0,0.0,3,[4],0
0,10,x7f4a46a66100,3,-350.0,0.0,0.0,0.03,4,[4],1
0,10,x7f4a46a66100,4,650.0,1.0,1.0,0.04,5,[4],3
0,10,x7f4a46a66100,5,550.0,0.0,1.0,0.03,5,[4],2
0,10,x7f4a46a66100,6,400.0,0.0,1.0,0.02,5,[0],3
0,10,x7f4a46a66100,7,-250.0,0.0,0.0,0.02,2,[14],0
0,10,x7f4a46a66100,8,-29.0,0.0,0.0,0.02,5,[0],4
0,10,x7f4a46a66100,9,250.0,0.0,0.0,0.03,5,[4],2
0,10,x7f4a46a66100,10,-24.0,0.0,0.0,0.02,4,[0],4
0,10,x7f4a46a66100,11,650.0,1.0,1.0,0.04,2,[6],2
0,10,x7f4a46a66100,12,250.0,0.0,0.0,0.04,4,[4],2
0,10,x7f4a46a66100,13,550.0,0.0,1.0,0.01,2,[5],2
0,10,x7f4a46a66100,14,-50.0,1.0,0.0,0.02,4,[0],4
0,10,x7f4a46a66100,15,250.0,0.0,0.0,0.03,2,[11],2
0,10,x7f4a46a66100,16,150.0,0.0,0.0,0.01,3,[14],0
0,10,x7f4a46a66100,17,-244.0,0.0,0.0,0.02,4,[0],4
0,10,x7f4a46a66100,18,-250.0,0.0,0.0,0.01,2,[6],4
0,10,x7f4a46a66100,19,250.0,0.0,1.0,0.02,3,[0],4
0,10,x7f4a46a66100,20,250.0,0.0,0.0,0.04,2,[6],1
0,10,x7f4a46a66100,21,-137.0,0.0,0.0,0.02,4,[0],0
0,10,x7f4a46a66100,22,149.0,0.0,0.0,0.04,4,[4],2
0,10,x7f4a46a66100,23,350.0,1.0,0.0,0.01,3,[11],3
0,10,x7f4a46a66100,24,99.0,0.0,0.0,0.02,3,[0],4
0,10,x7f4a46a66100,25,-650.0,0.0,0.0,0.03,3,[11],0
0,10,x7f4a46a66100,26,250.0,0.0,1.0,0.02,3,[1],3
0,10,x7f4a46a66100,27,-350.0,0.0,0.0,0.04,3,[4],2
0,10,x7f4a46a66100,28,-499.0,0.0,0.0,0.02,3,[0],0
0,10,x7f4a46a66100,29,40.0,1.0,0.0,0.03,3,[0],0
0,10,x7f4a46a66100,30,-1.0,0.0,1.0,0.02,4,[6],3
0,10,x7f4a46a66100,31,-350.0,0.0,0.0,0.04,3,[6],1
0,10,x7f4a46a66100,32,101.0,0.0,0.0,0.03,3,[5],2
0,10,x7f4a46a66100,33,90.0,1.0,0.0,0.04,4,[4],4
0,10,x7f4a46a66100,34,-250.0,0.0,0.0,0.01,5,[5],2
0,10,x7f4a46a66100,35,-79.0,1.0,0.0,0.02,4,[14],0
0,10,x7f4a46a66100,36,50.0,0.0,0.0,0.02,2,[0],0
0,10,x7f4a46a66100,37,79.0,0.0,0.0,0.02,5,[14],0
0,10,x7f4a46a66100,38,550.0,0.0,1.0,0.03,2,[0],3
0,10,x7f4a46a66100,39,150.0,0.0,0.0,0.02,5,[4],2
0,10,x7f4a46a66100,40,406.0,0.0,1.0,0.04,5,[4],4
0,10,x7f4a46a66100,41,50.0,0.0,0.0,0.02,2,[0],4
0,10,x7f4a46a66100,42,50.0,0.0,0.0,0.04,5,[4],1
0,10,x7f4a46a66100,43,50.0,0.0,0.0,0.02,2,[0],1
0,10,x7f4a46a66100,44,550.0,0.0,1.0,0.04,5,[4],1
0,10,x7f4a46a66100,45,-150.0,1.0,0.0,0.03,2,[1],4
0,10,x7f4a46a66100,46,-234.0,0.0,0.0,0.0,5,[11],0
0,10,x7f4a46a66100,47,150.0,0.0,0.0,0.04,4,[4],2
0,10,x7f4a46a66100,48,550.0,0.0,1.0,0.02,2,[0],3
0,10,x7f4a46a66100,49,401.0,0.0,1.0,0.04,5,[6],3
0,10,x7f4a46a66100,50,250.0,0.0,0.0,0.03,2,[0],0
0,10,x7f4a46a66100,51,-247.0,0.0,0.0,0.0,5,[14],0
0,10,x7f4a46a66100,52,150.0,0.0,0.0,0.04,4,[4],4
0,10,x7f4a46a66100,53,50.0,0.0,0.0,0.02,2,[0],0
0,10,x7f4a46a66100,54,-248.0,0.0,1.0,0.02,5,[14],0
0,10,x7f4a46a66100,55,250.0,0.0,0.0,0.02,2,[0],0
0,10,x7f4a46a66100,56,45.0,1.0,0.0,0.01,5,[11],4
0,10,x7f4a46a66100,57,50.0,0.0,0.0,0.02,2,[0],0
0,10,x7f4a46a66100,58,140.0,0.0,0.0,0.04,5,[4],4
0,10,x7f4a46a66100,59,550.0,0.0,1.0,0.03,2,[0],2
0,10,x7f4a46a66100,60,550.0,0.0,1.0,0.01,5,[4],3
0,10,x7f4a46a66100,61,-103.0,0.0,0.0,0.02,5,[14],0
0,10,x7f4a46a66100,62,550.0,0.0,1.0,0.03,2,[0],0
0,10,x7f4a46a66100,63,149.0,0.0,0.0,0.02,5,[4],1
0,10,x7f4a46a66100,64,50.0,0.0,0.0,0.02,2,[0],0
0,10,x7f4a46a66100,65,-155.0,0.0,0.0,0.02,5,[14],0
0,10,x7f4a46a66100,66,550.0,0.0,1.0,0.02,2,[0],3
0,10,x7f4a46a66100,67,-157.0,0.0,0.0,0.02,5,[14],0
0,10,x7f4a46a66100,68,250.0,0.0,0.0,0.03,2,[0],0
0,10,x7f4a46a66100,69,550.0,0.0,1.0,0.02,5,[4],3
0,10,x7f4a46a66100,70,50.0,0.0,0.0,0.04,5,[4],4
0,10,x7f4a46a66100,71,-150.0,0.0,0.0,0.03,2,[0],1
0,10,x7f4a46a66100,72,-250.0,0.0,0.0,0.0,5,[11],0
0,10,x7f4a46a66100,73,155.0,0.0,1.0,0.02,4,[14],0
0,10,x7f4a46a66100,74,350.0,1.0,0.0,0.02,2,[0],0
0,10,x7f4a46a66100,75,-50.0,0.0,0.0,0.02,2,[1],3
0,10,x7f4a46a66100,76,303.0,0.0,1.0,0.02,5,[14],0
0,10,x7f4a46a66100,77,50.0,0.0,0.0,0.03,2,[0],0
0,10,x7f4a46a66100,78,550.0,0.0,1.0,0.02,5,[4],3
0,10,x7f4a46a66100,79,150.0,0.0,0.0,0.04,4,[4],1
0,10,x7f4a46a66100,80,50.0,0.0,0.0,0.02,2,[0],4
0,10,x7f4a46a66100,81,550.0,0.0,1.0,0.04,5,[4],4
0,10,x7f4a46a66100,82,250.0,0.0,0.0,0.03,2,[0],0
0,10,x7f4a46a66100,83,104.0,1.0,0.0,0.0,5,[11],0
0,10,x7f4a46a66100,84,208.0,0.0,0.0,0.04,4,[4],4
0,10,x7f4a46a66100,85,50.0,1.0,0.0,0.02,2,[1],3
0,10,x7f4a46a66100,86,50.0,0.0,0.0,0.02,2,[0],4
0,10,x7f4a46a66100,87,103.0,0.0,0.0,0.04,5,[5],3
0,10,x7f4a46a66100,88,250.0,0.0,0.0,0.03,2,[0],0
0,10,x7f4a46a66100,89,146.0,0.0,0.0,0.02,5,[4],2
0,10,x7f4a46a66100,90,100.0,0.0,0.0,0.04,4,[4],4
0,10,x7f4a46a66100,91,-350.0,0.0,0.0,0.02,2,[0],0
0,10,x7f4a46a66100,92,50.0,0.0,0.0,0.04,5,[4],1
0,10,x7f4a46a66100,93,650.0,1.0,1.0,0.03,2,[0],0
0,10,x7f4a46a66100,94,-250.0,0.0,0.0,0.01,5,[4],1
0,10,x7f4a46a66100,95,-553.0,0.0,0.0,0.02,5,[14],0
0,10,x7f4a46a66100,96,250.0,0.0,0.0,0.03,2,[0],1
0,10,x7f4a46a66100,97,-150.0,0.0,0.0,0.02,5,[4],2
0,10,x7f4a46a66100,98,350.0,1.0,1.0,0.03,5,[11],4
0,10,x7f4a46a66100,99,650.0,1.0,1.0,0.03,2,[0],4
0,10,x7f4a46a66100,100,350.0,1.0,1.0,0.0,5,[11],4
0,10,x7f4a46a66100,101,-650.0,0.0,0.0,0.02,4,[14],0
0,10,x7f4a46a66100,102,350.0,1.0,0.0,0.02,2,[0],2
0,10,x7f4a46a66100,103,-397.0,0.0,0.0,0.02,5,[14],0
0,10,x7f4a46a66100,104,-350.0,0.0,0.0,0.03,2,[0],0
0,10,x7f4a46a66100,105,218.0,1.0,0.0,0.02,5,[6],3
0,10,x7f4a46a66100,106,250.0,0.0,0.0,0.04,4,[4],1
0,10,x7f4a46a66100,107,350.0,1.0,0.0,0.02,2,[0],3
0,10,x7f4a46a66100,108,479.0,1.0,1.0,0.03,5,[11],3
0,10,x7f4a46a66100,109,50.0,0.0,0.0,0.03,2,[0],2
0,10,x7f4a46a66100,110,-150.0,0.0,0.0,0.01,5,[4],3
0,10,x7f4a46a66100,111,-150.0,0.0,0.0,0.04,4,[4],1
0,10,x7f4a46a66100,112,350.0,1.0,1.0,0.02,2,[1],3
0,10,x7f4a46a66100,113,-302.0,0.0,0.0,0.02,5,[14],0
0,10,x7f4a46a66100,114,550.0,0.0,1.0,0.03,2,[0],3
0,10,x7f4a46a66100,115,197.0,1.0,0.0,0.0,5,[14],0
0,10,x7f4a46a66100,116,-165.0,0.0,0.0,0.04,4,[4],2
0,10,x7f4a46a66100,117,550.0,0.0,1.0,0.02,2,[0],0
0,10,x7f4a46a66100,118,-550.0,0.0,0.0,0.02,5,[14],0
0,10,x7f4a46a66100,119,-150.0,0.0,0.0,0.02,2,[0],0
0,10,x7f4a46a66100,120,-150.0,0.0,1.0,0.0,5,[14],0
0,10,x7f4a46a66100,121,350.0,1.0,0.0,0.04,4,[4],3
0,10,x7f4a46a66100,122,150.0,1.0,0.0,0.02,2,[0],0
0,10,x7f4a46a66100,123,150.0,1.0,0.0,0.04,5,[4],2
0,10,x7f4a46a66100,124,50.0,0.0,0.0,0.03,2,[0],4
0,10,x7f4a46a66100,125,-650.0,0.0,0.0,0.0,5,[11],0
0,10,x7f4a46a66100,126,-150.0,0.0,1.0,0.02,4,[14],0
0,10,x7f4a46a66100,127,50.0,0.0,0.0,0.02,2,[0],0
0,10,x7f4a46a66100,128,-534.0,0.0,0.0,0.02,5,[14],0
0,10,x7f4a46a66100,129,50.0,0.0,0.0,0.03,2,[0],0
0,10,x7f4a46a66100,130,502.0,1.0,1.0,0.02,5,[6],3
0,10,x7f4a46a66100,131,-150.0,0.0,0.0,0.04,4,[4],3
0,10,x7f4a46a66100,132,150.0,0.0,1.0,0.02,2,[0],2
0,10,x7f4a46a66100,133,-150.0,0.0,1.0,0.02,5,[14],0
0,10,x7f4a46a66100,134,-50.0,0.0,0.0,0.02,2,[1],3
0,10,x7f4a46a66100,135,-150.0,0.0,0.0,0.02,5,[4],3
0,10,x7f4a46a66100,136,216.0,1.0,0.0,0.03,4,[5],3
0,10,x7f4a46a66100,137,250.0,0.0,1.0,0.0,2,[17],3
0,10,x7f4a46a66100,138,50.0,0.0,0.0,0.03,2,[0],4
0,10,x7f4a46a66100,139,250.0,1.0,0.0,0.03,4,[4],4
0,10,x7f4a46a66100,140,250.0,0.0,0.0,0.03,2,[4],3
0,10,x7f4a46a66100,141,-150.0,0.0,0.0,0.02,2,[0],2
0,10,x7f4a46a66100,142,-150.0,0.0,0.0,0.01,2,[5],3
0,10,x7f4a46a66100,143,-168.0,0.0,0.0,0.04,4,[5],3
0,10,x7f4a46a66100,144,-450.0,0.0,0.0,0.02,2,[1],3
0,10,x7f4a46a66100,145,-51.0,1.0,0.0,0.03,4,[11],4
0,10,x7f4a46a66100,146,150.0,1.0,0.0,0.02,2,[0],2
0,10,x7f4a46a66100,147,550.0,0.0,1.0,0.03,2,[0],3
