0,33,x7f629b081b20,1,900.0,2.0,2,[5],1
0,33,x7f629b081b20,2,0.0,0.0,2,[5],1
0,33,x7f629b081b20,3,200.0,0.0,3,[5],1
0,33,x7f629b081b20,4,300.0,0.0,3,[5],1
0,33,x7f629b081b20,5,300.0,0.0,3,[5],1
0,33,x7f629b081b20,6,300.0,0.0,2,[5],1
0,33,x7f629b081b20,7,100.0,0.0,2,[5],1
0,33,x7f629b081b20,8,300.0,0.0,2,[6],1
0,33,x7f629b081b20,9,58.71,0.0,3,[5],1
0,33,x7f629b081b20,10,700.0,2.0,2,[16],1
0,33,x7f629b081b20,11,100.0,0.0,3,[16],1
0,33,x7f629b081b20,12,400.0,1.0,3,[13],1
0,33,x7f629b081b20,13,300.0,0.0,2,[0],1
0,33,x7f629b081b20,14,300.0,0.0,2,[0],1
0,33,x7f629b081b20,15,300.0,1.0,3,[16],1
0,33,x7f629b081b20,16,300.0,0.0,2,[13],1
0,33,x7f629b081b20,17,199.19,0.0,6,[5],1
0,33,x7f629b081b20,18,195.98,0.0,5,[5],1
0,33,x7f629b081b20,19,0.0,0.0,2,[16],1
0,33,x7f629b081b20,20,-300.0,0.0,3,[5],1
0,33,x7f629b081b20,21,100.0,0.0,2,[16],1
0,33,x7f629b081b20,22,300.0,0.0,2,[6],1
0,33,x7f629b081b20,23,-200.0,1.0,2,[16],1
0,33,x7f629b081b20,24,300.0,2.0,3,[8],4
0,33,x7f629b081b20,25,-300.0,0.0,6,[6],1
0,33,x7f629b081b20,26,129.02,0.0,4,[13],1
0,33,x7f629b081b20,27,-200.0,1.0,2,[1],4
0,33,x7f629b081b20,28,200.2,0.0,4,[16],1
0,33,x7f629b081b20,29,300.0,0.0,3,[13],1
0,33,x7f629b081b20,30,103.12,0.0,3,[16],1
0,33,x7f629b081b20,31,400.0,1.0,4,[13],1
0,33,x7f629b081b20,32,200.0,0.0,4,[13],1
0,33,x7f629b081b20,33,317.26,1.0,4,[16],1
0,33,x7f629b081b20,34,100.0,0.0,3,[0],1
0,33,x7f629b081b20,35,300.0,0.0,3,[16],1
0,33,x7f629b081b20,36,99.98,0.0,5,[13],1
0,33,x7f629b081b20,37,-96.88,1.0,3,[2],4
0,33,x7f629b081b20,38,104.53,0.0,3,[16],1
0,33,x7f629b081b20,39,400.0,1.0,4,[13],1
0,33,x7f629b081b20,40,121.21,0.0,4,[13],1
0,33,x7f629b081b20,41,-18.59,1.0,5,[1],4
0,33,x7f629b081b20,42,195.46,1.0,3,[8],4
0,33,x7f629b081b20,43,200.02,0.0,4,[16],1
0,33,x7f629b081b20,44,200.0,0.0,5,[13],1
0,33,x7f629b081b20,45,100.02,0.0,5,[13],1
0,33,x7f629b081b20,46,400.0,1.0,4,[16],1
0,33,x7f629b081b20,47,300.0,1.0,4,[16],1
0,33,x7f629b081b20,48,200.03,0.0,4,[16],1
0,33,x7f629b081b20,49,300.0,0.0,3,[0],1
0,33,x7f629b081b20,50,-200.0,1.0,3,[2],4
0,33,x7f629b081b20,51,400.0,1.0,5,[13],4
0,33,x7f629b081b20,52,-200.0,1.0,3,[2],4
0,33,x7f629b081b20,53,300.0,0.0,4,[16],1
0,33,x7f629b081b20,54,100.0,0.0,2,[1],1
0,33,x7f629b081b20,55,300.0,1.0,5,[13],4
0,33,x7f629b081b20,56,200.0,0.0,5,[16],1
0,33,x7f629b081b20,57,400.0,1.0,5,[16],4
0,33,x7f629b081b20,58,98.73,1.0,5,[13],4
0,33,x7f629b081b20,59,-200.0,1.0,3,[2],4
0,33,x7f629b081b20,60,274.51,0.0,5,[16],1
0,33,x7f629b081b20,61,-200.0,1.0,5,[2],4
0,33,x7f629b081b20,62,300.0,2.0,5,[2],4
0,33,x7f629b081b20,63,200.02,0.0,5,[13],1
0,33,x7f629b081b20,64,138.03,0.0,5,[16],1
0,33,x7f629b081b20,65,-1.45,1.0,4,[6],4
0,33,x7f629b081b20,66,297.04,1.0,5,[13],1
0,33,x7f629b081b20,67,299.84,1.0,4,[16],1
0,33,x7f629b081b20,68,199.96,0.0,4,[13],1
0,33,x7f629b081b20,69,195.47,0.0,3,[0],1
0,33,x7f629b081b20,70,210.98,0.0,4,[16],1
0,33,x7f629b081b20,71,-303.12,1.0,5,[16],1
0,33,x7f629b081b20,72,300.0,0.0,3,[0],1
0,33,x7f629b081b20,73,800.0,2.0,4,[13],1
0,33,x7f629b081b20,74,200.01,0.0,5,[13],1
0,33,x7f629b081b20,75,300.0,0.0,5,[16],1
0,33,x7f629b081b20,76,135.28,0.0,3,[0],1
0,33,x7f629b081b20,77,200.6,0.0,5,[13],1
0,33,x7f629b081b20,78,300.0,0.0,5,[16],1
0,33,x7f629b081b20,79,200.94,0.0,5,[13],1
0,33,x7f629b081b20,80,391.79,2.0,5,[2],4
0,33,x7f629b081b20,81,300.0,0.0,5,[16],1
0,33,x7f629b081b20,82,-45.88,0.0,5,[0],4
0,33,x7f629b081b20,83,300.0,0.0,5,[13],1
0,33,x7f629b081b20,84,200.0,0.0,5,[16],1
0,33,x7f629b081b20,85,-100.86,0.0,5,[0],4
0,33,x7f629b081b20,86,100.0,0.0,3,[8],1
0,33,x7f629b081b20,87,300.0,0.0,5,[16],1
0,33,x7f629b081b20,88,300.0,0.0,3,[0],1
0,33,x7f629b081b20,89,-317.35,0.0,5,[13],1
0,33,x7f629b081b20,90,-388.85,0.0,5,[13],1
0,33,x7f629b081b20,91,900.0,2.0,4,[16],1
0,33,x7f629b081b20,92,233.45,0.0,5,[16],1
0,33,x7f629b081b20,93,284.65,0.0,5,[13],1
0,33,x7f629b081b20,94,300.0,0.0,3,[0],1
0,33,x7f629b081b20,95,300.0,0.0,5,[16],1
0,33,x7f629b081b20,96,581.41,2.0,5,[16],4
0,33,x7f629b081b20,97,-95.59,1.0,4,[2],4
0,33,x7f629b081b20,98,201.57,0.0,5,[13],1
0,33,x7f629b081b20,99,199.98,0.0,5,[13],1
0,33,x7f629b081b20,100,300.0,0.0,4,[16],1
0,33,x7f629b081b20,101,100.44,0.0,5,[16],1
0,33,x7f629b081b20,102,400.0,1.0,5,[13],4
0,33,x7f629b081b20,103,300.0,0.0,3,[0],1
0,33,x7f629b081b20,104,200.14,1.0,5,[16],4
0,33,x7f629b081b20,105,300.0,0.0,4,[13],1
0,33,x7f629b081b20,106,200.0,0.0,5,[13],1
0,33,x7f629b081b20,107,-32.9,0.0,5,[0],4
0,33,x7f629b081b20,108,167.23,0.0,3,[8],1
0,33,x7f629b081b20,109,202.69,0.0,5,[16],1
0,33,x7f629b081b20,110,101.67,0.0,5,[13],1
0,33,x7f629b081b20,111,113.52,1.0,5,[16],4
0,33,x7f629b081b20,112,217.41,0.0,4,[13],1
0,33,x7f629b081b20,113,269.5,0.0,5,[13],1
0,33,x7f629b081b20,114,238.12,0.0,5,[16],1
0,33,x7f629b081b20,115,300.0,0.0,3,[0],1
0,33,x7f629b081b20,116,448.71,2.0,5,[2],4
0,33,x7f629b081b20,117,300.0,0.0,5,[16],1
0,33,x7f629b081b20,118,272.91,0.0,5,[13],1
0,33,x7f629b081b20,119,191.4,0.0,3,[0],1
0,33,x7f629b081b20,120,-200.0,1.0,5,[2],4
0,33,x7f629b081b20,121,-200.0,1.0,5,[2],4
0,33,x7f629b081b20,122,200.11,0.0,5,[16],1
0,33,x7f629b081b20,123,207.11,0.0,5,[13],1
0,33,x7f629b081b20,124,63.61,1.0,4,[6],4
0,33,x7f629b081b20,125,300.0,0.0,5,[13],1
0,33,x7f629b081b20,126,200.0,0.0,4,[16],1
0,33,x7f629b081b20,127,-395.43,0.0,4,[0],1
0,33,x7f629b081b20,128,300.0,0.0,3,[8],1
0,33,x7f629b081b20,129,206.7,0.0,4,[13],1
0,33,x7f629b081b20,130,212.18,1.0,4,[13],1
0,33,x7f629b081b20,131,300.0,2.0,3,[2],4
0,33,x7f629b081b20,132,300.0,1.0,4,[16],1
0,33,x7f629b081b20,133,300.0,0.0,5,[16],1
0,33,x7f629b081b20,134,300.0,0.0,5,[13],1
0,33,x7f629b081b20,135,300.0,0.0,3,[0],1
0,33,x7f629b081b20,136,300.0,0.0,4,[16],1
0,33,x7f629b081b20,137,-200.0,1.0,4,[2],4
0,33,x7f629b081b20,138,300.0,0.0,4,[16],1
0,33,x7f629b081b20,139,-13.62,1.0,3,[7],4
0,33,x7f629b081b20,140,900.0,2.0,4,[13],1
0,33,x7f629b081b20,141,240.08,1.0,5,[13],4
0,33,x7f629b081b20,142,300.0,0.0,3,[0],1
0,33,x7f629b081b20,143,300.0,0.0,4,[16],1
0,33,x7f629b081b20,144,100.0,0.0,2,[1],1
0,33,x7f629b081b20,145,200.0,0.0,3,[13],1
0,33,x7f629b081b20,146,400.0,1.0,4,[16],1
0,33,x7f629b081b20,147,-200.0,1.0,5,[2],4
0,33,x7f629b081b20,148,-107.07,0.0,5,[0],4
0,33,x7f629b081b20,149,-111.9,0.0,5,[0],4
0,33,x7f629b081b20,150,300.0,0.0,5,[16],1
0,33,x7f629b081b20,151,300.0,0.0,5,[13],1
0,33,x7f629b081b20,152,99.97,0.0,5,[6],1
0,33,x7f629b081b20,153,199.88,0.0,5,[13],1
0,33,x7f629b081b20,154,100.0,0.0,4,[16],1
0,33,x7f629b081b20,155,100.0,0.0,4,[16],1
0,33,x7f629b081b20,156,200.0,1.0,4,[5],1
0,33,x7f629b081b20,157,198.55,0.0,4,[13],1
0,33,x7f629b081b20,158,100.0,0.0,4,[16],1
0,33,x7f629b081b20,159,100.0,0.0,4,[13],1
0,33,x7f629b081b20,160,300.0,0.0,3,[0],1
0,33,x7f629b081b20,161,300.0,2.0,3,[2],4
0,33,x7f629b081b20,162,200.0,1.0,4,[16],1
0,33,x7f629b081b20,163,800.77,2.0,4,[13],4
0,33,x7f629b081b20,164,300.0,0.0,3,[16],1
0,33,x7f629b081b20,165,300.0,0.0,4,[13],1
0,33,x7f629b081b20,166,397.62,2.0,6,[16],4
0,33,x7f629b081b20,167,300.0,0.0,4,[13],1
0,33,x7f629b081b20,168,300.0,0.0,5,[13],1
0,33,x7f629b081b20,169,-104.03,0.0,5,[0],4
0,33,x7f629b081b20,170,100.0,0.0,3,[8],1
0,33,x7f629b081b20,171,-300.0,0.0,5,[13],1
0,33,x7f629b081b20,172,-300.0,0.0,5,[13],1
0,33,x7f629b081b20,173,800.0,2.0,4,[16],1
0,33,x7f629b081b20,174,-200.0,1.0,5,[2],4
0,33,x7f629b081b20,175,-200.0,1.0,5,[2],4
0,33,x7f629b081b20,176,300.0,0.0,5,[16],1
0,33,x7f629b081b20,177,197.45,0.0,5,[13],1
0,33,x7f629b081b20,178,3.1,1.0,4,[6],4
0,33,x7f629b081b20,179,-0.06,0.0,5,[0],4
0,33,x7f629b081b20,180,300.0,2.0,5,[2],4
0,33,x7f629b081b20,181,300.0,0.0,5,[16],1
0,33,x7f629b081b20,182,300.0,0.0,5,[13],1
0,33,x7f629b081b20,183,300.0,0.0,4,[6],1
0,33,x7f629b081b20,184,200.16,0.0,5,[13],1
0,33,x7f629b081b20,185,200.1,0.0,4,[16],1
0,33,x7f629b081b20,186,200.0,0.0,4,[0],1
0,33,x7f629b081b20,187,300.0,0.0,3,[8],1
0,33,x7f629b081b20,188,300.0,1.0,4,[13],4
0,33,x7f629b081b20,189,300.0,0.0,4,[13],1
0,33,x7f629b081b20,190,300.0,0.0,4,[16],1
0,33,x7f629b081b20,191,451.87,2.0,5,[1],4
0,33,x7f629b081b20,192,200.0,0.0,5,[13],1
0,33,x7f629b081b20,193,299.99,1.0,5,[16],4
0,33,x7f629b081b20,194,198.73,0.0,3,[0],1
0,33,x7f629b081b20,195,200.0,0.0,5,[16],1
0,33,x7f629b081b20,196,300.0,0.0,4,[13],1
0,33,x7f629b081b20,197,205.38,0.0,4,[16],1
0,33,x7f629b081b20,198,199.97,0.0,4,[16],1
0,33,x7f629b081b20,199,300.0,0.0,3,[0],1
0,33,x7f629b081b20,200,-38.63,1.0,4,[2],4
0,33,x7f629b081b20,201,300.0,0.0,5,[13],1
0,33,x7f629b081b20,202,900.0,2.0,5,[13],4
0,33,x7f629b081b20,203,200.0,0.0,4,[16],1
0,33,x7f629b081b20,204,300.0,0.0,5,[16],1
0,33,x7f629b081b20,205,100.07,0.0,5,[13],1
0,33,x7f629b081b20,206,300.0,0.0,3,[0],1
0,33,x7f629b081b20,207,100.0,0.0,5,[13],1
0,33,x7f629b081b20,208,400.0,1.0,5,[16],1
0,33,x7f629b081b20,209,193.67,0.0,3,[0],1
0,33,x7f629b081b20,210,300.0,0.0,5,[16],1
0,33,x7f629b081b20,211,200.0,0.0,5,[13],1
0,33,x7f629b081b20,212,300.0,0.0,3,[0],1
0,33,x7f629b081b20,213,-200.0,1.0,5,[2],4
0,33,x7f629b081b20,214,300.0,0.0,5,[16],1
0,33,x7f629b081b20,215,300.0,0.0,5,[13],1
0,33,x7f629b081b20,216,204.58,0.0,5,[13],1
0,33,x7f629b081b20,217,300.0,0.0,4,[16],1
0,33,x7f629b081b20,218,-118.6,0.0,5,[0],4
0,33,x7f629b081b20,219,100.0,0.0,4,[8],1
0,33,x7f629b081b20,220,200.22,0.0,5,[13],1
0,33,x7f629b081b20,221,300.0,0.0,3,[0],1
0,33,x7f629b081b20,222,200.0,0.0,5,[16],1
0,33,x7f629b081b20,223,200.0,0.0,5,[16],1
0,33,x7f629b081b20,224,301.17,1.0,4,[13],1
0,33,x7f629b081b20,225,-110.59,0.0,5,[0],4
0,33,x7f629b081b20,226,199.99,0.0,5,[13],1
0,33,x7f629b081b20,227,-166.71,0.0,5,[0],4
0,33,x7f629b081b20,228,207.78,0.0,5,[16],1
0,33,x7f629b081b20,229,202.34,0.0,5,[13],1
0,33,x7f629b081b20,230,206.79,0.0,5,[16],1
0,33,x7f629b081b20,231,300.0,0.0,5,[16],1
0,33,x7f629b081b20,232,300.0,0.0,3,[0],1
0,33,x7f629b081b20,233,200.0,0.0,4,[13],1
0,33,x7f629b081b20,234,198.85,0.0,4,[13],1
0,33,x7f629b081b20,235,-100.1,0.0,4,[0],4
0,33,x7f629b081b20,236,100.0,0.0,3,[8],1
0,33,x7f629b081b20,237,300.0,0.0,3,[0],1
0,33,x7f629b081b20,238,300.0,0.0,3,[13],1
0,33,x7f629b081b20,239,-200.0,1.0,4,[2],4
0,33,x7f629b081b20,240,300.0,0.0,5,[16],1
0,33,x7f629b081b20,241,300.0,0.0,5,[16],1
0,33,x7f629b081b20,242,200.0,0.0,5,[5],1
0,33,x7f629b081b20,243,300.0,0.0,3,[0],1
0,33,x7f629b081b20,244,300.0,0.0,4,[13],1
0,33,x7f629b081b20,245,900.0,2.0,4,[16],1
0,33,x7f629b081b20,246,200.0,0.0,5,[16],1
0,33,x7f629b081b20,247,299.76,1.0,4,[13],4
0,33,x7f629b081b20,248,300.0,0.0,3,[13],1
0,33,x7f629b081b20,249,205.21,0.0,5,[16],1
0,33,x7f629b081b20,250,300.0,0.0,3,[0],1
0,33,x7f629b081b20,251,200.0,0.0,5,[13],1
0,33,x7f629b081b20,252,99.92,0.0,5,[16],1
0,33,x7f629b081b20,253,118.03,1.0,5,[13],4
0,33,x7f629b081b20,254,-200.0,1.0,5,[2],4
0,33,x7f629b081b20,255,346.52,2.0,5,[2],4
0,33,x7f629b081b20,256,200.03,0.0,5,[16],1
0,33,x7f629b081b20,257,0.6,0.0,5,[0],4
0,33,x7f629b081b20,258,-77.01,0.0,5,[0],4
0,33,x7f629b081b20,259,-200.0,1.0,5,[2],4
0,33,x7f629b081b20,260,200.37,0.0,5,[16],1
0,33,x7f629b081b20,261,-8.0,0.0,5,[0],4
0,33,x7f629b081b20,262,200.0,0.0,5,[13],1
0,33,x7f629b081b20,263,300.0,0.0,5,[16],1
0,33,x7f629b081b20,264,-400.0,0.0,5,[13],1
0,33,x7f629b081b20,265,99.98,0.0,5,[6],1
0,33,x7f629b081b20,266,296.88,1.0,4,[13],1
0,33,x7f629b081b20,267,200.0,0.0,4,[0],1
0,33,x7f629b081b20,268,300.0,0.0,4,[16],1
0,33,x7f629b081b20,269,200.0,0.0,3,[0],1
0,33,x7f629b081b20,270,207.78,0.0,4,[13],1
0,33,x7f629b081b20,271,300.0,0.0,3,[0],1
0,33,x7f629b081b20,272,300.0,0.0,4,[16],1
0,33,x7f629b081b20,273,300.0,0.0,4,[13],1
0,33,x7f629b081b20,274,400.0,1.0,3,[16],1
0,33,x7f629b081b20,275,200.06,0.0,3,[13],1
0,33,x7f629b081b20,276,-200.0,1.0,4,[2],4
0,33,x7f629b081b20,277,300.0,0.0,5,[13],1
0,33,x7f629b081b20,278,177.34,0.0,4,[16],1
0,33,x7f629b081b20,279,-77.31,0.0,5,[0],4
0,33,x7f629b081b20,280,202.38,0.0,5,[16],1
0,33,x7f629b081b20,281,263.19,0.0,5,[13],1
0,33,x7f629b081b20,282,199.96,0.0,3,[0],1
0,33,x7f629b081b20,283,405.96,2.0,5,[2],4
0,33,x7f629b081b20,284,300.0,2.0,5,[2],4
0,33,x7f629b081b20,285,200.0,0.0,5,[16],1
0,33,x7f629b081b20,286,200.0,0.0,5,[16],1
0,33,x7f629b081b20,287,400.0,1.0,4,[13],1
0,33,x7f629b081b20,288,-0.11,0.0,5,[0],4
0,33,x7f629b081b20,289,-400.0,0.0,5,[8],1
0,33,x7f629b081b20,290,300.0,0.0,5,[13],1
0,33,x7f629b081b20,291,200.47,0.0,5,[16],1
0,33,x7f629b081b20,292,147.23,0.0,4,[6],1
0,33,x7f629b081b20,293,-300.0,0.0,5,[13],1
0,33,x7f629b081b20,294,900.0,2.0,4,[16],1
0,33,x7f629b081b20,295,265.91,0.0,4,[13],1
0,33,x7f629b081b20,296,199.4,0.0,3,[0],1
0,33,x7f629b081b20,297,300.0,0.0,4,[16],1
0,33,x7f629b081b20,298,900.0,2.0,5,[13],4
0,33,x7f629b081b20,299,212.48,0.0,3,[0],1
0,33,x7f629b081b20,300,300.0,0.0,4,[16],1
0,33,x7f629b081b20,301,300.0,2.0,5,[2],4
0,33,x7f629b081b20,302,-200.0,1.0,5,[2],4
0,33,x7f629b081b20,303,200.34,0.0,5,[13],1
0,33,x7f629b081b20,304,300.0,0.0,5,[16],1
0,33,x7f629b081b20,305,80.2,1.0,4,[6],4
0,33,x7f629b081b20,306,0.94,0.0,5,[0],4
0,33,x7f629b081b20,307,300.0,0.0,4,[13],1
0,33,x7f629b081b20,308,300.0,0.0,5,[16],1
0,33,x7f629b081b20,309,300.0,0.0,4,[6],1
0,33,x7f629b081b20,310,300.0,0.0,4,[16],1
0,33,x7f629b081b20,311,700.41,2.0,5,[13],4
0,33,x7f629b081b20,312,200.0,0.0,3,[0],1
0,33,x7f629b081b20,313,301.49,1.0,4,[16],4
0,33,x7f629b081b20,314,300.0,0.0,5,[13],1
0,33,x7f629b081b20,315,300.0,0.0,4,[16],1
0,33,x7f629b081b20,316,400.0,2.0,5,[2],4
0,33,x7f629b081b20,317,268.31,0.0,5,[13],1
0,33,x7f629b081b20,318,200.0,0.0,5,[16],1
0,33,x7f629b081b20,319,100.0,0.0,3,[0],1
0,33,x7f629b081b20,320,200.0,0.0,4,[16],1
0,33,x7f629b081b20,321,400.0,1.0,4,[13],1
0,33,x7f629b081b20,322,300.0,0.0,2,[1],1
0,33,x7f629b081b20,323,-95.57,1.0,5,[1],4
0,33,x7f629b081b20,324,300.0,0.0,5,[13],1
0,33,x7f629b081b20,325,-200.0,1.0,5,[2],4
0,33,x7f629b081b20,326,298.38,1.0,4,[6],4
0,33,x7f629b081b20,327,212.48,0.0,5,[16],1
0,33,x7f629b081b20,328,300.0,0.0,5,[13],1
0,33,x7f629b081b20,329,251.67,0.0,5,[16],1
0,33,x7f629b081b20,330,-67.28,0.0,5,[0],4
0,33,x7f629b081b20,331,300.0,2.0,5,[2],4
0,33,x7f629b081b20,332,200.75,0.0,5,[13],1
0,33,x7f629b081b20,333,300.0,1.0,5,[13],1
0,33,x7f629b081b20,334,200.23,0.0,4,[16],1
0,33,x7f629b081b20,335,205.91,0.0,4,[16],1
0,33,x7f629b081b20,336,300.0,0.0,3,[0],1
0,33,x7f629b081b20,337,396.47,2.0,4,[2],4
0,33,x7f629b081b20,338,399.81,2.0,3,[8],4
0,33,x7f629b081b20,339,808.36,2.0,4,[13],1
0,33,x7f629b081b20,340,300.0,0.0,4,[16],1
0,33,x7f629b081b20,341,-100.19,1.0,4,[2],4
0,33,x7f629b081b20,342,-300.0,0.0,5,[13],1
0,33,x7f629b081b20,343,300.0,0.0,4,[13],1
0,33,x7f629b081b20,344,207.16,0.0,5,[16],1
0,33,x7f629b081b20,345,200.22,1.0,5,[16],4
0,33,x7f629b081b20,346,200.0,0.0,5,[13],1
0,33,x7f629b081b20,347,-99.84,1.0,5,[2],4
0,33,x7f629b081b20,348,106.56,0.0,5,[13],1
0,33,x7f629b081b20,349,-300.14,1.0,5,[16],1
0,33,x7f629b081b20,350,-300.0,0.0,5,[16],1
0,33,x7f629b081b20,351,798.92,2.0,4,[13],1
0,33,x7f629b081b20,352,300.0,2.0,5,[2],4
0,33,x7f629b081b20,353,567.01,2.0,4,[8],4
0,33,x7f629b081b20,354,300.0,0.0,4,[13],1
0,33,x7f629b081b20,355,300.0,0.0,4,[13],1
0,33,x7f629b081b20,356,599.05,2.0,4,[16],4
0,33,x7f629b081b20,357,300.0,2.0,3,[1],4
0,33,x7f629b081b20,358,300.0,0.0,3,[13],1
0,33,x7f629b081b20,359,100.0,0.0,2,[0],1
0,33,x7f629b081b20,360,300.0,0.0,2,[13],1
0,33,x7f629b081b20,361,513.88,2.0,3,[1],4
0,33,x7f629b081b20,362,344.71,2.0,4,[1],4
0,33,x7f629b081b20,363,-200.0,1.0,5,[2],4
0,33,x7f629b081b20,364,387.15,2.0,5,[7],4
0,33,x7f629b081b20,365,204.38,0.0,5,[16],1
0,33,x7f629b081b20,366,100.11,0.0,5,[5],1
0,33,x7f629b081b20,367,800.04,2.0,4,[13],4
0,33,x7f629b081b20,368,600.0,2.0,3,[13],1
0,33,x7f629b081b20,369,300.0,2.0,3,[2],4
0,33,x7f629b081b20,370,-106.41,1.0,4,[1],4
0,33,x7f629b081b20,371,195.47,0.0,5,[16],1
0,33,x7f629b081b20,372,300.0,0.0,4,[13],1
0,33,x7f629b081b20,373,361.09,2.0,5,[6],4
0,33,x7f629b081b20,374,299.95,1.0,3,[13],1
0,33,x7f629b081b20,375,-286.83,1.0,3,[13],1
0,33,x7f629b081b20,376,300.0,0.0,2,[16],1
0,33,x7f629b081b20,377,300.0,0.0,2,[13],1
0,33,x7f629b081b20,378,99.38,0.0,3,[5],1
0,33,x7f629b081b20,379,200.0,0.0,3,[5],1
0,33,x7f629b081b20,380,300.0,0.0,2,[5],1
0,33,x7f629b081b20,381,300.0,0.0,2,[13],1
0,33,x7f629b081b20,382,200.0,0.0,4,[5],1
0,33,x7f629b081b20,383,300.0,0.0,3,[5],1
0,33,x7f629b081b20,384,300.0,0.0,2,[5],1
0,33,x7f629b081b20,385,200.0,1.0,4,[5],1
0,33,x7f629b081b20,386,200.0,0.0,2,[8],1
0,33,x7f629b081b20,387,200.0,0.0,2,[16],1
0,33,x7f629b081b20,388,399.45,2.0,5,[6],4
0,33,x7f629b081b20,389,200.0,0.0,3,[13],1
0,33,x7f629b081b20,390,-200.0,1.0,4,[2],4
0,33,x7f629b081b20,391,-23.04,0.0,5,[0],4
0,33,x7f629b081b20,392,-14.31,0.0,5,[0],4
0,33,x7f629b081b20,393,300.0,2.0,5,[2],4
0,33,x7f629b081b20,394,199.84,0.0,4,[16],1
0,33,x7f629b081b20,395,300.0,0.0,4,[13],1
0,33,x7f629b081b20,396,-200.0,1.0,5,[2],4
0,33,x7f629b081b20,397,-2.77,0.0,5,[0],4
0,33,x7f629b081b20,398,-200.0,1.0,5,[2],4
0,33,x7f629b081b20,399,100.95,0.0,5,[13],1
0,33,x7f629b081b20,400,199.96,0.0,6,[5],1
0,33,x7f629b081b20,401,300.0,1.0,5,[16],1
0,33,x7f629b081b20,402,277.44,1.0,4,[13],1
0,33,x7f629b081b20,403,200.0,0.0,5,[5],1
0,33,x7f629b081b20,404,299.91,1.0,4,[13],4
0,33,x7f629b081b20,405,100.0,0.0,3,[0],1
0,33,x7f629b081b20,406,300.0,0.0,5,[6],1
0,33,x7f629b081b20,407,300.0,0.0,3,[0],1
0,33,x7f629b081b20,408,219.91,0.0,4,[16],1
0,33,x7f629b081b20,409,200.94,0.0,4,[13],1
0,33,x7f629b081b20,410,300.0,0.0,3,[0],1
0,33,x7f629b081b20,411,-113.37,0.0,5,[0],4
0,33,x7f629b081b20,412,-5.09,0.0,5,[0],4
0,33,x7f629b081b20,413,-122.17,0.0,5,[0],4
0,33,x7f629b081b20,414,200.0,0.0,5,[16],1
0,33,x7f629b081b20,415,200.0,0.0,5,[16],1
0,33,x7f629b081b20,416,300.0,0.0,4,[13],1
0,33,x7f629b081b20,417,200.01,0.0,4,[13],1
0,33,x7f629b081b20,418,300.01,1.0,4,[16],1
0,33,x7f629b081b20,419,199.47,0.0,4,[5],1
0,33,x7f629b081b20,420,-200.0,1.0,4,[2],4
0,33,x7f629b081b20,421,200.0,0.0,4,[7],1
0,33,x7f629b081b20,422,200.0,0.0,4,[16],1
0,33,x7f629b081b20,423,300.0,0.0,4,[13],1
0,33,x7f629b081b20,424,300.0,0.0,3,[0],1
0,33,x7f629b081b20,425,300.0,0.0,4,[16],1
0,33,x7f629b081b20,426,3.79,0.0,4,[0],4
0,33,x7f629b081b20,427,-300.0,0.0,4,[13],1
0,33,x7f629b081b20,428,-200.0,1.0,4,[13],1
0,33,x7f629b081b20,429,900.0,2.0,4,[16],4
0,33,x7f629b081b20,430,-300.0,0.0,4,[13],1
0,33,x7f629b081b20,431,493.49,2.0,5,[13],4
0,33,x7f629b081b20,432,100.0,0.0,3,[0],1
0,33,x7f629b081b20,433,510.91,2.0,4,[1],4
0,33,x7f629b081b20,434,99.99,1.0,5,[16],4
0,33,x7f629b081b20,435,-152.79,1.0,4,[1],4
0,33,x7f629b081b20,436,-300.0,0.0,5,[13],1
0,33,x7f629b081b20,437,601.02,2.0,4,[16],1
0,33,x7f629b081b20,438,300.0,0.0,2,[0],1
0,33,x7f629b081b20,439,425.53,2.0,5,[2],4
0,33,x7f629b081b20,440,259.85,0.0,5,[16],1
0,33,x7f629b081b20,441,200.0,0.0,5,[13],1
0,33,x7f629b081b20,442,300.0,0.0,3,[0],1
0,33,x7f629b081b20,443,278.79,1.0,4,[16],1
0,33,x7f629b081b20,444,100.0,0.0,2,[0],1
0,33,x7f629b081b20,445,-200.0,1.0,5,[2],4
0,33,x7f629b081b20,446,300.0,0.0,5,[13],1
0,33,x7f629b081b20,447,-200.0,1.0,5,[2],4
0,33,x7f629b081b20,448,-2.36,0.0,5,[0],4
0,33,x7f629b081b20,449,347.89,2.0,5,[2],4
0,33,x7f629b081b20,450,712.19,2.0,5,[16],4
0,33,x7f629b081b20,451,300.0,0.0,4,[13],1
0,33,x7f629b081b20,452,300.0,0.0,4,[13],1
0,33,x7f629b081b20,453,300.0,0.0,4,[16],1
0,33,x7f629b081b20,454,400.0,1.0,5,[5],1
0,33,x7f629b081b20,455,-101.44,0.0,4,[0],4
0,33,x7f629b081b20,456,99.26,0.0,5,[7],1
0,33,x7f629b081b20,457,799.34,2.0,4,[16],1
0,33,x7f629b081b20,458,199.99,0.0,3,[0],1
0,33,x7f629b081b20,459,207.58,0.0,4,[13],1
0,33,x7f629b081b20,460,300.0,0.0,3,[0],1
0,33,x7f629b081b20,461,199.59,0.0,3,[0],1
0,33,x7f629b081b20,462,243.38,0.0,4,[13],1
0,33,x7f629b081b20,463,199.79,0.0,3,[0],1
0,33,x7f629b081b20,464,356.57,1.0,4,[16],1
0,33,x7f629b081b20,465,202.09,0.0,4,[13],1
0,33,x7f629b081b20,466,300.0,0.0,3,[0],1
0,33,x7f629b081b20,467,355.28,1.0,5,[16],1
0,33,x7f629b081b20,468,-22.04,0.0,5,[0],4
0,33,x7f629b081b20,469,202.14,0.0,4,[13],1
0,33,x7f629b081b20,470,-77.31,0.0,5,[0],4
0,33,x7f629b081b20,471,-27.51,0.0,5,[0],4
0,33,x7f629b081b20,472,300.0,2.0,5,[2],4
0,33,x7f629b081b20,473,-139.26,1.0,5,[2],4
0,33,x7f629b081b20,474,-0.64,0.0,5,[0],4
0,33,x7f629b081b20,475,221.57,0.0,7,[5],1
0,33,x7f629b081b20,476,-300.0,0.0,5,[13],1
0,33,x7f629b081b20,477,799.97,2.0,4,[16],1
0,33,x7f629b081b20,478,300.3,1.0,4,[16],1
0,33,x7f629b081b20,479,199.66,0.0,5,[5],1
0,33,x7f629b081b20,480,300.0,0.0,3,[0],1
0,33,x7f629b081b20,481,300.0,0.0,5,[16],1
0,33,x7f629b081b20,482,212.22,0.0,5,[13],1
0,33,x7f629b081b20,483,300.0,0.0,3,[7],1
0,33,x7f629b081b20,484,300.0,0.0,4,[13],1
0,33,x7f629b081b20,485,300.0,0.0,3,[0],1
0,33,x7f629b081b20,486,202.26,1.0,5,[13],4
0,33,x7f629b081b20,487,200.0,0.0,4,[5],1
0,33,x7f629b081b20,488,300.0,1.0,4,[16],1
0,33,x7f629b081b20,489,300.0,0.0,5,[16],1
0,33,x7f629b081b20,490,259.05,0.0,4,[13],1
0,33,x7f629b081b20,491,100.0,0.0,3,[0],1
0,33,x7f629b081b20,492,400.0,1.0,4,[16],1
0,33,x7f629b081b20,493,100.0,0.0,4,[7],1
0,33,x7f629b081b20,494,300.0,0.0,3,[0],1
0,33,x7f629b081b20,495,300.0,0.0,4,[8],1
0,33,x7f629b081b20,496,300.0,0.0,5,[16],1
0,33,x7f629b081b20,497,263.19,0.0,4,[13],1
0,33,x7f629b081b20,498,300.0,0.0,3,[0],1
0,33,x7f629b081b20,499,-99.85,1.0,5,[2],4
0,33,x7f629b081b20,500,-79.45,0.0,5,[0],4
0,33,x7f629b081b20,501,-100.5,1.0,5,[2],4
0,33,x7f629b081b20,502,99.28,0.0,5,[0],4
0,33,x7f629b081b20,503,-12.46,0.0,5,[0],4
0,33,x7f629b081b20,504,399.85,2.0,7,[2],4
0,33,x7f629b081b20,505,-33.72,0.0,5,[0],4
0,33,x7f629b081b20,506,199.73,0.0,7,[5],1
0,33,x7f629b081b20,507,300.0,1.0,4,[13],4
0,33,x7f629b081b20,508,193.5,0.0,3,[0],1
0,33,x7f629b081b20,509,220.84,0.0,6,[5],1
0,33,x7f629b081b20,510,200.0,0.0,3,[0],1
0,33,x7f629b081b20,511,256.13,0.0,4,[16],1
0,33,x7f629b081b20,512,300.0,0.0,4,[13],1
0,33,x7f629b081b20,513,300.0,0.0,3,[0],1
0,33,x7f629b081b20,514,400.0,1.0,3,[16],1
0,33,x7f629b081b20,515,300.0,0.0,4,[13],1
0,33,x7f629b081b20,516,199.78,0.0,3,[0],1
0,33,x7f629b081b20,517,279.25,0.0,5,[16],1
0,33,x7f629b081b20,518,300.0,0.0,5,[13],1
0,33,x7f629b081b20,519,200.03,0.0,4,[16],1
0,33,x7f629b081b20,520,284.65,0.0,4,[13],1
0,33,x7f629b081b20,521,300.0,0.0,3,[0],1
0,33,x7f629b081b20,522,592.23,2.0,5,[13],4
0,33,x7f629b081b20,523,200.23,0.0,4,[16],1
0,33,x7f629b081b20,524,300.0,0.0,3,[0],1
0,33,x7f629b081b20,525,300.0,0.0,5,[16],1
0,33,x7f629b081b20,526,300.0,0.0,5,[13],1
0,33,x7f629b081b20,527,300.0,0.0,4,[7],1
0,33,x7f629b081b20,528,300.0,0.0,4,[13],1
0,33,x7f629b081b20,529,-8.92,0.0,5,[0],4
0,33,x7f629b081b20,530,196.37,0.0,3,[8],1
0,33,x7f629b081b20,531,185.8,0.0,4,[13],1
0,33,x7f629b081b20,532,-200.0,1.0,5,[2],4
0,33,x7f629b081b20,533,300.0,0.0,5,[16],1
0,33,x7f629b081b20,534,-200.0,1.0,5,[2],4
0,33,x7f629b081b20,535,99.14,0.0,5,[0],4
0,33,x7f629b081b20,536,284.65,0.0,5,[13],1
0,33,x7f629b081b20,537,300.0,0.0,5,[16],1
0,33,x7f629b081b20,538,298.51,1.0,5,[5],1
0,33,x7f629b081b20,539,-0.01,0.0,5,[0],4
0,33,x7f629b081b20,540,200.0,0.0,4,[13],1
0,33,x7f629b081b20,541,-173.99,1.0,5,[2],4
0,33,x7f629b081b20,542,200.0,0.0,5,[6],1
0,33,x7f629b081b20,543,-76.62,0.0,5,[0],4
0,33,x7f629b081b20,544,-45.5,0.0,5,[0],4
0,33,x7f629b081b20,545,200.0,0.0,5,[13],1
0,33,x7f629b081b20,546,300.0,0.0,5,[16],1
0,33,x7f629b081b20,547,132.77,0.0,5,[6],1
0,33,x7f629b081b20,548,206.06,1.0,5,[16],4
0,33,x7f629b081b20,549,300.0,0.0,4,[13],1
0,33,x7f629b081b20,550,300.0,0.0,4,[13],1
0,33,x7f629b081b20,551,400.0,1.0,4,[5],1
0,33,x7f629b081b20,552,400.0,1.0,4,[16],1
0,33,x7f629b081b20,553,300.0,0.0,4,[13],1
0,33,x7f629b081b20,554,300.0,0.0,4,[16],1
0,33,x7f629b081b20,555,300.0,0.0,3,[0],1
0,33,x7f629b081b20,556,243.38,0.0,3,[0],1
0,33,x7f629b081b20,557,400.0,1.0,4,[13],1
0,33,x7f629b081b20,558,400.0,1.0,3,[16],1
0,33,x7f629b081b20,559,300.0,0.0,3,[13],1
0,33,x7f629b081b20,560,300.0,2.0,4,[2],4
0,33,x7f629b081b20,561,236.93,0.0,5,[16],1
0,33,x7f629b081b20,562,240.14,1.0,6,[6],4
0,33,x7f629b081b20,563,-20.45,0.0,5,[0],4
0,33,x7f629b081b20,564,207.58,0.0,4,[16],1
0,33,x7f629b081b20,565,300.0,0.0,3,[13],1
0,33,x7f629b081b20,566,-300.0,0.0,3,[16],1
0,33,x7f629b081b20,567,-300.0,0.0,2,[16],1
0,33,x7f629b081b20,568,699.17,2.0,3,[13],1
0,33,x7f629b081b20,569,100.0,0.0,2,[13],1
0,33,x7f629b081b20,570,300.0,0.0,3,[16],1
0,33,x7f629b081b20,571,272.17,0.0,4,[13],1
0,33,x7f629b081b20,572,141.29,0.0,4,[16],1
0,33,x7f629b081b20,573,100.57,0.0,4,[16],1
0,33,x7f629b081b20,574,200.0,1.0,5,[13],4
0,33,x7f629b081b20,575,300.0,0.0,3,[0],1
0,33,x7f629b081b20,576,300.0,2.0,5,[2],4
0,33,x7f629b081b20,577,-113.88,0.0,5,[0],4
0,33,x7f629b081b20,578,199.72,0.0,4,[13],1
0,33,x7f629b081b20,579,199.5,0.0,4,[16],1
0,33,x7f629b081b20,580,100.0,0.0,3,[6],1
0,33,x7f629b081b20,581,171.92,0.0,4,[13],1
0,33,x7f629b081b20,582,300.0,0.0,3,[16],1
0,33,x7f629b081b20,583,-99.25,0.0,4,[0],4
0,33,x7f629b081b20,584,100.0,0.0,3,[8],1
0,33,x7f629b081b20,585,300.0,0.0,4,[16],1
0,33,x7f629b081b20,586,700.0,2.0,3,[13],1
0,33,x7f629b081b20,587,300.0,0.0,3,[0],1
0,33,x7f629b081b20,588,300.0,0.0,4,[13],1
0,33,x7f629b081b20,589,-69.46,0.0,5,[0],4
0,33,x7f629b081b20,590,200.0,0.0,4,[16],1
0,33,x7f629b081b20,591,-105.31,0.0,4,[0],4
0,33,x7f629b081b20,592,300.0,0.0,4,[13],1
0,33,x7f629b081b20,593,394.59,2.0,5,[13],4
0,33,x7f629b081b20,594,300.0,0.0,4,[16],1
0,33,x7f629b081b20,595,200.0,0.0,4,[13],1
0,33,x7f629b081b20,596,300.0,0.0,2,[16],1
0,33,x7f629b081b20,597,100.0,0.0,2,[0],1
0,33,x7f629b081b20,598,300.0,0.0,2,[13],1
0,33,x7f629b081b20,599,300.0,2.0,2,[1],4
0,33,x7f629b081b20,600,300.0,0.0,4,[16],1
0,33,x7f629b081b20,601,200.46,0.0,4,[13],1
0,33,x7f629b081b20,602,300.0,0.0,3,[0],1
0,33,x7f629b081b20,603,226.15,0.0,3,[0],1
0,33,x7f629b081b20,604,300.0,0.0,3,[16],1
0,33,x7f629b081b20,605,300.0,0.0,2,[13],1
0,33,x7f629b081b20,606,700.0,2.0,2,[16],1
0,33,x7f629b081b20,607,100.0,0.0,2,[16],1
0,33,x7f629b081b20,608,200.46,0.0,5,[5],1
0,33,x7f629b081b20,609,100.0,0.0,2,[13],1
0,33,x7f629b081b20,610,100.0,0.0,2,[16],1
0,33,x7f629b081b20,611,300.0,0.0,2,[13],1
0,33,x7f629b081b20,612,300.0,0.0,2,[16],1
0,33,x7f629b081b20,613,0.0,0.0,2,[13],1
0,33,x7f629b081b20,614,400.0,1.0,2,[16],1
0,33,x7f629b081b20,615,100.0,0.0,2,[13],1
0,33,x7f629b081b20,616,200.0,0.0,5,[5],1
0,33,x7f629b081b20,617,115.22,0.0,4,[5],1
0,33,x7f629b081b20,618,610.17,2.0,4,[5],1
0,33,x7f629b081b20,619,-200.0,1.0,2,[13],1
0,33,x7f629b081b20,620,1.04,0.0,4,[0],4
0,33,x7f629b081b20,621,400.0,1.0,4,[13],1
0,33,x7f629b081b20,622,171.78,1.0,5,[7],4
0,33,x7f629b081b20,623,300.0,0.0,3,[0],1
0,33,x7f629b081b20,624,300.0,0.0,3,[8],1
0,33,x7f629b081b20,625,300.0,0.0,3,[16],1
0,33,x7f629b081b20,626,300.0,0.0,4,[16],1
0,33,x7f629b081b20,627,300.0,0.0,2,[16],1
0,33,x7f629b081b20,628,-100.0,0.0,2,[13],1
0,33,x7f629b081b20,629,100.0,0.0,2,[16],1
0,33,x7f629b081b20,630,-300.0,0.0,2,[5],1
0,33,x7f629b081b20,631,300.0,0.0,2,[6],1
0,33,x7f629b081b20,632,100.0,0.0,2,[5],1
0,33,x7f629b081b20,633,400.0,2.0,3,[1],4
0,33,x7f629b081b20,634,300.0,0.0,3,[13],1
0,33,x7f629b081b20,635,300.0,1.0,3,[16],1
0,33,x7f629b081b20,636,-200.0,1.0,3,[2],4
0,33,x7f629b081b20,637,745.89,2.0,4,[13],4
0,33,x7f629b081b20,638,587.91,2.0,6,[6],4
0,33,x7f629b081b20,639,300.0,0.0,3,[0],1
0,33,x7f629b081b20,640,300.0,0.0,2,[0],1
0,33,x7f629b081b20,641,200.0,1.0,2,[13],1
0,33,x7f629b081b20,642,300.0,0.0,3,[6],1
0,33,x7f629b081b20,643,200.0,0.0,3,[5],1
0,33,x7f629b081b20,644,200.0,0.0,3,[6],1
0,33,x7f629b081b20,645,300.0,0.0,2,[16],1
0,33,x7f629b081b20,646,399.97,2.0,4,[6],4
0,33,x7f629b081b20,647,200.0,1.0,3,[0],1
0,33,x7f629b081b20,648,300.0,0.0,4,[16],1
0,33,x7f629b081b20,649,200.05,0.0,4,[13],1
0,33,x7f629b081b20,650,300.0,0.0,3,[0],1
0,33,x7f629b081b20,651,300.0,2.0,3,[2],4
0,33,x7f629b081b20,652,190.97,0.0,3,[16],1
0,33,x7f629b081b20,653,300.0,0.0,3,[13],1
0,33,x7f629b081b20,654,200.41,0.0,3,[0],1
0,33,x7f629b081b20,655,313.17,1.0,3,[16],1
0,33,x7f629b081b20,656,300.0,0.0,4,[13],1
0,33,x7f629b081b20,657,-400.0,0.0,6,[5],1
0,33,x7f629b081b20,658,800.0,2.0,4,[16],1
0,33,x7f629b081b20,659,-110.71,1.0,4,[2],4
0,33,x7f629b081b20,660,300.0,0.0,3,[13],1
0,33,x7f629b081b20,661,300.0,0.0,3,[16],1
0,33,x7f629b081b20,662,300.0,0.0,2,[13],1
0,33,x7f629b081b20,663,-200.0,1.0,4,[1],4
0,33,x7f629b081b20,664,100.0,0.0,2,[16],1
0,33,x7f629b081b20,665,300.0,0.0,2,[13],1
0,33,x7f629b081b20,666,300.01,1.0,5,[5],1
0,33,x7f629b081b20,667,400.0,1.0,2,[0],1
0,33,x7f629b081b20,668,100.0,0.0,3,[0],1
0,33,x7f629b081b20,669,300.0,0.0,2,[0],1
0,33,x7f629b081b20,670,300.0,0.0,4,[5],1
0,33,x7f629b081b20,671,300.0,0.0,2,[0],1
0,33,x7f629b081b20,672,300.0,0.0,4,[13],1
0,33,x7f629b081b20,673,229.58,0.0,3,[0],1
0,33,x7f629b081b20,674,300.0,0.0,4,[16],1
0,33,x7f629b081b20,675,300.0,0.0,3,[0],1
0,33,x7f629b081b20,676,300.0,0.0,4,[13],1
0,33,x7f629b081b20,677,195.84,0.0,3,[0],1
0,33,x7f629b081b20,678,300.0,0.0,4,[16],1
0,33,x7f629b081b20,679,300.0,0.0,4,[13],1
0,33,x7f629b081b20,680,100.0,0.0,2,[7],1
0,33,x7f629b081b20,681,300.0,0.0,4,[16],1
0,33,x7f629b081b20,682,199.99,0.0,6,[5],1
0,33,x7f629b081b20,683,200.08,0.0,4,[13],1
0,33,x7f629b081b20,684,200.0,0.0,3,[0],1
0,33,x7f629b081b20,685,200.45,0.0,4,[16],1
0,33,x7f629b081b20,686,200.0,0.0,4,[13],1
0,33,x7f629b081b20,687,300.0,0.0,3,[0],1
0,33,x7f629b081b20,688,171.54,0.0,3,[0],1
0,33,x7f629b081b20,689,-100.48,0.0,5,[0],4
0,33,x7f629b081b20,690,199.96,0.0,5,[13],1
0,33,x7f629b081b20,691,300.0,0.0,6,[5],1
0,33,x7f629b081b20,692,199.84,0.0,5,[16],1
0,33,x7f629b081b20,693,200.0,0.0,4,[13],1
0,33,x7f629b081b20,694,200.0,0.0,4,[0],1
0,33,x7f629b081b20,695,196.3,0.0,5,[5],1
0,33,x7f629b081b20,696,800.0,2.0,4,[13],4
0,33,x7f629b081b20,697,300.0,0.0,3,[0],1
0,33,x7f629b081b20,698,-200.0,1.0,5,[2],4
0,33,x7f629b081b20,699,200.0,0.0,5,[5],1
0,33,x7f629b081b20,700,300.0,0.0,4,[13],1
0,33,x7f629b081b20,701,300.0,0.0,4,[16],1
0,33,x7f629b081b20,702,300.0,0.0,4,[13],1
0,33,x7f629b081b20,703,300.0,0.0,3,[0],1
0,33,x7f629b081b20,704,120.97,0.0,3,[0],1
0,33,x7f629b081b20,705,400.0,1.0,2,[16],1
0,33,x7f629b081b20,706,300.0,0.0,2,[13],1
0,33,x7f629b081b20,707,300.0,0.0,2,[16],1
0,33,x7f629b081b20,708,300.0,0.0,2,[13],1
0,33,x7f629b081b20,709,200.0,1.0,2,[13],1
0,33,x7f629b081b20,710,100.0,0.0,2,[16],1
0,33,x7f629b081b20,711,300.0,0.0,2,[16],1
0,33,x7f629b081b20,712,300.0,0.0,2,[5],1
0,33,x7f629b081b20,713,200.0,0.0,2,[16],1
0,33,x7f629b081b20,714,200.0,0.0,3,[16],1
0,33,x7f629b081b20,715,200.0,1.0,2,[0],1
0,33,x7f629b081b20,716,200.0,1.0,3,[13],1
0,33,x7f629b081b20,717,300.0,2.0,3,[2],4
0,33,x7f629b081b20,718,99.59,0.0,3,[16],1
0,33,x7f629b081b20,719,2.62,1.0,5,[1],4
0,33,x7f629b081b20,720,200.0,0.0,3,[13],1
0,33,x7f629b081b20,721,107.92,1.0,5,[6],4
0,33,x7f629b081b20,722,300.0,0.0,3,[0],1
0,33,x7f629b081b20,723,400.0,1.0,4,[13],1
0,33,x7f629b081b20,724,100.0,0.0,3,[0],1
0,33,x7f629b081b20,725,721.68,2.0,5,[16],4
0,33,x7f629b081b20,726,303.12,1.0,4,[13],1
0,33,x7f629b081b20,727,400.0,1.0,4,[16],1
0,33,x7f629b081b20,728,251.29,0.0,4,[6],1
0,33,x7f629b081b20,729,300.0,0.0,4,[13],1
0,33,x7f629b081b20,730,300.0,0.0,4,[16],1
0,33,x7f629b081b20,731,169.33,0.0,3,[0],1
0,33,x7f629b081b20,732,300.0,0.0,4,[13],1
0,33,x7f629b081b20,733,300.0,0.0,3,[0],1
0,33,x7f629b081b20,734,300.0,0.0,5,[16],1
0,33,x7f629b081b20,735,300.0,0.0,4,[13],1
0,33,x7f629b081b20,736,299.99,1.0,5,[5],1
0,33,x7f629b081b20,737,300.0,0.0,4,[13],1
0,33,x7f629b081b20,738,269.04,0.0,4,[16],1
0,33,x7f629b081b20,739,300.0,0.0,4,[13],1
0,33,x7f629b081b20,740,300.0,2.0,3,[2],4
0,33,x7f629b081b20,741,199.75,0.0,4,[16],1
0,33,x7f629b081b20,742,200.0,0.0,3,[0],1
0,33,x7f629b081b20,743,199.96,0.0,4,[13],1
0,33,x7f629b081b20,744,-4.19,0.0,5,[0],4
0,33,x7f629b081b20,745,-26.75,0.0,5,[0],4
0,33,x7f629b081b20,746,-200.0,1.0,5,[2],4
0,33,x7f629b081b20,747,-200.0,1.0,5,[2],4
0,33,x7f629b081b20,748,-101.14,0.0,5,[0],4
0,33,x7f629b081b20,749,609.89,2.0,5,[13],4
0,33,x7f629b081b20,750,300.0,0.0,4,[16],1
0,33,x7f629b081b20,751,300.0,0.0,4,[16],1
0,33,x7f629b081b20,752,300.0,0.0,4,[13],1
0,33,x7f629b081b20,753,200.0,0.0,4,[0],1
0,33,x7f629b081b20,754,207.78,1.0,4,[13],1
0,33,x7f629b081b20,755,200.0,0.0,4,[13],1
0,33,x7f629b081b20,756,200.0,1.0,3,[16],1
0,33,x7f629b081b20,757,300.0,0.0,2,[16],1
0,33,x7f629b081b20,758,300.0,2.0,5,[2],4
0,33,x7f629b081b20,759,300.0,2.0,3,[8],4
0,33,x7f629b081b20,760,300.0,0.0,4,[13],1
0,33,x7f629b081b20,761,300.0,0.0,3,[13],1
0,33,x7f629b081b20,762,206.27,0.0,3,[16],1
0,33,x7f629b081b20,763,0.0,1.0,2,[1],4
0,33,x7f629b081b20,764,-300.0,0.0,5,[13],1
0,33,x7f629b081b20,765,584.31,2.0,5,[16],4
0,33,x7f629b081b20,766,-200.0,1.0,5,[2],4
0,33,x7f629b081b20,767,300.0,2.0,5,[2],4
0,33,x7f629b081b20,768,100.02,0.0,5,[0],4
0,33,x7f629b081b20,769,-0.0,0.0,5,[0],4
0,33,x7f629b081b20,770,208.27,1.0,5,[13],4
0,33,x7f629b081b20,771,200.0,0.0,4,[16],1
0,33,x7f629b081b20,772,200.0,0.0,4,[13],1
0,33,x7f629b081b20,773,100.41,0.0,5,[6],1
0,33,x7f629b081b20,774,-122.06,1.0,4,[2],4
0,33,x7f629b081b20,775,300.0,1.0,5,[5],1
0,33,x7f629b081b20,776,900.0,2.0,4,[13],4
0,33,x7f629b081b20,777,136.55,0.0,3,[0],1
0,33,x7f629b081b20,778,300.0,0.0,4,[16],1
0,33,x7f629b081b20,779,300.0,0.0,4,[13],1
0,33,x7f629b081b20,780,200.0,0.0,3,[0],1
0,33,x7f629b081b20,781,400.0,1.0,5,[16],1
0,33,x7f629b081b20,782,300.05,1.0,4,[13],1
0,33,x7f629b081b20,783,299.98,1.0,4,[16],1
0,33,x7f629b081b20,784,-200.0,1.0,4,[6],1
0,33,x7f629b081b20,785,-200.0,1.0,4,[2],4
0,33,x7f629b081b20,786,-44.16,0.0,5,[0],4
0,33,x7f629b081b20,787,-78.02,0.0,5,[0],4
0,33,x7f629b081b20,788,-27.53,0.0,5,[0],4
0,33,x7f629b081b20,789,300.0,0.0,5,[6],1
0,33,x7f629b081b20,790,-36.26,0.0,5,[0],4
0,33,x7f629b081b20,791,15.77,1.0,5,[16],4
0,33,x7f629b081b20,792,300.0,0.0,4,[13],1
0,33,x7f629b081b20,793,300.0,0.0,4,[13],1
0,33,x7f629b081b20,794,300.0,0.0,3,[0],1
0,33,x7f629b081b20,795,300.0,2.0,5,[2],4
0,33,x7f629b081b20,796,-0.66,0.0,5,[0],4
0,33,x7f629b081b20,797,-117.77,1.0,5,[2],4
0,33,x7f629b081b20,798,300.0,0.0,4,[16],1
0,33,x7f629b081b20,799,300.0,0.0,3,[0],1
0,33,x7f629b081b20,800,300.0,0.0,4,[16],1
0,33,x7f629b081b20,801,300.0,0.0,6,[5],1
0,33,x7f629b081b20,802,300.0,0.0,3,[13],1
0,33,x7f629b081b20,803,200.02,0.0,3,[0],1
0,33,x7f629b081b20,804,302.14,1.0,4,[16],1
0,33,x7f629b081b20,805,805.56,2.0,4,[13],1
0,33,x7f629b081b20,806,550.15,2.0,3,[8],4
0,33,x7f629b081b20,807,-113.99,1.0,3,[2],4
0,33,x7f629b081b20,808,300.0,0.0,4,[16],1
0,33,x7f629b081b20,809,254.65,0.0,4,[13],1
0,33,x7f629b081b20,810,300.0,0.0,3,[0],1
0,33,x7f629b081b20,811,300.0,0.0,3,[16],1
0,33,x7f629b081b20,812,300.0,0.0,4,[13],1
0,33,x7f629b081b20,813,300.0,0.0,3,[0],1
0,33,x7f629b081b20,814,-200.0,1.0,5,[2],4
0,33,x7f629b081b20,815,99.98,1.0,5,[16],4
0,33,x7f629b081b20,816,-104.22,0.0,5,[0],4
0,33,x7f629b081b20,817,300.0,0.0,4,[13],1
0,33,x7f629b081b20,818,-7.76,0.0,5,[0],4
0,33,x7f629b081b20,819,-177.63,1.0,5,[2],4
0,33,x7f629b081b20,820,42.0,1.0,5,[13],4
0,33,x7f629b081b20,821,799.93,2.0,4,[16],4
0,33,x7f629b081b20,822,-100.07,1.0,4,[2],4
0,33,x7f629b081b20,823,-99.18,1.0,5,[8],4
0,33,x7f629b081b20,824,300.0,0.0,3,[0],1
0,33,x7f629b081b20,825,200.0,0.0,4,[0],1
0,33,x7f629b081b20,826,100.02,1.0,5,[16],4
0,33,x7f629b081b20,827,300.0,0.0,3,[0],1
0,33,x7f629b081b20,828,400.0,1.0,4,[16],1
0,33,x7f629b081b20,829,400.0,1.0,4,[13],1
0,33,x7f629b081b20,830,201.73,0.0,3,[0],1
0,33,x7f629b081b20,831,337.56,2.0,5,[2],4
0,33,x7f629b081b20,832,100.15,0.0,5,[0],4
0,33,x7f629b081b20,833,91.78,0.0,5,[0],4
0,33,x7f629b081b20,834,-36.88,1.0,5,[2],4
0,33,x7f629b081b20,835,101.32,1.0,5,[16],4
0,33,x7f629b081b20,836,900.0,2.0,4,[13],4
0,33,x7f629b081b20,837,300.0,0.0,4,[16],1
0,33,x7f629b081b20,838,300.0,0.0,5,[5],1
0,33,x7f629b081b20,839,9.11,0.0,5,[0],4
0,33,x7f629b081b20,840,400.0,1.0,4,[16],1
0,33,x7f629b081b20,841,200.02,0.0,3,[0],1
0,33,x7f629b081b20,842,300.0,0.0,4,[16],1
0,33,x7f629b081b20,843,300.0,0.0,3,[0],1
0,33,x7f629b081b20,844,-18.39,0.0,5,[0],4
0,33,x7f629b081b20,845,300.0,0.0,5,[16],1
0,33,x7f629b081b20,846,300.0,0.0,4,[13],1
0,33,x7f629b081b20,847,300.0,0.0,5,[16],1
0,33,x7f629b081b20,848,200.0,0.0,4,[13],1
0,33,x7f629b081b20,849,198.93,0.0,3,[0],1
0,33,x7f629b081b20,850,400.56,2.0,5,[2],4
0,33,x7f629b081b20,851,400.56,2.0,4,[8],4
0,33,x7f629b081b20,852,198.93,0.0,3,[7],1
0,33,x7f629b081b20,853,300.0,0.0,3,[0],1
0,33,x7f629b081b20,854,300.0,0.0,4,[13],1
0,33,x7f629b081b20,855,-200.0,1.0,4,[2],4
0,33,x7f629b081b20,856,300.0,0.0,4,[16],1
0,33,x7f629b081b20,857,700.02,2.0,5,[13],4
0,33,x7f629b081b20,858,300.0,0.0,5,[16],1
0,33,x7f629b081b20,859,300.0,0.0,4,[13],1
0,33,x7f629b081b20,860,300.0,0.0,4,[16],1
0,33,x7f629b081b20,861,602.24,2.0,6,[6],4
0,33,x7f629b081b20,862,183.0,1.0,5,[13],4
0,33,x7f629b081b20,863,300.0,0.0,4,[16],1
0,33,x7f629b081b20,864,300.0,0.0,4,[16],1
0,33,x7f629b081b20,865,300.0,0.0,4,[13],1
0,33,x7f629b081b20,866,300.0,0.0,2,[0],1
0,33,x7f629b081b20,867,300.0,0.0,2,[16],1
0,33,x7f629b081b20,868,300.0,0.0,5,[13],1
0,33,x7f629b081b20,869,212.39,0.0,4,[16],1
0,33,x7f629b081b20,870,199.99,0.0,4,[13],1
0,33,x7f629b081b20,871,300.0,0.0,5,[16],1
0,33,x7f629b081b20,872,300.0,2.0,5,[2],4
0,33,x7f629b081b20,873,300.0,0.0,4,[13],1
0,33,x7f629b081b20,874,-0.75,0.0,5,[0],4
0,33,x7f629b081b20,875,400.76,2.0,5,[2],4
0,33,x7f629b081b20,876,1.68,0.0,5,[0],4
0,33,x7f629b081b20,877,300.0,2.0,5,[2],4
0,33,x7f629b081b20,878,-14.25,0.0,5,[0],4
0,33,x7f629b081b20,879,-85.36,0.0,5,[0],4
0,33,x7f629b081b20,880,300.0,0.0,4,[13],1
0,33,x7f629b081b20,881,-300.0,0.0,4,[16],1
0,33,x7f629b081b20,882,300.0,0.0,5,[5],1
0,33,x7f629b081b20,883,300.0,0.0,5,[5],1
0,33,x7f629b081b20,884,699.94,2.0,4,[13],1
0,33,x7f629b081b20,885,300.0,0.0,3,[0],1
0,33,x7f629b081b20,886,300.0,0.0,3,[16],1
0,33,x7f629b081b20,887,300.0,0.0,4,[13],1
0,33,x7f629b081b20,888,201.26,0.0,3,[0],1
0,33,x7f629b081b20,889,300.0,0.0,3,[16],1
0,33,x7f629b081b20,890,300.0,0.0,3,[13],1
0,33,x7f629b081b20,891,100.0,0.0,2,[0],1
0,33,x7f629b081b20,892,200.0,1.0,3,[16],1
0,33,x7f629b081b20,893,-300.0,0.0,4,[6],1
0,33,x7f629b081b20,894,300.0,0.0,2,[13],1
0,33,x7f629b081b20,895,100.0,0.0,2,[0],1
0,33,x7f629b081b20,896,300.0,0.0,2,[16],1
0,33,x7f629b081b20,897,100.0,0.0,2,[13],1
0,33,x7f629b081b20,898,200.0,0.0,4,[16],1
0,33,x7f629b081b20,899,300.0,0.0,3,[0],1
0,33,x7f629b081b20,900,300.0,0.0,3,[16],1
0,33,x7f629b081b20,901,100.0,0.0,2,[0],1
0,33,x7f629b081b20,902,366.41,2.0,3,[1],4
0,33,x7f629b081b20,903,305.29,1.0,3,[16],1
0,33,x7f629b081b20,904,100.0,0.0,2,[0],1
0,33,x7f629b081b20,905,300.0,0.0,2,[13],1
0,33,x7f629b081b20,906,200.0,0.0,3,[16],1
0,33,x7f629b081b20,907,100.0,0.0,3,[6],1
0,33,x7f629b081b20,908,300.0,0.0,2,[13],1
0,33,x7f629b081b20,909,100.0,0.0,2,[7],1
0,33,x7f629b081b20,910,183.37,0.0,3,[5],1
0,33,x7f629b081b20,911,200.0,0.0,5,[5],1
0,33,x7f629b081b20,912,400.0,1.0,2,[5],1
0,33,x7f629b081b20,913,200.0,0.0,2,[5],1
0,33,x7f629b081b20,914,200.0,1.0,2,[5],1
0,33,x7f629b081b20,915,300.0,0.0,2,[5],1
0,33,x7f629b081b20,916,300.0,0.0,4,[5],1
0,33,x7f629b081b20,917,300.0,0.0,3,[5],1
0,33,x7f629b081b20,918,300.0,0.0,2,[16],1
0,33,x7f629b081b20,919,300.0,0.0,4,[13],1
0,33,x7f629b081b20,920,300.0,0.0,4,[6],1
0,33,x7f629b081b20,921,300.0,0.0,3,[16],1
0,33,x7f629b081b20,922,nan,0.0,2,[0],1
0,33,x7f629b081b20,923,300.0,0.0,3,[13],1
0,33,x7f629b081b20,924,300.0,0.0,3,[16],1
0,33,x7f629b081b20,925,300.0,0.0,2,[0],1
0,33,x7f629b081b20,926,300.0,0.0,3,[13],1
0,33,x7f629b081b20,927,100.0,0.0,3,[0],1
0,33,x7f629b081b20,928,300.0,0.0,4,[16],1
0,33,x7f629b081b20,929,599.88,2.0,3,[13],1
0,33,x7f629b081b20,930,300.0,2.0,5,[8],4
0,33,x7f629b081b20,931,300.0,0.0,3,[16],1
0,33,x7f629b081b20,932,220.89,0.0,4,[13],1
0,33,x7f629b081b20,933,-105.35,0.0,5,[0],4
0,33,x7f629b081b20,934,-200.0,1.0,5,[2],4
0,33,x7f629b081b20,935,2.66,0.0,5,[0],4
0,33,x7f629b081b20,936,227.7,0.0,4,[16],1
0,33,x7f629b081b20,937,128.53,1.0,5,[16],4
0,33,x7f629b081b20,938,300.0,0.0,4,[13],1
0,33,x7f629b081b20,939,300.0,0.0,4,[13],1
0,33,x7f629b081b20,940,300.0,0.0,4,[16],1
0,33,x7f629b081b20,941,300.0,0.0,4,[5],1
0,33,x7f629b081b20,942,300.0,0.0,4,[13],1
0,33,x7f629b081b20,943,300.0,0.0,4,[7],1
0,33,x7f629b081b20,944,300.01,1.0,4,[16],1
0,33,x7f629b081b20,945,213.56,0.0,4,[13],1
0,33,x7f629b081b20,946,186.44,0.0,3,[0],1
0,33,x7f629b081b20,947,-200.0,1.0,4,[2],4
0,33,x7f629b081b20,948,-8.05,0.0,5,[0],4
0,33,x7f629b081b20,949,398.74,2.0,5,[2],4
0,33,x7f629b081b20,950,-200.0,1.0,5,[2],4
0,33,x7f629b081b20,951,-200.0,1.0,5,[2],4
0,33,x7f629b081b20,952,99.02,1.0,5,[13],4
0,33,x7f629b081b20,953,633.18,2.0,4,[16],4
0,33,x7f629b081b20,954,-200.0,1.0,5,[2],4
0,33,x7f629b081b20,955,200.71,0.0,5,[5],1
0,33,x7f629b081b20,956,200.0,0.0,4,[0],1
0,33,x7f629b081b20,957,400.0,1.0,3,[13],1
0,33,x7f629b081b20,958,400.0,1.0,3,[16],1
0,33,x7f629b081b20,959,100.0,0.0,2,[0],1
0,33,x7f629b081b20,960,400.0,1.0,2,[13],1
0,33,x7f629b081b20,961,100.49,0.0,4,[7],1
0,33,x7f629b081b20,962,300.0,1.0,3,[0],1
0,33,x7f629b081b20,963,807.78,2.0,4,[13],4
0,33,x7f629b081b20,964,799.97,2.0,4,[16],1
0,33,x7f629b081b20,965,200.68,0.0,3,[0],1
0,33,x7f629b081b20,966,-405.29,0.0,4,[5],1
0,33,x7f629b081b20,967,300.0,0.0,4,[16],1
0,33,x7f629b081b20,968,300.0,0.0,3,[0],1
0,33,x7f629b081b20,969,300.0,0.0,3,[8],1
0,33,x7f629b081b20,970,200.0,0.0,4,[16],1
0,33,x7f629b081b20,971,400.0,1.0,3,[13],1
0,33,x7f629b081b20,972,199.9,0.0,3,[0],1
0,33,x7f629b081b20,973,400.0,1.0,3,[13],1
0,33,x7f629b081b20,974,300.0,0.0,4,[16],1
0,33,x7f629b081b20,975,200.0,0.0,3,[0],1
0,33,x7f629b081b20,976,300.0,0.0,4,[16],1
0,33,x7f629b081b20,977,300.0,0.0,2,[0],1
0,33,x7f629b081b20,978,300.0,0.0,3,[13],1
0,33,x7f629b081b20,979,247.35,0.0,4,[13],1
0,33,x7f629b081b20,980,-133.77,0.0,5,[0],4
0,33,x7f629b081b20,981,300.0,0.0,4,[16],1
0,33,x7f629b081b20,982,-1.33,0.0,5,[0],4
0,33,x7f629b081b20,983,206.42,0.0,4,[13],1
0,33,x7f629b081b20,984,300.0,0.0,4,[16],1
0,33,x7f629b081b20,985,100.0,0.0,2,[0],1
0,33,x7f629b081b20,986,300.0,0.0,3,[13],1
0,33,x7f629b081b20,987,300.0,0.0,3,[16],1
0,33,x7f629b081b20,988,200.0,0.0,2,[13],1
0,33,x7f629b081b20,989,200.0,0.0,2,[13],1
0,33,x7f629b081b20,990,100.0,0.0,2,[16],1
0,33,x7f629b081b20,991,100.0,0.0,2,[5],1
0,33,x7f629b081b20,992,300.0,0.0,2,[5],1
0,33,x7f629b081b20,993,300.0,0.0,2,[13],1
0,33,x7f629b081b20,994,300.0,0.0,2,[5],1
0,33,x7f629b081b20,995,300.0,0.0,4,[5],1
0,33,x7f629b081b20,996,199.97,0.0,4,[5],1
0,33,x7f629b081b20,997,300.0,0.0,3,[8],1
0,33,x7f629b081b20,998,400.0,1.0,3,[13],1
0,33,x7f629b081b20,999,300.0,0.0,2,[0],1
0,33,x7f629b081b20,1000,900.0,2.0,2,[16],1
0,33,x7f629b081b20,1001,300.0,2.0,2,[1],4
0,33,x7f629b081b20,1002,900.0,2.0,2,[13],1
0,33,x7f629b081b20,1003,480.41,2.0,5,[8],4
0,33,x7f629b081b20,1004,300.0,0.0,3,[13],1
0,33,x7f629b081b20,1005,300.0,0.0,2,[0],1
0,33,x7f629b081b20,1006,300.0,0.0,2,[16],1
0,33,x7f629b081b20,1007,nan,0.0,2,[16],1
0,33,x7f629b081b20,1008,300.0,0.0,2,[16],1
0,33,x7f629b081b20,1009,300.0,0.0,2,[13],1
0,33,x7f629b081b20,1010,200.0,0.0,2,[16],1
0,33,x7f629b081b20,1011,100.0,0.0,2,[0],1
0,33,x7f629b081b20,1012,300.0,0.0,2,[16],1
0,33,x7f629b081b20,1013,96.7,1.0,6,[7],4
0,33,x7f629b081b20,1014,0.0,1.0,2,[1],4
0,33,x7f629b081b20,1015,300.0,0.0,2,[13],1
0,33,x7f629b081b20,1016,300.0,0.0,2,[16],1
0,33,x7f629b081b20,1017,127.33,0.0,3,[0],1
0,33,x7f629b081b20,1018,300.0,1.0,4,[13],4
0,33,x7f629b081b20,1019,92.39,1.0,6,[6],4
0,33,x7f629b081b20,1020,300.0,0.0,2,[0],1
0,33,x7f629b081b20,1021,300.0,0.0,2,[0],1
0,33,x7f629b081b20,1022,199.71,0.0,3,[0],1
0,33,x7f629b081b20,1023,300.0,0.0,3,[0],1
0,33,x7f629b081b20,1024,100.0,0.0,2,[0],1
0,33,x7f629b081b20,1025,199.71,0.0,4,[5],1
0,33,x7f629b081b20,1026,300.0,0.0,2,[16],1
0,33,x7f629b081b20,1027,300.0,0.0,2,[0],1
0,33,x7f629b081b20,1028,300.0,0.0,3,[13],1
0,33,x7f629b081b20,1029,100.0,0.0,3,[0],1
0,33,x7f629b081b20,1030,300.0,0.0,4,[16],1
0,33,x7f629b081b20,1031,285.94,0.0,4,[13],1
0,33,x7f629b081b20,1032,300.0,0.0,3,[0],1
0,33,x7f629b081b20,1033,300.0,0.0,3,[16],1
0,33,x7f629b081b20,1034,300.0,0.0,5,[5],1
0,33,x7f629b081b20,1035,217.41,0.0,3,[13],1
0,33,x7f629b081b20,1036,300.0,0.0,4,[16],1
0,33,x7f629b081b20,1037,300.0,0.0,3,[0],1
0,33,x7f629b081b20,1038,300.0,0.0,4,[13],1
0,33,x7f629b081b20,1039,300.0,0.0,4,[16],1
0,33,x7f629b081b20,1040,400.0,1.0,4,[13],4
0,33,x7f629b081b20,1041,100.0,0.0,3,[6],1
0,33,x7f629b081b20,1042,300.0,0.0,4,[16],1
0,33,x7f629b081b20,1043,200.0,0.0,3,[5],1
0,33,x7f629b081b20,1044,100.0,0.0,3,[13],1
0,33,x7f629b081b20,1045,300.0,0.0,3,[16],1
0,33,x7f629b081b20,1046,100.0,0.0,2,[0],1
0,33,x7f629b081b20,1047,300.0,0.0,2,[13],1
0,33,x7f629b081b20,1048,300.0,0.0,2,[16],1
0,33,x7f629b081b20,1049,200.0,0.0,2,[8],1
0,33,x7f629b081b20,1050,300.0,1.0,4,[5],1
0,33,x7f629b081b20,1051,188.56,1.0,3,[5],1
0,33,x7f629b081b20,1052,200.0,1.0,2,[5],1
0,33,x7f629b081b20,1053,400.0,1.0,2,[13],1
0,33,x7f629b081b20,1054,300.0,0.0,3,[5],1
0,33,x7f629b081b20,1055,300.0,0.0,2,[6],1
0,33,x7f629b081b20,1056,200.0,0.0,3,[5],1
0,33,x7f629b081b20,1057,300.0,0.0,2,[5],1
0,33,x7f629b081b20,1058,200.01,0.0,3,[5],1
0,33,x7f629b081b20,1059,100.0,0.0,2,[5],1
0,33,x7f629b081b20,1060,800.0,2.0,3,[6],1
0,33,x7f629b081b20,1061,100.0,0.0,2,[16],1
0,33,x7f629b081b20,1062,500.0,2.0,2,[7],1
0,33,x7f629b081b20,1063,300.0,0.0,3,[16],1
0,33,x7f629b081b20,1064,300.0,0.0,2,[7],1
0,33,x7f629b081b20,1065,372.43,2.0,3,[1],4
0,33,x7f629b081b20,1066,799.97,2.0,4,[16],1
0,33,x7f629b081b20,1067,-68.04,0.0,4,[0],4
0,33,x7f629b081b20,1068,-300.0,0.0,4,[13],1
0,33,x7f629b081b20,1069,577.31,2.0,5,[16],4
0,33,x7f629b081b20,1070,203.54,0.0,4,[13],1
0,33,x7f629b081b20,1071,498.4,2.0,5,[16],4
0,33,x7f629b081b20,1072,300.0,0.0,3,[0],1
0,33,x7f629b081b20,1073,300.0,0.0,4,[13],1
0,33,x7f629b081b20,1074,200.0,0.0,4,[13],1
0,33,x7f629b081b20,1075,-128.46,1.0,5,[2],4
0,33,x7f629b081b20,1076,0.0,1.0,3,[8],4
0,33,x7f629b081b20,1077,585.83,2.0,5,[16],4
0,33,x7f629b081b20,1078,-22.63,0.0,5,[0],4
0,33,x7f629b081b20,1079,300.0,0.0,4,[13],1
0,33,x7f629b081b20,1080,-33.57,0.0,5,[0],4
0,33,x7f629b081b20,1081,-49.66,0.0,5,[0],4
0,33,x7f629b081b20,1082,-95.24,0.0,5,[0],4
0,33,x7f629b081b20,1083,-119.91,0.0,5,[0],4
0,33,x7f629b081b20,1084,100.65,1.0,5,[13],4
0,33,x7f629b081b20,1085,200.01,0.0,4,[16],1
0,33,x7f629b081b20,1086,-106.17,0.0,4,[0],4
0,33,x7f629b081b20,1087,144.12,0.0,5,[5],1
0,33,x7f629b081b20,1088,100.0,0.0,4,[16],1
0,33,x7f629b081b20,1089,128.9,0.0,5,[5],1
0,33,x7f629b081b20,1090,200.0,0.0,4,[13],1
0,33,x7f629b081b20,1091,200.0,0.0,4,[16],1
0,33,x7f629b081b20,1092,173.38,0.0,4,[13],1
0,33,x7f629b081b20,1093,-200.0,1.0,5,[2],4
0,33,x7f629b081b20,1094,-104.16,1.0,5,[2],4
0,33,x7f629b081b20,1095,358.62,2.0,5,[2],4
0,33,x7f629b081b20,1096,-0.07,0.0,5,[0],4
0,33,x7f629b081b20,1097,-8.64,0.0,5,[0],4
0,33,x7f629b081b20,1098,118.12,1.0,7,[6],4
0,33,x7f629b081b20,1099,-4.35,0.0,5,[0],4
0,33,x7f629b081b20,1100,200.0,0.0,7,[6],1
0,33,x7f629b081b20,1101,900.0,2.0,4,[16],1
0,33,x7f629b081b20,1102,300.0,0.0,3,[0],1
0,33,x7f629b081b20,1103,300.0,0.0,4,[13],1
0,33,x7f629b081b20,1104,400.0,1.0,4,[16],1
0,33,x7f629b081b20,1105,161.37,0.0,5,[6],1
0,33,x7f629b081b20,1106,300.0,2.0,3,[2],4
0,33,x7f629b081b20,1107,-200.0,1.0,4,[2],4
0,33,x7f629b081b20,1108,339.88,1.0,5,[16],4
0,33,x7f629b081b20,1109,300.0,0.0,4,[13],1
0,33,x7f629b081b20,1110,300.0,0.0,3,[0],1
0,33,x7f629b081b20,1111,300.0,0.0,4,[16],1
0,33,x7f629b081b20,1112,400.0,1.0,4,[13],1
0,33,x7f629b081b20,1113,900.0,2.0,4,[16],1
0,33,x7f629b081b20,1114,300.0,2.0,4,[8],4
0,33,x7f629b081b20,1115,400.0,1.0,4,[13],4
0,33,x7f629b081b20,1116,300.0,0.0,3,[0],1
0,33,x7f629b081b20,1117,300.0,0.0,4,[16],1
0,33,x7f629b081b20,1118,300.0,0.0,4,[13],1
0,33,x7f629b081b20,1119,300.0,0.0,4,[16],1
0,33,x7f629b081b20,1120,300.0,0.0,3,[0],1
0,33,x7f629b081b20,1121,-73.44,0.0,5,[0],4
0,33,x7f629b081b20,1122,-39.68,0.0,5,[0],4
0,33,x7f629b081b20,1123,-28.05,0.0,5,[0],4
0,33,x7f629b081b20,1124,216.15,0.0,7,[5],1
0,33,x7f629b081b20,1125,-7.83,0.0,5,[0],4
0,33,x7f629b081b20,1126,300.0,2.0,7,[2],4
0,33,x7f629b081b20,1127,799.91,2.0,4,[16],1
0,33,x7f629b081b20,1128,200.0,1.0,3,[13],1
0,33,x7f629b081b20,1129,208.88,0.0,3,[16],1
0,33,x7f629b081b20,1130,-200.0,1.0,5,[2],4
0,33,x7f629b081b20,1131,300.0,2.0,3,[2],4
0,33,x7f629b081b20,1132,-300.0,0.0,4,[0],1
0,33,x7f629b081b20,1133,-300.0,0.0,4,[13],1
0,33,x7f629b081b20,1134,300.0,0.0,4,[16],1
0,33,x7f629b081b20,1135,162.44,0.0,3,[7],1
0,33,x7f629b081b20,1136,100.31,1.0,3,[13],1
0,33,x7f629b081b20,1137,300.0,0.0,2,[0],1
0,33,x7f629b081b20,1138,500.0,2.0,2,[16],1
0,33,x7f629b081b20,1139,300.0,0.0,2,[13],1
0,33,x7f629b081b20,1140,-427.71,1.0,3,[5],1
0,33,x7f629b081b20,1141,300.0,0.0,3,[7],1
0,33,x7f629b081b20,1142,200.0,0.0,3,[7],1
0,33,x7f629b081b20,1143,300.0,0.0,2,[16],1
0,33,x7f629b081b20,1144,700.0,2.0,5,[13],4
0,33,x7f629b081b20,1145,103.57,0.0,4,[16],1
0,33,x7f629b081b20,1146,400.0,1.0,3,[13],1
0,33,x7f629b081b20,1147,100.0,0.0,2,[16],1
0,33,x7f629b081b20,1148,-300.0,0.0,2,[13],1
0,33,x7f629b081b20,1149,700.0,2.0,2,[16],1
0,33,x7f629b081b20,1150,300.0,0.0,2,[16],1
0,33,x7f629b081b20,1151,300.0,0.0,2,[13],1
0,33,x7f629b081b20,1152,700.0,2.0,2,[13],1
0,33,x7f629b081b20,1153,100.0,0.0,2,[16],1
0,33,x7f629b081b20,1154,200.0,0.0,2,[13],1
0,33,x7f629b081b20,1155,200.0,1.0,2,[6],1
