1,222,x7f1bd20e6470,1,50.0,0.0,3,[12]
1,222,x7f1bd20e6470,2,50.0,0.0,2,[5]
1,222,x7f1bd20e6470,3,-697.1683038010738,0.0,4,[7]
1,222,x7f1bd20e6470,4,350.0,2.0,3,[6]
1,222,x7f1bd20e6470,5,-250.0,0.0,3,[6]
1,222,x7f1bd20e6470,6,-700.0517192091083,0.0,7,[1]
1,222,x7f1bd20e6470,7,-850.0,0.0,7,[1]
1,222,x7f1bd20e6470,8,-554.866391755926,1.0,7,[1]
1,222,x7f1bd20e6470,9,-850.0,0.0,7,[1]
1,222,x7f1bd20e6470,10,-750.5535831024174,0.0,7,[1]
1,222,x7f1bd20e6470,11,-850.0,0.0,7,[1]
1,222,x7f1bd20e6470,12,350.0,2.0,7,[1]
1,222,x7f1bd20e6470,13,-850.0,0.0,7,[1]
1,222,x7f1bd20e6470,14,-700.0,1.0,7,[1]
1,222,x7f1bd20e6470,15,-850.0,0.0,7,[1]
1,222,x7f1bd20e6470,16,-700.0,1.0,7,[1]
1,222,x7f1bd20e6470,17,-700.0,1.0,7,[1]
1,222,x7f1bd20e6470,18,-850.0,0.0,7,[1]
1,222,x7f1bd20e6470,19,-700.0,1.0,7,[1]
1,222,x7f1bd20e6470,20,350.0,2.0,7,[1]
1,222,x7f1bd20e6470,21,350.0,2.0,7,[1]
1,222,x7f1bd20e6470,22,-850.0,0.0,7,[1]
1,222,x7f1bd20e6470,23,-850.0,0.0,7,[1]
1,222,x7f1bd20e6470,24,-850.0,0.0,7,[1]
1,222,x7f1bd20e6470,25,-700.0,1.0,7,[1]
1,222,x7f1bd20e6470,26,-850.0,0.0,7,[1]
1,222,x7f1bd20e6470,27,-850.0,0.0,7,[1]
1,222,x7f1bd20e6470,28,-850.0,0.0,7,[1]
1,222,x7f1bd20e6470,29,350.0,2.0,7,[1]
1,222,x7f1bd20e6470,30,-850.0,0.0,7,[1]
1,222,x7f1bd20e6470,31,-850.0,0.0,7,[1]
1,222,x7f1bd20e6470,32,-850.0,0.0,7,[1]
1,222,x7f1bd20e6470,33,-850.0,0.0,7,[1]
1,222,x7f1bd20e6470,34,-850.0,0.0,7,[1]
1,222,x7f1bd20e6470,35,-700.0,1.0,7,[1]
1,222,x7f1bd20e6470,36,-850.0,0.0,7,[1]
1,222,x7f1bd20e6470,37,-850.0,0.0,7,[1]
1,222,x7f1bd20e6470,38,-850.0,0.0,7,[1]
1,222,x7f1bd20e6470,39,-850.0,0.0,7,[1]
1,222,x7f1bd20e6470,40,-850.0,0.0,7,[1]
1,222,x7f1bd20e6470,41,-850.0,0.0,7,[1]
1,222,x7f1bd20e6470,42,-700.0,1.0,7,[1]
1,222,x7f1bd20e6470,43,-850.0,0.0,7,[1]
1,222,x7f1bd20e6470,44,-850.0,0.0,7,[1]
1,222,x7f1bd20e6470,45,-850.0,0.0,7,[1]
1,222,x7f1bd20e6470,46,-850.0,0.0,7,[1]
1,222,x7f1bd20e6470,47,-850.0,0.0,7,[1]
1,222,x7f1bd20e6470,48,-850.0,0.0,7,[1]
1,222,x7f1bd20e6470,49,-700.0,1.0,7,[1]
1,222,x7f1bd20e6470,50,-850.0,0.0,7,[1]
1,222,x7f1bd20e6470,51,-850.0,0.0,7,[1]
1,222,x7f1bd20e6470,52,-850.0,0.0,7,[1]
1,222,x7f1bd20e6470,53,-850.0,0.0,7,[1]
1,222,x7f1bd20e6470,54,350.0,2.0,7,[1]
1,222,x7f1bd20e6470,55,-850.0,0.0,7,[1]
1,222,x7f1bd20e6470,56,-700.0,1.0,7,[1]
1,222,x7f1bd20e6470,57,350.0,2.0,7,[1]
1,222,x7f1bd20e6470,58,-850.0,0.0,7,[1]
1,222,x7f1bd20e6470,59,350.0,2.0,7,[1]
1,222,x7f1bd20e6470,60,-850.0,0.0,7,[1]
1,222,x7f1bd20e6470,61,-700.0,1.0,7,[1]
1,222,x7f1bd20e6470,62,-700.0,1.0,7,[1]
1,222,x7f1bd20e6470,63,-850.0,0.0,7,[1]
1,222,x7f1bd20e6470,64,-850.0,0.0,7,[1]
1,222,x7f1bd20e6470,65,-850.0,0.0,7,[1]
1,222,x7f1bd20e6470,66,-850.0,0.0,7,[1]
1,222,x7f1bd20e6470,67,-850.0,0.0,7,[1]
1,222,x7f1bd20e6470,68,-850.0,0.0,7,[1]
1,222,x7f1bd20e6470,69,-850.0,0.0,7,[1]
1,222,x7f1bd20e6470,70,-850.0,0.0,7,[1]
1,222,x7f1bd20e6470,71,-850.0,0.0,7,[1]
1,222,x7f1bd20e6470,72,-850.0,0.0,7,[1]
1,222,x7f1bd20e6470,73,-850.0,0.0,7,[1]
1,222,x7f1bd20e6470,74,-850.0,0.0,7,[1]
1,222,x7f1bd20e6470,75,-850.0,0.0,7,[1]
1,222,x7f1bd20e6470,76,-850.0,0.0,7,[1]
1,222,x7f1bd20e6470,77,-850.0,0.0,7,[1]
1,222,x7f1bd20e6470,78,-850.0,0.0,7,[1]
1,222,x7f1bd20e6470,79,-850.0,0.0,7,[1]
1,222,x7f1bd20e6470,80,-850.0,0.0,7,[1]
1,222,x7f1bd20e6470,81,-700.0,1.0,7,[1]
1,222,x7f1bd20e6470,82,-850.0,0.0,7,[1]
1,222,x7f1bd20e6470,83,350.0,2.0,7,[1]
1,222,x7f1bd20e6470,84,-850.0,0.0,7,[1]
1,222,x7f1bd20e6470,85,-850.0,0.0,7,[1]
1,222,x7f1bd20e6470,86,-850.0,0.0,7,[1]
1,222,x7f1bd20e6470,87,-850.0,0.0,7,[1]
1,222,x7f1bd20e6470,88,-850.0,0.0,7,[1]
1,222,x7f1bd20e6470,89,-850.0,0.0,7,[1]
1,222,x7f1bd20e6470,90,-850.0,0.0,7,[1]
1,222,x7f1bd20e6470,91,-850.0,0.0,7,[1]
1,222,x7f1bd20e6470,92,-700.0,1.0,7,[1]
1,222,x7f1bd20e6470,93,-850.0,0.0,7,[1]
1,222,x7f1bd20e6470,94,-850.0,0.0,7,[1]
1,222,x7f1bd20e6470,95,-700.0,1.0,7,[1]
1,222,x7f1bd20e6470,96,-850.0,0.0,7,[1]
1,222,x7f1bd20e6470,97,-850.0,0.0,7,[1]
1,222,x7f1bd20e6470,98,-850.0,0.0,7,[1]
1,222,x7f1bd20e6470,99,-850.0,0.0,6,[0]
1,222,x7f1bd20e6470,100,-850.0,0.0,6,[0]
1,222,x7f1bd20e6470,101,-701.4487504639444,0.0,5,[8]
1,222,x7f1bd20e6470,102,-640.0691807797255,1.0,7,[1]
1,222,x7f1bd20e6470,103,-700.0,1.0,7,[1]
1,222,x7f1bd20e6470,104,-809.8607772558641,0.0,7,[1]
1,222,x7f1bd20e6470,105,-850.0,0.0,7,[1]
1,222,x7f1bd20e6470,106,-832.988028078432,0.0,7,[1]
1,222,x7f1bd20e6470,107,-850.0,0.0,7,[1]
1,222,x7f1bd20e6470,108,-850.0,0.0,7,[1]
1,222,x7f1bd20e6470,109,-850.0,0.0,7,[1]
1,222,x7f1bd20e6470,110,-850.0,0.0,7,[1]
1,222,x7f1bd20e6470,111,-850.0,0.0,7,[1]
1,222,x7f1bd20e6470,112,-700.0,1.0,7,[1]
1,222,x7f1bd20e6470,113,-850.0,0.0,7,[1]
1,222,x7f1bd20e6470,114,-850.0,0.0,6,[0]
1,222,x7f1bd20e6470,115,350.0,2.0,6,[0]
1,222,x7f1bd20e6470,116,-850.0,0.0,5,[8]
1,222,x7f1bd20e6470,117,-850.0,0.0,5,[8]
1,222,x7f1bd20e6470,118,350.0,2.0,4,[7]
1,222,x7f1bd20e6470,119,-250.0,0.0,4,[7]
1,222,x7f1bd20e6470,120,-250.0,0.0,4,[0]
1,222,x7f1bd20e6470,121,-250.0,0.0,3,[6]
1,222,x7f1bd20e6470,122,-250.0,0.0,3,[0]
1,222,x7f1bd20e6470,123,50.0,0.0,2,[5]
1,222,x7f1bd20e6470,124,-566.1009425984121,0.0,3,[12]
1,222,x7f1bd20e6470,125,350.0,2.0,2,[5]
1,222,x7f1bd20e6470,126,50.0,0.0,2,[5]
1,222,x7f1bd20e6470,127,-250.0,0.0,2,[5]
1,222,x7f1bd20e6470,128,-97.16830380107406,0.0,3,[6]
1,222,x7f1bd20e6470,129,448.2706505592487,2.0,3,[6]
1,222,x7f1bd20e6470,130,-250.0,0.0,2,[5]
1,222,x7f1bd20e6470,131,-100.00013683249367,0.0,4,[7]
1,222,x7f1bd20e6470,132,-250.0,0.0,3,[6]
1,222,x7f1bd20e6470,133,-250.0,0.0,3,[6]
1,222,x7f1bd20e6470,134,-101.3068771267596,0.0,7,[1]
1,222,x7f1bd20e6470,135,-250.0,0.0,6,[0]
1,222,x7f1bd20e6470,136,-250.0,0.0,6,[0]
1,222,x7f1bd20e6470,137,-250.0,0.0,7,[1]
1,222,x7f1bd20e6470,138,-250.0,0.0,7,[1]
1,222,x7f1bd20e6470,139,-250.0,0.0,7,[1]
1,222,x7f1bd20e6470,140,-250.0,0.0,7,[1]
1,222,x7f1bd20e6470,141,-250.0,0.0,7,[1]
1,222,x7f1bd20e6470,142,-100.0,1.0,7,[1]
1,222,x7f1bd20e6470,143,-100.0,1.0,7,[1]
1,222,x7f1bd20e6470,144,-100.0,1.0,7,[1]
1,222,x7f1bd20e6470,145,-250.0,0.0,7,[1]
1,222,x7f1bd20e6470,146,350.0,2.0,7,[1]
1,222,x7f1bd20e6470,147,-250.0,0.0,7,[1]
1,222,x7f1bd20e6470,148,-250.0,0.0,7,[1]
1,222,x7f1bd20e6470,149,-250.0,0.0,6,[0]
1,222,x7f1bd20e6470,150,-250.0,0.0,6,[0]
1,222,x7f1bd20e6470,151,-110.48086512267844,0.0,5,[8]
1,222,x7f1bd20e6470,152,-100.0,0.0,6,[12]
1,222,x7f1bd20e6470,153,-250.0,0.0,5,[8]
1,222,x7f1bd20e6470,154,-250.0,0.0,4,[7]
1,222,x7f1bd20e6470,155,-100.0,1.0,4,[7]
1,222,x7f1bd20e6470,156,-250.0,0.0,3,[6]
1,222,x7f1bd20e6470,157,443.3449043107204,2.0,7,[1]
1,222,x7f1bd20e6470,158,-373.885176212637,0.0,6,[0]
1,222,x7f1bd20e6470,159,-400.0,0.0,6,[0]
1,222,x7f1bd20e6470,160,-354.51881422304785,0.0,6,[0]
1,222,x7f1bd20e6470,161,21.80945923302285,1.0,5,[8]
1,222,x7f1bd20e6470,162,-250.0,0.0,5,[0]
1,222,x7f1bd20e6470,163,-250.0,0.0,4,[7]
1,222,x7f1bd20e6470,164,-572.4926184292306,1.0,5,[12]
1,222,x7f1bd20e6470,165,350.0,2.0,4,[7]
1,222,x7f1bd20e6470,166,-250.0,0.0,3,[6]
1,222,x7f1bd20e6470,167,-100.0,1.0,3,[6]
1,222,x7f1bd20e6470,168,-250.0,0.0,2,[5]
1,222,x7f1bd20e6470,169,-144.71070189822302,0.0,6,[0]
1,222,x7f1bd20e6470,170,-229.877592528023,0.0,6,[0]
1,222,x7f1bd20e6470,171,-250.0,0.0,5,[8]
1,222,x7f1bd20e6470,172,-170.75507595165763,0.0,6,[12]
1,222,x7f1bd20e6470,173,-213.063694121431,0.0,5,[8]
1,222,x7f1bd20e6470,174,-142.18090337277866,0.0,4,[7]
1,222,x7f1bd20e6470,175,-250.0,0.0,4,[7]
1,222,x7f1bd20e6470,176,-231.9500103026882,0.0,7,[1]
1,222,x7f1bd20e6470,177,-179.45301986567273,0.0,7,[1]
1,222,x7f1bd20e6470,178,-151.76106675145496,0.0,6,[0]
1,222,x7f1bd20e6470,179,-250.0,0.0,6,[0]
1,222,x7f1bd20e6470,180,-250.0,0.0,5,[8]
1,222,x7f1bd20e6470,181,-767.2839715247999,0.0,6,[12]
1,222,x7f1bd20e6470,182,350.0,2.0,5,[8]
1,222,x7f1bd20e6470,183,-250.0,0.0,4,[7]
1,222,x7f1bd20e6470,184,-250.0,0.0,4,[7]
1,222,x7f1bd20e6470,185,-250.0,0.0,3,[6]
1,222,x7f1bd20e6470,186,-100.0,1.0,3,[6]
1,222,x7f1bd20e6470,187,-250.0,0.0,3,[0]
1,222,x7f1bd20e6470,188,-250.0,0.0,2,[5]
1,222,x7f1bd20e6470,189,-250.0,0.0,2,[0]
1,222,x7f1bd20e6470,190,50.0,0.0,2,[12]
1,222,x7f1bd20e6470,191,-250.0,0.0,2,[5]
1,222,x7f1bd20e6470,192,-250.0,0.0,2,[5]
1,222,x7f1bd20e6470,193,-250.0,0.0,2,[0]
1,222,x7f1bd20e6470,194,50.0,0.0,2,[12]
1,222,x7f1bd20e6470,195,-97.16830380107336,0.0,3,[6]
1,222,x7f1bd20e6470,196,-250.0,0.0,3,[6]
1,222,x7f1bd20e6470,197,-251.44875046394418,0.0,5,[8]
1,222,x7f1bd20e6470,198,-100.0,1.0,4,[7]
1,222,x7f1bd20e6470,199,-250.41032066947267,0.0,7,[1]
1,222,x7f1bd20e6470,200,-42.83422287478487,1.0,7,[1]
1,222,x7f1bd20e6470,201,491.08276179473114,2.0,7,[1]
1,222,x7f1bd20e6470,202,-400.0,0.0,7,[1]
1,222,x7f1bd20e6470,203,-309.1088771920207,0.0,7,[1]
1,222,x7f1bd20e6470,204,-400.0,0.0,6,[0]
1,222,x7f1bd20e6470,205,-100.0,1.0,6,[0]
1,222,x7f1bd20e6470,206,49.94828079089166,1.0,5,[8]
1,222,x7f1bd20e6470,207,-344.89768644714604,0.0,6,[12]
1,222,x7f1bd20e6470,208,-100.0,1.0,5,[8]
1,222,x7f1bd20e6470,209,-400.0,0.0,4,[7]
1,222,x7f1bd20e6470,210,-400.0,0.0,4,[7]
1,222,x7f1bd20e6470,211,49.99878390596422,1.0,3,[6]
1,222,x7f1bd20e6470,212,-100.0,1.0,3,[6]
1,222,x7f1bd20e6470,213,-250.0,0.0,3,[0]
1,222,x7f1bd20e6470,214,-250.0,0.0,2,[5]
1,222,x7f1bd20e6470,215,0.8480000000012353,1.0,3,[12]
1,222,x7f1bd20e6470,216,-250.0,0.0,2,[5]
1,222,x7f1bd20e6470,217,-732.3619696446638,0.0,3,[6]
1,222,x7f1bd20e6470,218,-549.8668231701866,1.0,3,[6]
1,222,x7f1bd20e6470,219,-850.0,0.0,3,[0]
1,222,x7f1bd20e6470,220,-550.0,0.0,2,[5]
1,222,x7f1bd20e6470,221,-400.0,1.0,3,[12]
1,222,x7f1bd20e6470,222,-550.0,0.0,2,[5]
1,222,x7f1bd20e6470,223,-249.86682317018662,0.0,4,[0]
1,222,x7f1bd20e6470,224,-282.36196964466376,0.0,3,[6]
1,222,x7f1bd20e6470,225,650.0,2.0,4,[12]
1,222,x7f1bd20e6470,226,-400.0,0.0,3,[6]
1,222,x7f1bd20e6470,227,200.0,1.0,2,[5]
1,222,x7f1bd20e6470,228,50.0,0.0,2,[5]
1,222,x7f1bd20e6470,229,-250.0,0.0,2,[5]
1,222,x7f1bd20e6470,230,-250.0,0.0,2,[5]
1,222,x7f1bd20e6470,231,-250.0,0.0,2,[5]
1,222,x7f1bd20e6470,232,-100.05171920910834,0.0,7,[1]
1,222,x7f1bd20e6470,233,-250.0,0.0,7,[1]
1,222,x7f1bd20e6470,234,-104.86639175592647,0.0,7,[1]
1,222,x7f1bd20e6470,235,-250.0,0.0,7,[1]
1,222,x7f1bd20e6470,236,-150.55358310242113,0.0,7,[1]
1,222,x7f1bd20e6470,237,-250.0,0.0,7,[1]
1,222,x7f1bd20e6470,238,-250.0,0.0,7,[1]
1,222,x7f1bd20e6470,239,-250.0,0.0,7,[1]
1,222,x7f1bd20e6470,240,-250.0,0.0,7,[1]
1,222,x7f1bd20e6470,241,-250.0,0.0,7,[1]
1,222,x7f1bd20e6470,242,-250.0,0.0,7,[1]
1,222,x7f1bd20e6470,243,-100.0,1.0,7,[1]
1,222,x7f1bd20e6470,244,350.0,2.0,7,[1]
1,222,x7f1bd20e6470,245,-250.0,0.0,7,[1]
1,222,x7f1bd20e6470,246,-250.0,0.0,7,[1]
1,222,x7f1bd20e6470,247,-250.0,0.0,7,[1]
1,222,x7f1bd20e6470,248,-250.0,0.0,7,[1]
1,222,x7f1bd20e6470,249,-250.0,0.0,7,[1]
1,222,x7f1bd20e6470,250,-250.0,0.0,7,[1]
1,222,x7f1bd20e6470,251,350.0,2.0,7,[1]
1,222,x7f1bd20e6470,252,-250.0,0.0,7,[1]
1,222,x7f1bd20e6470,253,-250.0,0.0,7,[1]
1,222,x7f1bd20e6470,254,-250.0,0.0,7,[1]
1,222,x7f1bd20e6470,255,350.0,2.0,7,[1]
1,222,x7f1bd20e6470,256,-100.0,1.0,7,[1]
1,222,x7f1bd20e6470,257,-250.0,0.0,7,[1]
1,222,x7f1bd20e6470,258,-250.0,0.0,7,[1]
1,222,x7f1bd20e6470,259,-250.0,0.0,7,[1]
1,222,x7f1bd20e6470,260,350.0,2.0,7,[1]
1,222,x7f1bd20e6470,261,-100.0,1.0,7,[1]
1,222,x7f1bd20e6470,262,350.0,2.0,7,[1]
1,222,x7f1bd20e6470,263,-250.0,0.0,7,[1]
1,222,x7f1bd20e6470,264,-250.0,0.0,7,[1]
1,222,x7f1bd20e6470,265,-250.0,0.0,7,[1]
1,222,x7f1bd20e6470,266,-250.0,0.0,7,[1]
1,222,x7f1bd20e6470,267,-250.0,0.0,7,[1]
1,222,x7f1bd20e6470,268,-100.0,1.0,7,[1]
1,222,x7f1bd20e6470,269,-250.0,0.0,7,[1]
1,222,x7f1bd20e6470,270,-250.0,0.0,7,[1]
1,222,x7f1bd20e6470,271,-250.0,0.0,7,[1]
1,222,x7f1bd20e6470,272,-250.0,0.0,7,[1]
1,222,x7f1bd20e6470,273,-250.0,0.0,7,[1]
1,222,x7f1bd20e6470,274,-250.0,0.0,7,[1]
1,222,x7f1bd20e6470,275,-250.0,0.0,7,[1]
1,222,x7f1bd20e6470,276,-100.0,1.0,7,[1]
1,222,x7f1bd20e6470,277,-250.0,0.0,7,[1]
1,222,x7f1bd20e6470,278,350.0,2.0,7,[1]
1,222,x7f1bd20e6470,279,-250.0,0.0,7,[1]
1,222,x7f1bd20e6470,280,-250.0,0.0,7,[1]
1,222,x7f1bd20e6470,281,-250.0,0.0,7,[1]
1,222,x7f1bd20e6470,282,-250.0,0.0,7,[1]
1,222,x7f1bd20e6470,283,-250.0,0.0,7,[1]
1,222,x7f1bd20e6470,284,-250.0,0.0,7,[1]
1,222,x7f1bd20e6470,285,-100.0,1.0,7,[1]
1,222,x7f1bd20e6470,286,-250.0,0.0,7,[1]
1,222,x7f1bd20e6470,287,350.0,2.0,7,[1]
1,222,x7f1bd20e6470,288,-250.0,0.0,7,[1]
1,222,x7f1bd20e6470,289,-250.0,0.0,7,[1]
1,222,x7f1bd20e6470,290,-100.0,1.0,7,[1]
1,222,x7f1bd20e6470,291,-100.0,1.0,7,[1]
1,222,x7f1bd20e6470,292,-250.0,0.0,7,[1]
1,222,x7f1bd20e6470,293,-250.0,0.0,7,[1]
1,222,x7f1bd20e6470,294,-250.0,0.0,7,[1]
1,222,x7f1bd20e6470,295,-250.0,0.0,7,[1]
1,222,x7f1bd20e6470,296,-250.0,0.0,7,[1]
1,222,x7f1bd20e6470,297,-250.0,0.0,7,[1]
1,222,x7f1bd20e6470,298,-250.0,0.0,7,[1]
1,222,x7f1bd20e6470,299,350.0,2.0,7,[1]
1,222,x7f1bd20e6470,300,-100.0,1.0,7,[1]
1,222,x7f1bd20e6470,301,-100.0,1.0,7,[1]
1,222,x7f1bd20e6470,302,-100.0,1.0,7,[1]
1,222,x7f1bd20e6470,303,-100.0,1.0,7,[1]
1,222,x7f1bd20e6470,304,-250.0,0.0,7,[1]
1,222,x7f1bd20e6470,305,-250.0,0.0,7,[1]
1,222,x7f1bd20e6470,306,-100.0,1.0,7,[1]
1,222,x7f1bd20e6470,307,-250.0,0.0,7,[1]
1,222,x7f1bd20e6470,308,-250.0,0.0,7,[1]
1,222,x7f1bd20e6470,309,-250.0,0.0,7,[1]
1,222,x7f1bd20e6470,310,-250.0,0.0,7,[1]
1,222,x7f1bd20e6470,311,-250.0,0.0,7,[1]
1,222,x7f1bd20e6470,312,-250.0,0.0,7,[1]
1,222,x7f1bd20e6470,313,-250.0,0.0,7,[1]
1,222,x7f1bd20e6470,314,-250.0,0.0,7,[1]
1,222,x7f1bd20e6470,315,-250.0,0.0,7,[1]
1,222,x7f1bd20e6470,316,-250.0,0.0,6,[0]
1,222,x7f1bd20e6470,317,-250.0,0.0,6,[0]
1,222,x7f1bd20e6470,318,-100.30938220976225,0.0,5,[8]
1,222,x7f1bd20e6470,319,-250.0,0.0,5,[8]
1,222,x7f1bd20e6470,320,-100.0,1.0,5,[0]
1,222,x7f1bd20e6470,321,-166.3455765854397,0.0,4,[7]
1,222,x7f1bd20e6470,322,-250.0,0.0,5,[12]
1,222,x7f1bd20e6470,323,-250.0,0.0,4,[7]
1,222,x7f1bd20e6470,324,-99.99199441122524,0.0,3,[6]
1,222,x7f1bd20e6470,325,-44.105872494355616,0.0,4,[12]
1,222,x7f1bd20e6470,326,-250.0,0.0,3,[6]
1,222,x7f1bd20e6470,327,-250.0,0.0,2,[5]
1,222,x7f1bd20e6470,328,-250.0,0.0,2,[5]
1,222,x7f1bd20e6470,329,-306.7603272244569,0.0,5,[12]
1,222,x7f1bd20e6470,330,-38.246867493298794,1.0,4,[7]
1,222,x7f1bd20e6470,331,-100.0,1.0,3,[6]
1,222,x7f1bd20e6470,332,-232.26157656406755,0.0,4,[12]
1,222,x7f1bd20e6470,333,-250.0,0.0,3,[6]
1,222,x7f1bd20e6470,334,-250.0,0.0,2,[5]
1,222,x7f1bd20e6470,335,-100.0,1.0,2,[5]
1,222,x7f1bd20e6470,336,-699.9919944112253,0.0,5,[8]
1,222,x7f1bd20e6470,337,-550.0,0.0,6,[12]
1,222,x7f1bd20e6470,338,350.0,2.0,5,[8]
1,222,x7f1bd20e6470,339,-850.0,0.0,4,[7]
1,222,x7f1bd20e6470,340,-700.6172839506171,0.0,5,[12]
1,222,x7f1bd20e6470,341,-850.0,0.0,4,[7]
1,222,x7f1bd20e6470,342,-700.4103206694728,0.0,7,[1]
1,222,x7f1bd20e6470,343,-850.0,0.0,6,[0]
1,222,x7f1bd20e6470,344,350.0,2.0,6,[0]
1,222,x7f1bd20e6470,345,-705.1467222531737,0.0,5,[8]
1,222,x7f1bd20e6470,346,-850.0,0.0,5,[8]
1,222,x7f1bd20e6470,347,-850.0,0.0,4,[7]
1,222,x7f1bd20e6470,348,-850.0,0.0,4,[7]
1,222,x7f1bd20e6470,349,-699.9943368462494,0.0,3,[6]
1,222,x7f1bd20e6470,350,-850.0,0.0,3,[6]
1,222,x7f1bd20e6470,351,-850.0,0.0,3,[0]
1,222,x7f1bd20e6470,352,-850.0,0.0,2,[5]
1,222,x7f1bd20e6470,353,-735.5957031249987,0.0,3,[12]
1,222,x7f1bd20e6470,354,-850.0,0.0,2,[5]
1,222,x7f1bd20e6470,355,492.7834394696548,2.0,3,[6]
1,222,x7f1bd20e6470,356,389.96465026983674,2.0,3,[6]
1,222,x7f1bd20e6470,357,-728.3722651379113,0.0,3,[0]
1,222,x7f1bd20e6470,358,-850.0,0.0,2,[5]
1,222,x7f1bd20e6470,359,-850.0,0.0,2,[0]
1,222,x7f1bd20e6470,360,-400.0,0.0,2,[12]
1,222,x7f1bd20e6470,361,-250.0,0.0,2,[5]
1,222,x7f1bd20e6470,362,-699.8668231701864,0.0,4,[7]
1,222,x7f1bd20e6470,363,-850.0,0.0,4,[0]
1,222,x7f1bd20e6470,364,467.6380303553499,2.0,3,[6]
1,222,x7f1bd20e6470,365,-683.122296922913,0.0,6,[12]
1,222,x7f1bd20e6470,366,-700.0001368324937,0.0,5,[8]
1,222,x7f1bd20e6470,367,-850.0,0.0,4,[7]
1,222,x7f1bd20e6470,368,500.0060284006935,2.0,5,[12]
1,222,x7f1bd20e6470,369,-700.0,1.0,4,[7]
1,222,x7f1bd20e6470,370,494.85327774682787,2.0,3,[6]
1,222,x7f1bd20e6470,371,-700.4103206694725,0.0,5,[8]
1,222,x7f1bd20e6470,372,-850.0,0.0,5,[8]
1,222,x7f1bd20e6470,373,-708.9172382052686,0.0,5,[0]
1,222,x7f1bd20e6470,374,-850.0,0.0,4,[7]
1,222,x7f1bd20e6470,375,-554.7985732678151,1.0,7,[1]
1,222,x7f1bd20e6470,376,-850.0,0.0,6,[0]
1,222,x7f1bd20e6470,377,-850.0,0.0,6,[0]
1,222,x7f1bd20e6470,378,477.0873629571737,2.0,5,[8]
1,222,x7f1bd20e6470,379,-850.0,0.0,5,[8]
1,222,x7f1bd20e6470,380,-850.0,0.0,4,[7]
1,222,x7f1bd20e6470,381,-850.0,0.0,4,[7]
1,222,x7f1bd20e6470,382,-850.0,0.0,4,[0]
1,222,x7f1bd20e6470,383,-850.0,0.0,3,[6]
1,222,x7f1bd20e6470,384,-817.4286785372041,0.0,7,[1]
1,222,x7f1bd20e6470,385,-741.8680219566448,0.0,7,[1]
1,222,x7f1bd20e6470,386,-700.0,1.0,7,[1]
1,222,x7f1bd20e6470,387,-794.2560995563321,0.0,7,[1]
1,222,x7f1bd20e6470,388,-850.0,0.0,7,[1]
1,222,x7f1bd20e6470,389,-850.0,0.0,7,[1]
1,222,x7f1bd20e6470,390,-700.0,1.0,7,[1]
1,222,x7f1bd20e6470,391,-850.0,0.0,7,[1]
1,222,x7f1bd20e6470,392,-715.8840479699883,0.0,6,[0]
1,222,x7f1bd20e6470,393,-850.0,0.0,6,[0]
1,222,x7f1bd20e6470,394,-700.0,1.0,5,[8]
1,222,x7f1bd20e6470,395,-850.0,0.0,5,[8]
1,222,x7f1bd20e6470,396,-700.0,1.0,5,[0]
1,222,x7f1bd20e6470,397,-562.8487352227926,1.0,4,[7]
1,222,x7f1bd20e6470,398,-775.5922724549332,0.0,6,[0]
1,222,x7f1bd20e6470,399,-850.0,0.0,6,[0]
1,222,x7f1bd20e6470,400,-850.0,0.0,5,[8]
1,222,x7f1bd20e6470,401,-788.573499999999,0.0,6,[12]
1,222,x7f1bd20e6470,402,-850.0,0.0,5,[8]
1,222,x7f1bd20e6470,403,-850.0,0.0,4,[7]
1,222,x7f1bd20e6470,404,-850.0,0.0,4,[7]
1,222,x7f1bd20e6470,405,-850.0,0.0,3,[6]
1,222,x7f1bd20e6470,406,-850.0,0.0,3,[6]
1,222,x7f1bd20e6470,407,-850.0,0.0,3,[0]
1,222,x7f1bd20e6470,408,650.0,2.0,2,[5]
1,222,x7f1bd20e6470,409,-250.0,0.0,2,[0]
1,222,x7f1bd20e6470,410,650.0,2.0,2,[12]
1,222,x7f1bd20e6470,411,-244.85327774682477,0.0,3,[12]
1,222,x7f1bd20e6470,412,200.0,1.0,2,[5]
1,222,x7f1bd20e6470,413,-247.16830380107407,0.0,4,[7]
1,222,x7f1bd20e6470,414,-250.30938220976225,0.0,7,[1]
1,222,x7f1bd20e6470,415,-316.3455765854397,0.0,6,[0]
1,222,x7f1bd20e6470,416,-400.0,0.0,6,[0]
1,222,x7f1bd20e6470,417,470.8894420279364,2.0,6,[0]
1,222,x7f1bd20e6470,418,-249.99199441122525,0.0,5,[8]
1,222,x7f1bd20e6470,419,-732.9629690272882,0.0,6,[12]
1,222,x7f1bd20e6470,420,350.0,2.0,5,[8]
1,222,x7f1bd20e6470,421,-400.0,0.0,4,[7]
1,222,x7f1bd20e6470,422,-400.0,0.0,4,[7]
1,222,x7f1bd20e6470,423,-100.0,1.0,3,[6]
1,222,x7f1bd20e6470,424,-250.0,0.0,3,[6]
1,222,x7f1bd20e6470,425,-250.0,0.0,3,[0]
1,222,x7f1bd20e6470,426,50.0,0.0,2,[5]
1,222,x7f1bd20e6470,427,-100.0,1.0,2,[0]
1,222,x7f1bd20e6470,428,-100.0,0.0,2,[12]
1,222,x7f1bd20e6470,429,-250.0,0.0,2,[5]
1,222,x7f1bd20e6470,430,-99.99199441122524,0.0,4,[7]
1,222,x7f1bd20e6470,431,-250.0,0.0,3,[6]
1,222,x7f1bd20e6470,432,-100.0,1.0,3,[6]
1,222,x7f1bd20e6470,433,-250.0,0.0,3,[0]
1,222,x7f1bd20e6470,434,-250.0,0.0,2,[5]
1,222,x7f1bd20e6470,435,-250.0,0.0,2,[0]
1,222,x7f1bd20e6470,436,50.00800558877475,1.0,5,[8]
1,222,x7f1bd20e6470,437,-400.0,0.0,4,[7]
1,222,x7f1bd20e6470,438,-400.0,0.0,4,[7]
1,222,x7f1bd20e6470,439,350.0,2.0,7,[1]
1,222,x7f1bd20e6470,440,-254.86639175592558,0.0,7,[1]
1,222,x7f1bd20e6470,441,-100.0,1.0,7,[1]
1,222,x7f1bd20e6470,442,-300.55358310241417,0.0,7,[1]
1,222,x7f1bd20e6470,443,-250.0517192091083,0.0,6,[0]
1,222,x7f1bd20e6470,444,-400.0,0.0,6,[0]
1,222,x7f1bd20e6470,445,-400.0,0.0,5,[8]
1,222,x7f1bd20e6470,446,-250.00892485273994,0.0,6,[12]
1,222,x7f1bd20e6470,447,-100.0,1.0,5,[8]
1,222,x7f1bd20e6470,448,-266.5945793508381,0.0,4,[7]
1,222,x7f1bd20e6470,449,350.0,2.0,4,[7]
1,222,x7f1bd20e6470,450,-247.16830380107407,0.0,3,[6]
1,222,x7f1bd20e6470,451,-400.0,0.0,3,[6]
1,222,x7f1bd20e6470,452,-100.0,1.0,3,[0]
1,222,x7f1bd20e6470,453,-400.0,0.0,2,[5]
1,222,x7f1bd20e6470,454,-400.0,0.0,2,[0]
1,222,x7f1bd20e6470,455,-850.0,0.0,4,[7]
1,222,x7f1bd20e6470,456,-733.0899938054896,0.0,4,[7]
1,222,x7f1bd20e6470,457,-850.0,0.0,4,[0]
1,222,x7f1bd20e6470,458,-709.9328831599915,0.0,3,[6]
1,222,x7f1bd20e6470,459,-733.0899938054896,0.0,4,[12]
1,222,x7f1bd20e6470,460,-787.220372905641,0.0,3,[6]
1,222,x7f1bd20e6470,461,350.0,2.0,2,[5]
1,222,x7f1bd20e6470,462,-371.0106257816366,0.0,6,[0]
1,222,x7f1bd20e6470,463,-100.0,1.0,7,[1]
1,222,x7f1bd20e6470,464,-349.8991904611869,0.0,7,[1]
1,222,x7f1bd20e6470,465,-400.0,0.0,7,[1]
1,222,x7f1bd20e6470,466,-400.0,0.0,7,[1]
1,222,x7f1bd20e6470,467,-100.0,1.0,7,[1]
1,222,x7f1bd20e6470,468,-299.7080124395059,0.0,6,[0]
1,222,x7f1bd20e6470,469,-400.0,0.0,6,[0]
1,222,x7f1bd20e6470,470,-272.0800156810485,0.0,5,[8]
1,222,x7f1bd20e6470,471,-400.0,0.0,5,[8]
1,222,x7f1bd20e6470,472,-400.0,0.0,4,[7]
1,222,x7f1bd20e6470,473,-400.0,0.0,4,[7]
1,222,x7f1bd20e6470,474,-400.0,0.0,4,[0]
1,222,x7f1bd20e6470,475,-268.97672650830157,0.0,3,[6]
1,222,x7f1bd20e6470,476,-400.0,0.0,3,[0]
1,222,x7f1bd20e6470,477,-400.0,0.0,2,[5]
1,222,x7f1bd20e6470,478,-250.0188614711712,0.0,3,[12]
1,222,x7f1bd20e6470,479,-400.0,0.0,2,[5]
1,222,x7f1bd20e6470,480,350.0,2.0,2,[5]
1,222,x7f1bd20e6470,481,-250.0,0.0,2,[5]
1,222,x7f1bd20e6470,482,-97.50198064005475,0.0,3,[12]
1,222,x7f1bd20e6470,483,-250.0,0.0,2,[5]
1,222,x7f1bd20e6470,484,50.0,0.0,2,[12]
1,222,x7f1bd20e6470,485,-249.99199441122525,0.0,5,[8]
1,222,x7f1bd20e6470,486,-400.0,0.0,5,[0]
1,222,x7f1bd20e6470,487,-100.0,1.0,4,[7]
1,222,x7f1bd20e6470,488,-400.0,0.0,7,[1]
1,222,x7f1bd20e6470,489,417.73763317433077,2.0,7,[1]
1,222,x7f1bd20e6470,490,44.85327774682514,1.0,6,[0]
1,222,x7f1bd20e6470,491,350.0,2.0,6,[0]
1,222,x7f1bd20e6470,492,-100.0,1.0,6,[0]
1,222,x7f1bd20e6470,493,-400.0,0.0,5,[8]
1,222,x7f1bd20e6470,494,-400.0,0.0,5,[0]
1,222,x7f1bd20e6470,495,-100.0,1.0,4,[7]
1,222,x7f1bd20e6470,496,-255.39651716546476,0.0,5,[12]
1,222,x7f1bd20e6470,497,-100.0,1.0,4,[7]
1,222,x7f1bd20e6470,498,-99.9943368462495,0.0,3,[6]
1,222,x7f1bd20e6470,499,350.0,2.0,3,[6]
1,222,x7f1bd20e6470,500,-250.0,0.0,2,[5]
1,222,x7f1bd20e6470,501,-100.0,1.0,2,[5]
1,222,x7f1bd20e6470,502,-250.0,0.0,2,[0]
1,222,x7f1bd20e6470,503,50.0,0.0,4,[12]
1,222,x7f1bd20e6470,504,-250.0,0.0,3,[6]
1,222,x7f1bd20e6470,505,50.0,0.0,2,[5]
1,222,x7f1bd20e6470,506,50.0,0.0,2,[5]
1,222,x7f1bd20e6470,507,-188.88805115184707,0.0,3,[12]
1,222,x7f1bd20e6470,508,-400.0,0.0,2,[5]
1,222,x7f1bd20e6470,509,350.0,2.0,3,[6]
1,222,x7f1bd20e6470,510,-400.0,1.0,4,[12]
1,222,x7f1bd20e6470,511,-706.7899206287303,0.0,3,[6]
1,222,x7f1bd20e6470,512,650.0,2.0,2,[5]
1,222,x7f1bd20e6470,513,-250.0,0.0,2,[5]
1,222,x7f1bd20e6470,514,-700.0012160940358,0.0,5,[0]
1,222,x7f1bd20e6470,515,-751.7293494407571,0.0,4,[7]
1,222,x7f1bd20e6470,516,-549.9998631675064,1.0,5,[12]
1,222,x7f1bd20e6470,517,-850.0,0.0,4,[7]
1,222,x7f1bd20e6470,518,-697.1683038010744,0.0,3,[6]
1,222,x7f1bd20e6470,519,-716.5945793508313,0.0,3,[6]
1,222,x7f1bd20e6470,520,350.0,2.0,2,[5]
1,222,x7f1bd20e6470,521,-850.0,0.0,2,[5]
1,222,x7f1bd20e6470,522,-850.0,0.0,2,[0]
1,222,x7f1bd20e6470,523,650.0,2.0,2,[5]
1,222,x7f1bd20e6470,524,50.0,0.0,2,[0]
1,222,x7f1bd20e6470,525,650.0,2.0,2,[12]
1,222,x7f1bd20e6470,526,-97.16830380107163,0.0,3,[6]
1,222,x7f1bd20e6470,527,-100.0,1.0,3,[0]
1,222,x7f1bd20e6470,528,-250.0,0.0,2,[5]
1,222,x7f1bd20e6470,529,-250.0,0.0,3,[12]
1,222,x7f1bd20e6470,530,-100.0,1.0,2,[5]
1,222,x7f1bd20e6470,531,-100.0,0.0,3,[12]
1,222,x7f1bd20e6470,532,-400.0,0.0,2,[5]
1,222,x7f1bd20e6470,533,-249.86682317018656,0.0,4,[7]
1,222,x7f1bd20e6470,534,-400.0,0.0,4,[0]
1,222,x7f1bd20e6470,535,-282.3619696446655,0.0,3,[6]
1,222,x7f1bd20e6470,536,-249.86682317018656,0.0,4,[12]
1,222,x7f1bd20e6470,537,-255.14672225317287,0.0,3,[6]
1,222,x7f1bd20e6470,538,200.0,1.0,2,[5]
1,222,x7f1bd20e6470,539,-139.73051234565497,0.0,4,[7]
1,222,x7f1bd20e6470,540,500.00149999999996,2.0,4,[7]
1,222,x7f1bd20e6470,541,-60.26948765431674,0.0,3,[6]
1,222,x7f1bd20e6470,542,-250.0,0.0,3,[6]
1,222,x7f1bd20e6470,543,-108.76454938271478,0.0,3,[0]
1,222,x7f1bd20e6470,544,-250.0,0.0,2,[5]
1,222,x7f1bd20e6470,545,-269.75308641975175,0.0,3,[12]
1,222,x7f1bd20e6470,546,-100.0,1.0,2,[5]
1,222,x7f1bd20e6470,547,200.0,1.0,2,[5]
1,222,x7f1bd20e6470,548,50.0,0.0,2,[5]
1,222,x7f1bd20e6470,549,50.0,0.0,2,[0]
1,222,x7f1bd20e6470,550,-700.0012160940358,0.0,7,[1]
1,222,x7f1bd20e6470,551,-700.0,1.0,7,[1]
1,222,x7f1bd20e6470,552,-716.5945793508333,0.0,7,[1]
1,222,x7f1bd20e6470,553,-700.0,1.0,7,[1]
1,222,x7f1bd20e6470,554,448.2706505592688,2.0,6,[0]
1,222,x7f1bd20e6470,555,-850.0,0.0,6,[0]
1,222,x7f1bd20e6470,556,-850.0,0.0,6,[0]
1,222,x7f1bd20e6470,557,-700.0,1.0,7,[1]
1,222,x7f1bd20e6470,558,-850.0,0.0,7,[1]
1,222,x7f1bd20e6470,559,-850.0,0.0,7,[1]
1,222,x7f1bd20e6470,560,-850.0,0.0,7,[1]
1,222,x7f1bd20e6470,561,-850.0,0.0,6,[0]
1,222,x7f1bd20e6470,562,-850.0,0.0,6,[0]
1,222,x7f1bd20e6470,563,-697.1683038010736,0.0,5,[8]
1,222,x7f1bd20e6470,564,-850.0,0.0,5,[8]
1,222,x7f1bd20e6470,565,350.0,2.0,4,[7]
1,222,x7f1bd20e6470,566,-250.0,0.0,4,[7]
1,222,x7f1bd20e6470,567,-250.0,0.0,4,[0]
1,222,x7f1bd20e6470,568,50.0,0.0,3,[6]
1,222,x7f1bd20e6470,569,-250.0,0.0,3,[0]
1,222,x7f1bd20e6470,570,-250.0,0.0,2,[5]
1,222,x7f1bd20e6470,571,50.0,0.0,3,[12]
1,222,x7f1bd20e6470,572,-250.0,0.0,2,[5]
1,222,x7f1bd20e6470,573,-766.3455765854524,0.0,7,[1]
1,222,x7f1bd20e6470,574,499.6906177902374,2.0,7,[1]
1,222,x7f1bd20e6470,575,500.0080055887747,2.0,6,[0]
1,222,x7f1bd20e6470,576,-700.0,1.0,6,[0]
1,222,x7f1bd20e6470,577,-729.1105579720626,0.0,6,[0]
1,222,x7f1bd20e6470,578,-550.4103206694726,1.0,7,[1]
1,222,x7f1bd20e6470,579,-792.8342228747955,0.0,7,[1]
1,222,x7f1bd20e6470,580,-708.9172382052686,0.0,7,[1]
1,222,x7f1bd20e6470,581,-700.0,1.0,7,[1]
1,222,x7f1bd20e6470,582,-759.1088771920204,0.0,7,[1]
1,222,x7f1bd20e6470,583,-850.0,0.0,7,[1]
1,222,x7f1bd20e6470,584,-700.0,1.0,7,[1]
1,222,x7f1bd20e6470,585,350.0,2.0,7,[1]
1,222,x7f1bd20e6470,586,-850.0,0.0,7,[1]
1,222,x7f1bd20e6470,587,-700.0,1.0,7,[1]
1,222,x7f1bd20e6470,588,-700.0,1.0,7,[1]
1,222,x7f1bd20e6470,589,-850.0,0.0,7,[1]
1,222,x7f1bd20e6470,590,-700.0,1.0,6,[0]
1,222,x7f1bd20e6470,591,-700.0,1.0,6,[0]
1,222,x7f1bd20e6470,592,-850.0,0.0,5,[8]
1,222,x7f1bd20e6470,593,-850.0,0.0,5,[8]
1,222,x7f1bd20e6470,594,-850.0,0.0,5,[0]
1,222,x7f1bd20e6470,595,502.83169619892556,2.0,4,[7]
1,222,x7f1bd20e6470,596,-250.0,0.0,4,[0]
1,222,x7f1bd20e6470,597,-250.0,0.0,3,[6]
1,222,x7f1bd20e6470,598,565.0635751279972,2.0,4,[12]
1,222,x7f1bd20e6470,599,-100.0,1.0,3,[6]
1,222,x7f1bd20e6470,600,50.0,0.0,2,[5]
1,222,x7f1bd20e6470,601,-100.0,1.0,2,[5]
1,222,x7f1bd20e6470,602,-550.0,0.0,2,[5]
1,222,x7f1bd20e6470,603,-550.0,0.0,2,[0]
1,222,x7f1bd20e6470,604,50.0,0.0,2,[12]
1,222,x7f1bd20e6470,605,-151.72934944075715,0.0,4,[7]
1,222,x7f1bd20e6470,606,-100.00121609403578,0.0,4,[7]
1,222,x7f1bd20e6470,607,350.0,2.0,4,[0]
1,222,x7f1bd20e6470,608,-97.16830380107444,0.0,3,[6]
1,222,x7f1bd20e6470,609,-116.59457935083132,0.0,3,[0]
1,222,x7f1bd20e6470,610,-250.0,0.0,2,[5]
1,222,x7f1bd20e6470,611,-74.92460419036509,0.0,3,[12]
1,222,x7f1bd20e6470,612,-250.0,0.0,2,[5]
1,222,x7f1bd20e6470,613,-250.0,0.0,3,[6]
1,222,x7f1bd20e6470,614,-106.78992062871446,0.0,3,[6]
1,222,x7f1bd20e6470,615,-100.30938220976218,0.0,6,[0]
1,222,x7f1bd20e6470,616,-250.0,0.0,6,[0]
1,222,x7f1bd20e6470,617,-166.3455765854524,0.0,5,[8]
1,222,x7f1bd20e6470,618,-129.11055797206262,0.0,5,[8]
1,222,x7f1bd20e6470,619,-250.0,0.0,5,[0]
1,222,x7f1bd20e6470,620,-99.99199441122522,0.0,4,[7]
1,222,x7f1bd20e6470,621,-111.66399999999872,0.0,5,[12]
1,222,x7f1bd20e6470,622,-250.0,0.0,4,[7]
1,222,x7f1bd20e6470,623,-250.0,0.0,3,[6]
1,222,x7f1bd20e6470,624,-697.1683038010731,0.0,4,[12]
1,222,x7f1bd20e6470,625,350.0,2.0,3,[6]
1,222,x7f1bd20e6470,626,50.0,0.0,2,[5]
1,222,x7f1bd20e6470,627,-250.0,0.0,2,[5]
1,222,x7f1bd20e6470,628,-700.0,1.0,4,[0]
1,222,x7f1bd20e6470,629,-699.9943368462496,0.0,3,[6]
1,222,x7f1bd20e6470,630,350.0,2.0,4,[12]
1,222,x7f1bd20e6470,631,-733.0899938054761,0.0,3,[6]
1,222,x7f1bd20e6470,632,-850.0,0.0,2,[5]
1,222,x7f1bd20e6470,633,-850.0,0.0,2,[5]
1,222,x7f1bd20e6470,634,-97.16830380107368,0.0,3,[6]
1,222,x7f1bd20e6470,635,-151.7293494407312,0.0,3,[6]
1,222,x7f1bd20e6470,636,49.99878390596422,1.0,3,[0]
1,222,x7f1bd20e6470,637,-250.0,0.0,2,[5]
1,222,x7f1bd20e6470,638,-100.02015891002152,0.0,3,[12]
1,222,x7f1bd20e6470,639,-250.0,0.0,2,[5]
1,222,x7f1bd20e6470,640,-699.8668231701866,0.0,4,[0]
1,222,x7f1bd20e6470,641,467.63803035533806,2.0,3,[6]
1,222,x7f1bd20e6470,642,-177.42389479297788,0.0,7,[1]
1,222,x7f1bd20e6470,643,-101.86718921981618,0.0,7,[1]
1,222,x7f1bd20e6470,644,-250.0,0.0,7,[1]
1,222,x7f1bd20e6470,645,459.421563947016,2.0,7,[1]
1,222,x7f1bd20e6470,646,-250.0,0.0,7,[1]
1,222,x7f1bd20e6470,647,-100.0,1.0,7,[1]
1,222,x7f1bd20e6470,648,-100.0,1.0,7,[1]
1,222,x7f1bd20e6470,649,-250.0,0.0,7,[1]
1,222,x7f1bd20e6470,650,-250.0,0.0,7,[1]
1,222,x7f1bd20e6470,651,-250.0,0.0,7,[1]
1,222,x7f1bd20e6470,652,-250.0,0.0,7,[1]
1,222,x7f1bd20e6470,653,-250.0,0.0,7,[1]
1,222,x7f1bd20e6470,654,-100.0,1.0,7,[1]
1,222,x7f1bd20e6470,655,-250.0,0.0,7,[1]
1,222,x7f1bd20e6470,656,-250.0,0.0,7,[1]
1,222,x7f1bd20e6470,657,-250.0,0.0,7,[1]
1,222,x7f1bd20e6470,658,-250.0,0.0,7,[1]
1,222,x7f1bd20e6470,659,-250.0,0.0,7,[1]
1,222,x7f1bd20e6470,660,-100.0,1.0,7,[1]
1,222,x7f1bd20e6470,661,-250.0,0.0,7,[1]
1,222,x7f1bd20e6470,662,-250.0,0.0,7,[1]
1,222,x7f1bd20e6470,663,-100.0,1.0,7,[1]
1,222,x7f1bd20e6470,664,-250.0,0.0,7,[1]
1,222,x7f1bd20e6470,665,-250.0,0.0,7,[1]
1,222,x7f1bd20e6470,666,-250.0,0.0,7,[1]
1,222,x7f1bd20e6470,667,-100.0,1.0,7,[1]
1,222,x7f1bd20e6470,668,-250.0,0.0,7,[1]
1,222,x7f1bd20e6470,669,-250.0,0.0,7,[1]
1,222,x7f1bd20e6470,670,-250.0,0.0,7,[1]
1,222,x7f1bd20e6470,671,-250.0,0.0,7,[1]
1,222,x7f1bd20e6470,672,-250.0,0.0,7,[1]
1,222,x7f1bd20e6470,673,-250.0,0.0,7,[1]
1,222,x7f1bd20e6470,674,-250.0,0.0,7,[1]
1,222,x7f1bd20e6470,675,350.0,2.0,7,[1]
1,222,x7f1bd20e6470,676,-250.0,0.0,7,[1]
1,222,x7f1bd20e6470,677,-250.0,0.0,7,[1]
1,222,x7f1bd20e6470,678,-250.0,0.0,7,[1]
1,222,x7f1bd20e6470,679,-250.0,0.0,7,[1]
1,222,x7f1bd20e6470,680,-250.0,0.0,7,[1]
1,222,x7f1bd20e6470,681,-250.0,0.0,7,[1]
1,222,x7f1bd20e6470,682,-250.0,0.0,7,[1]
1,222,x7f1bd20e6470,683,-250.0,0.0,7,[1]
1,222,x7f1bd20e6470,684,-100.0,1.0,7,[1]
1,222,x7f1bd20e6470,685,-250.0,0.0,7,[1]
1,222,x7f1bd20e6470,686,-250.0,0.0,7,[1]
1,222,x7f1bd20e6470,687,-100.0,1.0,7,[1]
1,222,x7f1bd20e6470,688,350.0,2.0,7,[1]
1,222,x7f1bd20e6470,689,-250.0,0.0,7,[1]
1,222,x7f1bd20e6470,690,-250.0,0.0,7,[1]
1,222,x7f1bd20e6470,691,350.0,2.0,7,[1]
1,222,x7f1bd20e6470,692,-250.0,0.0,7,[1]
1,222,x7f1bd20e6470,693,-250.0,0.0,7,[1]
1,222,x7f1bd20e6470,694,-250.0,0.0,7,[1]
1,222,x7f1bd20e6470,695,-250.0,0.0,7,[1]
1,222,x7f1bd20e6470,696,-250.0,0.0,7,[1]
1,222,x7f1bd20e6470,697,-250.0,0.0,7,[1]
1,222,x7f1bd20e6470,698,350.0,2.0,7,[1]
1,222,x7f1bd20e6470,699,-250.0,0.0,7,[1]
1,222,x7f1bd20e6470,700,-250.0,0.0,7,[1]
1,222,x7f1bd20e6470,701,-100.0,1.0,7,[1]
1,222,x7f1bd20e6470,702,-250.0,0.0,7,[1]
1,222,x7f1bd20e6470,703,-250.0,0.0,7,[1]
1,222,x7f1bd20e6470,704,-250.0,0.0,7,[1]
1,222,x7f1bd20e6470,705,-250.0,0.0,7,[1]
1,222,x7f1bd20e6470,706,-100.0,1.0,7,[1]
1,222,x7f1bd20e6470,707,-100.0,1.0,7,[1]
1,222,x7f1bd20e6470,708,350.0,2.0,7,[1]
1,222,x7f1bd20e6470,709,-250.0,0.0,7,[1]
1,222,x7f1bd20e6470,710,-250.0,0.0,7,[1]
1,222,x7f1bd20e6470,711,-250.0,0.0,7,[1]
1,222,x7f1bd20e6470,712,-250.0,0.0,7,[1]
1,222,x7f1bd20e6470,713,-250.0,0.0,7,[1]
1,222,x7f1bd20e6470,714,-250.0,0.0,7,[1]
1,222,x7f1bd20e6470,715,350.0,2.0,7,[1]
1,222,x7f1bd20e6470,716,-250.0,0.0,7,[1]
1,222,x7f1bd20e6470,717,-100.0,1.0,7,[1]
1,222,x7f1bd20e6470,718,-250.0,0.0,7,[1]
1,222,x7f1bd20e6470,719,-250.0,0.0,7,[1]
1,222,x7f1bd20e6470,720,-250.0,0.0,7,[1]
1,222,x7f1bd20e6470,721,-250.0,0.0,7,[1]
1,222,x7f1bd20e6470,722,-250.0,0.0,7,[1]
1,222,x7f1bd20e6470,723,-100.0,1.0,7,[1]
1,222,x7f1bd20e6470,724,-100.0,1.0,7,[1]
1,222,x7f1bd20e6470,725,-250.0,0.0,7,[1]
1,222,x7f1bd20e6470,726,-250.0,0.0,7,[1]
1,222,x7f1bd20e6470,727,-250.0,0.0,7,[1]
1,222,x7f1bd20e6470,728,350.0,2.0,7,[1]
1,222,x7f1bd20e6470,729,-250.0,0.0,7,[1]
1,222,x7f1bd20e6470,730,-250.0,0.0,7,[1]
1,222,x7f1bd20e6470,731,-250.0,0.0,7,[1]
1,222,x7f1bd20e6470,732,350.0,2.0,7,[1]
1,222,x7f1bd20e6470,733,-250.0,0.0,7,[1]
1,222,x7f1bd20e6470,734,-250.0,0.0,7,[1]
1,222,x7f1bd20e6470,735,-250.0,0.0,7,[1]
1,222,x7f1bd20e6470,736,350.0,2.0,7,[1]
1,222,x7f1bd20e6470,737,-250.0,0.0,7,[1]
1,222,x7f1bd20e6470,738,350.0,2.0,7,[1]
1,222,x7f1bd20e6470,739,-250.0,0.0,7,[1]
1,222,x7f1bd20e6470,740,-250.0,0.0,7,[1]
1,222,x7f1bd20e6470,741,-100.0,1.0,7,[1]
1,222,x7f1bd20e6470,742,-250.0,0.0,7,[1]
1,222,x7f1bd20e6470,743,-250.0,0.0,7,[1]
1,222,x7f1bd20e6470,744,-100.0,1.0,7,[1]
1,222,x7f1bd20e6470,745,-250.0,0.0,7,[1]
1,222,x7f1bd20e6470,746,-250.0,0.0,7,[1]
1,222,x7f1bd20e6470,747,-250.0,0.0,7,[1]
1,222,x7f1bd20e6470,748,-100.0,1.0,7,[1]
1,222,x7f1bd20e6470,749,-250.0,0.0,7,[1]
1,222,x7f1bd20e6470,750,350.0,2.0,7,[1]
1,222,x7f1bd20e6470,751,350.0,2.0,7,[1]
1,222,x7f1bd20e6470,752,-100.0,1.0,7,[1]
1,222,x7f1bd20e6470,753,-250.0,0.0,7,[1]
1,222,x7f1bd20e6470,754,-250.0,0.0,7,[1]
1,222,x7f1bd20e6470,755,-250.0,0.0,7,[1]
1,222,x7f1bd20e6470,756,-250.0,0.0,7,[1]
1,222,x7f1bd20e6470,757,-250.0,0.0,7,[1]
1,222,x7f1bd20e6470,758,350.0,2.0,7,[1]
1,222,x7f1bd20e6470,759,-250.0,0.0,7,[1]
1,222,x7f1bd20e6470,760,350.0,2.0,7,[1]
1,222,x7f1bd20e6470,761,-250.0,0.0,7,[1]
1,222,x7f1bd20e6470,762,-250.0,0.0,7,[1]
1,222,x7f1bd20e6470,763,-250.0,0.0,7,[1]
1,222,x7f1bd20e6470,764,-250.0,0.0,7,[1]
1,222,x7f1bd20e6470,765,350.0,2.0,7,[1]
1,222,x7f1bd20e6470,766,-100.0,1.0,7,[1]
1,222,x7f1bd20e6470,767,-250.0,0.0,7,[1]
1,222,x7f1bd20e6470,768,-250.0,0.0,7,[1]
1,222,x7f1bd20e6470,769,-250.0,0.0,7,[1]
1,222,x7f1bd20e6470,770,-250.0,0.0,7,[1]
1,222,x7f1bd20e6470,771,-250.0,0.0,7,[1]
1,222,x7f1bd20e6470,772,-100.0,1.0,7,[1]
1,222,x7f1bd20e6470,773,-250.0,0.0,7,[1]
1,222,x7f1bd20e6470,774,-250.0,0.0,7,[1]
1,222,x7f1bd20e6470,775,-250.0,0.0,7,[1]
1,222,x7f1bd20e6470,776,-250.0,0.0,7,[1]
1,222,x7f1bd20e6470,777,-250.0,0.0,7,[1]
1,222,x7f1bd20e6470,778,-250.0,0.0,7,[1]
1,222,x7f1bd20e6470,779,-250.0,0.0,7,[1]
1,222,x7f1bd20e6470,780,-250.0,0.0,7,[1]
1,222,x7f1bd20e6470,781,-250.0,0.0,7,[1]
1,222,x7f1bd20e6470,782,-250.0,0.0,7,[1]
1,222,x7f1bd20e6470,783,-100.0,1.0,7,[1]
1,222,x7f1bd20e6470,784,-250.0,0.0,7,[1]
1,222,x7f1bd20e6470,785,-250.0,0.0,7,[1]
1,222,x7f1bd20e6470,786,-250.0,0.0,7,[1]
1,222,x7f1bd20e6470,787,-250.0,0.0,7,[1]
1,222,x7f1bd20e6470,788,-250.0,0.0,7,[1]
1,222,x7f1bd20e6470,789,350.0,2.0,7,[1]
1,222,x7f1bd20e6470,790,-250.0,0.0,7,[1]
1,222,x7f1bd20e6470,791,-250.0,0.0,7,[1]
1,222,x7f1bd20e6470,792,-250.0,0.0,7,[1]
1,222,x7f1bd20e6470,793,-250.0,0.0,7,[1]
1,222,x7f1bd20e6470,794,-250.0,0.0,7,[1]
1,222,x7f1bd20e6470,795,-250.0,0.0,7,[1]
1,222,x7f1bd20e6470,796,-250.0,0.0,7,[1]
1,222,x7f1bd20e6470,797,-250.0,0.0,7,[1]
1,222,x7f1bd20e6470,798,-250.0,0.0,7,[1]
1,222,x7f1bd20e6470,799,-250.0,0.0,7,[1]
1,222,x7f1bd20e6470,800,-250.0,0.0,7,[1]
1,222,x7f1bd20e6470,801,-250.0,0.0,7,[1]
1,222,x7f1bd20e6470,802,-250.0,0.0,7,[1]
1,222,x7f1bd20e6470,803,-250.0,0.0,7,[1]
1,222,x7f1bd20e6470,804,-250.0,0.0,7,[1]
1,222,x7f1bd20e6470,805,-250.0,0.0,7,[1]
