7,11,x7f935d96d5b0,1,250.0,0.0,0.0,0.06,2,[7],3
7,11,x7f935d96d5b0,2,-300.0,0.0,0.0,0.06,4,[7],3
7,11,x7f935d96d5b0,3,199.85,1.0,0.0,0.06,3,[8],3
7,11,x7f935d96d5b0,4,250.0,0.0,0.0,0.07,2,[0],3
7,11,x7f935d96d5b0,5,-150.0,0.0,0.0,0.12,3,[0],3
7,11,x7f935d96d5b0,6,-450.0,0.0,0.0,0.12,2,[1],3
7,11,x7f935d96d5b0,7,350.0,1.0,0.0,0.12,3,[0],3
7,11,x7f935d96d5b0,8,50.0,1.0,0.0,0.12,2,[1],3
7,11,x7f935d96d5b0,9,-95.0,0.0,0.0,0.0,6,[6],3
7,11,x7f935d96d5b0,10,405.0,1.0,0.0,0.0,5,[6],3
7,11,x7f935d96d5b0,11,0.0,0.0,0.0,0.0,4,[7],3
7,11,x7f935d96d5b0,12,-50.0,0.0,0.0,0.07,2,[1],3
7,11,x7f935d96d5b0,13,-300.0,0.0,1.0,0.12,7,[2],3
7,11,x7f935d96d5b0,14,99.85,0.0,0.0,0.07,3,[1],3
7,11,x7f935d96d5b0,15,-150.0,0.0,0.0,0.0,6,[8],3
7,11,x7f935d96d5b0,16,-150.0,0.0,0.0,0.07,3,[0],3
7,11,x7f935d96d5b0,17,-450.0,0.0,0.0,0.07,3,[2],3
7,11,x7f935d96d5b0,18,0.0,0.0,0.0,0.0,6,[7],3
7,11,x7f935d96d5b0,19,350.0,1.0,0.0,0.07,3,[0],3
7,11,x7f935d96d5b0,20,-50.0,0.0,0.0,0.12,3,[2],3
7,11,x7f935d96d5b0,21,250.0,0.0,0.0,0.12,3,[0],3
7,11,x7f935d96d5b0,22,-150.0,0.0,0.0,0.12,3,[0],3
7,11,x7f935d96d5b0,23,-150.0,0.0,0.0,0.12,3,[0],3
7,11,x7f935d96d5b0,24,50.0,1.0,0.0,0.12,3,[2],3
7,11,x7f935d96d5b0,25,350.0,1.0,0.0,0.12,3,[0],3
7,11,x7f935d96d5b0,26,-50.0,0.0,0.0,0.12,3,[2],3
7,11,x7f935d96d5b0,27,-157.94,0.0,0.0,0.0,6,[9],3
7,11,x7f935d96d5b0,28,100.0,0.0,0.0,0.08,4,[19],3
7,11,x7f935d96d5b0,29,104.69,0.0,0.0,0.07,3,[1],3
7,11,x7f935d96d5b0,30,-150.0,0.0,0.0,0.12,3,[0],3
7,11,x7f935d96d5b0,31,-150.0,0.0,0.0,0.12,3,[0],3
7,11,x7f935d96d5b0,32,250.0,0.0,0.0,0.12,3,[0],3
7,11,x7f935d96d5b0,33,0.0,0.0,0.0,0.0,6,[6],3
7,11,x7f935d96d5b0,34,95.31,0.0,0.0,0.07,3,[1],3
7,11,x7f935d96d5b0,35,400.0,0.0,0.0,0.0,6,[7],3
7,11,x7f935d96d5b0,36,250.0,0.0,0.0,0.07,3,[0],3
7,11,x7f935d96d5b0,37,104.69,0.0,0.0,0.12,3,[1],3
7,11,x7f935d96d5b0,38,250.62,0.0,0.0,0.0,6,[6],3
7,11,x7f935d96d5b0,39,99.38,0.0,0.0,0.09,3,[1],3
7,11,x7f935d96d5b0,40,250.0,0.0,0.0,0.12,3,[0],3
7,11,x7f935d96d5b0,41,-50.0,0.0,0.0,0.12,3,[2],3
7,11,x7f935d96d5b0,42,-50.0,0.0,0.0,0.12,3,[2],3
7,11,x7f935d96d5b0,43,-150.0,0.0,0.0,0.12,3,[0],3
7,11,x7f935d96d5b0,44,50.0,1.0,0.0,0.12,2,[1],3
7,11,x7f935d96d5b0,45,350.0,1.0,1.0,0.07,3,[2],3
7,11,x7f935d96d5b0,46,250.0,0.0,0.0,0.12,3,[0],3
7,11,x7f935d96d5b0,47,352.91,1.0,0.0,0.0,6,[7],3
7,11,x7f935d96d5b0,48,339.72,0.0,1.0,0.07,3,[1],3
7,11,x7f935d96d5b0,49,380.25,0.0,1.0,0.07,3,[1],3
7,11,x7f935d96d5b0,50,550.0,0.0,1.0,0.0,6,[7],3
7,11,x7f935d96d5b0,51,400.0,0.0,0.0,0.07,4,[0],3
7,11,x7f935d96d5b0,52,250.0,0.0,1.0,0.12,3,[2],3
7,11,x7f935d96d5b0,53,250.0,0.0,0.0,0.07,3,[0],3
7,11,x7f935d96d5b0,54,-150.0,0.0,0.0,0.12,3,[0],3
7,11,x7f935d96d5b0,55,-150.0,0.0,0.0,0.12,3,[0],3
7,11,x7f935d96d5b0,56,50.0,1.0,0.0,0.12,3,[2],3
7,11,x7f935d96d5b0,57,0.0,0.0,0.0,0.0,6,[6],3
7,11,x7f935d96d5b0,58,0.0,0.0,0.0,0.06,6,[7],3
7,11,x7f935d96d5b0,59,250.0,0.0,0.0,0.07,3,[0],3
7,11,x7f935d96d5b0,60,250.0,0.0,0.0,0.12,3,[0],3
7,11,x7f935d96d5b0,61,100.62,0.0,0.0,0.12,3,[1],3
7,11,x7f935d96d5b0,62,-150.0,0.0,0.0,0.07,3,[0],3
7,11,x7f935d96d5b0,63,-150.0,0.0,1.0,0.12,3,[2],3
7,11,x7f935d96d5b0,64,0.0,0.0,0.0,0.0,6,[6],3
7,11,x7f935d96d5b0,65,350.0,1.0,1.0,0.07,3,[2],3
7,11,x7f935d96d5b0,66,-450.0,0.0,0.0,0.09,3,[2],3
7,11,x7f935d96d5b0,67,0.0,0.0,0.0,0.0,6,[7],3
7,11,x7f935d96d5b0,68,350.0,1.0,0.0,0.07,3,[0],3
7,11,x7f935d96d5b0,69,550.0,0.0,1.0,0.12,2,[1],3
7,11,x7f935d96d5b0,70,500.0,1.0,0.0,0.06,6,[6],3
7,11,x7f935d96d5b0,71,350.0,1.0,0.0,0.07,3,[0],3
7,11,x7f935d96d5b0,72,180.25,1.0,0.0,0.12,3,[1],3
7,11,x7f935d96d5b0,73,-150.0,0.0,0.0,0.12,3,[0],3
7,11,x7f935d96d5b0,74,-150.0,0.0,0.0,0.07,3,[0],3
7,11,x7f935d96d5b0,75,350.0,1.0,0.0,0.12,3,[0],3
7,11,x7f935d96d5b0,76,350.0,1.0,0.0,0.12,3,[0],3
7,11,x7f935d96d5b0,77,350.0,1.0,0.0,0.12,3,[0],3
7,11,x7f935d96d5b0,78,-150.0,0.0,0.0,0.12,3,[0],3
7,11,x7f935d96d5b0,79,-450.0,0.0,0.0,0.12,3,[2],3
7,11,x7f935d96d5b0,80,199.95,1.0,0.0,0.12,3,[1],3
7,11,x7f935d96d5b0,81,-319.75,0.0,0.0,0.12,3,[1],3
7,11,x7f935d96d5b0,82,0.0,0.0,0.0,0.0,7,[6],3
7,11,x7f935d96d5b0,83,-150.0,0.0,0.0,0.07,3,[0],3
7,11,x7f935d96d5b0,84,347.09,1.0,0.0,0.0,6,[8],3
7,11,x7f935d96d5b0,85,199.95,1.0,0.0,0.07,3,[1],3
7,11,x7f935d96d5b0,86,350.0,1.0,0.0,0.12,3,[0],3
7,11,x7f935d96d5b0,87,250.0,0.0,0.0,0.12,2,[0],3
7,11,x7f935d96d5b0,88,250.0,0.0,1.0,0.12,3,[2],3
7,11,x7f935d96d5b0,89,-150.0,0.0,0.0,0.12,3,[0],3
7,11,x7f935d96d5b0,90,495.31,1.0,1.0,0.12,3,[1],3
7,11,x7f935d96d5b0,91,148.22,0.0,1.0,0.06,6,[7],3
7,11,x7f935d96d5b0,92,-0.01,0.0,1.0,0.07,3,[1],3
7,11,x7f935d96d5b0,93,-0.62,0.0,1.0,0.12,3,[1],3
7,11,x7f935d96d5b0,94,-150.0,0.0,1.0,0.12,3,[2],3
7,11,x7f935d96d5b0,95,350.0,1.0,0.0,0.12,3,[0],3
7,11,x7f935d96d5b0,96,-150.0,0.0,0.0,0.12,3,[0],3
7,11,x7f935d96d5b0,97,-450.0,0.0,0.0,0.12,3,[2],3
7,11,x7f935d96d5b0,98,-450.0,0.0,0.0,0.12,3,[2],3
7,11,x7f935d96d5b0,99,-150.62,0.0,0.0,0.0,6,[8],3
7,11,x7f935d96d5b0,100,250.0,0.0,0.0,0.07,3,[0],3
7,11,x7f935d96d5b0,101,-300.0,0.0,1.0,0.12,7,[2],3
7,11,x7f935d96d5b0,102,-148.74,0.0,0.0,0.06,6,[7],3
7,11,x7f935d96d5b0,103,50.0,1.0,0.0,0.07,2,[2],3
7,11,x7f935d96d5b0,104,500.0,1.0,0.0,0.0,6,[6],3
7,11,x7f935d96d5b0,105,100.0,0.0,0.0,0.07,3,[1],3
7,11,x7f935d96d5b0,106,350.03,1.0,0.0,0.0,6,[7],3
7,11,x7f935d96d5b0,107,-150.0,0.0,0.0,0.07,3,[0],3
7,11,x7f935d96d5b0,108,-150.0,0.0,1.0,0.07,3,[2],3
7,11,x7f935d96d5b0,109,-100.85,0.0,0.0,0.0,6,[6],3
7,11,x7f935d96d5b0,110,219.75,1.0,0.0,0.07,3,[1],3
7,11,x7f935d96d5b0,111,0.0,0.0,0.0,0.0,6,[7],3
7,11,x7f935d96d5b0,112,-150.0,0.0,0.0,0.07,3,[0],3
7,11,x7f935d96d5b0,113,50.0,1.0,0.0,0.12,2,[2],3
7,11,x7f935d96d5b0,114,97.83,0.0,0.0,0.07,3,[1],3
7,11,x7f935d96d5b0,115,0.0,0.0,0.0,0.06,6,[7],3
7,11,x7f935d96d5b0,116,250.0,0.0,0.0,0.07,2,[0],3
7,11,x7f935d96d5b0,117,648.62,1.0,1.0,0.06,7,[8],3
7,11,x7f935d96d5b0,118,254.69,0.0,0.0,0.06,6,[7],3
7,11,x7f935d96d5b0,119,250.0,0.0,0.0,0.07,2,[0],3
7,11,x7f935d96d5b0,120,395.31,0.0,1.0,0.12,3,[1],3
7,11,x7f935d96d5b0,121,357.31,0.0,1.0,0.12,3,[1],3
7,11,x7f935d96d5b0,122,507.31,0.0,1.0,0.0,6,[9],3
7,11,x7f935d96d5b0,123,250.0,0.0,1.0,0.07,3,[2],3
7,11,x7f935d96d5b0,124,-288.34,0.0,0.0,0.12,3,[1],3
7,11,x7f935d96d5b0,125,-450.0,0.0,0.0,0.12,3,[2],3
7,11,x7f935d96d5b0,126,199.85,1.0,0.0,0.12,3,[1],3
7,11,x7f935d96d5b0,127,0.0,0.0,0.0,0.0,6,[6],3
7,11,x7f935d96d5b0,128,97.09,0.0,0.0,0.07,3,[1],3
7,11,x7f935d96d5b0,129,250.0,0.0,0.0,0.12,3,[0],3
7,11,x7f935d96d5b0,130,350.62,1.0,0.0,0.0,6,[7],3
7,11,x7f935d96d5b0,131,50.0,1.0,0.0,0.07,3,[2],3
7,11,x7f935d96d5b0,132,127.89,0.0,0.0,0.12,3,[1],3
7,11,x7f935d96d5b0,133,250.0,0.0,0.0,0.12,3,[0],3
7,11,x7f935d96d5b0,134,-50.0,0.0,0.0,0.12,2,[1],3
7,11,x7f935d96d5b0,135,-150.0,0.0,0.0,0.12,3,[0],3
7,11,x7f935d96d5b0,136,0.0,0.0,0.0,0.0,6,[7],3
7,11,x7f935d96d5b0,137,99.38,0.0,0.0,0.07,3,[1],3
7,11,x7f935d96d5b0,138,-50.0,0.0,0.0,0.12,3,[2],3
7,11,x7f935d96d5b0,139,250.0,0.0,0.0,0.12,3,[0],3
7,11,x7f935d96d5b0,140,100.0,0.0,0.0,0.07,3,[1],3
7,11,x7f935d96d5b0,141,249.99,0.0,0.0,0.0,6,[9],3
7,11,x7f935d96d5b0,142,100.0,0.0,0.0,0.08,4,[19],3
7,11,x7f935d96d5b0,143,281.81,0.0,0.0,0.06,6,[7],3
7,11,x7f935d96d5b0,144,250.0,0.0,1.0,0.07,3,[2],3
7,11,x7f935d96d5b0,145,250.0,0.0,1.0,0.12,3,[2],3
7,11,x7f935d96d5b0,146,250.0,0.0,0.0,0.12,3,[0],3
7,11,x7f935d96d5b0,147,250.0,0.0,0.0,0.12,3,[0],3
7,11,x7f935d96d5b0,148,100.0,0.0,1.0,0.07,6,[2],3
7,11,x7f935d96d5b0,149,250.0,0.0,0.0,0.07,3,[0],3
7,11,x7f935d96d5b0,150,400.0,0.0,0.0,0.0,6,[7],3
7,11,x7f935d96d5b0,151,250.0,0.0,1.0,0.07,3,[2],3
7,11,x7f935d96d5b0,152,-50.0,0.0,0.0,0.12,3,[2],3
7,11,x7f935d96d5b0,153,400.0,0.0,0.0,0.0,6,[7],3
7,11,x7f935d96d5b0,154,-50.0,0.0,0.0,0.07,3,[2],3
7,11,x7f935d96d5b0,155,-150.0,0.0,0.0,0.0,6,[7],3
7,11,x7f935d96d5b0,156,0.0,0.0,1.0,0.08,4,[19],3
7,11,x7f935d96d5b0,157,-150.0,0.0,0.0,0.09,3,[0],3
7,11,x7f935d96d5b0,158,0.0,0.0,0.0,0.0,6,[7],3
7,11,x7f935d96d5b0,159,-300.0,0.0,0.0,0.08,4,[19],3
7,11,x7f935d96d5b0,160,-149.95,0.0,0.0,0.06,6,[8],3
7,11,x7f935d96d5b0,161,350.0,1.0,0.0,0.07,2,[1],3
7,11,x7f935d96d5b0,162,250.0,0.0,0.0,0.07,3,[0],3
7,11,x7f935d96d5b0,163,500.0,1.0,0.0,0.0,6,[7],3
7,11,x7f935d96d5b0,164,250.0,0.0,1.0,0.07,3,[2],3
7,11,x7f935d96d5b0,165,500.0,1.0,1.0,0.09,6,[2],3
7,11,x7f935d96d5b0,166,500.0,1.0,0.0,0.06,7,[6],3
7,11,x7f935d96d5b0,167,350.0,1.0,0.0,0.07,3,[0],3
7,11,x7f935d96d5b0,168,-148.89,0.0,0.0,0.0,6,[7],3
7,11,x7f935d96d5b0,169,350.0,1.0,0.0,0.07,3,[0],3
7,11,x7f935d96d5b0,170,195.31,1.0,0.0,0.12,3,[1],3
7,11,x7f935d96d5b0,171,88.34,0.0,0.0,0.12,3,[1],3
7,11,x7f935d96d5b0,172,97.83,0.0,0.0,0.12,3,[1],3
7,11,x7f935d96d5b0,173,250.0,0.0,0.0,0.12,3,[0],3
7,11,x7f935d96d5b0,174,250.0,0.0,0.0,0.12,3,[0],3
7,11,x7f935d96d5b0,175,150.0,0.0,1.0,0.07,2,[1],3
7,11,x7f935d96d5b0,176,250.0,0.0,1.0,0.07,3,[2],3
7,11,x7f935d96d5b0,177,100.15,0.0,0.0,0.12,3,[1],3
7,11,x7f935d96d5b0,178,250.0,0.0,0.0,0.12,3,[0],3
7,11,x7f935d96d5b0,179,400.0,0.0,0.0,0.0,6,[6],3
7,11,x7f935d96d5b0,180,254.69,0.0,0.0,0.06,6,[7],3
7,11,x7f935d96d5b0,181,250.0,0.0,0.0,0.07,2,[0],3
7,11,x7f935d96d5b0,182,350.0,1.0,1.0,0.09,3,[2],3
7,11,x7f935d96d5b0,183,580.6,1.0,1.0,0.0,6,[9],3
7,11,x7f935d96d5b0,184,250.0,0.0,0.0,0.07,3,[0],3
7,11,x7f935d96d5b0,185,-50.0,0.0,0.0,0.12,3,[2],3
7,11,x7f935d96d5b0,186,0.0,0.0,0.0,0.0,6,[7],3
7,11,x7f935d96d5b0,187,50.0,1.0,0.0,0.07,3,[2],3
7,11,x7f935d96d5b0,188,250.0,0.0,0.0,0.09,3,[0],3
7,11,x7f935d96d5b0,189,350.05,1.0,0.0,0.0,6,[7],3
7,11,x7f935d96d5b0,190,250.0,0.0,0.0,0.07,3,[0],3
7,11,x7f935d96d5b0,191,0.0,0.0,0.0,0.0,6,[7],3
7,11,x7f935d96d5b0,192,250.0,0.0,0.0,0.07,3,[0],3
7,11,x7f935d96d5b0,193,-50.0,0.0,0.0,0.07,3,[2],3
7,11,x7f935d96d5b0,194,353.32,1.0,0.0,0.06,6,[7],3
7,11,x7f935d96d5b0,195,250.0,0.0,0.0,0.07,2,[1],3
7,11,x7f935d96d5b0,196,-150.0,0.0,0.0,0.12,3,[0],3
7,11,x7f935d96d5b0,197,0.0,0.0,0.0,0.0,6,[7],3
7,11,x7f935d96d5b0,198,-150.0,0.0,0.0,0.07,3,[0],3
7,11,x7f935d96d5b0,199,350.0,1.0,0.0,0.12,3,[0],3
7,11,x7f935d96d5b0,200,0.0,0.0,0.0,0.0,6,[7],3
7,11,x7f935d96d5b0,201,-450.0,0.0,0.0,0.07,3,[2],3
7,11,x7f935d96d5b0,202,-50.0,0.0,0.0,0.07,2,[2],3
7,11,x7f935d96d5b0,203,350.0,1.0,0.0,0.07,3,[0],3
7,11,x7f935d96d5b0,204,500.0,1.0,0.0,0.0,6,[6],3
7,11,x7f935d96d5b0,205,-50.0,0.0,0.0,0.07,3,[2],3
7,11,x7f935d96d5b0,206,-150.0,0.0,0.0,0.07,3,[0],3
7,11,x7f935d96d5b0,207,500.0,1.0,0.0,0.0,6,[7],3
7,11,x7f935d96d5b0,208,188.34,1.0,0.0,0.07,3,[1],3
7,11,x7f935d96d5b0,209,350.0,1.0,0.0,0.07,3,[0],3
7,11,x7f935d96d5b0,210,352.17,1.0,0.0,0.0,6,[7],3
7,11,x7f935d96d5b0,211,350.0,1.0,0.0,0.07,3,[0],3
7,11,x7f935d96d5b0,212,500.0,1.0,0.0,0.06,6,[7],3
7,11,x7f935d96d5b0,213,50.0,1.0,0.0,0.07,2,[2],3
7,11,x7f935d96d5b0,214,0.0,0.0,0.0,0.0,7,[6],3
7,11,x7f935d96d5b0,215,0.0,0.0,0.0,0.06,6,[7],3
7,11,x7f935d96d5b0,216,250.0,0.0,0.0,0.07,3,[0],3
7,11,x7f935d96d5b0,217,350.62,1.0,0.0,0.0,6,[6],3
7,11,x7f935d96d5b0,218,99.95,0.0,0.0,0.07,3,[1],3
7,11,x7f935d96d5b0,219,400.0,0.0,0.0,0.0,6,[7],3
7,11,x7f935d96d5b0,220,250.0,0.0,1.0,0.07,3,[2],3
7,11,x7f935d96d5b0,221,250.0,0.0,0.0,0.12,3,[0],3
7,11,x7f935d96d5b0,222,247.09,0.0,0.0,0.0,6,[8],3
7,11,x7f935d96d5b0,223,250.0,0.0,0.0,0.07,3,[0],3
7,11,x7f935d96d5b0,224,350.0,1.0,1.0,0.12,2,[2],3
7,11,x7f935d96d5b0,225,0.0,0.0,0.0,0.06,6,[7],3
7,11,x7f935d96d5b0,226,-450.0,0.0,0.0,0.07,3,[2],3
7,11,x7f935d96d5b0,227,0.0,0.0,0.0,0.0,6,[7],3
7,11,x7f935d96d5b0,228,200.15,1.0,0.0,0.07,3,[1],3
7,11,x7f935d96d5b0,229,-150.23,0.0,0.0,0.0,6,[7],3
7,11,x7f935d96d5b0,230,-150.0,0.0,0.0,0.07,3,[0],3
7,11,x7f935d96d5b0,231,400.0,0.0,0.0,0.06,2,[20],3
7,11,x7f935d96d5b0,232,359.14,1.0,0.0,0.03,6,[6],3
7,11,x7f935d96d5b0,233,-150.0,0.0,0.0,0.07,3,[0],3
7,11,x7f935d96d5b0,234,0.0,0.0,0.0,0.0,6,[7],3
7,11,x7f935d96d5b0,235,-450.0,0.0,0.0,0.07,3,[2],3
7,11,x7f935d96d5b0,236,-450.0,0.0,0.0,0.07,3,[2],3
7,11,x7f935d96d5b0,237,0.0,0.0,0.0,0.0,6,[6],3
7,11,x7f935d96d5b0,238,350.0,1.0,0.0,0.07,3,[0],3
7,11,x7f935d96d5b0,239,700.0,0.0,1.0,0.06,2,[20],3
7,11,x7f935d96d5b0,240,-149.81,0.0,0.0,0.06,6,[7],3
7,11,x7f935d96d5b0,241,-150.0,0.0,1.0,0.07,3,[2],3
7,11,x7f935d96d5b0,242,0.0,0.0,0.0,0.06,6,[6],3
7,11,x7f935d96d5b0,243,350.0,1.0,0.0,0.07,3,[0],3
7,11,x7f935d96d5b0,244,99.99,0.0,0.0,0.12,3,[1],3
7,11,x7f935d96d5b0,245,0.0,0.0,0.0,0.06,6,[7],3
7,11,x7f935d96d5b0,246,250.0,0.0,0.0,0.07,2,[1],3
7,11,x7f935d96d5b0,247,-50.0,0.0,0.0,0.12,3,[2],3
7,11,x7f935d96d5b0,248,400.0,0.0,0.0,0.0,6,[7],3
7,11,x7f935d96d5b0,249,100.0,0.0,0.0,0.07,3,[1],3
7,11,x7f935d96d5b0,250,-50.0,0.0,0.0,0.07,3,[2],3
7,11,x7f935d96d5b0,251,265.65,0.0,0.0,0.0,6,[7],3
7,11,x7f935d96d5b0,252,-150.0,0.0,0.0,0.07,3,[0],3
7,11,x7f935d96d5b0,253,400.0,0.0,0.0,0.06,2,[20],3
7,11,x7f935d96d5b0,254,0.0,0.0,0.0,0.03,7,[6],3
7,11,x7f935d96d5b0,255,-118.19,0.0,0.0,0.06,6,[7],3
7,11,x7f935d96d5b0,256,250.0,0.0,0.0,0.07,2,[1],3
7,11,x7f935d96d5b0,257,200.0,1.0,0.0,0.12,3,[1],3
7,11,x7f935d96d5b0,258,0.0,0.0,0.0,0.0,6,[6],3
7,11,x7f935d96d5b0,259,100.0,0.0,0.0,0.07,3,[1],3
7,11,x7f935d96d5b0,260,-150.0,0.0,0.0,0.12,3,[0],3
7,11,x7f935d96d5b0,261,-150.0,0.0,0.0,0.12,3,[0],3
7,11,x7f935d96d5b0,262,50.0,1.0,0.0,0.12,3,[2],3
7,11,x7f935d96d5b0,263,0.0,0.0,0.0,0.03,6,[7],3
7,11,x7f935d96d5b0,264,350.0,1.0,0.0,0.07,3,[0],3
7,11,x7f935d96d5b0,265,100.0,0.0,0.0,0.12,3,[1],3
7,11,x7f935d96d5b0,266,0.0,0.0,0.0,0.06,6,[6],3
7,11,x7f935d96d5b0,267,250.0,0.0,0.0,0.07,3,[0],3
7,11,x7f935d96d5b0,268,500.0,1.0,0.0,0.0,6,[7],3
7,11,x7f935d96d5b0,269,-300.0,0.0,0.0,0.07,3,[1],3
7,11,x7f935d96d5b0,270,350.0,1.0,0.0,0.07,3,[0],3
7,11,x7f935d96d5b0,271,200.0,1.0,1.0,0.12,6,[2],3
7,11,x7f935d96d5b0,272,-300.0,0.0,1.0,0.07,6,[2],3
7,11,x7f935d96d5b0,273,50.0,1.0,0.0,0.07,3,[2],3
7,11,x7f935d96d5b0,274,250.0,0.0,1.0,0.12,3,[2],3
7,11,x7f935d96d5b0,275,200.0,1.0,1.0,0.12,6,[2],3
7,11,x7f935d96d5b0,276,250.0,0.0,0.0,0.07,3,[0],3
7,11,x7f935d96d5b0,277,350.0,1.0,0.0,0.06,6,[6],3
7,11,x7f935d96d5b0,278,50.0,1.0,0.0,0.07,2,[2],3
7,11,x7f935d96d5b0,279,-150.0,0.0,0.0,0.07,3,[0],3
7,11,x7f935d96d5b0,280,-150.0,0.0,1.0,0.12,3,[2],3
7,11,x7f935d96d5b0,281,-150.0,0.0,0.0,0.12,2,[0],3
7,11,x7f935d96d5b0,282,350.0,1.0,0.0,0.12,3,[0],3
7,11,x7f935d96d5b0,283,350.0,1.0,1.0,0.12,3,[2],3
7,11,x7f935d96d5b0,284,-150.0,0.0,0.0,0.12,2,[0],3
7,11,x7f935d96d5b0,285,500.0,1.0,1.0,0.0,5,[8],3
7,11,x7f935d96d5b0,286,-450.0,0.0,0.0,0.07,2,[2],3
7,11,x7f935d96d5b0,287,-150.0,0.0,1.0,0.07,3,[2],3
7,11,x7f935d96d5b0,288,0.0,0.0,0.0,0.0,5,[6],3
7,11,x7f935d96d5b0,289,200.0,1.0,0.0,0.07,3,[1],3
7,11,x7f935d96d5b0,290,500.0,1.0,0.0,0.0,6,[7],3
7,11,x7f935d96d5b0,291,0.0,0.0,0.0,0.06,5,[6],3
7,11,x7f935d96d5b0,292,250.0,0.0,0.0,0.07,3,[0],3
7,11,x7f935d96d5b0,293,50.0,1.0,0.0,0.12,3,[2],3
7,11,x7f935d96d5b0,294,250.0,0.0,0.0,0.12,3,[0],3
7,11,x7f935d96d5b0,295,-150.0,0.0,1.0,0.12,3,[2],3
7,11,x7f935d96d5b0,296,-150.0,0.0,0.0,0.12,3,[0],3
7,11,x7f935d96d5b0,297,-150.0,0.0,0.0,0.12,3,[0],3
7,11,x7f935d96d5b0,298,0.0,0.0,0.0,0.0,6,[6],3
7,11,x7f935d96d5b0,299,261.66,0.0,0.0,0.06,6,[6],3
7,11,x7f935d96d5b0,300,-50.0,0.0,0.0,0.07,3,[2],3
7,11,x7f935d96d5b0,301,250.0,0.0,0.0,0.12,3,[0],3
7,11,x7f935d96d5b0,302,250.0,0.0,0.0,0.12,3,[0],3
7,11,x7f935d96d5b0,303,250.0,0.0,0.0,0.12,3,[0],3
7,11,x7f935d96d5b0,304,250.0,0.0,0.0,0.12,3,[0],3
7,11,x7f935d96d5b0,305,50.0,1.0,0.0,0.12,3,[2],3
7,11,x7f935d96d5b0,306,-50.0,0.0,0.0,0.12,3,[2],3
7,11,x7f935d96d5b0,307,0.0,0.0,0.0,0.0,6,[7],3
7,11,x7f935d96d5b0,308,250.0,0.0,0.0,0.07,3,[0],3
7,11,x7f935d96d5b0,309,172.11,1.0,0.0,0.12,3,[1],3
7,11,x7f935d96d5b0,310,350.62,1.0,0.0,0.0,6,[6],3
7,11,x7f935d96d5b0,311,350.0,1.0,0.0,0.07,3,[0],3
7,11,x7f935d96d5b0,312,0.0,0.0,0.0,0.06,2,[23],3
7,11,x7f935d96d5b0,313,-150.0,0.0,0.0,0.07,3,[0],3
7,11,x7f935d96d5b0,314,0.0,0.0,0.0,0.06,6,[7],3
7,11,x7f935d96d5b0,315,-150.0,0.0,0.0,0.07,3,[0],3
7,11,x7f935d96d5b0,316,50.0,1.0,0.0,0.12,3,[2],3
7,11,x7f935d96d5b0,317,500.0,1.0,0.0,0.06,7,[6],3
7,11,x7f935d96d5b0,318,-150.0,0.0,0.0,0.07,3,[0],3
7,11,x7f935d96d5b0,319,199.95,1.0,0.0,0.12,3,[1],3
7,11,x7f935d96d5b0,320,350.0,1.0,0.0,0.12,3,[0],3
7,11,x7f935d96d5b0,321,361.66,1.0,0.0,0.06,6,[7],3
7,11,x7f935d96d5b0,322,250.0,0.0,0.0,0.07,2,[0],3
7,11,x7f935d96d5b0,323,250.0,0.0,0.0,0.12,3,[0],3
7,11,x7f935d96d5b0,324,95.31,0.0,0.0,0.12,3,[1],3
7,11,x7f935d96d5b0,325,400.0,0.0,0.0,0.0,6,[7],3
7,11,x7f935d96d5b0,326,250.0,0.0,1.0,0.07,3,[2],3
7,11,x7f935d96d5b0,327,400.0,0.0,0.0,0.06,7,[6],3
7,11,x7f935d96d5b0,328,100.0,0.0,0.0,0.07,3,[1],3
7,11,x7f935d96d5b0,329,-300.62,0.0,0.0,0.12,3,[1],3
7,11,x7f935d96d5b0,330,-300.0,0.0,0.0,0.12,6,[7],3
7,11,x7f935d96d5b0,331,350.0,1.0,0.0,0.07,2,[0],3
7,11,x7f935d96d5b0,332,-114.4,0.0,0.0,0.0,6,[6],3
7,11,x7f935d96d5b0,333,250.0,0.0,0.0,0.07,3,[0],3
7,11,x7f935d96d5b0,334,250.0,0.0,0.0,0.12,3,[0],3
7,11,x7f935d96d5b0,335,-150.0,0.0,0.0,0.12,3,[0],3
7,11,x7f935d96d5b0,336,0.0,0.0,0.0,0.0,6,[7],3
7,11,x7f935d96d5b0,337,350.0,1.0,1.0,0.07,3,[2],3
7,11,x7f935d96d5b0,338,100.0,0.0,0.0,0.09,3,[1],3
7,11,x7f935d96d5b0,339,250.0,0.0,1.0,0.12,3,[2],3
7,11,x7f935d96d5b0,340,250.0,0.0,0.0,0.12,3,[0],3
7,11,x7f935d96d5b0,341,50.0,1.0,0.0,0.12,2,[2],3
7,11,x7f935d96d5b0,342,147.4,0.0,1.0,0.06,6,[8],3
7,11,x7f935d96d5b0,343,50.0,1.0,0.0,0.07,2,[2],3
7,11,x7f935d96d5b0,344,350.0,1.0,1.0,0.12,3,[2],3
7,11,x7f935d96d5b0,345,-300.05,0.0,0.0,0.12,3,[1],3
7,11,x7f935d96d5b0,346,-150.0,0.0,0.0,0.12,3,[0],3
7,11,x7f935d96d5b0,347,0.0,0.0,0.0,0.0,7,[6],3
7,11,x7f935d96d5b0,348,-50.0,0.0,0.0,0.07,3,[2],3
7,11,x7f935d96d5b0,349,111.66,0.0,0.0,0.12,3,[1],3
7,11,x7f935d96d5b0,350,250.0,0.0,0.0,0.12,3,[0],3
7,11,x7f935d96d5b0,351,-150.0,0.0,0.0,0.07,3,[0],3
7,11,x7f935d96d5b0,352,-150.0,0.0,0.0,0.12,3,[0],3
7,11,x7f935d96d5b0,353,350.0,1.0,0.0,0.12,3,[0],3
7,11,x7f935d96d5b0,354,0.0,0.0,0.0,0.06,6,[6],3
7,11,x7f935d96d5b0,355,500.0,1.0,0.0,0.06,6,[7],3
7,11,x7f935d96d5b0,356,250.0,0.0,0.0,0.07,3,[0],3
7,11,x7f935d96d5b0,357,0.0,0.0,0.0,0.0,6,[6],3
7,11,x7f935d96d5b0,358,250.0,0.0,0.0,0.07,3,[0],3
7,11,x7f935d96d5b0,359,50.0,1.0,0.0,0.12,3,[2],3
7,11,x7f935d96d5b0,360,-150.0,0.0,0.0,0.12,3,[0],3
7,11,x7f935d96d5b0,361,-150.0,0.0,0.0,0.12,3,[0],3
7,11,x7f935d96d5b0,362,350.0,1.0,0.0,0.12,3,[0],3
7,11,x7f935d96d5b0,363,250.0,0.0,0.0,0.12,3,[0],3
7,11,x7f935d96d5b0,364,0.0,0.0,0.0,0.0,6,[6],3
7,11,x7f935d96d5b0,365,-300.0,0.0,0.0,0.12,4,[23],3
7,11,x7f935d96d5b0,366,200.0,1.0,0.0,0.12,7,[6],3
7,11,x7f935d96d5b0,367,104.69,0.0,0.0,0.07,3,[1],3
7,11,x7f935d96d5b0,368,0.0,0.0,0.0,0.0,6,[7],3
7,11,x7f935d96d5b0,369,100.0,0.0,0.0,0.12,4,[20],3
7,11,x7f935d96d5b0,370,250.0,0.0,0.0,0.09,2,[1],3
7,11,x7f935d96d5b0,371,250.0,0.0,1.0,0.07,2,[2],3
7,11,x7f935d96d5b0,372,500.0,1.0,0.0,0.06,6,[6],3
7,11,x7f935d96d5b0,373,350.0,1.0,0.0,0.09,3,[0],3
7,11,x7f935d96d5b0,374,-138.34,0.0,0.0,0.06,7,[6],3
7,11,x7f935d96d5b0,375,0.0,0.0,0.0,0.06,6,[7],3
7,11,x7f935d96d5b0,376,-150.0,0.0,1.0,0.07,3,[2],3
7,11,x7f935d96d5b0,377,500.0,1.0,0.0,0.06,6,[6],3
7,11,x7f935d96d5b0,378,350.0,1.0,1.0,0.07,2,[2],3
7,11,x7f935d96d5b0,379,-450.0,0.0,0.0,0.07,2,[2],3
7,11,x7f935d96d5b0,380,-150.0,0.0,0.0,0.07,3,[0],3
7,11,x7f935d96d5b0,381,-299.38,0.0,0.0,0.09,3,[1],3
7,11,x7f935d96d5b0,382,-304.69,0.0,0.0,0.12,3,[1],3
7,11,x7f935d96d5b0,383,-150.0,0.0,1.0,0.07,3,[2],3
7,11,x7f935d96d5b0,384,-150.0,0.0,1.0,0.12,3,[2],3
7,11,x7f935d96d5b0,385,350.0,1.0,0.0,0.12,3,[0],3
7,11,x7f935d96d5b0,386,-150.0,0.0,1.0,0.07,3,[2],3
7,11,x7f935d96d5b0,387,-150.0,0.0,1.0,0.12,3,[2],3
7,11,x7f935d96d5b0,388,-150.0,0.0,0.0,0.12,3,[0],3
7,11,x7f935d96d5b0,389,-150.0,0.0,1.0,0.12,3,[2],3
7,11,x7f935d96d5b0,390,-116.91,0.0,0.0,0.0,6,[6],3
7,11,x7f935d96d5b0,391,350.0,1.0,0.0,0.07,3,[0],3
7,11,x7f935d96d5b0,392,350.0,1.0,1.0,0.09,3,[2],3
7,11,x7f935d96d5b0,393,-450.0,0.0,0.0,0.12,3,[2],3
7,11,x7f935d96d5b0,394,-150.0,0.0,1.0,0.12,3,[2],3
7,11,x7f935d96d5b0,395,-299.85,0.0,0.0,0.12,3,[1],3
7,11,x7f935d96d5b0,396,350.0,1.0,0.0,0.12,3,[0],3
7,11,x7f935d96d5b0,397,-295.31,0.0,0.0,0.12,3,[1],3
7,11,x7f935d96d5b0,398,350.0,1.0,0.0,0.12,3,[0],3
7,11,x7f935d96d5b0,399,-50.0,0.0,0.0,0.12,3,[2],3
7,11,x7f935d96d5b0,400,-50.0,0.0,0.0,0.09,3,[2],3
7,11,x7f935d96d5b0,401,250.23,0.0,0.0,0.0,6,[7],3
7,11,x7f935d96d5b0,402,104.69,0.0,0.0,0.07,3,[1],3
7,11,x7f935d96d5b0,403,400.0,0.0,0.0,0.0,6,[6],3
7,11,x7f935d96d5b0,404,250.0,0.0,1.0,0.07,3,[2],3
7,11,x7f935d96d5b0,405,-150.0,0.0,0.0,0.07,3,[0],3
7,11,x7f935d96d5b0,406,0.0,0.0,0.0,0.0,6,[7],3
7,11,x7f935d96d5b0,407,204.69,1.0,0.0,0.07,3,[1],3
7,11,x7f935d96d5b0,408,-150.0,0.0,0.0,0.12,3,[0],3
7,11,x7f935d96d5b0,409,0.0,0.0,0.0,0.0,6,[6],3
7,11,x7f935d96d5b0,410,350.0,1.0,0.0,0.07,3,[0],3
7,11,x7f935d96d5b0,411,250.0,0.0,1.0,0.12,3,[2],3
7,11,x7f935d96d5b0,412,-150.0,0.0,0.0,0.12,3,[0],3
7,11,x7f935d96d5b0,413,-150.0,0.0,0.0,0.12,3,[0],3
7,11,x7f935d96d5b0,414,-300.0,0.0,0.0,0.12,3,[1],3
7,11,x7f935d96d5b0,415,0.0,0.0,0.0,0.0,6,[7],3
7,11,x7f935d96d5b0,416,350.0,1.0,0.0,0.07,3,[0],3
7,11,x7f935d96d5b0,417,250.0,0.0,0.0,0.12,3,[0],3
7,11,x7f935d96d5b0,418,-134.35,0.0,0.0,0.0,6,[7],3
7,11,x7f935d96d5b0,419,-50.0,0.0,0.0,0.07,3,[2],3
7,11,x7f935d96d5b0,420,-280.25,0.0,0.0,0.12,3,[1],3
7,11,x7f935d96d5b0,421,195.31,1.0,0.0,0.12,3,[1],3
7,11,x7f935d96d5b0,422,-150.0,0.0,0.0,0.07,3,[0],3
7,11,x7f935d96d5b0,423,350.0,1.0,0.0,0.12,3,[0],3
7,11,x7f935d96d5b0,424,-299.38,0.0,0.0,0.12,3,[1],3
7,11,x7f935d96d5b0,425,50.0,1.0,0.0,0.12,3,[2],3
7,11,x7f935d96d5b0,426,350.0,1.0,0.0,0.12,2,[0],3
7,11,x7f935d96d5b0,427,250.0,0.0,0.0,0.12,3,[0],3
7,11,x7f935d96d5b0,428,-300.0,0.0,0.0,0.12,3,[1],3
7,11,x7f935d96d5b0,429,500.0,1.0,0.0,0.0,6,[7],3
7,11,x7f935d96d5b0,430,199.38,1.0,0.0,0.07,3,[1],3
7,11,x7f935d96d5b0,431,-138.34,0.0,0.0,0.0,6,[7],3
7,11,x7f935d96d5b0,432,250.0,0.0,0.0,0.07,2,[0],3
7,11,x7f935d96d5b0,433,-300.0,0.0,1.0,0.12,7,[2],3
7,11,x7f935d96d5b0,434,365.65,1.0,0.0,0.06,7,[6],3
7,11,x7f935d96d5b0,435,102.17,0.0,0.0,0.07,3,[1],3
7,11,x7f935d96d5b0,436,-150.0,0.0,0.0,0.0,6,[8],3
7,11,x7f935d96d5b0,437,50.0,1.0,0.0,0.07,3,[2],3
7,11,x7f935d96d5b0,438,200.0,1.0,0.0,0.09,3,[1],3
7,11,x7f935d96d5b0,439,-150.0,0.0,0.0,0.12,3,[0],3
7,11,x7f935d96d5b0,440,-122.11,0.0,0.0,0.0,6,[6],3
7,11,x7f935d96d5b0,441,350.0,1.0,0.0,0.07,3,[0],3
7,11,x7f935d96d5b0,442,0.0,0.0,0.0,0.0,6,[7],3
7,11,x7f935d96d5b0,443,-304.69,0.0,0.0,0.07,3,[1],3
7,11,x7f935d96d5b0,444,500.0,1.0,0.0,0.06,6,[6],3
7,11,x7f935d96d5b0,445,-50.0,0.0,0.0,0.07,2,[2],3
7,11,x7f935d96d5b0,446,250.0,0.0,0.0,0.12,3,[0],3
7,11,x7f935d96d5b0,447,-300.62,0.0,0.0,0.12,3,[1],3
7,11,x7f935d96d5b0,448,-150.0,0.0,0.0,0.0,6,[7],3
7,11,x7f935d96d5b0,449,-150.0,0.0,0.0,0.07,3,[0],3
7,11,x7f935d96d5b0,450,-300.0,0.0,0.0,0.12,3,[1],3
7,11,x7f935d96d5b0,451,-150.0,0.0,0.0,0.12,3,[0],3
7,11,x7f935d96d5b0,452,-450.0,0.0,0.0,0.12,6,[8],3
7,11,x7f935d96d5b0,453,350.0,1.0,0.0,0.07,3,[0],3
7,11,x7f935d96d5b0,454,350.0,1.0,0.0,0.12,3,[0],3
7,11,x7f935d96d5b0,455,500.0,1.0,0.0,0.03,6,[7],3
7,11,x7f935d96d5b0,456,250.0,0.0,0.0,0.07,2,[1],3
7,11,x7f935d96d5b0,457,500.0,1.0,0.0,0.0,6,[6],3
7,11,x7f935d96d5b0,458,-50.0,0.0,0.0,0.07,2,[2],3
7,11,x7f935d96d5b0,459,295.0,1.0,1.0,0.07,7,[1],3
7,11,x7f935d96d5b0,460,-150.0,0.0,0.0,0.07,3,[0],3
7,11,x7f935d96d5b0,461,0.0,0.0,0.0,0.03,6,[7],3
7,11,x7f935d96d5b0,462,-450.0,0.0,0.0,0.07,3,[2],3
7,11,x7f935d96d5b0,463,350.0,1.0,0.0,0.07,3,[0],3
7,11,x7f935d96d5b0,464,350.0,1.0,0.0,0.12,2,[0],3
7,11,x7f935d96d5b0,465,250.0,0.0,0.0,0.12,3,[0],3
7,11,x7f935d96d5b0,466,-300.0,0.0,0.0,0.12,3,[1],3
7,11,x7f935d96d5b0,467,-150.0,0.0,0.0,0.12,2,[0],3
7,11,x7f935d96d5b0,468,-450.0,0.0,0.0,0.12,3,[2],3
7,11,x7f935d96d5b0,469,350.0,1.0,0.0,0.12,3,[0],3
7,11,x7f935d96d5b0,470,100.05,0.0,0.0,0.12,3,[1],3
7,11,x7f935d96d5b0,471,250.0,0.0,1.0,0.07,3,[2],3
7,11,x7f935d96d5b0,472,-130.25,0.0,0.0,0.0,6,[6],3
7,11,x7f935d96d5b0,473,350.0,1.0,1.0,0.07,3,[2],3
7,11,x7f935d96d5b0,474,250.0,0.0,0.0,0.07,3,[0],3
7,11,x7f935d96d5b0,475,250.0,0.0,1.0,0.12,3,[2],3
7,11,x7f935d96d5b0,476,250.0,0.0,0.0,0.12,3,[0],3
7,11,x7f935d96d5b0,477,99.38,0.0,0.0,0.12,3,[1],3
7,11,x7f935d96d5b0,478,250.0,0.0,0.0,0.12,3,[0],3
7,11,x7f935d96d5b0,479,250.0,0.0,0.0,0.12,3,[0],3
7,11,x7f935d96d5b0,480,-149.38,0.0,0.0,0.0,6,[7],3
7,11,x7f935d96d5b0,481,0.0,0.0,1.0,0.12,4,[20],3
7,11,x7f935d96d5b0,482,250.0,0.0,0.0,0.09,2,[1],3
7,11,x7f935d96d5b0,483,350.0,1.0,0.0,0.07,3,[0],3
7,11,x7f935d96d5b0,484,-300.0,0.0,0.0,0.12,3,[1],3
7,11,x7f935d96d5b0,485,350.0,1.0,0.0,0.12,3,[0],3
7,11,x7f935d96d5b0,486,-150.0,0.0,0.0,0.12,3,[0],3
7,11,x7f935d96d5b0,487,350.0,1.0,0.0,0.12,3,[0],3
7,11,x7f935d96d5b0,488,-150.0,0.0,0.0,0.12,3,[0],3
7,11,x7f935d96d5b0,489,227.89,1.0,0.0,0.09,3,[1],3
7,11,x7f935d96d5b0,490,350.0,1.0,0.0,0.12,3,[0],3
7,11,x7f935d96d5b0,491,-150.0,0.0,0.0,0.12,3,[0],3
7,11,x7f935d96d5b0,492,-299.99,0.0,0.0,0.12,3,[1],3
7,11,x7f935d96d5b0,493,350.0,1.0,0.0,0.12,3,[0],3
7,11,x7f935d96d5b0,494,50.0,1.0,0.0,0.12,3,[2],3
7,11,x7f935d96d5b0,495,-149.99,0.0,0.0,0.06,6,[6],3
7,11,x7f935d96d5b0,496,250.0,0.0,0.0,0.07,3,[0],3
7,11,x7f935d96d5b0,497,50.0,1.0,0.0,0.12,3,[2],3
7,11,x7f935d96d5b0,498,-107.31,0.0,0.0,0.0,6,[7],3
7,11,x7f935d96d5b0,499,250.0,0.0,0.0,0.07,3,[0],3
7,11,x7f935d96d5b0,500,111.66,0.0,0.0,0.07,3,[1],3
7,11,x7f935d96d5b0,501,352.91,1.0,0.0,0.0,6,[6],3
7,11,x7f935d96d5b0,502,100.0,0.0,0.0,0.12,4,[20],3
7,11,x7f935d96d5b0,503,-50.0,0.0,0.0,0.09,3,[2],3
7,11,x7f935d96d5b0,504,250.0,0.0,0.0,0.12,3,[0],3
7,11,x7f935d96d5b0,505,250.0,0.0,0.0,0.06,7,[20],3
7,11,x7f935d96d5b0,506,200.0,1.0,0.0,0.07,3,[1],3
7,11,x7f935d96d5b0,507,-150.0,0.0,0.0,0.12,3,[0],3
7,11,x7f935d96d5b0,508,-299.38,0.0,0.0,0.09,3,[1],3
7,11,x7f935d96d5b0,509,350.0,1.0,0.0,0.09,3,[0],3
7,11,x7f935d96d5b0,510,369.75,1.0,0.0,0.0,7,[6],3
7,11,x7f935d96d5b0,511,200.0,1.0,0.0,0.12,2,[20],3
7,11,x7f935d96d5b0,512,250.0,0.0,0.0,0.09,3,[0],3
7,11,x7f935d96d5b0,513,250.0,0.0,0.0,0.12,3,[0],3
7,11,x7f935d96d5b0,514,250.0,0.0,0.0,0.0,6,[7],3
7,11,x7f935d96d5b0,515,250.0,0.0,0.0,0.07,3,[0],3
7,11,x7f935d96d5b0,516,400.0,0.0,0.0,0.0,6,[7],3
7,11,x7f935d96d5b0,517,-50.0,0.0,0.0,0.07,3,[2],3
7,11,x7f935d96d5b0,518,250.62,0.0,0.0,0.06,6,[6],3
7,11,x7f935d96d5b0,519,-150.0,0.0,0.0,0.07,3,[0],3
7,11,x7f935d96d5b0,520,350.0,1.0,0.0,0.12,3,[0],3
7,11,x7f935d96d5b0,521,0.0,0.0,0.0,0.06,6,[6],3
7,11,x7f935d96d5b0,522,0.0,0.0,0.0,0.06,6,[7],3
7,11,x7f935d96d5b0,523,250.0,0.0,1.0,0.07,3,[2],3
7,11,x7f935d96d5b0,524,127.51,0.0,1.0,0.06,7,[8],3
7,11,x7f935d96d5b0,525,500.0,1.0,0.0,0.06,6,[6],3
7,11,x7f935d96d5b0,526,350.0,1.0,1.0,0.07,3,[2],3
7,11,x7f935d96d5b0,527,545.31,0.0,1.0,0.07,4,[1],3
7,11,x7f935d96d5b0,528,-150.0,0.0,0.0,0.09,3,[0],3
7,11,x7f935d96d5b0,529,50.0,1.0,0.0,0.12,3,[2],3
7,11,x7f935d96d5b0,530,0.0,0.0,0.0,0.0,6,[7],3
7,11,x7f935d96d5b0,531,-450.0,0.0,0.0,0.07,3,[2],3
7,11,x7f935d96d5b0,532,-450.0,0.0,0.0,0.07,3,[2],3
7,11,x7f935d96d5b0,533,365.65,1.0,0.0,0.0,6,[7],3
7,11,x7f935d96d5b0,534,350.0,1.0,0.0,0.07,3,[0],3
7,11,x7f935d96d5b0,535,204.69,1.0,0.0,0.07,3,[1],3
7,11,x7f935d96d5b0,536,-150.0,0.0,0.0,0.12,3,[0],3
7,11,x7f935d96d5b0,537,200.0,1.0,0.0,0.12,3,[1],3
7,11,x7f935d96d5b0,538,250.0,0.0,0.0,0.12,3,[0],3
7,11,x7f935d96d5b0,539,-50.0,0.0,0.0,0.07,3,[2],3
7,11,x7f935d96d5b0,540,-50.0,0.0,0.0,0.12,3,[2],3
7,11,x7f935d96d5b0,541,149.15,0.0,0.0,0.12,3,[1],3
7,11,x7f935d96d5b0,542,250.0,0.0,0.0,0.12,3,[0],3
7,11,x7f935d96d5b0,543,250.0,0.0,0.0,0.0,6,[7],3
7,11,x7f935d96d5b0,544,250.0,0.0,1.0,0.07,3,[2],3
7,11,x7f935d96d5b0,545,250.0,0.0,0.0,0.09,3,[0],3
7,11,x7f935d96d5b0,546,250.0,0.0,0.0,0.12,2,[0],3
7,11,x7f935d96d5b0,547,-150.0,0.0,0.0,0.12,3,[0],3
7,11,x7f935d96d5b0,548,200.62,1.0,0.0,0.12,3,[1],3
7,11,x7f935d96d5b0,549,-150.0,0.0,0.0,0.12,3,[0],3
7,11,x7f935d96d5b0,550,0.0,0.0,0.0,0.0,6,[6],3
7,11,x7f935d96d5b0,551,-299.38,0.0,0.0,0.07,3,[1],3
7,11,x7f935d96d5b0,552,105.0,1.0,0.0,0.12,6,[7],3
7,11,x7f935d96d5b0,553,-50.0,0.0,0.0,0.07,2,[1],3
7,11,x7f935d96d5b0,554,250.0,0.0,0.0,0.12,3,[0],3
7,11,x7f935d96d5b0,555,350.0,1.0,1.0,0.12,3,[2],3
7,11,x7f935d96d5b0,556,500.0,1.0,0.0,0.0,6,[6],3
7,11,x7f935d96d5b0,557,250.0,0.0,0.0,0.07,3,[0],3
7,11,x7f935d96d5b0,558,400.0,0.0,0.0,0.06,6,[7],3
7,11,x7f935d96d5b0,559,250.0,0.0,1.0,0.07,3,[2],3
7,11,x7f935d96d5b0,560,-150.0,0.0,0.0,0.12,3,[0],3
7,11,x7f935d96d5b0,561,-450.0,0.0,0.0,0.12,3,[2],3
7,11,x7f935d96d5b0,562,-150.0,0.0,0.0,0.12,3,[0],3
7,11,x7f935d96d5b0,563,-450.0,0.0,0.0,0.12,3,[2],3
7,11,x7f935d96d5b0,564,-150.0,0.0,0.0,0.0,6,[7],3
7,11,x7f935d96d5b0,565,-50.0,0.0,0.0,0.07,3,[2],3
7,11,x7f935d96d5b0,566,-492.69,0.0,0.0,0.07,6,[1],3
7,11,x7f935d96d5b0,567,250.0,0.0,0.0,0.07,3,[0],3
7,11,x7f935d96d5b0,568,250.0,0.0,0.0,0.12,3,[0],3
7,11,x7f935d96d5b0,569,400.0,0.0,0.0,0.0,6,[6],3
7,11,x7f935d96d5b0,570,-150.0,0.0,0.0,0.06,6,[6],3
7,11,x7f935d96d5b0,571,197.83,1.0,0.0,0.09,3,[1],3
7,11,x7f935d96d5b0,572,350.23,1.0,0.0,0.0,6,[8],3
7,11,x7f935d96d5b0,573,95.31,0.0,0.0,0.07,3,[1],3
7,11,x7f935d96d5b0,574,99.38,0.0,0.0,0.12,3,[1],3
7,11,x7f935d96d5b0,575,250.0,0.0,0.0,0.12,3,[0],3
7,11,x7f935d96d5b0,576,-50.0,0.0,0.0,0.12,3,[2],3
7,11,x7f935d96d5b0,577,259.14,0.0,0.0,0.0,6,[6],3
7,11,x7f935d96d5b0,578,350.0,1.0,1.0,0.07,3,[2],3
7,11,x7f935d96d5b0,579,-450.0,0.0,0.0,0.07,3,[2],3
7,11,x7f935d96d5b0,580,-147.83,0.0,0.0,0.0,6,[7],3
7,11,x7f935d96d5b0,581,72.11,0.0,0.0,0.07,3,[1],3
7,11,x7f935d96d5b0,582,250.0,0.0,0.0,0.12,3,[0],3
7,11,x7f935d96d5b0,583,350.0,1.0,0.0,0.0,6,[7],3
7,11,x7f935d96d5b0,584,199.95,1.0,0.0,0.07,3,[1],3
7,11,x7f935d96d5b0,585,0.0,0.0,0.0,0.0,6,[7],3
7,11,x7f935d96d5b0,586,99.38,0.0,0.0,0.07,3,[1],3
7,11,x7f935d96d5b0,587,250.0,0.0,0.0,0.12,3,[0],3
7,11,x7f935d96d5b0,588,326.94,0.0,0.0,0.0,7,[6],3
7,11,x7f935d96d5b0,589,104.69,0.0,0.0,0.07,3,[1],3
7,11,x7f935d96d5b0,590,-150.0,0.0,0.0,0.12,3,[0],3
7,11,x7f935d96d5b0,591,-142.06,0.0,0.0,0.0,6,[6],3
7,11,x7f935d96d5b0,592,350.0,1.0,1.0,0.07,3,[2],3
7,11,x7f935d96d5b0,593,-300.0,0.0,1.0,0.12,6,[2],3
7,11,x7f935d96d5b0,594,-300.0,0.0,0.0,0.12,6,[6],3
7,11,x7f935d96d5b0,595,-300.0,0.0,0.0,0.12,6,[7],3
7,11,x7f935d96d5b0,596,372.11,0.0,1.0,0.09,3,[1],3
7,11,x7f935d96d5b0,597,-150.0,0.0,0.0,0.12,3,[0],3
7,11,x7f935d96d5b0,598,-150.0,0.0,0.0,0.12,3,[0],3
7,11,x7f935d96d5b0,599,-150.0,0.0,1.0,0.12,3,[2],3
7,11,x7f935d96d5b0,600,-300.01,0.0,0.0,0.12,3,[1],3
7,11,x7f935d96d5b0,601,-301.54,0.0,0.0,0.12,3,[1],3
7,11,x7f935d96d5b0,602,0.0,0.0,0.0,0.0,6,[7],3
7,11,x7f935d96d5b0,603,-355.0,0.0,0.0,0.07,3,[1],3
7,11,x7f935d96d5b0,604,-145.31,0.0,0.0,0.0,6,[6],3
7,11,x7f935d96d5b0,605,-150.0,0.0,0.0,0.07,3,[0],3
7,11,x7f935d96d5b0,606,99.38,0.0,0.0,0.12,3,[1],3
7,11,x7f935d96d5b0,607,500.0,1.0,0.0,0.0,6,[7],3
7,11,x7f935d96d5b0,608,250.0,0.0,0.0,0.07,3,[0],3
7,11,x7f935d96d5b0,609,-150.0,0.0,0.0,0.12,3,[0],3
7,11,x7f935d96d5b0,610,0.0,0.0,0.0,0.0,6,[7],3
7,11,x7f935d96d5b0,611,-450.0,0.0,0.0,0.07,3,[2],3
7,11,x7f935d96d5b0,612,350.0,1.0,0.0,0.07,3,[0],3
7,11,x7f935d96d5b0,613,111.66,0.0,0.0,0.12,3,[1],3
7,11,x7f935d96d5b0,614,-50.0,0.0,0.0,0.12,3,[2],3
7,11,x7f935d96d5b0,615,250.0,0.0,0.0,0.12,3,[0],3
7,11,x7f935d96d5b0,616,-50.0,0.0,0.0,0.12,3,[2],3
7,11,x7f935d96d5b0,617,319.4,0.0,0.0,0.0,6,[6],3
7,11,x7f935d96d5b0,618,250.0,0.0,0.0,0.07,3,[0],3
7,11,x7f935d96d5b0,619,104.69,0.0,0.0,0.12,3,[1],3
7,11,x7f935d96d5b0,620,250.0,0.0,0.0,0.12,3,[0],3
7,11,x7f935d96d5b0,621,250.0,0.0,0.0,0.12,3,[0],3
7,11,x7f935d96d5b0,622,99.95,0.0,0.0,0.12,3,[1],3
7,11,x7f935d96d5b0,623,0.0,0.0,0.0,0.0,6,[7],3
7,11,x7f935d96d5b0,624,50.0,1.0,0.0,0.07,3,[2],3
7,11,x7f935d96d5b0,625,-145.31,0.0,0.0,0.06,6,[7],3
7,11,x7f935d96d5b0,626,-150.0,0.0,0.0,0.07,2,[1],3
7,11,x7f935d96d5b0,627,350.33,1.0,0.0,0.0,7,[6],3
7,11,x7f935d96d5b0,628,250.0,0.0,0.0,0.07,3,[0],3
7,11,x7f935d96d5b0,629,500.0,1.0,0.0,0.0,6,[7],3
7,11,x7f935d96d5b0,630,250.0,0.0,1.0,0.07,3,[2],3
7,11,x7f935d96d5b0,631,-50.0,0.0,0.0,0.07,3,[2],3
7,11,x7f935d96d5b0,632,400.0,0.0,0.0,0.0,6,[6],3
7,11,x7f935d96d5b0,633,0.0,0.0,0.0,0.06,6,[6],3
7,11,x7f935d96d5b0,634,-280.25,0.0,0.0,0.09,3,[1],3
7,11,x7f935d96d5b0,635,350.0,1.0,0.0,0.12,3,[0],3
7,11,x7f935d96d5b0,636,-150.0,0.0,0.0,0.0,6,[8],3
7,11,x7f935d96d5b0,637,350.0,1.0,0.0,0.07,3,[0],3
7,11,x7f935d96d5b0,638,500.0,1.0,0.0,0.0,6,[7],3
7,11,x7f935d96d5b0,639,-450.0,0.0,0.0,0.07,3,[2],3
7,11,x7f935d96d5b0,640,-450.0,0.0,0.0,0.07,3,[2],3
7,11,x7f935d96d5b0,641,0.0,0.0,0.0,0.06,6,[7],3
7,11,x7f935d96d5b0,642,199.95,1.0,0.0,0.07,3,[1],3
7,11,x7f935d96d5b0,643,-150.0,0.0,0.0,0.12,3,[0],3
7,11,x7f935d96d5b0,644,350.0,1.0,0.0,0.07,3,[0],3
7,11,x7f935d96d5b0,645,-342.69,0.0,0.0,0.12,3,[1],3
7,11,x7f935d96d5b0,646,-150.0,0.0,0.0,0.12,3,[0],3
7,11,x7f935d96d5b0,647,-288.34,0.0,0.0,0.07,3,[1],3
7,11,x7f935d96d5b0,648,-150.0,0.0,0.0,0.0,6,[7],3
7,11,x7f935d96d5b0,649,50.0,1.0,0.0,0.07,3,[2],3
7,11,x7f935d96d5b0,650,100.0,0.0,0.0,0.12,2,[20],3
7,11,x7f935d96d5b0,651,-80.6,0.0,0.0,0.03,6,[7],3
7,11,x7f935d96d5b0,652,-150.0,0.0,0.0,0.07,3,[0],3
7,11,x7f935d96d5b0,653,250.0,0.0,0.0,0.12,3,[0],3
7,11,x7f935d96d5b0,654,-150.0,0.0,0.0,0.12,3,[0],3
7,11,x7f935d96d5b0,655,-450.0,0.0,0.0,0.12,3,[2],3
7,11,x7f935d96d5b0,656,-600.0,0.0,0.0,0.12,6,[2],3
7,11,x7f935d96d5b0,657,-300.15,0.0,0.0,0.07,3,[1],3
7,11,x7f935d96d5b0,658,-150.0,0.0,0.0,0.0,6,[9],3
7,11,x7f935d96d5b0,659,350.0,1.0,0.0,0.07,3,[0],3
7,11,x7f935d96d5b0,660,700.0,0.0,1.0,0.06,3,[20],3
7,11,x7f935d96d5b0,661,350.0,1.0,0.0,0.09,2,[1],3
7,11,x7f935d96d5b0,662,350.0,1.0,0.0,0.07,3,[0],3
7,11,x7f935d96d5b0,663,-116.91,0.0,0.0,0.0,7,[6],3
7,11,x7f935d96d5b0,664,-150.0,0.0,1.0,0.07,3,[2],3
7,11,x7f935d96d5b0,665,-150.0,0.0,1.0,0.12,3,[2],3
7,11,x7f935d96d5b0,666,207.94,1.0,0.0,0.12,3,[1],3
7,11,x7f935d96d5b0,667,-150.0,0.0,0.0,0.12,3,[0],3
7,11,x7f935d96d5b0,668,-150.0,0.0,0.0,0.12,3,[0],3
7,11,x7f935d96d5b0,669,350.0,1.0,0.0,0.07,3,[0],3
7,11,x7f935d96d5b0,670,-150.0,0.0,0.0,0.07,3,[0],3
7,11,x7f935d96d5b0,671,0.0,0.0,0.0,0.0,7,[6],3
7,11,x7f935d96d5b0,672,350.0,1.0,0.0,0.07,3,[0],3
7,11,x7f935d96d5b0,673,0.0,0.0,0.0,0.0,6,[7],3
7,11,x7f935d96d5b0,674,250.0,0.0,0.0,0.07,3,[0],3
7,11,x7f935d96d5b0,675,-150.0,0.0,0.0,0.12,3,[0],3
7,11,x7f935d96d5b0,676,500.0,1.0,0.0,0.0,6,[6],3
7,11,x7f935d96d5b0,677,550.0,0.0,1.0,0.07,2,[1],3
7,11,x7f935d96d5b0,678,350.0,1.0,0.0,0.09,3,[0],3
7,11,x7f935d96d5b0,679,250.0,0.0,0.0,0.12,3,[0],3
7,11,x7f935d96d5b0,680,250.0,0.0,0.0,0.07,3,[0],3
7,11,x7f935d96d5b0,681,-150.0,0.0,0.0,0.12,3,[0],3
7,11,x7f935d96d5b0,682,-150.0,0.0,0.0,0.12,3,[0],3
7,11,x7f935d96d5b0,683,-450.0,0.0,0.0,0.07,3,[2],3
7,11,x7f935d96d5b0,684,-450.0,0.0,0.0,0.12,3,[2],3
7,11,x7f935d96d5b0,685,-150.0,0.0,1.0,0.12,3,[2],3
7,11,x7f935d96d5b0,686,-272.11,0.0,0.0,0.12,3,[1],3
7,11,x7f935d96d5b0,687,395.31,0.0,1.0,0.07,3,[1],3
7,11,x7f935d96d5b0,688,250.0,0.0,0.0,0.12,3,[0],3
7,11,x7f935d96d5b0,689,-145.31,0.0,0.0,0.0,5,[6],3
7,11,x7f935d96d5b0,690,-50.0,0.0,0.0,0.07,3,[2],3
7,11,x7f935d96d5b0,691,-50.0,0.0,0.0,0.12,3,[2],3
7,11,x7f935d96d5b0,692,-450.0,0.0,0.0,0.12,3,[2],3
7,11,x7f935d96d5b0,693,200.0,1.0,1.0,0.12,5,[2],3
7,11,x7f935d96d5b0,694,-300.0,0.0,1.0,0.07,5,[2],3
7,11,x7f935d96d5b0,695,350.0,1.0,0.0,0.07,3,[0],3
7,11,x7f935d96d5b0,696,199.38,1.0,0.0,0.12,3,[1],3
7,11,x7f935d96d5b0,697,-150.0,0.0,0.0,0.0,5,[8],3
7,11,x7f935d96d5b0,698,-150.0,0.0,0.0,0.07,3,[0],3
7,11,x7f935d96d5b0,699,-150.0,0.0,1.0,0.12,3,[2],3
7,11,x7f935d96d5b0,700,361.66,1.0,0.0,0.0,6,[6],3
7,11,x7f935d96d5b0,701,50.0,1.0,0.0,0.07,3,[2],3
7,11,x7f935d96d5b0,702,350.0,1.0,0.0,0.12,3,[0],3
7,11,x7f935d96d5b0,703,-150.0,0.0,0.0,0.12,3,[0],3
7,11,x7f935d96d5b0,704,350.0,1.0,1.0,0.12,3,[2],3
7,11,x7f935d96d5b0,705,-215.06,0.0,1.0,0.12,6,[9],3
7,11,x7f935d96d5b0,706,250.0,0.0,0.0,0.07,3,[0],3
7,11,x7f935d96d5b0,707,99.38,0.0,0.0,0.12,3,[1],3
7,11,x7f935d96d5b0,708,100.0,0.0,0.0,0.12,3,[8],3
7,11,x7f935d96d5b0,709,-50.0,0.0,0.0,0.07,3,[2],3
7,11,x7f935d96d5b0,710,350.0,1.0,1.0,0.12,3,[2],3
7,11,x7f935d96d5b0,711,92.06,0.0,0.0,0.12,3,[1],3
7,11,x7f935d96d5b0,712,-50.0,0.0,0.0,0.12,3,[2],3
7,11,x7f935d96d5b0,713,230.25,0.0,0.0,0.0,4,[8],3
7,11,x7f935d96d5b0,714,-150.0,0.0,0.0,0.07,3,[0],3
7,11,x7f935d96d5b0,715,-450.0,0.0,0.0,0.12,3,[2],3
7,11,x7f935d96d5b0,716,400.0,0.0,0.0,0.0,4,[6],3
7,11,x7f935d96d5b0,717,50.0,1.0,0.0,0.07,3,[2],3
7,11,x7f935d96d5b0,718,400.0,0.0,0.0,0.0,2,[6],3
7,11,x7f935d96d5b0,719,-300.0,0.0,0.0,0.07,3,[1],3
7,11,x7f935d96d5b0,720,-150.0,0.0,1.0,0.12,3,[2],3
7,11,x7f935d96d5b0,721,-0.62,0.0,1.0,0.12,3,[1],3
7,11,x7f935d96d5b0,722,350.0,1.0,1.0,0.12,3,[2],3
7,11,x7f935d96d5b0,723,350.0,1.0,0.0,0.12,3,[0],3
7,11,x7f935d96d5b0,724,-50.0,0.0,0.0,0.12,3,[2],3
7,11,x7f935d96d5b0,725,-150.02,0.0,0.0,0.06,6,[9],3
7,11,x7f935d96d5b0,726,127.89,0.0,0.0,0.07,3,[1],3
7,11,x7f935d96d5b0,727,400.0,0.0,0.0,0.06,6,[7],3
7,11,x7f935d96d5b0,728,250.0,0.0,0.0,0.07,2,[1],3
7,11,x7f935d96d5b0,729,-149.81,0.0,0.0,0.0,6,[7],3
7,11,x7f935d96d5b0,730,-150.0,0.0,0.0,0.09,3,[0],3
7,11,x7f935d96d5b0,731,0.0,0.0,0.0,0.0,6,[6],3
7,11,x7f935d96d5b0,732,350.0,1.0,0.0,0.07,3,[0],3
7,11,x7f935d96d5b0,733,-450.0,0.0,0.0,0.12,3,[2],3
7,11,x7f935d96d5b0,734,0.0,0.0,0.0,0.0,6,[7],3
7,11,x7f935d96d5b0,735,350.0,1.0,0.0,0.07,3,[0],3
7,11,x7f935d96d5b0,736,-150.0,0.0,0.0,0.0,6,[7],3
7,11,x7f935d96d5b0,737,95.31,0.0,0.0,0.07,3,[1],3
7,11,x7f935d96d5b0,738,100.0,0.0,0.0,0.12,3,[1],3
7,11,x7f935d96d5b0,739,500.0,1.0,0.0,0.0,6,[6],3
7,11,x7f935d96d5b0,740,250.0,0.0,0.0,0.07,3,[0],3
7,11,x7f935d96d5b0,741,305.0,0.0,0.0,0.06,6,[7],3
7,11,x7f935d96d5b0,742,250.0,0.0,0.0,0.07,3,[0],3
7,11,x7f935d96d5b0,743,250.0,0.0,0.0,0.12,3,[0],3
7,11,x7f935d96d5b0,744,200.0,1.0,1.0,0.12,7,[2],3
7,11,x7f935d96d5b0,745,310.28,0.0,0.0,0.06,6,[6],3
7,11,x7f935d96d5b0,746,-50.0,0.0,0.0,0.07,3,[2],3
7,11,x7f935d96d5b0,747,119.75,0.0,0.0,0.12,3,[1],3
7,11,x7f935d96d5b0,748,-150.0,0.0,0.0,0.12,3,[0],3
7,11,x7f935d96d5b0,749,200.62,1.0,0.0,0.07,3,[1],3
7,11,x7f935d96d5b0,750,250.0,0.0,0.0,0.09,3,[0],3
7,11,x7f935d96d5b0,751,88.34,0.0,0.0,0.12,3,[1],3
7,11,x7f935d96d5b0,752,-150.0,0.0,0.0,0.12,3,[0],3
7,11,x7f935d96d5b0,753,50.0,1.0,0.0,0.12,3,[2],3
7,11,x7f935d96d5b0,754,-149.77,0.0,0.0,0.0,6,[7],3
7,11,x7f935d96d5b0,755,-50.0,0.0,0.0,0.07,3,[2],3
7,11,x7f935d96d5b0,756,-150.0,0.0,0.0,0.07,3,[0],3
7,11,x7f935d96d5b0,757,381.81,1.0,0.0,0.0,6,[7],3
7,11,x7f935d96d5b0,758,195.31,1.0,0.0,0.07,3,[1],3
7,11,x7f935d96d5b0,759,350.0,1.0,1.0,0.12,2,[2],3
7,11,x7f935d96d5b0,760,-150.0,0.0,0.0,0.07,3,[0],3
7,11,x7f935d96d5b0,761,500.0,1.0,0.0,0.06,6,[7],3
7,11,x7f935d96d5b0,762,0.0,0.0,0.0,0.06,6,[7],3
7,11,x7f935d96d5b0,763,250.0,0.0,0.0,0.07,3,[0],3
7,11,x7f935d96d5b0,764,-50.0,0.0,0.0,0.09,3,[2],3
7,11,x7f935d96d5b0,765,400.0,0.0,0.0,0.0,6,[7],3
7,11,x7f935d96d5b0,766,-50.0,0.0,0.0,0.07,3,[2],3
7,11,x7f935d96d5b0,767,400.0,0.0,0.0,0.06,6,[6],3
7,11,x7f935d96d5b0,768,98.74,0.0,0.0,0.07,3,[1],3
7,11,x7f935d96d5b0,769,-150.0,0.0,0.0,0.09,3,[0],3
7,11,x7f935d96d5b0,770,-59.06,0.0,0.0,0.0,6,[7],3
7,11,x7f935d96d5b0,771,-150.0,0.0,0.0,0.07,3,[0],3
7,11,x7f935d96d5b0,772,400.0,0.0,0.0,0.03,2,[19],3
7,11,x7f935d96d5b0,773,-304.69,0.0,0.0,0.09,3,[1],3
7,11,x7f935d96d5b0,774,0.0,0.0,0.0,0.0,6,[7],3
7,11,x7f935d96d5b0,775,350.0,1.0,1.0,0.07,3,[2],3
7,11,x7f935d96d5b0,776,700.0,0.0,1.0,0.03,2,[19],3
7,11,x7f935d96d5b0,777,350.0,1.0,0.0,0.09,3,[0],3
7,11,x7f935d96d5b0,778,200.0,1.0,0.0,0.12,3,[1],3
7,11,x7f935d96d5b0,779,-299.38,0.0,0.0,0.12,3,[1],3
7,11,x7f935d96d5b0,780,250.0,0.0,0.0,0.12,3,[0],3
7,11,x7f935d96d5b0,781,405.0,1.0,0.0,0.0,6,[7],3
7,11,x7f935d96d5b0,782,-295.31,0.0,0.0,0.07,3,[1],3
7,11,x7f935d96d5b0,783,-300.0,0.0,1.0,0.12,7,[2],3
7,11,x7f935d96d5b0,784,-130.25,0.0,0.0,0.06,6,[6],3
7,11,x7f935d96d5b0,785,350.0,1.0,0.0,0.07,3,[0],3
7,11,x7f935d96d5b0,786,-150.0,0.0,0.0,0.07,3,[0],3
7,11,x7f935d96d5b0,787,350.0,1.0,0.0,0.12,3,[0],3
7,11,x7f935d96d5b0,788,119.75,0.0,0.0,0.07,3,[1],3
7,11,x7f935d96d5b0,789,250.0,0.0,0.0,0.12,3,[0],3
7,11,x7f935d96d5b0,790,-50.0,0.0,0.0,0.12,3,[2],3
7,11,x7f935d96d5b0,791,250.0,0.0,1.0,0.12,3,[2],3
7,11,x7f935d96d5b0,792,250.0,0.0,1.0,0.12,3,[2],3
7,11,x7f935d96d5b0,793,250.0,0.0,1.0,0.12,3,[2],3
7,11,x7f935d96d5b0,794,250.0,0.0,1.0,0.12,3,[2],3
7,11,x7f935d96d5b0,795,400.0,0.0,0.0,0.0,5,[7],3
7,11,x7f935d96d5b0,796,169.4,0.0,0.0,0.07,3,[1],3
7,11,x7f935d96d5b0,797,350.0,1.0,1.0,0.12,3,[2],3
7,11,x7f935d96d5b0,798,104.69,0.0,0.0,0.12,3,[1],3
7,11,x7f935d96d5b0,799,340.94,0.0,0.0,0.0,6,[7],3
7,11,x7f935d96d5b0,800,-150.0,0.0,0.0,0.07,3,[0],3
7,11,x7f935d96d5b0,801,50.0,1.0,0.0,0.12,3,[2],3
7,11,x7f935d96d5b0,802,-50.0,0.0,0.0,0.12,3,[2],3
7,11,x7f935d96d5b0,803,-300.0,0.0,1.0,0.12,7,[2],3
7,11,x7f935d96d5b0,804,348.74,1.0,0.0,0.06,6,[8],3
7,11,x7f935d96d5b0,805,-50.0,0.0,0.0,0.07,3,[2],3
7,11,x7f935d96d5b0,806,257.94,0.0,0.0,0.0,6,[7],3
7,11,x7f935d96d5b0,807,250.0,0.0,0.0,0.07,3,[0],3
7,11,x7f935d96d5b0,808,-63.99,0.0,0.0,0.06,6,[6],3
7,11,x7f935d96d5b0,809,250.0,0.0,0.0,0.07,2,[0],3
7,11,x7f935d96d5b0,810,-50.0,0.0,0.0,0.12,3,[2],3
7,11,x7f935d96d5b0,811,-150.0,0.0,0.0,0.06,4,[6],3
7,11,x7f935d96d5b0,812,423.34,1.0,0.0,0.06,6,[7],3
7,11,x7f935d96d5b0,813,250.0,0.0,0.0,0.07,2,[0],3
7,11,x7f935d96d5b0,814,-150.0,0.0,0.0,0.12,3,[0],3
7,11,x7f935d96d5b0,815,350.0,1.0,1.0,0.12,3,[2],3
7,11,x7f935d96d5b0,816,-450.0,0.0,0.0,0.12,3,[2],3
7,11,x7f935d96d5b0,817,400.0,0.0,0.0,0.0,5,[7],3
7,11,x7f935d96d5b0,818,-50.0,0.0,0.0,0.07,3,[2],3
7,11,x7f935d96d5b0,819,350.0,1.0,1.0,0.12,3,[2],3
7,11,x7f935d96d5b0,820,0.0,0.0,0.0,0.0,2,[6],3
7,11,x7f935d96d5b0,821,-150.0,0.0,1.0,0.07,3,[2],3
7,11,x7f935d96d5b0,822,-450.0,0.0,0.0,0.12,3,[2],3
7,11,x7f935d96d5b0,823,-319.75,0.0,0.0,0.12,3,[1],3
7,11,x7f935d96d5b0,824,350.0,1.0,0.0,0.12,3,[0],3
7,11,x7f935d96d5b0,825,-150.0,0.0,0.0,0.07,3,[0],3
7,11,x7f935d96d5b0,826,0.0,0.0,0.0,0.0,3,[9],3
7,11,x7f935d96d5b0,827,200.0,1.0,0.0,0.07,3,[1],3
7,11,x7f935d96d5b0,828,-450.0,0.0,0.0,0.12,3,[2],3
7,11,x7f935d96d5b0,829,-300.0,0.0,0.0,0.12,3,[1],3
7,11,x7f935d96d5b0,830,-149.95,0.0,0.0,0.0,4,[9],3
7,11,x7f935d96d5b0,831,188.34,1.0,0.0,0.07,3,[1],3
7,11,x7f935d96d5b0,832,338.34,1.0,0.0,0.0,3,[8],3
7,11,x7f935d96d5b0,833,350.0,1.0,0.0,0.06,2,[6],3
7,11,x7f935d96d5b0,834,50.0,1.0,0.0,0.07,3,[2],3
7,11,x7f935d96d5b0,835,250.0,0.0,0.0,0.12,3,[0],3
7,11,x7f935d96d5b0,836,50.0,1.0,0.0,0.12,3,[2],3
7,11,x7f935d96d5b0,837,250.0,0.0,0.0,0.12,3,[0],3
7,11,x7f935d96d5b0,838,-50.0,0.0,0.0,0.12,3,[2],3
7,11,x7f935d96d5b0,839,350.0,1.0,0.0,0.0,7,[6],3
7,11,x7f935d96d5b0,840,-450.0,0.0,0.0,0.07,3,[2],3
7,11,x7f935d96d5b0,841,-150.0,0.0,0.0,0.0,6,[7],3
7,11,x7f935d96d5b0,842,200.05,1.0,0.0,0.07,3,[1],3
7,11,x7f935d96d5b0,843,250.0,0.0,0.0,0.12,3,[0],3
7,11,x7f935d96d5b0,844,250.0,0.0,0.0,0.09,3,[0],3
7,11,x7f935d96d5b0,845,359.76,1.0,0.0,0.03,6,[7],3
7,11,x7f935d96d5b0,846,200.0,1.0,0.0,0.12,4,[23],3
7,11,x7f935d96d5b0,847,550.0,0.0,1.0,0.09,2,[1],3
7,11,x7f935d96d5b0,848,0.0,0.0,0.0,0.06,6,[6],3
7,11,x7f935d96d5b0,849,-150.0,0.0,1.0,0.07,3,[2],3
7,11,x7f935d96d5b0,850,0.0,0.0,0.0,0.0,6,[6],3
7,11,x7f935d96d5b0,851,-150.0,0.0,0.0,0.07,3,[0],3
7,11,x7f935d96d5b0,852,200.62,1.0,0.0,0.12,3,[1],3
7,11,x7f935d96d5b0,853,0.0,0.0,0.0,0.0,6,[6],3
7,11,x7f935d96d5b0,854,50.0,1.0,0.0,0.07,3,[2],3
7,11,x7f935d96d5b0,855,0.0,0.0,0.0,0.0,7,[6],3
7,11,x7f935d96d5b0,856,-150.0,0.0,0.0,0.07,3,[0],3
7,11,x7f935d96d5b0,857,-150.0,0.0,0.0,0.12,3,[0],3
7,11,x7f935d96d5b0,858,0.0,0.0,0.0,0.06,6,[7],3
7,11,x7f935d96d5b0,859,-50.0,0.0,0.0,0.07,3,[2],3
7,11,x7f935d96d5b0,860,250.0,0.0,0.0,0.12,3,[0],3
7,11,x7f935d96d5b0,861,0.0,0.0,0.0,0.0,6,[6],3
7,11,x7f935d96d5b0,862,-50.0,0.0,0.0,0.07,3,[2],3
7,11,x7f935d96d5b0,863,500.0,1.0,0.0,0.0,6,[6],3
7,11,x7f935d96d5b0,864,-50.0,0.0,0.0,0.07,3,[2],3
7,11,x7f935d96d5b0,865,50.0,1.0,0.0,0.12,3,[2],3
7,11,x7f935d96d5b0,866,-150.0,0.0,0.0,0.06,6,[8],3
7,11,x7f935d96d5b0,867,250.0,0.0,0.0,0.07,2,[0],3
7,11,x7f935d96d5b0,868,250.0,0.0,0.0,0.12,3,[0],3
7,11,x7f935d96d5b0,869,250.62,0.0,0.0,0.0,6,[6],3
7,11,x7f935d96d5b0,870,250.0,0.0,0.0,0.07,3,[0],3
7,11,x7f935d96d5b0,871,250.0,0.0,0.0,0.12,3,[0],3
7,11,x7f935d96d5b0,872,400.0,0.0,0.0,0.0,6,[7],3
7,11,x7f935d96d5b0,873,250.0,0.0,0.0,0.07,3,[0],3
7,11,x7f935d96d5b0,874,0.0,0.0,0.0,0.0,6,[7],3
7,11,x7f935d96d5b0,875,-450.0,0.0,0.0,0.07,3,[2],3
7,11,x7f935d96d5b0,876,-450.0,0.0,0.0,0.07,3,[2],3
7,11,x7f935d96d5b0,877,0.0,0.0,0.0,0.0,6,[6],3
7,11,x7f935d96d5b0,878,350.0,1.0,0.0,0.07,3,[0],3
7,11,x7f935d96d5b0,879,0.0,0.0,0.0,0.0,6,[7],3
7,11,x7f935d96d5b0,880,250.0,0.0,0.0,0.07,3,[0],3
7,11,x7f935d96d5b0,881,180.25,1.0,0.0,0.09,3,[1],3
7,11,x7f935d96d5b0,882,500.0,1.0,0.0,0.0,6,[6],3
7,11,x7f935d96d5b0,883,-140.86,0.0,0.0,0.06,6,[7],3
7,11,x7f935d96d5b0,884,-450.0,0.0,0.0,0.07,2,[1],3
7,11,x7f935d96d5b0,885,351.78,1.0,0.0,0.0,7,[6],3
7,11,x7f935d96d5b0,886,184.35,1.0,0.0,0.07,3,[1],3
7,11,x7f935d96d5b0,887,350.0,1.0,0.0,0.07,3,[0],3
7,11,x7f935d96d5b0,888,-150.0,0.0,0.0,0.12,3,[0],3
7,11,x7f935d96d5b0,889,350.0,1.0,0.0,0.12,3,[0],3
7,11,x7f935d96d5b0,890,-288.34,0.0,0.0,0.12,3,[1],3
7,11,x7f935d96d5b0,891,350.0,1.0,0.0,0.12,3,[0],3
7,11,x7f935d96d5b0,892,500.0,1.0,0.0,0.0,6,[7],3
7,11,x7f935d96d5b0,893,-450.0,0.0,0.0,0.07,3,[2],3
7,11,x7f935d96d5b0,894,95.31,0.0,0.0,0.12,3,[1],3
7,11,x7f935d96d5b0,895,250.0,0.0,0.0,0.12,3,[0],3
7,11,x7f935d96d5b0,896,399.15,1.0,0.0,0.0,6,[7],3
7,11,x7f935d96d5b0,897,-50.0,0.0,0.0,0.07,3,[2],3
7,11,x7f935d96d5b0,898,-150.0,0.0,0.0,0.12,2,[1],3
7,11,x7f935d96d5b0,899,-150.0,0.0,0.0,0.07,3,[0],3
7,11,x7f935d96d5b0,900,-150.0,0.0,0.0,0.12,3,[0],3
7,11,x7f935d96d5b0,901,-300.0,0.0,1.0,0.07,6,[2],3
7,11,x7f935d96d5b0,902,-311.66,0.0,0.0,0.07,3,[1],3
7,11,x7f935d96d5b0,903,350.0,1.0,0.0,0.12,3,[0],3
7,11,x7f935d96d5b0,904,250.0,0.0,1.0,0.12,3,[2],3
7,11,x7f935d96d5b0,905,636.36,1.0,1.0,0.06,7,[9],3
7,11,x7f935d96d5b0,906,-147.83,0.0,0.0,0.06,6,[7],3
7,11,x7f935d96d5b0,907,250.0,0.0,0.0,0.07,3,[0],3
7,11,x7f935d96d5b0,908,111.66,0.0,0.0,0.07,3,[1],3
7,11,x7f935d96d5b0,909,400.0,0.0,0.0,0.0,6,[7],3
7,11,x7f935d96d5b0,910,250.0,0.0,0.0,0.07,3,[0],3
7,11,x7f935d96d5b0,911,550.0,0.0,1.0,0.12,2,[1],3
7,11,x7f935d96d5b0,912,-300.0,0.0,1.0,0.07,7,[2],3
7,11,x7f935d96d5b0,913,0.0,0.0,0.0,0.06,6,[6],3
7,11,x7f935d96d5b0,914,200.0,1.0,0.0,0.07,3,[1],3
7,11,x7f935d96d5b0,915,-450.0,0.0,0.0,0.12,3,[2],3
7,11,x7f935d96d5b0,916,-150.0,0.0,0.0,0.12,3,[0],3
7,11,x7f935d96d5b0,917,-288.34,0.0,0.0,0.09,3,[1],3
7,11,x7f935d96d5b0,918,350.0,1.0,0.0,0.12,3,[0],3
7,11,x7f935d96d5b0,919,199.38,1.0,0.0,0.12,3,[1],3
7,11,x7f935d96d5b0,920,-50.0,0.0,0.0,0.12,3,[2],3
7,11,x7f935d96d5b0,921,0.0,0.0,0.0,0.0,7,[6],3
7,11,x7f935d96d5b0,922,250.0,0.0,0.0,0.07,3,[0],3
7,11,x7f935d96d5b0,923,-149.38,0.0,0.0,0.0,6,[7],3
7,11,x7f935d96d5b0,924,-150.0,0.0,0.0,0.07,3,[0],3
7,11,x7f935d96d5b0,925,300.0,0.0,1.0,0.06,3,[20],3
7,11,x7f935d96d5b0,926,-150.0,0.0,1.0,0.09,3,[2],3
7,11,x7f935d96d5b0,927,350.0,1.0,0.0,0.12,2,[0],3
7,11,x7f935d96d5b0,928,-304.69,0.0,0.0,0.12,3,[1],3
7,11,x7f935d96d5b0,929,-450.0,0.0,0.0,0.12,3,[2],3
7,11,x7f935d96d5b0,930,-150.0,0.0,0.0,0.12,3,[0],3
7,11,x7f935d96d5b0,931,-150.15,0.0,0.0,0.0,6,[8],3
7,11,x7f935d96d5b0,932,-304.69,0.0,0.0,0.07,3,[1],3
7,11,x7f935d96d5b0,933,0.0,0.0,0.0,0.0,6,[7],3
7,11,x7f935d96d5b0,934,-450.0,0.0,0.0,0.07,3,[2],3
7,11,x7f935d96d5b0,935,500.0,1.0,1.0,0.09,6,[2],3
7,11,x7f935d96d5b0,936,350.0,1.0,0.0,0.07,3,[0],3
7,11,x7f935d96d5b0,937,-142.06,0.0,0.0,0.0,7,[6],3
7,11,x7f935d96d5b0,938,-149.92,0.0,0.0,0.06,6,[6],3
7,11,x7f935d96d5b0,939,350.0,1.0,1.0,0.07,3,[2],3
7,11,x7f935d96d5b0,940,250.0,0.0,0.0,0.07,3,[0],3
7,11,x7f935d96d5b0,941,400.0,0.0,0.0,0.0,6,[7],3
7,11,x7f935d96d5b0,942,250.0,0.0,1.0,0.07,3,[2],3
7,11,x7f935d96d5b0,943,250.0,0.0,0.0,0.12,3,[0],3
7,11,x7f935d96d5b0,944,265.65,0.0,0.0,0.0,6,[6],3
7,11,x7f935d96d5b0,945,400.0,0.0,0.0,0.06,6,[6],3
7,11,x7f935d96d5b0,946,-150.0,0.0,0.0,0.07,3,[0],3
7,11,x7f935d96d5b0,947,-150.0,0.0,0.0,0.12,3,[0],3
7,11,x7f935d96d5b0,948,-450.0,0.0,0.0,0.12,3,[2],3
7,11,x7f935d96d5b0,949,350.0,1.0,0.0,0.12,3,[0],3
7,11,x7f935d96d5b0,950,-450.0,0.0,0.0,0.12,3,[2],3
7,11,x7f935d96d5b0,951,-150.0,0.0,0.0,0.07,3,[0],3
7,11,x7f935d96d5b0,952,50.0,1.0,0.0,0.12,3,[2],3
7,11,x7f935d96d5b0,953,500.0,1.0,0.0,0.0,6,[7],3
7,11,x7f935d96d5b0,954,200.0,1.0,0.0,0.07,3,[1],3
7,11,x7f935d96d5b0,955,349.38,1.0,0.0,0.06,6,[7],3
7,11,x7f935d96d5b0,956,350.0,1.0,0.0,0.07,3,[0],3
7,11,x7f935d96d5b0,957,250.0,0.0,0.0,0.12,3,[0],3
7,11,x7f935d96d5b0,958,364.31,1.0,0.0,0.0,6,[6],3
7,11,x7f935d96d5b0,959,-50.0,0.0,0.0,0.07,2,[2],3
7,11,x7f935d96d5b0,960,-50.0,0.0,0.0,0.12,3,[2],3
7,11,x7f935d96d5b0,961,250.0,0.0,1.0,0.12,3,[2],3
7,11,x7f935d96d5b0,962,248.46,0.0,0.0,0.0,5,[9],3
7,11,x7f935d96d5b0,963,-150.0,0.0,0.0,0.07,3,[0],3
7,11,x7f935d96d5b0,964,-150.0,0.0,0.0,0.12,3,[0],3
7,11,x7f935d96d5b0,965,-450.0,0.0,0.0,0.09,3,[2],3
7,11,x7f935d96d5b0,966,350.0,1.0,0.0,0.12,3,[0],3
7,11,x7f935d96d5b0,967,250.0,0.0,0.0,0.12,3,[0],3
7,11,x7f935d96d5b0,968,250.0,0.0,0.0,0.12,3,[0],3
7,11,x7f935d96d5b0,969,250.0,0.0,1.0,0.12,3,[2],3
7,11,x7f935d96d5b0,970,100.62,0.0,0.0,0.12,3,[1],3
7,11,x7f935d96d5b0,971,50.0,1.0,0.0,0.12,3,[2],3
7,11,x7f935d96d5b0,972,195.31,1.0,0.0,0.07,3,[1],3
7,11,x7f935d96d5b0,973,250.0,0.0,0.0,0.12,3,[0],3
7,11,x7f935d96d5b0,974,500.0,1.0,1.0,0.12,3,[1],3
7,11,x7f935d96d5b0,975,250.0,0.0,0.0,0.12,3,[0],3
7,11,x7f935d96d5b0,976,100.0,0.0,0.0,0.12,3,[1],3
7,11,x7f935d96d5b0,977,200.0,1.0,1.0,0.12,6,[1],3
7,11,x7f935d96d5b0,978,-50.0,0.0,0.0,0.07,2,[2],3
7,11,x7f935d96d5b0,979,250.0,0.0,0.0,0.06,4,[6],3
7,11,x7f935d96d5b0,980,-150.0,0.0,0.0,0.07,3,[0],3
7,11,x7f935d96d5b0,981,0.0,0.0,0.0,0.0,2,[9],3
7,11,x7f935d96d5b0,982,50.0,1.0,0.0,0.07,3,[2],3
7,11,x7f935d96d5b0,983,-450.0,0.0,0.0,0.12,3,[2],3
7,11,x7f935d96d5b0,984,0.0,0.0,0.0,0.0,6,[7],3
7,11,x7f935d96d5b0,985,195.31,1.0,0.0,0.07,3,[1],3
7,11,x7f935d96d5b0,986,-135.69,0.0,0.0,0.06,7,[6],3
7,11,x7f935d96d5b0,987,-150.0,0.0,0.0,0.07,3,[0],3
7,11,x7f935d96d5b0,988,0.0,0.0,0.0,0.0,6,[7],3
7,11,x7f935d96d5b0,989,350.0,1.0,0.0,0.07,3,[0],3
7,11,x7f935d96d5b0,990,250.0,0.0,0.0,0.07,3,[0],3
7,11,x7f935d96d5b0,991,-50.0,0.0,0.0,0.12,3,[2],3
7,11,x7f935d96d5b0,992,-50.0,0.0,0.0,0.12,3,[2],3
7,11,x7f935d96d5b0,993,111.66,0.0,0.0,0.12,3,[1],3
7,11,x7f935d96d5b0,994,-50.0,0.0,0.0,0.12,2,[1],3
7,11,x7f935d96d5b0,995,250.0,0.0,0.0,0.07,3,[0],3
7,11,x7f935d96d5b0,996,180.25,1.0,0.0,0.12,3,[1],3
7,11,x7f935d96d5b0,997,-50.0,0.0,0.0,0.12,3,[2],3
7,11,x7f935d96d5b0,998,250.0,0.0,0.0,0.12,3,[0],3
7,11,x7f935d96d5b0,999,350.0,1.0,0.0,0.0,6,[7],3
7,11,x7f935d96d5b0,1000,-150.0,0.0,0.0,0.07,3,[0],3
7,11,x7f935d96d5b0,1001,0.0,0.0,0.0,0.0,6,[7],3
7,11,x7f935d96d5b0,1002,-288.34,0.0,0.0,0.07,3,[1],3
7,11,x7f935d96d5b0,1003,-150.33,0.0,1.0,0.07,7,[1],3
7,11,x7f935d96d5b0,1004,250.0,0.0,0.0,0.07,3,[0],3
7,11,x7f935d96d5b0,1005,-50.0,0.0,0.0,0.12,3,[2],3
7,11,x7f935d96d5b0,1006,100.62,0.0,0.0,0.12,3,[1],3
7,11,x7f935d96d5b0,1007,100.0,0.0,0.0,0.12,3,[1],3
7,11,x7f935d96d5b0,1008,-50.0,0.0,0.0,0.12,3,[2],3
7,11,x7f935d96d5b0,1009,-150.0,0.0,0.0,0.12,3,[0],3
7,11,x7f935d96d5b0,1010,200.0,1.0,0.0,0.12,3,[1],3
7,11,x7f935d96d5b0,1011,-300.0,0.0,0.0,0.12,6,[7],3
7,11,x7f935d96d5b0,1012,400.0,0.0,0.0,0.06,6,[7],3
7,11,x7f935d96d5b0,1013,250.0,0.0,0.0,0.07,2,[0],3
7,11,x7f935d96d5b0,1014,350.0,1.0,1.0,0.07,3,[2],3
7,11,x7f935d96d5b0,1015,250.0,0.0,1.0,0.12,3,[2],3
7,11,x7f935d96d5b0,1016,250.0,0.0,0.0,0.06,6,[7],3
7,11,x7f935d96d5b0,1017,-150.0,0.0,0.0,0.07,3,[0],3
7,11,x7f935d96d5b0,1018,0.0,0.0,0.0,0.06,7,[6],3
7,11,x7f935d96d5b0,1019,350.0,1.0,0.0,0.07,3,[0],3
7,11,x7f935d96d5b0,1020,0.0,0.0,0.0,0.0,6,[7],3
7,11,x7f935d96d5b0,1021,350.0,1.0,1.0,0.07,3,[2],3
7,11,x7f935d96d5b0,1022,99.95,0.0,0.0,0.12,3,[1],3
7,11,x7f935d96d5b0,1023,-219.4,0.0,1.0,0.12,6,[1],3
7,11,x7f935d96d5b0,1024,-150.0,0.0,0.0,0.12,3,[0],3
7,11,x7f935d96d5b0,1025,500.0,1.0,0.0,0.06,2,[9],3
7,11,x7f935d96d5b0,1026,-149.99,0.0,0.0,0.06,5,[6],3
7,11,x7f935d96d5b0,1027,-450.0,0.0,0.0,0.07,3,[2],3
7,11,x7f935d96d5b0,1028,-450.0,0.0,0.0,0.12,3,[2],3
7,11,x7f935d96d5b0,1029,-150.0,0.0,0.0,0.12,3,[0],3
7,11,x7f935d96d5b0,1030,50.0,1.0,0.0,0.12,3,[2],3
7,11,x7f935d96d5b0,1031,350.0,1.0,0.0,0.12,2,[1],3
7,11,x7f935d96d5b0,1032,250.0,0.0,1.0,0.12,2,[2],3
7,11,x7f935d96d5b0,1033,-300.05,0.0,0.0,0.06,3,[6],3
7,11,x7f935d96d5b0,1034,100.0,0.0,0.0,0.07,3,[1],3
7,11,x7f935d96d5b0,1035,250.0,0.0,1.0,0.12,3,[2],3
7,11,x7f935d96d5b0,1036,250.0,0.0,1.0,0.12,3,[2],3
7,11,x7f935d96d5b0,1037,250.0,0.0,0.0,0.09,3,[0],3
7,11,x7f935d96d5b0,1038,0.0,0.0,0.0,0.0,6,[6],3
7,11,x7f935d96d5b0,1039,250.0,0.0,0.0,0.07,3,[0],3
7,11,x7f935d96d5b0,1040,-150.0,0.0,0.0,0.12,3,[0],3
7,11,x7f935d96d5b0,1041,50.0,1.0,0.0,0.09,3,[2],3
7,11,x7f935d96d5b0,1042,500.0,1.0,0.0,0.0,2,[9],3
7,11,x7f935d96d5b0,1043,400.0,0.0,0.0,0.06,4,[6],3
7,11,x7f935d96d5b0,1044,100.0,0.0,0.0,0.07,3,[1],3
7,11,x7f935d96d5b0,1045,-50.0,0.0,0.0,0.12,3,[2],3
7,11,x7f935d96d5b0,1046,250.0,0.0,1.0,0.12,3,[2],3
7,11,x7f935d96d5b0,1047,-150.0,0.0,0.0,0.12,3,[0],3
7,11,x7f935d96d5b0,1048,250.0,0.0,0.0,0.0,3,[6],3
7,11,x7f935d96d5b0,1049,-150.0,0.0,0.0,0.07,3,[0],3
7,11,x7f935d96d5b0,1050,0.0,0.0,0.0,0.0,4,[8],3
7,11,x7f935d96d5b0,1051,350.0,1.0,0.0,0.07,2,[0],3
7,11,x7f935d96d5b0,1052,99.38,0.0,0.0,0.12,3,[1],3
7,11,x7f935d96d5b0,1053,-50.0,0.0,0.0,0.12,2,[1],3
7,11,x7f935d96d5b0,1054,-300.0,0.0,1.0,0.12,7,[2],3
7,11,x7f935d96d5b0,1055,-50.0,0.0,0.0,0.07,3,[2],3
7,11,x7f935d96d5b0,1056,100.0,0.0,0.0,0.12,3,[1],3
7,11,x7f935d96d5b0,1057,250.0,0.0,0.0,0.12,3,[0],3
7,11,x7f935d96d5b0,1058,249.38,0.0,0.0,0.0,7,[7],3
7,11,x7f935d96d5b0,1059,-148.89,0.0,0.0,0.06,7,[7],3
7,11,x7f935d96d5b0,1060,0.0,0.0,0.0,0.06,6,[7],3
7,11,x7f935d96d5b0,1061,180.25,1.0,0.0,0.07,3,[1],3
7,11,x7f935d96d5b0,1062,650.0,1.0,1.0,0.12,2,[1],3
7,11,x7f935d96d5b0,1063,250.0,0.0,0.0,0.07,3,[0],3
7,11,x7f935d96d5b0,1064,250.0,0.0,0.0,0.07,3,[0],3
7,11,x7f935d96d5b0,1065,50.15,1.0,0.0,0.12,7,[7],3
7,11,x7f935d96d5b0,1066,-150.0,0.0,0.0,0.07,3,[0],3
7,11,x7f935d96d5b0,1067,0.0,0.0,0.0,0.06,7,[6],3
7,11,x7f935d96d5b0,1068,-150.0,0.0,0.0,0.07,3,[0],3
7,11,x7f935d96d5b0,1069,-150.0,0.0,0.0,0.12,3,[0],3
7,11,x7f935d96d5b0,1070,-50.0,0.0,0.0,0.07,3,[2],3
7,11,x7f935d96d5b0,1071,-150.0,0.0,0.0,0.12,3,[0],3
7,11,x7f935d96d5b0,1072,650.0,1.0,1.0,0.12,2,[1],3
7,11,x7f935d96d5b0,1073,250.0,0.0,0.0,0.07,3,[0],3
7,11,x7f935d96d5b0,1074,-50.0,0.0,0.0,0.12,3,[2],3
7,11,x7f935d96d5b0,1075,-50.0,0.0,0.0,0.07,3,[2],3
7,11,x7f935d96d5b0,1076,250.0,0.0,0.0,0.0,4,[8],3
7,11,x7f935d96d5b0,1077,250.0,0.0,0.0,0.07,3,[0],3
7,11,x7f935d96d5b0,1078,50.0,1.0,0.0,0.12,3,[2],3
7,11,x7f935d96d5b0,1079,250.0,0.0,0.0,0.12,3,[0],3
7,11,x7f935d96d5b0,1080,-150.0,0.0,0.0,0.12,3,[0],3
7,11,x7f935d96d5b0,1081,50.0,1.0,0.0,0.12,3,[2],3
7,11,x7f935d96d5b0,1082,-150.0,0.0,0.0,0.09,3,[0],3
7,11,x7f935d96d5b0,1083,350.0,1.0,0.0,0.12,3,[0],3
7,11,x7f935d96d5b0,1084,-150.0,0.0,0.0,0.12,3,[0],3
7,11,x7f935d96d5b0,1085,-600.0,0.0,0.0,0.12,6,[2],3
7,11,x7f935d96d5b0,1086,0.0,0.0,0.0,0.06,6,[6],3
7,11,x7f935d96d5b0,1087,180.25,1.0,0.0,0.07,3,[1],3
7,11,x7f935d96d5b0,1088,347.09,1.0,0.0,0.0,6,[9],3
7,11,x7f935d96d5b0,1089,100.0,0.0,0.0,0.07,3,[1],3
7,11,x7f935d96d5b0,1090,250.0,0.0,0.0,0.12,3,[0],3
7,11,x7f935d96d5b0,1091,-50.0,0.0,0.0,0.12,3,[2],3
7,11,x7f935d96d5b0,1092,250.0,0.0,0.0,0.12,3,[0],3
7,11,x7f935d96d5b0,1093,199.38,1.0,0.0,0.07,3,[1],3
7,11,x7f935d96d5b0,1094,99.95,0.0,0.0,0.07,3,[1],3
7,11,x7f935d96d5b0,1095,250.0,0.0,0.0,0.12,3,[0],3
7,11,x7f935d96d5b0,1096,-50.0,0.0,0.0,0.12,3,[2],3
7,11,x7f935d96d5b0,1097,250.0,0.0,0.0,0.07,3,[0],3
7,11,x7f935d96d5b0,1098,250.0,0.0,0.0,0.12,3,[0],3
7,11,x7f935d96d5b0,1099,250.0,0.0,0.0,0.12,3,[0],3
7,11,x7f935d96d5b0,1100,250.0,0.0,0.0,0.12,3,[0],3
7,11,x7f935d96d5b0,1101,250.0,0.0,0.0,0.12,3,[0],3
7,11,x7f935d96d5b0,1102,100.62,0.0,0.0,0.12,3,[1],3
7,11,x7f935d96d5b0,1103,50.0,1.0,0.0,0.12,3,[2],3
7,11,x7f935d96d5b0,1104,-50.0,0.0,0.0,0.12,3,[2],3
7,11,x7f935d96d5b0,1105,-150.0,0.0,0.0,0.07,3,[0],3
7,11,x7f935d96d5b0,1106,-150.0,0.0,0.0,0.12,3,[0],3
7,11,x7f935d96d5b0,1107,200.0,1.0,0.0,0.12,3,[1],3
7,11,x7f935d96d5b0,1108,-149.97,0.0,0.0,0.0,7,[6],3
7,11,x7f935d96d5b0,1109,350.0,1.0,0.0,0.07,3,[0],3
7,11,x7f935d96d5b0,1110,-300.0,0.0,1.0,0.09,7,[2],3
7,11,x7f935d96d5b0,1111,242.69,1.0,0.0,0.07,3,[1],3
7,11,x7f935d96d5b0,1112,500.0,1.0,0.0,0.0,6,[7],3
7,11,x7f935d96d5b0,1113,250.0,0.0,0.0,0.07,3,[0],3
7,11,x7f935d96d5b0,1114,700.0,0.0,1.0,0.06,2,[20],3
7,11,x7f935d96d5b0,1115,-150.0,0.0,0.0,0.07,3,[0],3
7,11,x7f935d96d5b0,1116,350.0,1.0,0.0,0.12,3,[0],3
7,11,x7f935d96d5b0,1117,250.0,0.0,0.0,0.12,3,[0],3
7,11,x7f935d96d5b0,1118,0.0,0.0,0.0,0.06,6,[6],3
7,11,x7f935d96d5b0,1119,-150.0,0.0,0.0,0.07,3,[0],3
7,11,x7f935d96d5b0,1120,200.0,1.0,0.0,0.12,3,[1],3
7,11,x7f935d96d5b0,1121,350.0,1.0,0.0,0.12,3,[0],3
7,11,x7f935d96d5b0,1122,-450.0,0.0,0.0,0.07,3,[2],3
7,11,x7f935d96d5b0,1123,-450.0,0.0,0.0,0.12,3,[2],3
7,11,x7f935d96d5b0,1124,-450.0,0.0,0.0,0.12,3,[2],3
7,11,x7f935d96d5b0,1125,-150.0,0.0,0.0,0.12,2,[0],3
7,11,x7f935d96d5b0,1126,0.0,0.0,0.0,0.0,7,[6],3
7,11,x7f935d96d5b0,1127,50.0,1.0,0.0,0.07,3,[2],3
7,11,x7f935d96d5b0,1128,-150.0,0.0,0.0,0.12,3,[0],3
7,11,x7f935d96d5b0,1129,50.0,1.0,0.0,0.12,3,[2],3
7,11,x7f935d96d5b0,1130,350.0,1.0,0.0,0.12,3,[0],3
7,11,x7f935d96d5b0,1131,200.15,1.0,0.0,0.09,3,[1],3
7,11,x7f935d96d5b0,1132,250.0,0.0,0.0,0.12,2,[0],3
7,11,x7f935d96d5b0,1133,250.0,0.0,0.0,0.12,3,[0],3
7,11,x7f935d96d5b0,1134,250.0,0.0,0.0,0.09,3,[0],3
7,11,x7f935d96d5b0,1135,250.0,0.0,0.0,0.12,3,[0],3
7,11,x7f935d96d5b0,1136,-150.0,0.0,0.0,0.12,3,[0],3
7,11,x7f935d96d5b0,1137,0.0,0.0,0.0,0.0,6,[6],3
7,11,x7f935d96d5b0,1138,350.0,1.0,0.0,0.09,3,[0],3
7,11,x7f935d96d5b0,1139,-300.62,0.0,0.0,0.09,3,[1],3
7,11,x7f935d96d5b0,1140,-150.0,0.0,1.0,0.12,3,[2],3
7,11,x7f935d96d5b0,1141,-150.0,0.0,0.0,0.06,6,[6],3
7,11,x7f935d96d5b0,1142,200.0,1.0,1.0,0.07,6,[2],3
7,11,x7f935d96d5b0,1143,250.0,0.0,0.0,0.07,3,[0],3
7,11,x7f935d96d5b0,1144,250.0,0.0,0.0,0.12,2,[0],3
7,11,x7f935d96d5b0,1145,250.0,0.0,0.0,0.12,3,[0],3
7,11,x7f935d96d5b0,1146,589.72,1.0,1.0,0.09,6,[1],3
7,11,x7f935d96d5b0,1147,250.0,0.0,1.0,0.07,3,[2],3
7,11,x7f935d96d5b0,1148,104.69,0.0,0.0,0.12,3,[1],3
7,11,x7f935d96d5b0,1149,99.99,0.0,0.0,0.12,3,[1],3
7,11,x7f935d96d5b0,1150,250.0,0.0,0.0,0.12,3,[0],3
7,11,x7f935d96d5b0,1151,-150.0,0.0,0.0,0.07,3,[0],3
7,11,x7f935d96d5b0,1152,250.0,0.0,0.0,0.07,3,[0],3
7,11,x7f935d96d5b0,1153,-288.34,0.0,0.0,0.07,3,[1],3
7,11,x7f935d96d5b0,1154,0.0,0.0,0.0,0.0,6,[6],3
7,11,x7f935d96d5b0,1155,0.0,0.0,0.0,0.06,6,[7],3
7,11,x7f935d96d5b0,1156,-50.0,0.0,0.0,0.07,3,[2],3
7,11,x7f935d96d5b0,1157,250.0,0.0,0.0,0.07,3,[0],3
7,11,x7f935d96d5b0,1158,400.0,0.0,0.0,0.0,6,[7],3
7,11,x7f935d96d5b0,1159,250.0,0.0,0.0,0.07,3,[0],3
7,11,x7f935d96d5b0,1160,400.0,0.0,0.0,0.06,6,[7],3
7,11,x7f935d96d5b0,1161,250.0,0.0,0.0,0.07,2,[1],3
7,11,x7f935d96d5b0,1162,257.94,0.0,0.0,0.0,6,[7],3
7,11,x7f935d96d5b0,1163,250.0,0.0,0.0,0.07,2,[0],3
7,11,x7f935d96d5b0,1164,0.0,0.0,0.0,0.0,7,[6],3
7,11,x7f935d96d5b0,1165,350.0,1.0,0.0,0.07,3,[0],3
7,11,x7f935d96d5b0,1166,-450.0,0.0,0.0,0.12,3,[2],3
7,11,x7f935d96d5b0,1167,204.69,1.0,0.0,0.12,3,[1],3
7,11,x7f935d96d5b0,1168,-299.95,0.0,0.0,0.07,3,[1],3
7,11,x7f935d96d5b0,1169,-302.17,0.0,0.0,0.12,3,[1],3
7,11,x7f935d96d5b0,1170,396.0,1.0,0.0,0.0,7,[6],3
7,11,x7f935d96d5b0,1171,350.0,1.0,0.0,0.07,3,[0],3
7,11,x7f935d96d5b0,1172,104.69,0.0,0.0,0.07,3,[1],3
7,11,x7f935d96d5b0,1173,250.0,0.0,0.0,0.12,2,[0],3
7,11,x7f935d96d5b0,1174,-150.0,0.0,0.0,0.12,3,[0],3
7,11,x7f935d96d5b0,1175,-130.25,0.0,0.0,0.0,6,[6],3
7,11,x7f935d96d5b0,1176,50.0,1.0,0.0,0.07,3,[2],3
7,11,x7f935d96d5b0,1177,-450.0,0.0,0.0,0.12,3,[2],3
7,11,x7f935d96d5b0,1178,-450.0,0.0,0.0,0.12,3,[2],3
7,11,x7f935d96d5b0,1179,350.0,1.0,0.0,0.12,3,[0],3
7,11,x7f935d96d5b0,1180,350.0,1.0,0.0,0.0,7,[7],3
7,11,x7f935d96d5b0,1181,-450.0,0.0,0.0,0.07,3,[2],3
7,11,x7f935d96d5b0,1182,350.0,1.0,0.0,0.07,3,[0],3
7,11,x7f935d96d5b0,1183,-450.0,0.0,0.0,0.07,3,[2],3
7,11,x7f935d96d5b0,1184,-150.0,0.0,0.0,0.12,3,[0],3
7,11,x7f935d96d5b0,1185,500.0,1.0,0.0,0.0,6,[7],3
7,11,x7f935d96d5b0,1186,-50.0,0.0,0.0,0.07,3,[2],3
7,11,x7f935d96d5b0,1187,-149.38,0.0,0.0,0.06,6,[6],3
7,11,x7f935d96d5b0,1188,-311.66,0.0,0.0,0.07,3,[1],3
7,11,x7f935d96d5b0,1189,350.0,1.0,0.0,0.12,3,[0],3
7,11,x7f935d96d5b0,1190,200.0,1.0,1.0,0.12,7,[2],3
7,11,x7f935d96d5b0,1191,-150.0,0.0,0.0,0.07,3,[0],3
7,11,x7f935d96d5b0,1192,350.0,1.0,0.0,0.12,3,[0],3
7,11,x7f935d96d5b0,1193,-50.0,0.0,0.0,0.12,3,[2],3
7,11,x7f935d96d5b0,1194,100.62,0.0,0.0,0.12,3,[1],3
7,11,x7f935d96d5b0,1195,-147.83,0.0,0.0,0.06,6,[7],3
7,11,x7f935d96d5b0,1196,-50.0,0.0,0.0,0.07,2,[1],3
7,11,x7f935d96d5b0,1197,-304.69,0.0,0.0,0.09,3,[1],3
7,11,x7f935d96d5b0,1198,-138.34,0.0,0.0,0.0,7,[6],3
7,11,x7f935d96d5b0,1199,-150.0,0.0,1.0,0.07,3,[2],3
7,11,x7f935d96d5b0,1200,200.0,1.0,0.0,0.12,3,[1],3
7,11,x7f935d96d5b0,1201,-150.0,0.0,0.0,0.12,3,[0],3
7,11,x7f935d96d5b0,1202,-148.46,0.0,0.0,0.0,6,[6],3
7,11,x7f935d96d5b0,1203,350.0,1.0,0.0,0.07,3,[0],3
7,11,x7f935d96d5b0,1204,350.23,1.0,0.0,0.06,6,[6],3
7,11,x7f935d96d5b0,1205,500.0,1.0,0.0,0.06,6,[7],3
7,11,x7f935d96d5b0,1206,-50.0,0.0,0.0,0.07,2,[2],3
7,11,x7f935d96d5b0,1207,250.0,0.0,0.0,0.07,3,[0],3
7,11,x7f935d96d5b0,1208,250.0,0.0,0.0,0.07,3,[0],3
7,11,x7f935d96d5b0,1209,250.0,0.0,0.0,0.07,3,[0],3
7,11,x7f935d96d5b0,1210,250.0,0.0,0.0,0.12,3,[0],3
7,11,x7f935d96d5b0,1211,250.0,0.0,0.0,0.12,3,[0],3
7,11,x7f935d96d5b0,1212,250.0,0.0,0.0,0.12,3,[0],3
7,11,x7f935d96d5b0,1213,-50.0,0.0,0.0,0.12,3,[2],3
7,11,x7f935d96d5b0,1214,-50.0,0.0,0.0,0.12,3,[2],3
7,11,x7f935d96d5b0,1215,-288.34,0.0,0.0,0.12,3,[1],3
7,11,x7f935d96d5b0,1216,-450.0,0.0,0.0,0.12,3,[2],3
7,11,x7f935d96d5b0,1217,-149.85,0.0,0.0,0.0,6,[6],3
7,11,x7f935d96d5b0,1218,50.0,1.0,0.0,0.07,3,[2],3
7,11,x7f935d96d5b0,1219,-150.23,0.0,0.0,0.0,6,[7],3
7,11,x7f935d96d5b0,1220,-150.0,0.0,1.0,0.07,3,[2],3
7,11,x7f935d96d5b0,1221,350.0,1.0,0.0,0.12,3,[0],3
7,11,x7f935d96d5b0,1222,-450.0,0.0,0.0,0.07,3,[2],3
7,11,x7f935d96d5b0,1223,350.0,1.0,0.0,0.12,3,[0],3
7,11,x7f935d96d5b0,1224,350.0,1.0,0.0,0.12,3,[0],3
7,11,x7f935d96d5b0,1225,-450.0,0.0,0.0,0.07,3,[2],3
7,11,x7f935d96d5b0,1226,350.0,1.0,0.0,0.12,3,[0],3
7,11,x7f935d96d5b0,1227,-107.31,0.0,0.0,0.06,6,[7],3
7,11,x7f935d96d5b0,1228,-50.0,0.0,0.0,0.07,3,[2],3
7,11,x7f935d96d5b0,1229,250.0,0.0,0.0,0.09,3,[0],3
7,11,x7f935d96d5b0,1230,-288.34,0.0,0.0,0.09,3,[1],3
7,11,x7f935d96d5b0,1231,-450.0,0.0,0.0,0.12,3,[2],3
7,11,x7f935d96d5b0,1232,350.0,1.0,1.0,0.07,3,[2],3
7,11,x7f935d96d5b0,1233,-150.0,0.0,0.0,0.12,2,[0],3
7,11,x7f935d96d5b0,1234,-42.69,0.0,1.0,0.07,3,[1],3
7,11,x7f935d96d5b0,1235,-50.0,0.0,0.0,0.07,3,[2],3
7,11,x7f935d96d5b0,1236,250.0,0.0,0.0,0.12,3,[0],3
7,11,x7f935d96d5b0,1237,250.0,0.0,0.0,0.12,3,[0],3
7,11,x7f935d96d5b0,1238,-50.0,0.0,0.0,0.12,2,[1],3
7,11,x7f935d96d5b0,1239,-150.0,0.0,0.0,0.12,3,[0],3
7,11,x7f935d96d5b0,1240,350.0,1.0,0.0,0.12,3,[0],3
7,11,x7f935d96d5b0,1241,111.66,0.0,0.0,0.07,3,[1],3
7,11,x7f935d96d5b0,1242,-150.0,0.0,0.0,0.12,3,[0],3
7,11,x7f935d96d5b0,1243,-150.0,0.0,0.0,0.07,3,[0],3
7,11,x7f935d96d5b0,1244,350.0,1.0,0.0,0.12,3,[0],3
7,11,x7f935d96d5b0,1245,-50.0,0.0,0.0,0.12,3,[2],3
7,11,x7f935d96d5b0,1246,50.0,1.0,0.0,0.12,3,[2],3
7,11,x7f935d96d5b0,1247,50.0,1.0,0.0,0.12,3,[2],3
7,11,x7f935d96d5b0,1248,-150.0,0.0,0.0,0.12,3,[0],3
7,11,x7f935d96d5b0,1249,-450.0,0.0,0.0,0.12,3,[2],3
7,11,x7f935d96d5b0,1250,350.0,1.0,0.0,0.12,3,[0],3
7,11,x7f935d96d5b0,1251,-450.0,0.0,0.0,0.07,3,[2],3
7,11,x7f935d96d5b0,1252,350.0,1.0,0.0,0.12,3,[0],3
7,11,x7f935d96d5b0,1253,98.46,0.0,0.0,0.12,3,[1],3
7,11,x7f935d96d5b0,1254,-150.0,0.0,0.0,0.07,3,[0],3
7,11,x7f935d96d5b0,1255,-150.0,0.0,0.0,0.12,2,[0],3
7,11,x7f935d96d5b0,1256,-300.0,0.0,0.0,0.07,3,[1],3
7,11,x7f935d96d5b0,1257,350.0,1.0,0.0,0.12,2,[0],3
7,11,x7f935d96d5b0,1258,-150.0,0.0,0.0,0.12,3,[0],3
7,11,x7f935d96d5b0,1259,-288.34,0.0,0.0,0.07,3,[1],3
7,11,x7f935d96d5b0,1260,-300.0,0.0,0.0,0.07,3,[1],3
7,11,x7f935d96d5b0,1261,350.0,1.0,0.0,0.09,3,[0],3
7,11,x7f935d96d5b0,1262,-50.0,0.0,0.0,0.12,3,[2],3
7,11,x7f935d96d5b0,1263,250.0,0.0,0.0,0.07,3,[0],3
7,11,x7f935d96d5b0,1264,250.0,0.0,0.0,0.12,3,[0],3
7,11,x7f935d96d5b0,1265,-50.0,0.0,0.0,0.12,2,[1],3
7,11,x7f935d96d5b0,1266,-150.0,0.0,0.0,0.07,3,[0],3
7,11,x7f935d96d5b0,1267,-150.0,0.0,0.0,0.12,2,[0],3
7,11,x7f935d96d5b0,1268,350.0,1.0,0.0,0.07,3,[0],3
7,11,x7f935d96d5b0,1269,88.34,0.0,0.0,0.12,3,[1],3
7,11,x7f935d96d5b0,1270,-50.0,0.0,0.0,0.12,3,[2],3
7,11,x7f935d96d5b0,1271,250.0,0.0,0.0,0.12,2,[0],3
7,11,x7f935d96d5b0,1272,500.0,1.0,0.0,0.0,6,[6],3
7,11,x7f935d96d5b0,1273,-150.0,0.0,0.0,0.07,3,[0],3
7,11,x7f935d96d5b0,1274,-450.0,0.0,0.0,0.12,3,[2],3
7,11,x7f935d96d5b0,1275,350.0,1.0,0.0,0.12,3,[0],3
7,11,x7f935d96d5b0,1276,-50.0,0.0,0.0,0.12,3,[2],3
7,11,x7f935d96d5b0,1277,-150.0,0.0,0.0,0.12,3,[0],3
7,11,x7f935d96d5b0,1278,50.0,1.0,0.0,0.12,2,[1],3
7,11,x7f935d96d5b0,1279,400.0,0.0,0.0,0.06,2,[20],3
7,11,x7f935d96d5b0,1280,250.0,0.0,0.0,0.09,3,[0],3
7,11,x7f935d96d5b0,1281,-150.0,0.0,0.0,0.07,3,[0],3
7,11,x7f935d96d5b0,1282,-450.0,0.0,0.0,0.12,3,[2],3
7,11,x7f935d96d5b0,1283,405.0,1.0,0.0,0.06,6,[6],3
7,11,x7f935d96d5b0,1284,480.25,1.0,1.0,0.07,3,[1],3
7,11,x7f935d96d5b0,1285,643.76,1.0,1.0,0.0,6,[9],3
7,11,x7f935d96d5b0,1286,-450.0,0.0,0.0,0.07,3,[2],3
7,11,x7f935d96d5b0,1287,-300.62,0.0,0.0,0.07,3,[1],3
7,11,x7f935d96d5b0,1288,-150.0,0.0,0.0,0.12,3,[0],3
7,11,x7f935d96d5b0,1289,-288.34,0.0,0.0,0.07,3,[1],3
7,11,x7f935d96d5b0,1290,350.0,1.0,0.0,0.12,3,[0],3
7,11,x7f935d96d5b0,1291,99.95,0.0,0.0,0.07,3,[1],3
7,11,x7f935d96d5b0,1292,250.0,0.0,0.0,0.12,3,[0],3
7,11,x7f935d96d5b0,1293,-50.0,0.0,0.0,0.12,3,[2],3
7,11,x7f935d96d5b0,1294,-50.0,0.0,0.0,0.07,3,[2],3
7,11,x7f935d96d5b0,1295,250.0,0.0,0.0,0.12,3,[0],3
7,11,x7f935d96d5b0,1296,-200.0,0.0,0.0,0.12,6,[2],3
7,11,x7f935d96d5b0,1297,250.0,0.0,0.0,0.07,3,[0],3
7,11,x7f935d96d5b0,1298,-50.0,0.0,0.0,0.12,3,[2],3
7,11,x7f935d96d5b0,1299,-50.0,0.0,0.0,0.12,3,[2],3
7,11,x7f935d96d5b0,1300,-150.0,0.0,0.0,0.12,3,[0],3
7,11,x7f935d96d5b0,1301,200.0,1.0,0.0,0.12,3,[1],3
7,11,x7f935d96d5b0,1302,100.05,0.0,0.0,0.12,3,[1],3
7,11,x7f935d96d5b0,1303,97.83,0.0,0.0,0.12,3,[1],3
7,11,x7f935d96d5b0,1304,250.0,0.0,0.0,0.12,3,[0],3
7,11,x7f935d96d5b0,1305,250.0,0.0,0.0,0.12,3,[0],3
7,11,x7f935d96d5b0,1306,250.0,0.0,0.0,0.07,3,[0],3
7,11,x7f935d96d5b0,1307,95.31,0.0,0.0,0.12,3,[1],3
7,11,x7f935d96d5b0,1308,400.0,0.0,0.0,0.0,6,[6],3
7,11,x7f935d96d5b0,1309,250.0,0.0,0.0,0.07,3,[0],3
7,11,x7f935d96d5b0,1310,250.0,0.0,0.0,0.12,2,[0],3
7,11,x7f935d96d5b0,1311,250.0,0.0,0.0,0.07,3,[0],3
7,11,x7f935d96d5b0,1312,250.0,0.0,0.0,0.12,3,[0],3
7,11,x7f935d96d5b0,1313,-150.0,0.0,0.0,0.12,3,[0],3
7,11,x7f935d96d5b0,1314,-150.0,0.0,0.0,0.12,3,[0],3
7,11,x7f935d96d5b0,1315,0.0,0.0,0.0,0.0,6,[7],3
7,11,x7f935d96d5b0,1316,350.0,1.0,0.0,0.07,3,[0],3
7,11,x7f935d96d5b0,1317,500.0,1.0,0.0,0.06,2,[20],3
7,11,x7f935d96d5b0,1318,-300.0,0.0,0.0,0.12,6,[7],3
7,11,x7f935d96d5b0,1319,-150.0,0.0,0.0,0.07,3,[0],3
7,11,x7f935d96d5b0,1320,-450.0,0.0,0.0,0.12,3,[2],3
7,11,x7f935d96d5b0,1321,350.0,1.0,0.0,0.12,3,[0],3
7,11,x7f935d96d5b0,1322,-150.0,0.0,0.0,0.12,3,[0],3
7,11,x7f935d96d5b0,1323,0.0,0.0,0.0,0.0,7,[6],3
7,11,x7f935d96d5b0,1324,350.0,1.0,0.0,0.09,3,[0],3
7,11,x7f935d96d5b0,1325,198.46,1.0,0.0,0.12,3,[1],3
7,11,x7f935d96d5b0,1326,500.0,1.0,0.0,0.06,2,[20],3
7,11,x7f935d96d5b0,1327,-451.11,0.0,0.0,0.12,6,[8],3
7,11,x7f935d96d5b0,1328,-50.0,0.0,0.0,0.07,2,[2],3
7,11,x7f935d96d5b0,1329,350.0,1.0,0.0,0.07,3,[0],3
7,11,x7f935d96d5b0,1330,-300.0,0.0,0.0,0.12,3,[1],3
7,11,x7f935d96d5b0,1331,-300.0,0.0,1.0,0.12,7,[2],3
7,11,x7f935d96d5b0,1332,-150.0,0.0,1.0,0.07,3,[2],3
7,11,x7f935d96d5b0,1333,350.0,1.0,0.0,0.12,3,[0],3
7,11,x7f935d96d5b0,1334,-50.0,0.0,0.0,0.12,3,[2],3
7,11,x7f935d96d5b0,1335,250.0,0.0,0.0,0.12,3,[0],3
7,11,x7f935d96d5b0,1336,100.62,0.0,0.0,0.07,3,[1],3
7,11,x7f935d96d5b0,1337,250.0,0.0,0.0,0.12,3,[0],3
7,11,x7f935d96d5b0,1338,250.0,0.0,0.0,0.0,6,[6],3
7,11,x7f935d96d5b0,1339,111.66,0.0,0.0,0.07,3,[1],3
7,11,x7f935d96d5b0,1340,-150.0,0.0,0.0,0.12,3,[0],3
7,11,x7f935d96d5b0,1341,50.0,1.0,0.0,0.12,3,[2],3
7,11,x7f935d96d5b0,1342,-150.0,0.0,0.0,0.12,3,[0],3
7,11,x7f935d96d5b0,1343,350.0,1.0,0.0,0.07,3,[0],3
7,11,x7f935d96d5b0,1344,50.0,1.0,0.0,0.12,3,[2],3
7,11,x7f935d96d5b0,1345,-150.0,0.0,0.0,0.12,3,[0],3
7,11,x7f935d96d5b0,1346,-150.0,0.0,0.0,0.12,3,[0],3
7,11,x7f935d96d5b0,1347,500.0,1.0,0.0,0.0,6,[6],3
7,11,x7f935d96d5b0,1348,-300.0,0.0,0.0,0.07,3,[1],3
7,11,x7f935d96d5b0,1349,500.0,1.0,0.0,0.03,3,[19],3
7,11,x7f935d96d5b0,1350,-73.06,0.0,0.0,0.06,6,[7],3
7,11,x7f935d96d5b0,1351,100.23,0.0,0.0,0.07,3,[1],3
7,11,x7f935d96d5b0,1352,500.0,1.0,0.0,0.06,6,[6],3
7,11,x7f935d96d5b0,1353,72.11,0.0,0.0,0.07,3,[1],3
7,11,x7f935d96d5b0,1354,500.0,1.0,0.0,0.0,7,[6],3
7,11,x7f935d96d5b0,1355,-150.0,0.0,0.0,0.07,3,[0],3
7,11,x7f935d96d5b0,1356,350.0,1.0,0.0,0.12,3,[0],3
7,11,x7f935d96d5b0,1357,250.0,0.0,0.0,0.07,3,[0],3
7,11,x7f935d96d5b0,1358,250.0,0.0,0.0,0.07,3,[0],3
7,11,x7f935d96d5b0,1359,250.0,0.0,1.0,0.07,3,[2],3
7,11,x7f935d96d5b0,1360,-300.0,0.0,0.0,0.12,3,[1],3
7,11,x7f935d96d5b0,1361,-150.0,0.0,0.0,0.12,3,[0],3
7,11,x7f935d96d5b0,1362,-300.62,0.0,0.0,0.12,3,[1],3
7,11,x7f935d96d5b0,1363,200.15,1.0,0.0,0.09,3,[1],3
7,11,x7f935d96d5b0,1364,350.0,1.0,0.0,0.12,3,[0],3
7,11,x7f935d96d5b0,1365,-50.0,0.0,0.0,0.12,3,[2],3
7,11,x7f935d96d5b0,1366,250.0,0.0,0.0,0.12,3,[0],3
7,11,x7f935d96d5b0,1367,-150.0,0.0,0.0,0.12,3,[0],3
7,11,x7f935d96d5b0,1368,-150.0,0.0,0.0,0.12,3,[0],3
7,11,x7f935d96d5b0,1369,350.0,1.0,0.0,0.12,3,[0],3
7,11,x7f935d96d5b0,1370,350.0,1.0,0.0,0.12,2,[1],3
7,11,x7f935d96d5b0,1371,0.0,0.0,0.0,0.06,6,[6],3
7,11,x7f935d96d5b0,1372,164.4,1.0,0.0,0.07,3,[1],3
7,11,x7f935d96d5b0,1373,500.0,1.0,0.0,0.0,7,[6],3
7,11,x7f935d96d5b0,1374,100.05,0.0,0.0,0.07,3,[1],3
7,11,x7f935d96d5b0,1375,72.11,0.0,0.0,0.12,3,[1],3
7,11,x7f935d96d5b0,1376,0.0,0.0,0.0,0.0,7,[6],3
7,11,x7f935d96d5b0,1377,50.0,1.0,0.0,0.07,3,[2],3
7,11,x7f935d96d5b0,1378,-150.0,0.0,0.0,0.09,3,[0],3
7,11,x7f935d96d5b0,1379,350.0,1.0,0.0,0.12,3,[0],3
7,11,x7f935d96d5b0,1380,250.0,0.0,0.0,0.12,3,[0],3
7,11,x7f935d96d5b0,1381,0.0,0.0,0.0,0.0,6,[7],3
7,11,x7f935d96d5b0,1382,-50.0,0.0,0.0,0.07,3,[2],3
7,11,x7f935d96d5b0,1383,-300.0,0.0,0.0,0.12,7,[20],3
7,11,x7f935d96d5b0,1384,250.0,0.0,0.0,0.09,2,[0],3
7,11,x7f935d96d5b0,1385,281.81,0.0,0.0,0.06,6,[7],3
7,11,x7f935d96d5b0,1386,250.0,0.0,0.0,0.07,2,[0],3
7,11,x7f935d96d5b0,1387,250.0,0.0,0.0,0.12,3,[0],3
7,11,x7f935d96d5b0,1388,0.0,0.0,0.0,0.0,7,[6],3
7,11,x7f935d96d5b0,1389,200.0,1.0,0.0,0.07,3,[1],3
7,11,x7f935d96d5b0,1390,-300.62,0.0,0.0,0.12,3,[1],3
7,11,x7f935d96d5b0,1391,-150.0,0.0,0.0,0.12,3,[0],3
7,11,x7f935d96d5b0,1392,-295.31,0.0,0.0,0.07,3,[1],3
7,11,x7f935d96d5b0,1393,0.0,0.0,1.0,0.09,7,[2],3
7,11,x7f935d96d5b0,1394,410.28,1.0,0.0,0.06,7,[6],3
