0,12,x7f9e7779f460,1,381.5242007418699,1.0,3,[4],1
0,12,x7f9e7779f460,2,200.0,0.0,3,[4],0
0,12,x7f9e7779f460,3,-200.0,0.0,2,[4],1
0,12,x7f9e7779f460,4,200.0,1.0,2,[5],1
0,12,x7f9e7779f460,5,200.0,0.0,2,[4],0
0,12,x7f9e7779f460,6,381.52420074186983,1.0,5,[4],1
0,12,x7f9e7779f460,7,200.0,0.0,2,[0],1
0,12,x7f9e7779f460,8,200.0,0.0,4,[4],0
0,12,x7f9e7779f460,9,402.9514297037151,1.0,4,[0],1
0,12,x7f9e7779f460,10,-200.0,0.0,3,[4],1
0,12,x7f9e7779f460,11,200.0,0.0,3,[4],0
0,12,x7f9e7779f460,12,200.0,0.0,2,[4],0
0,12,x7f9e7779f460,13,200.0,0.0,2,[5],0
0,12,x7f9e7779f460,14,200.0,0.0,2,[4],1
0,12,x7f9e7779f460,15,200.0,0.0,2,[4],0
0,12,x7f9e7779f460,16,600.0,1.0,3,[5],0
0,12,x7f9e7779f460,17,200.0,0.0,4,[5],0
0,12,x7f9e7779f460,18,200.0,1.0,3,[5],1
0,12,x7f9e7779f460,19,200.0,0.0,3,[5],0
0,12,x7f9e7779f460,20,200.0,0.0,2,[4],0
0,12,x7f9e7779f460,21,200.0,0.0,3,[10],0
0,12,x7f9e7779f460,22,600.0,1.0,2,[5],0
0,12,x7f9e7779f460,23,-200.0,0.0,3,[4],1
0,12,x7f9e7779f460,24,600.0,1.0,4,[10],0
0,12,x7f9e7779f460,25,200.0,0.0,3,[5],0
0,12,x7f9e7779f460,26,200.0,0.0,2,[4],0
0,12,x7f9e7779f460,27,200.0,0.0,2,[5],0
0,12,x7f9e7779f460,28,-105.58870177909911,0.0,4,[0],1
0,12,x7f9e7779f460,29,200.0,0.0,3,[4],1
0,12,x7f9e7779f460,30,200.0,0.0,3,[5],0
0,12,x7f9e7779f460,31,600.0,1.0,2,[5],1
0,12,x7f9e7779f460,32,200.0,0.0,2,[4],1
0,12,x7f9e7779f460,33,200.0,0.0,5,[5],0
1,13,x7f9e7779fd60,1,600.0,2.0,2,[4],1
0,12,x7f9e7779f460,34,200.0,1.0,2,[1],1
0,12,x7f9e7779f460,35,802.9514297037151,2.0,5,[1],1
0,12,x7f9e7779f460,36,200.0,0.0,4,[0],0
0,12,x7f9e7779f460,37,200.0,0.0,4,[4],0
0,12,x7f9e7779f460,38,492.58784096938996,1.0,4,[5],1
0,12,x7f9e7779f460,39,200.0,0.0,5,[6],0
0,12,x7f9e7779f460,40,600.0,1.0,2,[1],0
0,12,x7f9e7779f460,41,200.0,0.0,5,[4],0
0,12,x7f9e7779f460,42,600.0,1.0,2,[1],0
1,13,x7f9e7779fd60,2,200.0,0.0,2,[4],0
0,12,x7f9e7779f460,43,600.0,2.0,5,[0],1
1,13,x7f9e7779fd60,3,200.0,0.0,2,[0],1
0,12,x7f9e7779f460,44,600.0,1.0,5,[5],0
0,12,x7f9e7779f460,45,200.0,0.0,2,[0],0
0,12,x7f9e7779f460,46,200.0,0.0,5,[6],0
0,12,x7f9e7779f460,47,200.0,0.0,2,[0],1
0,12,x7f9e7779f460,48,600.0,1.0,5,[4],0
0,12,x7f9e7779f460,49,200.0,1.0,2,[1],1
0,12,x7f9e7779f460,50,516.694643164695,1.0,5,[4],1
0,12,x7f9e7779f460,51,200.0,0.0,2,[1],0
0,12,x7f9e7779f460,52,200.0,1.0,4,[5],1
0,12,x7f9e7779f460,53,798.0911038762279,2.0,5,[1],1
1,13,x7f9e7779fd60,4,781.5242007418702,2.0,3,[4],1
0,12,x7f9e7779f460,54,600.0,2.0,5,[1],1
1,13,x7f9e7779fd60,5,1000.0,2.0,2,[4],0
0,12,x7f9e7779f460,55,200.0,0.0,5,[4],0
0,12,x7f9e7779f460,56,1000.0,2.0,2,[1],0
1,13,x7f9e7779fd60,6,-200.0,0.0,2,[4],1
0,12,x7f9e7779f460,57,200.0,0.0,5,[4],0
0,12,x7f9e7779f460,58,200.0,0.0,2,[0],1
1,13,x7f9e7779fd60,7,200.0,1.0,2,[0],1
0,12,x7f9e7779f460,59,912.3031249999997,2.0,5,[5],1
0,12,x7f9e7779f460,60,600.0,1.0,2,[1],0
0,12,x7f9e7779f460,61,200.0,0.0,5,[4],0
0,12,x7f9e7779f460,62,200.0,0.0,2,[1],0
1,13,x7f9e7779fd60,8,200.0,0.0,2,[10],0
0,12,x7f9e7779f460,63,200.0,0.0,5,[4],0
0,12,x7f9e7779f460,64,200.0,0.0,2,[1],0
0,12,x7f9e7779f460,65,200.0,0.0,4,[5],0
0,12,x7f9e7779f460,66,200.0,0.0,2,[0],0
0,12,x7f9e7779f460,67,200.0,0.0,5,[5],0
0,12,x7f9e7779f460,68,1000.0,2.0,2,[1],1
1,13,x7f9e7779fd60,9,402.95142970371495,1.0,4,[0],1
0,12,x7f9e7779f460,69,1000.0,2.0,5,[6],0
0,12,x7f9e7779f460,70,600.0,1.0,2,[1],0
1,13,x7f9e7779fd60,10,-200.0,0.0,3,[4],1
0,12,x7f9e7779f460,71,386.9112889550908,1.0,5,[0],1
1,13,x7f9e7779fd60,11,4.9812287363546295,0.0,5,[0],1
0,12,x7f9e7779f460,72,600.0,1.0,5,[4],0
0,12,x7f9e7779f460,73,-200.0,0.0,2,[0],1
1,13,x7f9e7779fd60,12,200.0,0.0,5,[4],0
1,13,x7f9e7779fd60,13,600.0,1.0,2,[1],0
0,12,x7f9e7779f460,74,400.2,1.0,5,[5],1
0,12,x7f9e7779f460,75,200.0,0.0,2,[1],0
1,13,x7f9e7779fd60,14,200.0,0.0,5,[4],0
1,13,x7f9e7779fd60,15,200.0,0.0,2,[1],0
0,12,x7f9e7779f460,76,200.0,0.0,5,[4],0
0,12,x7f9e7779f460,77,200.0,0.0,2,[0],1
1,13,x7f9e7779fd60,16,600.0,1.0,5,[5],0
1,13,x7f9e7779fd60,17,200.0,0.0,2,[1],0
0,12,x7f9e7779f460,78,200.0,0.0,5,[5],0
0,12,x7f9e7779f460,79,200.0,0.0,2,[0],0
1,13,x7f9e7779fd60,18,200.0,0.0,5,[6],0
1,13,x7f9e7779fd60,19,600.0,2.0,2,[1],1
0,12,x7f9e7779f460,80,200.0,0.0,5,[5],0
0,12,x7f9e7779f460,81,600.0,1.0,2,[0],0
1,13,x7f9e7779fd60,20,200.0,0.0,5,[4],0
1,13,x7f9e7779fd60,21,1000.0,2.0,2,[1],1
0,12,x7f9e7779f460,82,413.21287190699536,1.0,5,[6],1
0,12,x7f9e7779f460,83,200.0,0.0,2,[0],1
1,13,x7f9e7779fd60,22,1000.0,2.0,5,[6],0
1,13,x7f9e7779fd60,23,200.0,0.0,2,[0],1
0,12,x7f9e7779f460,84,600.0,2.0,5,[1],1
1,13,x7f9e7779fd60,24,200.0,0.0,5,[4],0
1,13,x7f9e7779fd60,25,200.0,0.0,2,[1],0
0,12,x7f9e7779f460,85,-36.392592592593275,0.0,5,[0],1
1,13,x7f9e7779fd60,26,200.0,0.0,5,[5],0
1,13,x7f9e7779fd60,27,200.0,0.0,2,[1],0
0,12,x7f9e7779f460,86,200.0,0.0,5,[5],0
0,12,x7f9e7779f460,87,200.0,0.0,2,[0],1
1,13,x7f9e7779fd60,28,797.0485702962851,2.0,5,[4],1
1,13,x7f9e7779fd60,29,200.0,0.0,2,[1],0
0,12,x7f9e7779f460,88,600.0,2.0,5,[1],1
1,13,x7f9e7779fd60,30,200.0,0.0,5,[4],0
1,13,x7f9e7779fd60,31,200.0,0.0,2,[0],0
0,12,x7f9e7779f460,89,-98.99954449184202,0.0,5,[0],1
1,13,x7f9e7779fd60,32,200.0,0.0,5,[5],0
1,13,x7f9e7779fd60,33,200.0,0.0,2,[1],0
0,12,x7f9e7779f460,90,-31.533037814558423,0.0,5,[0],1
1,13,x7f9e7779fd60,34,200.0,0.0,5,[6],0
1,13,x7f9e7779fd60,35,200.0,0.0,2,[0],0
0,12,x7f9e7779f460,91,200.0,0.0,5,[4],0
0,12,x7f9e7779f460,92,200.0,0.0,2,[0],1
1,13,x7f9e7779fd60,36,200.0,0.0,5,[4],0
1,13,x7f9e7779fd60,37,600.0,1.0,2,[1],1
0,12,x7f9e7779f460,93,200.0,0.0,5,[4],0
0,12,x7f9e7779f460,94,200.0,0.0,2,[0],1
1,13,x7f9e7779fd60,38,490.1259259259276,1.0,5,[6],1
1,13,x7f9e7779fd60,39,-200.0,0.0,2,[0],1
0,12,x7f9e7779f460,95,200.0,0.0,5,[4],0
0,12,x7f9e7779f460,96,200.0,0.0,2,[0],0
1,13,x7f9e7779fd60,40,-90.1259259259252,0.0,5,[0],1
0,12,x7f9e7779f460,97,200.0,0.0,5,[4],0
0,12,x7f9e7779f460,98,600.0,1.0,2,[0],0
1,13,x7f9e7779fd60,41,19.467199999999995,0.0,5,[0],1
0,12,x7f9e7779f460,99,412.22695272282056,1.0,5,[6],1
0,12,x7f9e7779f460,100,200.0,0.0,2,[1],0
1,13,x7f9e7779fd60,42,200.0,0.0,5,[4],0
1,13,x7f9e7779fd60,43,-200.0,0.0,2,[0],1
0,12,x7f9e7779f460,101,200.0,0.0,5,[4],0
0,12,x7f9e7779f460,102,200.0,0.0,2,[1],0
1,13,x7f9e7779fd60,44,200.0,0.0,5,[4],0
1,13,x7f9e7779fd60,45,200.0,1.0,2,[1],1
0,12,x7f9e7779f460,103,-200.0,0.0,5,[0],1
1,13,x7f9e7779fd60,46,200.0,1.0,5,[6],1
1,13,x7f9e7779fd60,47,200.0,0.0,2,[0],0
0,12,x7f9e7779f460,104,200.0,0.0,5,[4],0
0,12,x7f9e7779f460,105,200.0,0.0,2,[0],0
1,13,x7f9e7779fd60,48,200.0,0.0,5,[6],0
1,13,x7f9e7779fd60,49,200.0,1.0,2,[1],1
0,12,x7f9e7779f460,106,200.0,0.0,5,[5],0
0,12,x7f9e7779f460,107,200.0,0.0,2,[1],0
1,13,x7f9e7779fd60,50,200.0,1.0,4,[6],1
0,12,x7f9e7779f460,108,200.0,0.0,5,[4],0
0,12,x7f9e7779f460,109,600.0,1.0,2,[1],0
1,13,x7f9e7779fd60,51,391.4250000000003,1.0,4,[0],1
0,12,x7f9e7779f460,110,200.0,0.0,5,[4],0
0,12,x7f9e7779f460,111,200.0,1.0,2,[0],1
1,13,x7f9e7779fd60,52,200.0,0.0,3,[4],0
0,12,x7f9e7779f460,112,399.82365809206283,1.0,5,[0],1
1,13,x7f9e7779fd60,53,200.0,0.0,3,[5],0
0,12,x7f9e7779f460,113,294.4112982209009,1.0,5,[5],1
0,12,x7f9e7779f460,114,200.0,0.0,2,[0],1
1,13,x7f9e7779fd60,54,200.0,0.0,2,[4],0
0,12,x7f9e7779f460,115,200.0,1.0,5,[5],1
0,12,x7f9e7779f460,116,200.0,0.0,2,[0],1
1,13,x7f9e7779fd60,55,600.0,1.0,2,[5],0
0,12,x7f9e7779f460,117,200.0,0.0,5,[4],0
0,12,x7f9e7779f460,118,200.0,0.0,2,[0],0
1,13,x7f9e7779fd60,56,320.3113979996915,1.0,5,[0],1
0,12,x7f9e7779f460,119,400.95072621261255,1.0,5,[0],1
1,13,x7f9e7779fd60,57,437.01764266364324,1.0,5,[0],1
0,12,x7f9e7779f460,120,200.0,1.0,5,[0],1
1,13,x7f9e7779fd60,58,200.0,1.0,5,[0],1
0,12,x7f9e7779f460,121,200.0,0.0,5,[4],0
0,12,x7f9e7779f460,122,600.0,1.0,2,[0],1
1,13,x7f9e7779fd60,59,200.0,1.0,5,[1],1
0,12,x7f9e7779f460,123,200.0,0.0,5,[4],0
0,12,x7f9e7779f460,124,600.0,1.0,2,[0],1
1,13,x7f9e7779fd60,60,600.0,1.0,5,[6],0
1,13,x7f9e7779fd60,61,200.0,0.0,2,[0],0
0,12,x7f9e7779f460,125,200.0,0.0,5,[4],0
0,12,x7f9e7779f460,126,600.0,1.0,2,[1],0
1,13,x7f9e7779fd60,62,200.0,1.0,5,[1],1
0,12,x7f9e7779f460,127,600.0,1.0,5,[6],0
0,12,x7f9e7779f460,128,600.0,1.0,2,[1],0
1,13,x7f9e7779fd60,63,-0.6607399131213182,0.0,5,[0],1
0,12,x7f9e7779f460,129,200.0,1.0,5,[0],1
1,13,x7f9e7779fd60,64,2.0342592592592124,0.0,5,[0],1
0,12,x7f9e7779f460,130,600.0,1.0,5,[4],1
0,12,x7f9e7779f460,131,200.0,0.0,2,[0],0
1,13,x7f9e7779fd60,65,200.0,0.0,5,[4],0
1,13,x7f9e7779fd60,66,1000.0,2.0,2,[1],1
0,12,x7f9e7779f460,132,200.0,0.0,5,[1],0
1,13,x7f9e7779fd60,67,800.1867691445811,2.0,5,[6],1
1,13,x7f9e7779fd60,68,200.0,0.0,2,[0],0
0,12,x7f9e7779f460,133,200.0,0.0,5,[6],0
0,12,x7f9e7779f460,134,200.0,0.0,2,[0],0
1,13,x7f9e7779fd60,69,200.0,0.0,5,[5],0
1,13,x7f9e7779fd60,70,1000.0,2.0,2,[1],0
0,12,x7f9e7779f460,135,200.0,0.0,5,[1],0
1,13,x7f9e7779fd60,71,799.6824074074074,2.0,5,[6],1
1,13,x7f9e7779fd60,72,200.0,1.0,2,[0],1
0,12,x7f9e7779f460,136,200.0,0.0,5,[6],0
0,12,x7f9e7779f460,137,1000.0,2.0,2,[0],0
1,13,x7f9e7779fd60,73,200.0,0.0,5,[4],0
1,13,x7f9e7779fd60,74,200.0,0.0,2,[1],0
0,12,x7f9e7779f460,138,200.0,0.0,5,[1],0
1,13,x7f9e7779fd60,75,200.0,0.0,5,[6],0
1,13,x7f9e7779fd60,76,200.0,1.0,2,[1],1
0,12,x7f9e7779f460,139,600.0,1.0,5,[4],0
0,12,x7f9e7779f460,140,1000.0,2.0,2,[0],0
1,13,x7f9e7779fd60,77,200.0,0.0,5,[4],0
1,13,x7f9e7779fd60,78,200.0,0.0,2,[1],0
0,12,x7f9e7779f460,141,1000.0,2.0,5,[5],0
0,12,x7f9e7779f460,142,200.0,0.0,2,[0],0
1,13,x7f9e7779fd60,79,200.0,0.0,5,[6],0
1,13,x7f9e7779fd60,80,200.0,1.0,2,[1],1
0,12,x7f9e7779f460,143,822.3238327490724,2.0,5,[5],1
0,12,x7f9e7779f460,144,200.0,0.0,2,[0],0
1,13,x7f9e7779fd60,81,200.0,0.0,5,[0],0
0,12,x7f9e7779f460,145,600.0,1.0,5,[4],0
0,12,x7f9e7779f460,146,200.0,0.0,2,[0],0
1,13,x7f9e7779fd60,82,600.0,1.0,5,[4],1
1,13,x7f9e7779fd60,83,200.0,0.0,2,[0],1
0,12,x7f9e7779f460,147,200.0,1.0,5,[1],1
1,13,x7f9e7779fd60,84,200.0,0.0,5,[6],0
1,13,x7f9e7779fd60,85,200.0,0.0,2,[1],0
0,12,x7f9e7779f460,148,-5.3999999999998645,0.0,5,[0],1
1,13,x7f9e7779fd60,86,200.0,0.0,5,[6],0
1,13,x7f9e7779fd60,87,200.0,0.0,2,[0],1
0,12,x7f9e7779f460,149,200.0,0.0,5,[4],0
0,12,x7f9e7779f460,150,200.0,0.0,2,[0],0
1,13,x7f9e7779fd60,88,890.1259259259255,2.0,5,[1],1
0,12,x7f9e7779f460,151,200.0,0.0,5,[4],0
0,12,x7f9e7779f460,152,600.0,2.0,2,[1],1
1,13,x7f9e7779fd60,89,600.0,1.0,5,[4],1
1,13,x7f9e7779fd60,90,200.0,0.0,2,[0],1
0,12,x7f9e7779f460,153,200.0,0.0,5,[4],0
0,12,x7f9e7779f460,154,200.0,0.0,2,[0],0
1,13,x7f9e7779fd60,91,200.0,0.0,5,[5],0
1,13,x7f9e7779fd60,92,200.0,0.0,2,[1],0
0,12,x7f9e7779f460,155,200.0,0.0,5,[4],0
0,12,x7f9e7779f460,156,600.0,1.0,2,[0],0
1,13,x7f9e7779fd60,93,600.0,1.0,5,[4],0
1,13,x7f9e7779fd60,94,200.0,0.0,2,[1],0
0,12,x7f9e7779f460,157,798.091103876228,2.0,5,[4],1
0,12,x7f9e7779f460,158,200.0,0.0,2,[0],0
1,13,x7f9e7779fd60,95,402.95142970371495,1.0,5,[1],1
0,12,x7f9e7779f460,159,200.0,0.0,5,[4],0
0,12,x7f9e7779f460,160,600.0,1.0,2,[0],0
1,13,x7f9e7779fd60,96,200.0,0.0,5,[5],0
1,13,x7f9e7779fd60,97,200.0,0.0,2,[0],1
0,12,x7f9e7779f460,161,600.0,1.0,5,[4],0
0,12,x7f9e7779f460,162,200.0,0.0,2,[1],0
1,13,x7f9e7779fd60,98,490.1259259259255,1.0,5,[1],1
0,12,x7f9e7779f460,163,200.0,0.0,5,[4],0
0,12,x7f9e7779f460,164,600.0,1.0,2,[0],0
1,13,x7f9e7779fd60,99,200.0,0.0,5,[4],0
1,13,x7f9e7779fd60,100,200.0,0.0,2,[0],0
0,12,x7f9e7779f460,165,600.0,1.0,5,[4],0
0,12,x7f9e7779f460,166,200.0,0.0,2,[1],0
1,13,x7f9e7779fd60,101,200.0,0.0,5,[4],0
1,13,x7f9e7779fd60,102,600.0,2.0,2,[0],1
0,12,x7f9e7779f460,167,319.2405687515392,1.0,5,[0],1
1,13,x7f9e7779fd60,103,200.0,0.0,5,[4],0
1,13,x7f9e7779fd60,104,200.0,0.0,2,[0],1
0,12,x7f9e7779f460,168,200.0,0.0,5,[4],0
0,12,x7f9e7779f460,169,200.0,0.0,2,[0],1
1,13,x7f9e7779fd60,105,200.0,0.0,5,[6],0
1,13,x7f9e7779fd60,106,600.0,1.0,2,[1],0
0,12,x7f9e7779f460,170,600.0,1.0,5,[4],0
0,12,x7f9e7779f460,171,200.0,0.0,2,[0],1
1,13,x7f9e7779fd60,107,800.1763419079372,2.0,5,[5],1
1,13,x7f9e7779fd60,108,200.0,0.0,2,[0],1
0,12,x7f9e7779f460,172,600.0,2.0,5,[1],1
1,13,x7f9e7779fd60,109,600.0,1.0,5,[5],0
1,13,x7f9e7779fd60,110,600.0,1.0,2,[1],0
0,12,x7f9e7779f460,173,200.0,0.0,5,[4],0
0,12,x7f9e7779f460,174,200.0,1.0,2,[1],1
1,13,x7f9e7779fd60,111,200.0,0.0,5,[4],0
1,13,x7f9e7779fd60,112,200.0,0.0,2,[0],0
0,12,x7f9e7779f460,175,200.0,0.0,5,[4],0
0,12,x7f9e7779f460,176,200.0,0.0,2,[0],0
1,13,x7f9e7779fd60,113,600.0,1.0,5,[5],0
1,13,x7f9e7779fd60,114,200.0,0.0,2,[1],0
0,12,x7f9e7779f460,177,200.0,0.0,5,[4],0
0,12,x7f9e7779f460,178,200.0,1.0,2,[1],1
1,13,x7f9e7779fd60,115,200.0,0.0,5,[4],0
1,13,x7f9e7779fd60,116,200.0,0.0,2,[1],0
0,12,x7f9e7779f460,179,200.0,0.0,5,[5],0
0,12,x7f9e7779f460,180,200.0,0.0,2,[0],0
1,13,x7f9e7779fd60,117,200.0,0.0,5,[5],0
1,13,x7f9e7779fd60,118,200.0,0.0,2,[1],0
0,12,x7f9e7779f460,181,600.0,1.0,5,[4],0
0,12,x7f9e7779f460,182,200.0,0.0,2,[0],0
1,13,x7f9e7779fd60,119,200.0,0.0,5,[6],0
1,13,x7f9e7779fd60,120,600.0,1.0,2,[0],1
0,12,x7f9e7779f460,183,200.0,0.0,5,[5],0
0,12,x7f9e7779f460,184,200.0,0.0,2,[0],0
1,13,x7f9e7779fd60,121,200.0,0.0,5,[4],0
1,13,x7f9e7779fd60,122,-200.0,0.0,2,[0],1
0,12,x7f9e7779f460,185,600.0,1.0,5,[4],0
0,12,x7f9e7779f460,186,200.0,0.0,2,[0],1
1,13,x7f9e7779fd60,123,453.3771017719026,1.0,5,[5],1
1,13,x7f9e7779fd60,124,200.0,0.0,2,[0],0
0,12,x7f9e7779f460,187,200.0,0.0,5,[4],0
0,12,x7f9e7779f460,188,200.0,0.0,2,[0],0
1,13,x7f9e7779fd60,125,200.0,0.0,5,[6],0
1,13,x7f9e7779fd60,126,200.0,0.0,2,[1],0
0,12,x7f9e7779f460,189,200.0,0.0,5,[4],0
0,12,x7f9e7779f460,190,200.0,0.0,2,[1],0
1,13,x7f9e7779fd60,127,200.0,0.0,5,[4],0
1,13,x7f9e7779fd60,128,200.0,0.0,2,[1],0
0,12,x7f9e7779f460,191,200.0,1.0,5,[0],1
1,13,x7f9e7779fd60,129,200.0,0.0,5,[5],0
1,13,x7f9e7779fd60,130,200.0,0.0,2,[1],0
0,12,x7f9e7779f460,192,-5.400000000000219,0.0,5,[0],1
1,13,x7f9e7779fd60,131,200.0,0.0,5,[6],0
1,13,x7f9e7779fd60,132,200.0,0.0,2,[0],0
0,12,x7f9e7779f460,193,200.0,0.0,5,[4],0
0,12,x7f9e7779f460,194,200.0,0.0,2,[0],0
1,13,x7f9e7779fd60,133,200.0,0.0,5,[4],0
1,13,x7f9e7779fd60,134,1000.0,2.0,2,[1],0
0,12,x7f9e7779f460,195,200.0,0.0,5,[4],0
0,12,x7f9e7779f460,196,200.0,0.0,2,[0],1
1,13,x7f9e7779fd60,135,1000.0,2.0,5,[6],0
1,13,x7f9e7779fd60,136,600.0,1.0,2,[0],0
0,12,x7f9e7779f460,197,200.0,0.0,5,[4],0
0,12,x7f9e7779f460,198,600.0,2.0,2,[1],1
1,13,x7f9e7779fd60,137,200.0,0.0,5,[4],0
1,13,x7f9e7779fd60,138,200.0,0.0,2,[1],0
0,12,x7f9e7779f460,199,719.2405687515392,2.0,5,[6],1
0,12,x7f9e7779f460,200,200.0,0.0,2,[0],0
1,13,x7f9e7779fd60,139,392.5925925925932,1.0,5,[5],1
1,13,x7f9e7779fd60,140,-200.0,0.0,2,[0],1
0,12,x7f9e7779f460,201,200.0,0.0,5,[4],0
0,12,x7f9e7779f460,202,200.0,0.0,2,[0],0
1,13,x7f9e7779fd60,141,400.20000000000005,1.0,5,[1],1
0,12,x7f9e7779f460,203,200.0,1.0,5,[0],1
1,13,x7f9e7779fd60,142,-0.04319999999998788,0.0,5,[0],1
0,12,x7f9e7779f460,204,200.0,0.0,5,[4],0
0,12,x7f9e7779f460,205,600.0,1.0,2,[0],0
1,13,x7f9e7779fd60,143,200.0,0.0,5,[4],0
1,13,x7f9e7779fd60,144,200.0,0.0,2,[1],0
0,12,x7f9e7779f460,206,395.23876848569586,1.0,5,[6],1
0,12,x7f9e7779f460,207,200.0,0.0,2,[1],0
1,13,x7f9e7779fd60,145,-53.92165899575674,0.0,5,[0],1
0,12,x7f9e7779f460,208,200.0,0.0,5,[4],0
0,12,x7f9e7779f460,209,200.0,0.0,2,[0],0
1,13,x7f9e7779fd60,146,200.0,0.0,5,[4],0
1,13,x7f9e7779fd60,147,600.0,1.0,2,[1],1
0,12,x7f9e7779f460,210,200.0,0.0,5,[4],0
0,12,x7f9e7779f460,211,200.0,0.0,2,[1],0
1,13,x7f9e7779fd60,148,418.47579925813045,1.0,5,[6],1
1,13,x7f9e7779fd60,149,200.0,0.0,2,[1],0
0,12,x7f9e7779f460,212,200.0,0.0,5,[4],0
0,12,x7f9e7779f460,213,600.0,1.0,2,[1],0
1,13,x7f9e7779fd60,150,200.0,0.0,5,[5],0
1,13,x7f9e7779fd60,151,600.0,1.0,2,[1],0
0,12,x7f9e7779f460,214,395.1059044677925,1.0,5,[6],1
0,12,x7f9e7779f460,215,200.0,0.0,2,[1],0
1,13,x7f9e7779fd60,152,419.46720000000084,1.0,5,[6],1
1,13,x7f9e7779fd60,153,200.0,0.0,2,[0],0
0,12,x7f9e7779f460,216,200.0,0.0,5,[5],0
0,12,x7f9e7779f460,217,600.0,1.0,2,[1],1
1,13,x7f9e7779fd60,154,200.0,0.0,5,[4],0
1,13,x7f9e7779fd60,155,600.0,1.0,2,[1],1
0,12,x7f9e7779f460,218,200.0,0.0,5,[5],0
0,12,x7f9e7779f460,219,-200.0,0.0,2,[0],1
1,13,x7f9e7779fd60,156,600.0,1.0,5,[6],1
1,13,x7f9e7779fd60,157,200.0,0.0,2,[0],1
0,12,x7f9e7779f460,220,200.0,0.0,5,[4],0
0,12,x7f9e7779f460,221,200.0,0.0,2,[0],0
1,13,x7f9e7779fd60,158,-200.0,0.0,5,[0],1
0,12,x7f9e7779f460,222,200.0,0.0,5,[6],0
0,12,x7f9e7779f460,223,600.0,1.0,2,[0],0
1,13,x7f9e7779fd60,159,30.340740740740042,0.0,5,[0],1
0,12,x7f9e7779f460,224,600.0,1.0,5,[4],1
0,12,x7f9e7779f460,225,200.0,0.0,2,[1],0
1,13,x7f9e7779fd60,160,200.0,0.0,5,[4],0
1,13,x7f9e7779fd60,161,600.0,1.0,2,[1],1
0,12,x7f9e7779f460,226,512.3031250000035,1.0,5,[5],1
0,12,x7f9e7779f460,227,200.0,0.0,2,[1],0
1,13,x7f9e7779fd60,162,200.0,0.0,5,[4],0
1,13,x7f9e7779fd60,163,200.0,0.0,2,[0],0
0,12,x7f9e7779f460,228,200.0,0.0,5,[4],0
0,12,x7f9e7779f460,229,200.0,0.0,2,[1],0
1,13,x7f9e7779fd60,164,600.0,1.0,5,[5],0
1,13,x7f9e7779fd60,165,200.0,0.0,2,[1],0
0,12,x7f9e7779f460,230,200.0,0.0,5,[5],0
0,12,x7f9e7779f460,231,600.0,1.0,2,[1],0
1,13,x7f9e7779fd60,166,-25.0,0.0,5,[0],1
0,12,x7f9e7779f460,232,200.0,0.0,5,[5],0
0,12,x7f9e7779f460,233,200.0,0.0,2,[0],0
1,13,x7f9e7779fd60,167,-200.0,0.0,5,[0],1
0,12,x7f9e7779f460,234,200.0,0.0,5,[4],0
0,12,x7f9e7779f460,235,200.0,0.0,2,[0],0
1,13,x7f9e7779fd60,168,200.0,0.0,5,[4],0
1,13,x7f9e7779fd60,169,200.0,0.0,2,[0],0
0,12,x7f9e7779f460,236,600.0,1.0,5,[4],1
0,12,x7f9e7779f460,237,200.0,0.0,2,[1],0
1,13,x7f9e7779fd60,170,798.0911038762277,2.0,5,[1],1
0,12,x7f9e7779f460,238,798.928125,2.0,5,[1],1
1,13,x7f9e7779fd60,171,-0.9507262126124454,0.0,5,[0],1
0,12,x7f9e7779f460,239,-200.0,0.0,5,[0],1
1,13,x7f9e7779fd60,172,-200.0,0.0,5,[0],1
0,12,x7f9e7779f460,240,200.0,0.0,5,[6],0
0,12,x7f9e7779f460,241,200.0,0.0,2,[0],0
1,13,x7f9e7779fd60,173,200.0,0.0,5,[5],0
1,13,x7f9e7779fd60,174,200.0,0.0,2,[0],0
0,12,x7f9e7779f460,242,-200.0,0.0,5,[0],1
1,13,x7f9e7779fd60,175,200.0,0.0,5,[4],0
1,13,x7f9e7779fd60,176,1000.0,2.0,2,[1],0
0,12,x7f9e7779f460,243,200.0,0.0,5,[0],1
1,13,x7f9e7779fd60,177,200.0,0.0,5,[4],0
1,13,x7f9e7779fd60,178,200.0,0.0,2,[1],0
0,12,x7f9e7779f460,244,200.0,0.0,5,[0],0
1,13,x7f9e7779fd60,179,200.0,0.0,5,[4],0
1,13,x7f9e7779fd60,180,-200.0,0.0,2,[0],1
0,12,x7f9e7779f460,245,200.0,0.0,5,[4],0
0,12,x7f9e7779f460,246,200.0,0.0,2,[0],0
1,13,x7f9e7779fd60,181,1000.0,2.0,5,[4],0
1,13,x7f9e7779fd60,182,200.0,0.0,2,[0],1
0,12,x7f9e7779f460,247,200.0,0.0,5,[6],0
0,12,x7f9e7779f460,248,200.0,0.0,2,[0],0
1,13,x7f9e7779fd60,183,-200.0,0.0,5,[0],1
0,12,x7f9e7779f460,249,200.0,0.0,5,[4],0
0,12,x7f9e7779f460,250,1000.0,2.0,2,[0],1
1,13,x7f9e7779fd60,184,200.0,0.0,5,[6],0
1,13,x7f9e7779fd60,185,200.0,1.0,2,[1],1
0,12,x7f9e7779f460,251,200.0,0.0,5,[5],0
0,12,x7f9e7779f460,252,-200.0,0.0,2,[0],1
1,13,x7f9e7779fd60,186,200.0,0.0,5,[0],0
0,12,x7f9e7779f460,253,200.0,0.0,5,[4],0
0,12,x7f9e7779f460,254,200.0,0.0,2,[0],0
1,13,x7f9e7779fd60,187,200.0,0.0,5,[4],0
1,13,x7f9e7779fd60,188,200.0,0.0,2,[0],0
0,12,x7f9e7779f460,255,1000.0,2.0,5,[4],1
0,12,x7f9e7779f460,256,200.0,0.0,2,[0],0
1,13,x7f9e7779fd60,189,200.0,0.0,5,[4],0
1,13,x7f9e7779fd60,190,1000.0,2.0,2,[1],0
0,12,x7f9e7779f460,257,200.0,0.0,5,[5],0
0,12,x7f9e7779f460,258,200.0,0.0,2,[0],0
1,13,x7f9e7779fd60,191,837.0176426636431,2.0,5,[6],1
1,13,x7f9e7779fd60,192,200.0,0.0,2,[0],0
0,12,x7f9e7779f460,259,200.0,0.0,5,[5],0
0,12,x7f9e7779f460,260,600.0,2.0,2,[1],1
1,13,x7f9e7779fd60,193,200.0,0.0,5,[5],0
1,13,x7f9e7779fd60,194,200.0,1.0,2,[0],1
0,12,x7f9e7779f460,261,782.1600223457226,2.0,5,[6],1
0,12,x7f9e7779f460,262,200.0,0.0,2,[0],1
1,13,x7f9e7779fd60,195,200.0,0.0,5,[0],0
0,12,x7f9e7779f460,263,200.0,0.0,5,[5],0
0,12,x7f9e7779f460,264,200.0,0.0,2,[0],0
1,13,x7f9e7779fd60,196,498.9995444918418,1.0,5,[4],1
1,13,x7f9e7779fd60,197,200.0,0.0,2,[1],0
0,12,x7f9e7779f460,265,200.0,0.0,5,[5],0
0,12,x7f9e7779f460,266,200.0,1.0,2,[1],1
1,13,x7f9e7779fd60,198,701.0004555081582,2.0,5,[1],1
0,12,x7f9e7779f460,267,200.0,0.0,5,[5],0
0,12,x7f9e7779f460,268,600.0,2.0,2,[1],1
1,13,x7f9e7779fd60,199,200.0,0.0,5,[4],0
1,13,x7f9e7779fd60,200,200.0,0.0,2,[1],0
0,12,x7f9e7779f460,269,200.0,0.0,5,[4],0
0,12,x7f9e7779f460,270,200.0,0.0,2,[0],0
1,13,x7f9e7779fd60,201,404.8940955322079,1.0,5,[4],1
1,13,x7f9e7779fd60,202,200.0,0.0,2,[0],0
0,12,x7f9e7779f460,271,200.0,0.0,5,[6],0
0,12,x7f9e7779f460,272,200.0,0.0,2,[0],0
1,13,x7f9e7779fd60,203,-200.0,0.0,5,[0],1
0,12,x7f9e7779f460,273,200.0,0.0,5,[6],0
0,12,x7f9e7779f460,274,600.0,1.0,2,[0],0
1,13,x7f9e7779fd60,204,200.0,0.0,4,[4],0
1,13,x7f9e7779fd60,205,200.0,0.0,2,[0],0
0,12,x7f9e7779f460,275,600.0,1.0,5,[4],0
0,12,x7f9e7779f460,276,200.0,0.0,2,[1],0
1,13,x7f9e7779fd60,206,200.0,0.0,4,[4],0
0,12,x7f9e7779f460,277,200.0,0.0,5,[6],0
0,12,x7f9e7779f460,278,200.0,0.0,2,[1],0
1,13,x7f9e7779fd60,207,200.0,0.0,3,[5],0
0,12,x7f9e7779f460,279,200.0,0.0,5,[6],0
0,12,x7f9e7779f460,280,200.0,0.0,2,[1],0
1,13,x7f9e7779fd60,208,200.0,0.0,3,[4],0
0,12,x7f9e7779f460,281,600.0,1.0,5,[5],0
0,12,x7f9e7779f460,282,200.0,0.0,2,[1],0
1,13,x7f9e7779fd60,209,-79.68860200030878,0.0,3,[0],1
0,12,x7f9e7779f460,283,200.0,0.0,5,[5],0
0,12,x7f9e7779f460,284,200.0,0.0,2,[0],0
1,13,x7f9e7779fd60,210,-200.0,0.0,2,[4],1
0,12,x7f9e7779f460,285,1000.0,2.0,5,[4],0
0,12,x7f9e7779f460,286,200.0,0.0,2,[0],0
1,13,x7f9e7779fd60,211,200.0,0.0,2,[4],0
0,12,x7f9e7779f460,287,200.0,0.0,5,[4],0
0,12,x7f9e7779f460,288,-200.0,0.0,2,[0],1
0,12,x7f9e7779f460,289,200.0,0.0,5,[0],0
0,12,x7f9e7779f460,290,200.0,0.0,5,[0],0
1,13,x7f9e7779fd60,212,200.0,0.0,2,[4],1
0,12,x7f9e7779f460,291,200.0,0.0,5,[4],0
0,12,x7f9e7779f460,292,-200.0,0.0,2,[0],1
1,13,x7f9e7779fd60,213,200.0,0.0,2,[5],0
0,12,x7f9e7779f460,293,200.0,0.0,5,[0],0
0,12,x7f9e7779f460,294,200.0,0.0,5,[4],0
0,12,x7f9e7779f460,295,200.0,0.0,2,[0],0
0,12,x7f9e7779f460,296,200.0,0.0,5,[4],0
0,12,x7f9e7779f460,297,200.0,0.0,2,[1],0
0,12,x7f9e7779f460,298,200.0,0.0,5,[5],0
0,12,x7f9e7779f460,299,200.0,0.0,2,[1],0
0,12,x7f9e7779f460,300,200.0,0.0,4,[6],0
0,12,x7f9e7779f460,301,-200.0,0.0,4,[0],1
0,12,x7f9e7779f460,302,200.0,0.0,3,[4],1
0,12,x7f9e7779f460,303,1000.0,2.0,3,[6],0
0,12,x7f9e7779f460,304,200.0,0.0,3,[4],0
0,12,x7f9e7779f460,305,200.0,0.0,2,[4],0
0,12,x7f9e7779f460,306,200.0,0.0,3,[10],0
0,12,x7f9e7779f460,307,-200.0,0.0,2,[4],1
0,12,x7f9e7779f460,308,600.0,1.0,5,[5],0
0,12,x7f9e7779f460,309,600.0,2.0,2,[1],1
0,12,x7f9e7779f460,310,600.0,1.0,5,[0],0
0,12,x7f9e7779f460,311,1000.0,2.0,4,[4],0
0,12,x7f9e7779f460,312,200.0,0.0,4,[6],0
0,12,x7f9e7779f460,313,200.0,0.0,3,[4],0
0,12,x7f9e7779f460,314,600.0,1.0,3,[6],0
0,12,x7f9e7779f460,315,200.0,0.0,4,[10],0
0,12,x7f9e7779f460,316,200.0,0.0,3,[5],0
0,12,x7f9e7779f460,317,1000.0,2.0,2,[4],0
0,12,x7f9e7779f460,318,600.0,1.0,4,[5],0
0,12,x7f9e7779f460,319,600.0,1.0,5,[6],0
0,12,x7f9e7779f460,320,200.0,0.0,2,[1],0
0,12,x7f9e7779f460,321,200.0,0.0,5,[6],0
0,12,x7f9e7779f460,322,200.0,0.0,2,[0],0
0,12,x7f9e7779f460,323,1000.0,2.0,5,[4],0
0,12,x7f9e7779f460,324,200.0,0.0,2,[1],0
0,12,x7f9e7779f460,325,200.0,0.0,4,[6],0
0,12,x7f9e7779f460,326,200.0,0.0,4,[5],0
0,12,x7f9e7779f460,327,200.0,0.0,5,[4],0
0,12,x7f9e7779f460,328,600.0,1.0,2,[0],0
1,13,x7f9e7779fd60,214,200.0,0.0,2,[4],0
0,12,x7f9e7779f460,329,600.0,1.0,5,[6],0
0,12,x7f9e7779f460,330,200.0,0.0,2,[1],0
1,13,x7f9e7779fd60,215,200.0,0.0,2,[0],0
0,12,x7f9e7779f460,331,200.0,0.0,5,[6],0
0,12,x7f9e7779f460,332,200.0,0.0,2,[1],0
0,12,x7f9e7779f460,333,600.0,1.0,5,[4],0
0,12,x7f9e7779f460,334,200.0,0.0,2,[0],1
0,12,x7f9e7779f460,335,200.0,0.0,5,[5],0
0,12,x7f9e7779f460,336,200.0,0.0,2,[0],0
0,12,x7f9e7779f460,337,200.0,0.0,4,[5],0
0,12,x7f9e7779f460,338,200.0,0.0,2,[1],0
0,12,x7f9e7779f460,339,200.0,0.0,4,[4],0
0,12,x7f9e7779f460,340,200.0,0.0,4,[5],0
0,12,x7f9e7779f460,341,600.0,2.0,3,[5],1
0,12,x7f9e7779f460,342,200.0,0.0,3,[6],0
0,12,x7f9e7779f460,343,200.0,0.0,2,[4],1
0,12,x7f9e7779f460,344,200.0,0.0,2,[4],0
0,12,x7f9e7779f460,345,600.0,1.0,4,[5],0
0,12,x7f9e7779f460,346,600.0,1.0,2,[0],1
0,12,x7f9e7779f460,347,600.0,1.0,4,[6],0
0,12,x7f9e7779f460,348,600.0,1.0,4,[0],0
0,12,x7f9e7779f460,349,469.2274351540596,1.0,3,[4],1
0,12,x7f9e7779f460,350,600.0,1.0,4,[10],0
0,12,x7f9e7779f460,351,600.0,1.0,3,[4],0
0,12,x7f9e7779f460,352,200.0,0.0,2,[4],0
0,12,x7f9e7779f460,353,-200.0,0.0,2,[4],1
0,12,x7f9e7779f460,354,600.0,1.0,2,[4],0
0,12,x7f9e7779f460,355,1000.0,2.0,3,[5],0
0,12,x7f9e7779f460,356,200.0,0.0,5,[6],0
0,12,x7f9e7779f460,357,1000.0,2.0,2,[1],1
0,12,x7f9e7779f460,358,1000.0,2.0,5,[6],0
0,12,x7f9e7779f460,359,200.0,0.0,2,[0],0
0,12,x7f9e7779f460,360,200.0,0.0,5,[5],0
0,12,x7f9e7779f460,361,600.0,1.0,2,[1],0
0,12,x7f9e7779f460,362,200.0,0.0,4,[4],0
0,12,x7f9e7779f460,363,600.0,1.0,4,[5],0
0,12,x7f9e7779f460,364,200.0,0.0,3,[4],1
0,12,x7f9e7779f460,365,600.0,1.0,3,[6],0
0,12,x7f9e7779f460,366,200.0,0.0,2,[5],0
0,12,x7f9e7779f460,367,600.0,1.0,5,[6],0
0,12,x7f9e7779f460,368,200.0,0.0,2,[1],0
0,12,x7f9e7779f460,369,200.0,0.0,5,[4],0
0,12,x7f9e7779f460,370,200.0,0.0,2,[1],0
0,12,x7f9e7779f460,371,200.0,0.0,4,[5],0
0,12,x7f9e7779f460,372,200.0,0.0,4,[0],0
0,12,x7f9e7779f460,373,200.0,0.0,3,[4],1
0,12,x7f9e7779f460,374,200.0,0.0,3,[4],0
0,12,x7f9e7779f460,375,200.0,0.0,2,[4],0
0,12,x7f9e7779f460,376,200.0,0.0,4,[5],0
0,12,x7f9e7779f460,377,1000.0,2.0,5,[6],0
0,12,x7f9e7779f460,378,600.0,1.0,2,[1],0
1,13,x7f9e7779fd60,216,600.0,1.0,3,[5],0
0,12,x7f9e7779f460,379,600.0,1.0,5,[6],0
0,12,x7f9e7779f460,380,600.0,1.0,2,[1],0
1,13,x7f9e7779fd60,217,200.0,0.0,3,[0],1
0,12,x7f9e7779f460,381,600.0,1.0,5,[4],0
0,12,x7f9e7779f460,382,600.0,1.0,2,[0],0
1,13,x7f9e7779fd60,218,200.0,0.0,2,[4],0
0,12,x7f9e7779f460,383,600.0,1.0,5,[5],0
0,12,x7f9e7779f460,384,200.0,0.0,2,[0],0
1,13,x7f9e7779fd60,219,200.0,0.0,2,[0],1
0,12,x7f9e7779f460,385,600.0,1.0,5,[5],0
0,12,x7f9e7779f460,386,200.0,0.0,2,[0],0
0,12,x7f9e7779f460,387,-90.1259259259252,0.0,5,[0],1
1,13,x7f9e7779fd60,220,600.0,1.0,2,[10],1
0,12,x7f9e7779f460,388,200.0,0.0,5,[4],0
0,12,x7f9e7779f460,389,200.0,0.0,2,[1],0
0,12,x7f9e7779f460,390,200.0,0.0,5,[4],0
0,12,x7f9e7779f460,391,200.0,0.0,2,[0],0
0,12,x7f9e7779f460,392,200.0,0.0,4,[5],0
0,12,x7f9e7779f460,393,200.0,0.0,4,[4],0
0,12,x7f9e7779f460,394,1000.0,2.0,3,[6],0
0,12,x7f9e7779f460,395,200.0,0.0,3,[4],0
0,12,x7f9e7779f460,396,200.0,0.0,2,[4],0
0,12,x7f9e7779f460,397,200.0,0.0,2,[5],0
0,12,x7f9e7779f460,398,200.0,0.0,5,[4],0
0,12,x7f9e7779f460,399,200.0,0.0,2,[1],0
0,12,x7f9e7779f460,400,1000.0,2.0,4,[5],1
0,12,x7f9e7779f460,401,200.0,0.0,4,[5],0
0,12,x7f9e7779f460,402,200.0,0.0,3,[4],0
0,12,x7f9e7779f460,403,200.0,0.0,5,[6],0
0,12,x7f9e7779f460,404,200.0,0.0,2,[1],0
0,12,x7f9e7779f460,405,600.0,2.0,5,[1],1
0,12,x7f9e7779f460,406,200.0,0.0,5,[6],0
0,12,x7f9e7779f460,407,200.0,0.0,2,[1],0
0,12,x7f9e7779f460,408,200.0,0.0,4,[4],0
0,12,x7f9e7779f460,409,200.0,0.0,4,[5],0
0,12,x7f9e7779f460,410,98.99954449184227,0.0,3,[4],1
0,12,x7f9e7779f460,411,200.0,0.0,3,[4],0
0,12,x7f9e7779f460,412,-200.0,0.0,2,[4],1
0,12,x7f9e7779f460,413,200.0,0.0,2,[4],0
0,12,x7f9e7779f460,414,200.0,0.0,2,[0],0
0,12,x7f9e7779f460,415,200.0,0.0,2,[10],0
0,12,x7f9e7779f460,416,200.0,0.0,3,[5],0
0,12,x7f9e7779f460,417,200.0,0.0,2,[4],0
0,12,x7f9e7779f460,418,1000.0,2.0,2,[5],1
0,12,x7f9e7779f460,419,200.0,0.0,2,[5],0
0,12,x7f9e7779f460,420,200.0,1.0,2,[5],1
0,12,x7f9e7779f460,421,200.0,0.0,2,[4],0
0,12,x7f9e7779f460,422,200.0,0.0,2,[5],0
0,12,x7f9e7779f460,423,600.0,1.0,5,[6],0
0,12,x7f9e7779f460,424,200.0,0.0,2,[1],0
0,12,x7f9e7779f460,425,200.0,0.0,5,[4],0
0,12,x7f9e7779f460,426,200.0,0.0,2,[1],0
0,12,x7f9e7779f460,427,200.0,1.0,4,[0],1
0,12,x7f9e7779f460,428,200.0,0.0,4,[5],0
0,12,x7f9e7779f460,429,200.0,0.0,3,[6],0
0,12,x7f9e7779f460,430,200.0,0.0,3,[4],0
0,12,x7f9e7779f460,431,200.0,0.0,2,[4],0
0,12,x7f9e7779f460,432,600.0,1.0,5,[5],0
0,12,x7f9e7779f460,433,200.0,0.0,2,[0],0
0,12,x7f9e7779f460,434,200.0,0.0,5,[6],0
0,12,x7f9e7779f460,435,200.0,0.0,2,[1],0
1,13,x7f9e7779fd60,221,1000.0,2.0,2,[5],0
0,12,x7f9e7779f460,436,798.0911038762289,2.0,5,[1],1
0,12,x7f9e7779f460,437,200.0,0.0,5,[6],0
0,12,x7f9e7779f460,438,200.0,0.0,2,[0],1
0,12,x7f9e7779f460,439,200.0,0.0,5,[4],0
0,12,x7f9e7779f460,440,200.0,0.0,2,[0],0
0,12,x7f9e7779f460,441,200.0,0.0,5,[5],0
0,12,x7f9e7779f460,442,600.0,1.0,2,[1],0
0,12,x7f9e7779f460,443,600.0,1.0,4,[4],0
0,12,x7f9e7779f460,444,720.3113979996868,2.0,4,[0],1
0,12,x7f9e7779f460,445,600.0,1.0,3,[5],0
0,12,x7f9e7779f460,446,1.908896123771954,0.0,3,[4],1
0,12,x7f9e7779f460,447,200.0,0.0,3,[5],0
0,12,x7f9e7779f460,448,200.0,0.0,2,[4],0
0,12,x7f9e7779f460,449,200.0,0.0,3,[10],0
0,12,x7f9e7779f460,450,200.0,0.0,2,[5],0
0,12,x7f9e7779f460,451,600.0,1.0,5,[6],0
1,13,x7f9e7779fd60,222,-200.0,0.0,2,[4],1
0,12,x7f9e7779f460,452,200.0,0.0,2,[1],0
0,12,x7f9e7779f460,453,200.0,0.0,5,[6],0
0,12,x7f9e7779f460,454,200.0,0.0,2,[0],0
0,12,x7f9e7779f460,455,1000.0,2.0,4,[4],0
0,12,x7f9e7779f460,456,600.0,1.0,2,[1],0
0,12,x7f9e7779f460,457,600.0,1.0,4,[6],0
0,12,x7f9e7779f460,458,200.0,0.0,4,[5],0
0,12,x7f9e7779f460,459,600.0,1.0,3,[4],0
0,12,x7f9e7779f460,460,439.44567649611196,1.0,4,[6],1
0,12,x7f9e7779f460,461,200.0,0.0,2,[4],0
0,12,x7f9e7779f460,462,200.0,0.0,2,[5],0
0,12,x7f9e7779f460,463,200.0,0.0,3,[4],0
0,12,x7f9e7779f460,464,600.0,1.0,5,[5],0
0,12,x7f9e7779f460,465,600.0,1.0,2,[0],0
0,12,x7f9e7779f460,466,600.0,1.0,5,[6],0
0,12,x7f9e7779f460,467,200.0,0.0,2,[1],0
0,12,x7f9e7779f460,468,200.0,0.0,5,[6],0
0,12,x7f9e7779f460,469,200.0,0.0,2,[0],0
0,12,x7f9e7779f460,470,407.4074074074068,1.0,5,[5],1
0,12,x7f9e7779f460,471,200.0,0.0,2,[1],0
0,12,x7f9e7779f460,472,200.0,0.0,4,[4],0
0,12,x7f9e7779f460,473,200.0,0.0,4,[5],0
0,12,x7f9e7779f460,474,200.0,0.0,3,[4],1
0,12,x7f9e7779f460,475,200.0,0.0,3,[6],0
0,12,x7f9e7779f460,476,200.0,0.0,4,[10],0
0,12,x7f9e7779f460,477,200.0,0.0,3,[4],1
0,12,x7f9e7779f460,478,-200.0,0.0,2,[4],1
0,12,x7f9e7779f460,479,600.0,1.0,2,[5],0
0,12,x7f9e7779f460,480,1000.0,2.0,4,[5],0
0,12,x7f9e7779f460,481,200.0,0.0,4,[6],0
0,12,x7f9e7779f460,482,200.0,0.0,3,[4],1
0,12,x7f9e7779f460,483,200.0,0.0,4,[10],0
0,12,x7f9e7779f460,484,200.0,0.0,3,[6],0
0,12,x7f9e7779f460,485,200.0,0.0,2,[5],0
0,12,x7f9e7779f460,486,200.0,0.0,2,[4],0
0,12,x7f9e7779f460,487,200.0,0.0,3,[4],0
0,12,x7f9e7779f460,488,600.0,1.0,2,[5],0
0,12,x7f9e7779f460,489,200.0,0.0,2,[4],0
0,12,x7f9e7779f460,490,200.0,0.0,5,[4],0
0,12,x7f9e7779f460,491,200.0,0.0,2,[1],0
0,12,x7f9e7779f460,492,200.0,0.0,5,[5],0
0,12,x7f9e7779f460,493,200.0,1.0,2,[1],1
0,12,x7f9e7779f460,494,200.0,0.0,4,[5],0
0,12,x7f9e7779f460,495,200.0,0.0,4,[0],0
0,12,x7f9e7779f460,496,200.0,0.0,3,[6],0
0,12,x7f9e7779f460,497,1000.0,2.0,3,[4],0
0,12,x7f9e7779f460,498,600.0,1.0,2,[4],0
0,12,x7f9e7779f460,499,600.0,1.0,2,[5],0
0,12,x7f9e7779f460,500,600.0,1.0,3,[10],0
0,12,x7f9e7779f460,501,600.0,1.0,2,[5],0
0,12,x7f9e7779f460,502,600.0,1.0,3,[4],0
0,12,x7f9e7779f460,503,200.0,0.0,2,[5],0
0,12,x7f9e7779f460,504,600.0,1.0,2,[4],0
0,12,x7f9e7779f460,505,200.0,0.0,3,[5],0
0,12,x7f9e7779f460,506,600.0,1.0,3,[0],0
0,12,x7f9e7779f460,507,200.0,0.0,5,[0],0
0,12,x7f9e7779f460,508,1000.0,2.0,5,[5],0
0,12,x7f9e7779f460,509,200.0,0.0,2,[1],0
0,12,x7f9e7779f460,510,200.0,0.0,4,[4],0
0,12,x7f9e7779f460,511,200.0,0.0,4,[5],0
0,12,x7f9e7779f460,512,200.0,0.0,3,[4],1
0,12,x7f9e7779f460,513,200.0,0.0,3,[6],0
0,12,x7f9e7779f460,514,200.0,0.0,5,[0],1
1,13,x7f9e7779fd60,223,200.0,0.0,2,[4],1
0,12,x7f9e7779f460,515,200.0,0.0,5,[5],0
0,12,x7f9e7779f460,516,-200.0,0.0,2,[0],1
1,13,x7f9e7779fd60,224,200.0,0.0,2,[0],0
0,12,x7f9e7779f460,517,200.0,0.0,5,[4],0
0,12,x7f9e7779f460,518,200.0,0.0,2,[0],0
1,13,x7f9e7779fd60,225,-200.0,0.0,5,[0],1
0,12,x7f9e7779f460,519,200.0,0.0,5,[6],0
0,12,x7f9e7779f460,520,200.0,0.0,2,[0],0
1,13,x7f9e7779fd60,226,200.0,0.0,5,[6],0
1,13,x7f9e7779fd60,227,200.0,0.0,2,[0],0
0,12,x7f9e7779f460,521,-200.0,0.0,5,[0],1
1,13,x7f9e7779fd60,228,200.0,0.0,4,[4],0
1,13,x7f9e7779fd60,229,200.0,0.0,2,[1],0
0,12,x7f9e7779f460,522,200.0,0.0,5,[6],0
0,12,x7f9e7779f460,523,200.0,0.0,2,[0],0
1,13,x7f9e7779fd60,230,200.0,0.0,4,[5],0
0,12,x7f9e7779f460,524,200.0,0.0,5,[4],0
0,12,x7f9e7779f460,525,200.0,0.0,2,[0],1
1,13,x7f9e7779fd60,231,200.0,0.0,4,[5],0
0,12,x7f9e7779f460,526,200.0,0.0,5,[5],0
0,12,x7f9e7779f460,527,200.0,0.0,2,[0],0
1,13,x7f9e7779fd60,232,200.0,0.0,3,[4],0
0,12,x7f9e7779f460,528,200.0,0.0,5,[5],0
1,13,x7f9e7779fd60,233,797.965740740741,2.0,4,[4],1
0,12,x7f9e7779f460,529,200.0,0.0,2,[0],0
0,12,x7f9e7779f460,530,200.0,0.0,5,[4],0
0,12,x7f9e7779f460,531,200.0,0.0,2,[0],0
1,13,x7f9e7779fd60,234,-200.0,0.0,2,[4],1
0,12,x7f9e7779f460,532,200.0,0.0,5,[4],0
0,12,x7f9e7779f460,533,1000.0,2.0,2,[0],0
1,13,x7f9e7779fd60,235,200.0,0.0,2,[4],0
0,12,x7f9e7779f460,534,200.0,0.0,5,[4],0
0,12,x7f9e7779f460,535,200.0,0.0,2,[1],0
1,13,x7f9e7779fd60,236,200.0,0.0,3,[5],0
0,12,x7f9e7779f460,536,200.0,0.0,5,[4],0
0,12,x7f9e7779f460,537,200.0,0.0,2,[1],0
1,13,x7f9e7779fd60,237,200.0,0.0,3,[6],0
0,12,x7f9e7779f460,538,892.5878409693979,2.0,5,[4],1
0,12,x7f9e7779f460,539,200.0,0.0,2,[1],0
1,13,x7f9e7779fd60,238,600.0,1.0,2,[5],0
0,12,x7f9e7779f460,540,200.0,0.0,5,[4],0
0,12,x7f9e7779f460,541,200.0,0.0,2,[0],0
1,13,x7f9e7779fd60,239,200.0,0.0,2,[4],0
0,12,x7f9e7779f460,542,200.0,0.0,5,[4],0
0,12,x7f9e7779f460,543,600.0,1.0,2,[0],0
0,12,x7f9e7779f460,544,200.0,0.0,5,[4],0
0,12,x7f9e7779f460,545,200.0,0.0,2,[0],0
0,12,x7f9e7779f460,546,200.0,0.0,5,[4],0
0,12,x7f9e7779f460,547,200.0,0.0,2,[1],0
0,12,x7f9e7779f460,548,200.0,0.0,5,[6],0
0,12,x7f9e7779f460,549,1000.0,2.0,2,[0],0
0,12,x7f9e7779f460,550,600.0,1.0,4,[4],0
0,12,x7f9e7779f460,551,200.0,0.0,4,[4],0
0,12,x7f9e7779f460,552,200.0,0.0,3,[6],0
0,12,x7f9e7779f460,553,1000.0,2.0,3,[4],0
0,12,x7f9e7779f460,554,200.0,0.0,3,[0],0
0,12,x7f9e7779f460,555,600.0,1.0,2,[5],0
0,12,x7f9e7779f460,556,200.0,0.0,3,[10],0
0,12,x7f9e7779f460,557,600.0,1.0,2,[4],0
0,12,x7f9e7779f460,558,200.0,0.0,2,[4],0
0,12,x7f9e7779f460,559,200.0,0.0,2,[5],0
0,12,x7f9e7779f460,560,200.0,0.0,4,[5],0
0,12,x7f9e7779f460,561,600.0,1.0,4,[6],0
0,12,x7f9e7779f460,562,600.0,1.0,5,[4],0
0,12,x7f9e7779f460,563,1000.0,2.0,2,[0],0
1,13,x7f9e7779fd60,240,200.0,0.0,5,[4],0
1,13,x7f9e7779fd60,241,200.0,0.0,2,[1],0
0,12,x7f9e7779f460,564,1000.0,2.0,5,[6],1
0,12,x7f9e7779f460,565,200.0,0.0,2,[1],0
1,13,x7f9e7779fd60,242,600.0,2.0,5,[0],1
0,12,x7f9e7779f460,566,200.0,0.0,5,[6],0
0,12,x7f9e7779f460,567,200.0,0.0,2,[0],0
1,13,x7f9e7779fd60,243,200.0,0.0,5,[5],0
1,13,x7f9e7779fd60,244,200.0,0.0,2,[1],0
0,12,x7f9e7779f460,568,200.0,0.0,5,[4],0
0,12,x7f9e7779f460,569,200.0,0.0,2,[1],0
1,13,x7f9e7779fd60,245,400.00024864581275,1.0,5,[0],1
0,12,x7f9e7779f460,570,200.0,0.0,5,[6],0
0,12,x7f9e7779f460,571,600.0,1.0,2,[1],0
1,13,x7f9e7779fd60,246,200.0,0.0,5,[5],0
1,13,x7f9e7779fd60,247,600.0,1.0,2,[1],0
0,12,x7f9e7779f460,572,200.0,0.0,5,[5],0
0,12,x7f9e7779f460,573,200.0,0.0,2,[1],0
1,13,x7f9e7779fd60,248,474.78346057782915,1.0,5,[4],1
1,13,x7f9e7779fd60,249,200.0,0.0,2,[0],1
0,12,x7f9e7779f460,574,200.0,0.0,5,[4],0
0,12,x7f9e7779f460,575,600.0,1.0,2,[1],0
1,13,x7f9e7779fd60,250,400.546274850595,1.0,5,[1],1
0,12,x7f9e7779f460,576,709.8740740740706,2.0,5,[0],1
1,13,x7f9e7779fd60,251,200.0,0.0,5,[4],0
1,13,x7f9e7779fd60,252,-200.0,0.0,2,[0],1
0,12,x7f9e7779f460,577,200.0,0.0,5,[5],0
0,12,x7f9e7779f460,578,200.0,0.0,2,[1],0
1,13,x7f9e7779fd60,253,600.0,1.0,5,[4],1
1,13,x7f9e7779fd60,254,-200.0,0.0,2,[0],1
0,12,x7f9e7779f460,579,200.0,0.0,5,[6],0
0,12,x7f9e7779f460,580,600.0,1.0,2,[1],0
1,13,x7f9e7779fd60,255,200.0,0.0,5,[0],0
0,12,x7f9e7779f460,581,600.0,1.0,5,[5],0
0,12,x7f9e7779f460,582,600.0,1.0,2,[0],0
1,13,x7f9e7779fd60,256,200.0,0.0,5,[4],0
1,13,x7f9e7779fd60,257,200.0,0.0,2,[1],0
0,12,x7f9e7779f460,583,600.0,1.0,5,[5],0
0,12,x7f9e7779f460,584,200.0,0.0,2,[0],0
1,13,x7f9e7779fd60,258,-18.4757992581318,0.0,5,[0],1
0,12,x7f9e7779f460,585,600.0,1.0,5,[4],0
0,12,x7f9e7779f460,586,200.0,0.0,2,[0],0
1,13,x7f9e7779fd60,259,200.0,0.0,5,[6],0
1,13,x7f9e7779fd60,260,200.0,0.0,2,[1],0
0,12,x7f9e7779f460,587,600.0,1.0,5,[4],1
0,12,x7f9e7779f460,588,200.0,0.0,2,[1],0
1,13,x7f9e7779fd60,261,200.0,0.0,5,[5],0
1,13,x7f9e7779fd60,262,1000.0,2.0,2,[1],0
0,12,x7f9e7779f460,589,200.0,0.0,5,[4],0
0,12,x7f9e7779f460,590,200.0,0.0,2,[1],0
1,13,x7f9e7779fd60,263,200.0,0.0,5,[4],0
1,13,x7f9e7779fd60,264,200.0,0.0,2,[1],0
0,12,x7f9e7779f460,591,200.0,0.0,5,[4],0
0,12,x7f9e7779f460,592,200.0,0.0,2,[1],0
1,13,x7f9e7779fd60,265,200.0,0.0,5,[4],0
1,13,x7f9e7779fd60,266,200.0,0.0,2,[0],0
0,12,x7f9e7779f460,593,200.0,0.0,5,[4],0
0,12,x7f9e7779f460,594,-200.0,0.0,2,[0],1
1,13,x7f9e7779fd60,267,200.0,0.0,5,[5],0
1,13,x7f9e7779fd60,268,200.0,0.0,2,[1],0
0,12,x7f9e7779f460,595,200.0,0.0,5,[4],0
0,12,x7f9e7779f460,596,200.0,0.0,2,[0],0
1,13,x7f9e7779fd60,269,916.6946431646916,2.0,5,[4],1
1,13,x7f9e7779fd60,270,200.0,0.0,2,[0],0
0,12,x7f9e7779f460,597,200.0,0.0,5,[4],0
0,12,x7f9e7779f460,598,200.0,0.0,2,[0],0
1,13,x7f9e7779fd60,271,200.0,0.0,5,[5],0
1,13,x7f9e7779fd60,272,-200.0,0.0,2,[0],1
0,12,x7f9e7779f460,599,200.0,0.0,5,[5],0
0,12,x7f9e7779f460,600,200.0,0.0,2,[1],0
1,13,x7f9e7779fd60,273,200.0,0.0,5,[4],0
1,13,x7f9e7779fd60,274,200.0,0.0,2,[0],0
0,12,x7f9e7779f460,601,200.0,0.0,5,[5],0
0,12,x7f9e7779f460,602,1000.0,2.0,2,[0],0
1,13,x7f9e7779fd60,275,720.311397999697,2.0,5,[0],1
0,12,x7f9e7779f460,603,200.0,0.0,5,[4],0
0,12,x7f9e7779f460,604,200.0,0.0,2,[0],0
1,13,x7f9e7779fd60,276,200.0,0.0,5,[6],0
1,13,x7f9e7779fd60,277,200.0,0.0,2,[0],0
0,12,x7f9e7779f460,605,200.0,0.0,5,[4],0
0,12,x7f9e7779f460,606,200.0,0.0,2,[1],0
1,13,x7f9e7779fd60,278,200.0,0.0,5,[6],0
1,13,x7f9e7779fd60,279,200.0,0.0,2,[1],0
0,12,x7f9e7779f460,607,1000.0,2.0,5,[4],0
0,12,x7f9e7779f460,608,200.0,0.0,2,[1],0
1,13,x7f9e7779fd60,280,200.0,0.0,5,[4],0
1,13,x7f9e7779fd60,281,200.0,0.0,2,[0],0
0,12,x7f9e7779f460,609,200.0,0.0,5,[4],0
0,12,x7f9e7779f460,610,200.0,0.0,2,[1],0
1,13,x7f9e7779fd60,282,200.0,0.0,5,[5],0
1,13,x7f9e7779fd60,283,600.0,1.0,2,[1],0
0,12,x7f9e7779f460,611,200.0,0.0,5,[4],0
0,12,x7f9e7779f460,612,200.0,0.0,2,[1],0
1,13,x7f9e7779fd60,284,200.0,0.0,5,[4],0
1,13,x7f9e7779fd60,285,200.0,0.0,2,[1],0
0,12,x7f9e7779f460,613,200.0,0.0,5,[4],0
0,12,x7f9e7779f460,614,1000.0,2.0,2,[0],0
1,13,x7f9e7779fd60,286,600.0,1.0,5,[5],0
1,13,x7f9e7779fd60,287,200.0,0.0,2,[1],0
0,12,x7f9e7779f460,615,200.0,0.0,5,[4],0
0,12,x7f9e7779f460,616,200.0,0.0,2,[0],0
1,13,x7f9e7779fd60,288,200.0,0.0,5,[6],0
1,13,x7f9e7779fd60,289,200.0,0.0,2,[0],0
0,12,x7f9e7779f460,617,200.0,0.0,5,[4],0
0,12,x7f9e7779f460,618,600.0,1.0,2,[0],0
1,13,x7f9e7779fd60,290,200.0,0.0,5,[4],0
1,13,x7f9e7779fd60,291,200.0,0.0,2,[1],0
0,12,x7f9e7779f460,619,1000.0,2.0,5,[4],0
0,12,x7f9e7779f460,620,200.0,0.0,2,[0],0
1,13,x7f9e7779fd60,292,200.0,0.0,5,[6],0
1,13,x7f9e7779fd60,293,200.0,0.0,2,[0],0
0,12,x7f9e7779f460,621,200.0,0.0,5,[4],0
0,12,x7f9e7779f460,622,200.0,0.0,2,[0],0
1,13,x7f9e7779fd60,294,200.0,0.0,5,[4],0
1,13,x7f9e7779fd60,295,-200.0,0.0,2,[0],1
0,12,x7f9e7779f460,623,600.0,1.0,5,[4],0
0,12,x7f9e7779f460,624,200.0,0.0,2,[0],0
1,13,x7f9e7779fd60,296,200.0,0.0,5,[4],0
1,13,x7f9e7779fd60,297,200.0,0.0,2,[0],0
0,12,x7f9e7779f460,625,200.0,0.0,5,[4],0
0,12,x7f9e7779f460,626,200.0,0.0,2,[0],0
1,13,x7f9e7779fd60,298,-79.68860200031315,0.0,4,[0],1
0,12,x7f9e7779f460,627,200.0,0.0,5,[4],0
0,12,x7f9e7779f460,628,200.0,0.0,2,[0],0
1,13,x7f9e7779fd60,299,200.0,0.0,4,[6],0
0,12,x7f9e7779f460,629,200.0,0.0,5,[4],0
0,12,x7f9e7779f460,630,200.0,0.0,2,[1],0
1,13,x7f9e7779fd60,300,200.0,0.0,3,[6],0
0,12,x7f9e7779f460,631,200.0,0.0,5,[4],0
0,12,x7f9e7779f460,632,200.0,0.0,2,[1],0
1,13,x7f9e7779fd60,301,200.0,0.0,3,[4],0
0,12,x7f9e7779f460,633,200.0,0.0,5,[4],0
0,12,x7f9e7779f460,634,200.0,0.0,2,[1],0
1,13,x7f9e7779fd60,302,200.0,0.0,3,[0],0
0,12,x7f9e7779f460,635,200.0,0.0,5,[4],0
0,12,x7f9e7779f460,636,200.0,0.0,2,[1],0
1,13,x7f9e7779fd60,303,200.0,0.0,2,[4],0
0,12,x7f9e7779f460,637,200.0,0.0,5,[4],0
0,12,x7f9e7779f460,638,200.0,0.0,2,[0],0
1,13,x7f9e7779fd60,304,340.7407407407426,1.0,3,[4],1
0,12,x7f9e7779f460,639,200.0,0.0,5,[4],0
0,12,x7f9e7779f460,640,200.0,0.0,2,[0],0
0,12,x7f9e7779f460,641,200.0,0.0,5,[4],0
0,12,x7f9e7779f460,642,600.0,1.0,2,[0],0
0,12,x7f9e7779f460,643,200.0,0.0,5,[4],0
0,12,x7f9e7779f460,644,200.0,0.0,2,[1],0
0,12,x7f9e7779f460,645,200.0,0.0,5,[4],0
0,12,x7f9e7779f460,646,1000.0,2.0,2,[1],0
0,12,x7f9e7779f460,647,200.0,0.0,5,[5],0
0,12,x7f9e7779f460,648,200.0,0.0,2,[1],0
1,13,x7f9e7779fd60,305,200.0,0.0,2,[0],0
0,12,x7f9e7779f460,649,761.8276428193832,2.0,5,[5],1
0,12,x7f9e7779f460,650,200.0,0.0,2,[1],0
0,12,x7f9e7779f460,651,200.0,0.0,5,[5],0
1,13,x7f9e7779fd60,306,200.0,1.0,2,[4],1
0,12,x7f9e7779f460,652,200.0,0.0,2,[0],1
0,12,x7f9e7779f460,653,600.0,1.0,5,[4],0
0,12,x7f9e7779f460,654,200.0,0.0,2,[0],0
0,12,x7f9e7779f460,655,200.0,0.0,4,[4],0
0,12,x7f9e7779f460,656,200.0,0.0,2,[1],0
0,12,x7f9e7779f460,657,200.0,0.0,4,[4],0
0,12,x7f9e7779f460,658,200.0,0.0,5,[5],0
0,12,x7f9e7779f460,659,600.0,1.0,2,[1],0
0,12,x7f9e7779f460,660,600.0,1.0,5,[6],0
0,12,x7f9e7779f460,661,200.0,0.0,2,[0],0
0,12,x7f9e7779f460,662,200.0,0.0,5,[4],0
0,12,x7f9e7779f460,663,200.0,0.0,2,[1],0
0,12,x7f9e7779f460,664,200.0,0.0,4,[6],0
0,12,x7f9e7779f460,665,200.0,0.0,2,[0],0
0,12,x7f9e7779f460,666,200.0,0.0,4,[5],0
0,12,x7f9e7779f460,667,600.0,1.0,5,[4],0
0,12,x7f9e7779f460,668,200.0,0.0,2,[0],0
1,13,x7f9e7779fd60,307,200.0,1.0,3,[5],1
0,12,x7f9e7779f460,669,200.0,0.0,5,[6],0
0,12,x7f9e7779f460,670,200.0,1.0,2,[1],1
1,13,x7f9e7779fd60,308,200.0,0.0,3,[4],0
0,12,x7f9e7779f460,671,200.0,0.0,5,[1],0
1,13,x7f9e7779fd60,309,200.0,0.0,2,[4],0
0,12,x7f9e7779f460,672,200.0,1.0,5,[6],1
0,12,x7f9e7779f460,673,200.0,0.0,2,[1],0
1,13,x7f9e7779fd60,310,600.0,1.0,2,[0],0
0,12,x7f9e7779f460,674,200.0,1.0,5,[1],1
0,12,x7f9e7779f460,675,200.0,0.0,5,[4],0
1,13,x7f9e7779fd60,311,200.0,1.0,2,[4],1
0,12,x7f9e7779f460,676,200.0,0.0,2,[0],0
0,12,x7f9e7779f460,677,294.41129822090505,1.0,5,[1],1
1,13,x7f9e7779fd60,312,837.017642663642,2.0,4,[6],1
0,12,x7f9e7779f460,678,200.0,0.0,5,[5],0
0,12,x7f9e7779f460,679,1000.0,2.0,2,[1],0
1,13,x7f9e7779fd60,313,600.0,1.0,4,[4],1
0,12,x7f9e7779f460,680,200.0,0.0,5,[5],0
0,12,x7f9e7779f460,681,600.0,1.0,2,[1],0
1,13,x7f9e7779fd60,314,200.0,0.0,3,[6],0
0,12,x7f9e7779f460,682,200.0,0.0,5,[4],0
0,12,x7f9e7779f460,683,200.0,0.0,2,[0],0
1,13,x7f9e7779fd60,315,200.0,0.0,3,[4],0
0,12,x7f9e7779f460,684,600.0,1.0,5,[5],0
0,12,x7f9e7779f460,685,200.0,0.0,2,[0],0
1,13,x7f9e7779fd60,316,200.0,0.0,3,[0],0
0,12,x7f9e7779f460,686,1000.0,2.0,5,[4],0
0,12,x7f9e7779f460,687,200.0,0.0,2,[1],0
1,13,x7f9e7779fd60,317,-200.0,0.0,2,[4],1
0,12,x7f9e7779f460,688,200.0,0.0,5,[4],0
0,12,x7f9e7779f460,689,200.0,0.0,2,[0],0
1,13,x7f9e7779fd60,318,200.0,0.0,4,[6],0
1,13,x7f9e7779fd60,319,600.0,1.0,2,[1],0
0,12,x7f9e7779f460,690,200.0,0.0,5,[4],0
0,12,x7f9e7779f460,691,200.0,0.0,2,[1],0
1,13,x7f9e7779fd60,320,200.0,0.0,4,[4],0
0,12,x7f9e7779f460,692,200.0,0.0,5,[4],0
0,12,x7f9e7779f460,693,200.0,0.0,2,[1],0
1,13,x7f9e7779fd60,321,600.0,1.0,4,[5],0
0,12,x7f9e7779f460,694,200.0,0.0,5,[4],0
0,12,x7f9e7779f460,695,200.0,0.0,2,[0],0
1,13,x7f9e7779fd60,322,600.0,1.0,3,[4],0
0,12,x7f9e7779f460,696,200.0,0.0,5,[4],0
0,12,x7f9e7779f460,697,600.0,1.0,2,[0],0
1,13,x7f9e7779fd60,323,1000.0,2.0,3,[6],0
0,12,x7f9e7779f460,698,782.160022345722,2.0,5,[1],1
1,13,x7f9e7779fd60,324,200.0,0.0,2,[5],0
0,12,x7f9e7779f460,699,200.0,0.0,5,[4],0
0,12,x7f9e7779f460,700,600.0,1.0,2,[0],0
1,13,x7f9e7779fd60,325,200.0,0.0,2,[4],0
0,12,x7f9e7779f460,701,200.0,0.0,5,[4],0
0,12,x7f9e7779f460,702,200.0,0.0,2,[0],0
0,12,x7f9e7779f460,703,600.0,1.0,5,[4],0
0,12,x7f9e7779f460,704,200.0,0.0,2,[0],0
0,12,x7f9e7779f460,705,600.0,1.0,5,[4],0
0,12,x7f9e7779f460,706,200.0,0.0,2,[1],0
0,12,x7f9e7779f460,707,200.0,0.0,5,[6],0
0,12,x7f9e7779f460,708,600.0,1.0,2,[0],0
0,12,x7f9e7779f460,709,200.0,0.0,4,[4],0
0,12,x7f9e7779f460,710,200.0,0.0,4,[4],0
0,12,x7f9e7779f460,711,1000.0,2.0,3,[6],0
0,12,x7f9e7779f460,712,600.0,1.0,3,[4],0
0,12,x7f9e7779f460,713,200.0,0.0,3,[0],0
0,12,x7f9e7779f460,714,600.0,1.0,2,[5],0
0,12,x7f9e7779f460,715,200.0,0.0,3,[10],0
0,12,x7f9e7779f460,716,600.0,1.0,2,[4],0
0,12,x7f9e7779f460,717,200.0,0.0,2,[4],0
0,12,x7f9e7779f460,718,200.0,0.0,3,[5],0
0,12,x7f9e7779f460,719,200.0,0.0,3,[4],0
0,12,x7f9e7779f460,720,1000.0,2.0,5,[5],0
0,12,x7f9e7779f460,721,600.0,1.0,2,[0],0
0,12,x7f9e7779f460,722,600.0,1.0,5,[6],0
0,12,x7f9e7779f460,723,200.0,0.0,2,[1],0
0,12,x7f9e7779f460,724,200.0,0.0,5,[6],0
0,12,x7f9e7779f460,725,200.0,0.0,2,[0],0
0,12,x7f9e7779f460,726,200.0,0.0,5,[4],0
0,12,x7f9e7779f460,727,200.0,0.0,2,[1],0
1,13,x7f9e7779fd60,326,-79.68860200030446,0.0,3,[0],1
0,12,x7f9e7779f460,728,200.0,0.0,5,[6],0
0,12,x7f9e7779f460,729,200.0,0.0,2,[0],0
1,13,x7f9e7779fd60,327,200.0,0.0,2,[5],0
0,12,x7f9e7779f460,730,200.0,0.0,5,[5],0
0,12,x7f9e7779f460,731,200.0,0.0,2,[1],0
1,13,x7f9e7779fd60,328,600.0,1.0,2,[5],1
0,12,x7f9e7779f460,732,200.0,0.0,5,[4],0
0,12,x7f9e7779f460,733,600.0,1.0,2,[1],0
0,12,x7f9e7779f460,734,200.0,0.0,5,[5],0
0,12,x7f9e7779f460,735,200.0,0.0,2,[0],0
0,12,x7f9e7779f460,736,600.0,1.0,5,[5],0
0,12,x7f9e7779f460,737,200.0,0.0,2,[0],0
1,13,x7f9e7779fd60,329,200.0,0.0,3,[4],0
0,12,x7f9e7779f460,738,200.0,0.0,5,[4],0
0,12,x7f9e7779f460,739,200.0,0.0,2,[1],0
1,13,x7f9e7779fd60,330,720.3113979996868,2.0,3,[6],1
0,12,x7f9e7779f460,740,200.0,0.0,5,[6],0
0,12,x7f9e7779f460,741,600.0,1.0,2,[0],0
1,13,x7f9e7779fd60,331,200.0,0.0,2,[5],0
0,12,x7f9e7779f460,742,200.0,0.0,5,[4],0
0,12,x7f9e7779f460,743,200.0,0.0,2,[1],0
1,13,x7f9e7779fd60,332,200.0,0.0,2,[5],0
0,12,x7f9e7779f460,744,200.0,0.0,5,[4],0
0,12,x7f9e7779f460,745,600.0,2.0,2,[0],1
1,13,x7f9e7779fd60,333,600.0,1.0,5,[6],0
1,13,x7f9e7779fd60,334,600.0,1.0,2,[1],0
0,12,x7f9e7779f460,746,200.0,0.0,5,[5],0
0,12,x7f9e7779f460,747,200.0,0.0,2,[0],0
1,13,x7f9e7779fd60,335,200.0,0.0,5,[4],0
1,13,x7f9e7779fd60,336,-200.0,0.0,2,[0],1
0,12,x7f9e7779f460,748,200.0,0.0,5,[6],0
0,12,x7f9e7779f460,749,600.0,1.0,2,[0],0
1,13,x7f9e7779fd60,337,397.04857029628545,1.0,4,[4],1
0,12,x7f9e7779f460,750,600.0,1.0,5,[4],0
0,12,x7f9e7779f460,751,200.0,0.0,2,[0],0
1,13,x7f9e7779fd60,338,600.0,1.0,4,[4],1
0,12,x7f9e7779f460,752,600.0,1.0,5,[5],0
0,12,x7f9e7779f460,753,600.0,1.0,2,[1],0
1,13,x7f9e7779fd60,339,200.0,0.0,3,[6],0
0,12,x7f9e7779f460,754,1000.0,2.0,5,[4],0
0,12,x7f9e7779f460,755,200.0,0.0,2,[1],0
1,13,x7f9e7779fd60,340,200.0,0.0,5,[0],0
0,12,x7f9e7779f460,756,200.0,0.0,5,[4],0
0,12,x7f9e7779f460,757,600.0,1.0,2,[0],0
1,13,x7f9e7779fd60,341,839.4456764961109,2.0,5,[1],1
0,12,x7f9e7779f460,758,600.0,1.0,5,[4],0
0,12,x7f9e7779f460,759,200.0,0.0,2,[0],0
1,13,x7f9e7779fd60,342,200.0,0.0,5,[5],0
1,13,x7f9e7779fd60,343,600.0,1.0,2,[1],0
0,12,x7f9e7779f460,760,200.0,0.0,5,[4],0
0,12,x7f9e7779f460,761,600.0,2.0,2,[0],1
1,13,x7f9e7779fd60,344,200.0,0.0,5,[4],0
1,13,x7f9e7779fd60,345,200.0,0.0,2,[1],0
0,12,x7f9e7779f460,762,600.0,1.0,5,[4],0
0,12,x7f9e7779f460,763,200.0,0.0,2,[0],0
1,13,x7f9e7779fd60,346,200.0,1.0,5,[1],1
0,12,x7f9e7779f460,764,200.0,0.0,5,[4],0
0,12,x7f9e7779f460,765,200.0,0.0,2,[0],0
1,13,x7f9e7779fd60,347,200.0,0.0,5,[6],0
1,13,x7f9e7779fd60,348,200.0,0.0,2,[1],0
0,12,x7f9e7779f460,766,200.0,0.0,5,[5],0
0,12,x7f9e7779f460,767,200.0,0.0,2,[1],0
1,13,x7f9e7779fd60,349,600.0,1.0,5,[4],0
1,13,x7f9e7779fd60,350,200.0,0.0,2,[0],0
0,12,x7f9e7779f460,768,200.0,0.0,5,[5],0
0,12,x7f9e7779f460,769,600.0,1.0,2,[1],0
1,13,x7f9e7779fd60,351,200.0,1.0,5,[0],1
0,12,x7f9e7779f460,770,1000.0,2.0,5,[4],0
0,12,x7f9e7779f460,771,600.0,1.0,2,[0],0
1,13,x7f9e7779fd60,352,200.0,0.0,5,[5],0
1,13,x7f9e7779fd60,353,200.0,0.0,2,[0],0
0,12,x7f9e7779f460,772,200.0,0.0,5,[4],0
0,12,x7f9e7779f460,773,200.0,0.0,2,[1],0
1,13,x7f9e7779fd60,354,600.0,1.0,5,[4],0
1,13,x7f9e7779fd60,355,600.0,1.0,2,[1],0
0,12,x7f9e7779f460,774,600.0,1.0,5,[4],0
0,12,x7f9e7779f460,775,600.0,1.0,2,[1],0
1,13,x7f9e7779fd60,356,200.0,0.0,5,[4],0
1,13,x7f9e7779fd60,357,1000.0,2.0,2,[0],1
0,12,x7f9e7779f460,776,200.0,0.0,5,[5],0
0,12,x7f9e7779f460,777,200.0,0.0,2,[1],0
1,13,x7f9e7779fd60,358,200.0,0.0,5,[4],0
1,13,x7f9e7779fd60,359,1000.0,2.0,2,[1],0
0,12,x7f9e7779f460,778,600.0,1.0,5,[5],0
0,12,x7f9e7779f460,779,200.0,0.0,2,[1],0
1,13,x7f9e7779fd60,360,600.0,1.0,4,[4],0
0,12,x7f9e7779f460,780,200.0,0.0,5,[5],0
0,12,x7f9e7779f460,781,600.0,1.0,2,[1],0
1,13,x7f9e7779fd60,361,916.6946431646916,2.0,4,[4],1
0,12,x7f9e7779f460,782,200.0,0.0,5,[5],0
0,12,x7f9e7779f460,783,1000.0,2.0,2,[1],0
1,13,x7f9e7779fd60,362,1000.0,2.0,3,[4],1
0,12,x7f9e7779f460,784,600.0,1.0,5,[5],0
0,12,x7f9e7779f460,785,1000.0,2.0,2,[1],0
1,13,x7f9e7779fd60,363,200.0,0.0,3,[6],0
0,12,x7f9e7779f460,786,600.0,1.0,5,[4],0
0,12,x7f9e7779f460,787,600.0,1.0,2,[0],0
1,13,x7f9e7779fd60,364,1000.0,2.0,2,[4],0
0,12,x7f9e7779f460,788,1000.0,2.0,5,[5],0
0,12,x7f9e7779f460,789,600.0,2.0,2,[1],1
1,13,x7f9e7779fd60,365,200.0,0.0,2,[5],0
0,12,x7f9e7779f460,790,1000.0,2.0,5,[4],0
0,12,x7f9e7779f460,791,200.0,0.0,2,[0],0
1,13,x7f9e7779fd60,366,200.0,1.0,2,[4],1
0,12,x7f9e7779f460,792,792.5925925925932,2.0,5,[5],1
0,12,x7f9e7779f460,793,200.0,1.0,2,[1],1
0,12,x7f9e7779f460,794,600.0,1.0,5,[4],0
0,12,x7f9e7779f460,795,200.0,0.0,2,[1],0
0,12,x7f9e7779f460,796,200.0,0.0,5,[4],0
0,12,x7f9e7779f460,797,200.0,0.0,2,[0],0
0,12,x7f9e7779f460,798,200.0,0.0,4,[5],0
0,12,x7f9e7779f460,799,1000.0,2.0,2,[1],0
0,12,x7f9e7779f460,800,1000.0,2.0,4,[6],0
0,12,x7f9e7779f460,801,200.0,0.0,4,[5],0
0,12,x7f9e7779f460,802,600.0,1.0,3,[4],0
0,12,x7f9e7779f460,803,200.0,0.0,4,[10],0
0,12,x7f9e7779f460,804,600.0,1.0,3,[6],0
0,12,x7f9e7779f460,805,200.0,1.0,2,[5],1
0,12,x7f9e7779f460,806,200.0,0.0,2,[4],0
0,12,x7f9e7779f460,807,600.0,1.0,2,[4],0
0,12,x7f9e7779f460,808,200.0,0.0,3,[4],0
0,12,x7f9e7779f460,809,200.0,0.0,2,[5],0
0,12,x7f9e7779f460,810,1000.0,2.0,2,[4],0
0,12,x7f9e7779f460,811,1000.0,2.0,5,[5],0
0,12,x7f9e7779f460,812,200.0,0.0,2,[0],0
0,12,x7f9e7779f460,813,200.0,0.0,4,[6],0
0,12,x7f9e7779f460,814,200.0,0.0,4,[0],0
0,12,x7f9e7779f460,815,1000.0,2.0,3,[5],0
0,12,x7f9e7779f460,816,600.0,1.0,3,[4],0
0,12,x7f9e7779f460,817,600.0,1.0,2,[4],0
0,12,x7f9e7779f460,818,600.0,1.0,2,[5],0
0,12,x7f9e7779f460,819,600.0,1.0,3,[10],0
0,12,x7f9e7779f460,820,200.0,0.0,2,[5],0
0,12,x7f9e7779f460,821,200.0,0.0,4,[5],0
0,12,x7f9e7779f460,822,1000.0,2.0,4,[6],0
0,12,x7f9e7779f460,823,200.0,0.0,3,[4],1
0,12,x7f9e7779f460,824,1000.0,2.0,4,[10],0
0,12,x7f9e7779f460,825,600.0,1.0,3,[6],0
0,12,x7f9e7779f460,826,200.0,0.0,2,[5],0
0,12,x7f9e7779f460,827,200.0,0.0,2,[4],0
0,12,x7f9e7779f460,828,600.0,1.0,5,[5],0
0,12,x7f9e7779f460,829,200.0,0.0,2,[0],0
0,12,x7f9e7779f460,830,200.0,0.0,4,[6],0
0,12,x7f9e7779f460,831,200.0,0.0,4,[0],0
0,12,x7f9e7779f460,832,200.0,0.0,3,[5],0
0,12,x7f9e7779f460,833,200.0,0.0,5,[4],0
0,12,x7f9e7779f460,834,200.0,1.0,2,[1],1
0,12,x7f9e7779f460,835,200.0,0.0,5,[0],0
1,13,x7f9e7779fd60,367,200.0,1.0,2,[4],1
0,12,x7f9e7779f460,836,200.0,0.0,5,[0],0
1,13,x7f9e7779fd60,368,418.47579925812903,1.0,3,[6],1
0,12,x7f9e7779f460,837,600.0,1.0,5,[4],0
0,12,x7f9e7779f460,838,600.0,1.0,2,[1],0
1,13,x7f9e7779fd60,369,200.0,0.0,3,[4],0
0,12,x7f9e7779f460,839,200.0,0.0,5,[1],0
1,13,x7f9e7779fd60,370,-200.0,0.0,2,[4],1
0,12,x7f9e7779f460,840,600.0,1.0,5,[5],0
0,12,x7f9e7779f460,841,600.0,1.0,2,[0],0
1,13,x7f9e7779fd60,371,200.0,0.0,2,[5],0
0,12,x7f9e7779f460,842,1000.0,2.0,5,[4],0
0,12,x7f9e7779f460,843,200.0,0.0,2,[1],0
0,12,x7f9e7779f460,844,600.0,1.0,5,[4],0
0,12,x7f9e7779f460,845,200.0,0.0,2,[1],0
0,12,x7f9e7779f460,846,200.0,0.0,5,[5],0
0,12,x7f9e7779f460,847,200.0,0.0,2,[0],0
1,13,x7f9e7779fd60,372,200.0,0.0,4,[4],0
0,12,x7f9e7779f460,848,600.0,1.0,5,[4],0
0,12,x7f9e7779f460,849,200.0,0.0,2,[1],0
1,13,x7f9e7779fd60,373,200.0,0.0,3,[5],0
0,12,x7f9e7779f460,850,200.0,0.0,5,[6],0
0,12,x7f9e7779f460,851,200.0,0.0,2,[1],0
1,13,x7f9e7779fd60,374,-200.0,0.0,3,[4],1
0,12,x7f9e7779f460,852,200.0,0.0,5,[4],0
0,12,x7f9e7779f460,853,200.0,0.0,2,[0],0
1,13,x7f9e7779fd60,375,-200.0,0.0,2,[4],1
0,12,x7f9e7779f460,854,200.0,0.0,5,[4],0
0,12,x7f9e7779f460,855,200.0,0.0,2,[1],0
1,13,x7f9e7779fd60,376,200.0,0.0,2,[4],0
0,12,x7f9e7779f460,856,200.0,0.0,5,[4],0
0,12,x7f9e7779f460,857,200.0,0.0,2,[1],0
1,13,x7f9e7779fd60,377,781.524200741869,2.0,4,[4],1
0,12,x7f9e7779f460,858,200.0,0.0,5,[6],0
0,12,x7f9e7779f460,859,600.0,2.0,2,[1],1
1,13,x7f9e7779fd60,378,200.0,0.0,3,[4],0
0,12,x7f9e7779f460,860,200.0,0.0,5,[4],0
0,12,x7f9e7779f460,861,200.0,0.0,2,[1],0
1,13,x7f9e7779fd60,379,-200.0,0.0,3,[4],1
0,12,x7f9e7779f460,862,200.0,0.0,5,[6],0
0,12,x7f9e7779f460,863,200.0,0.0,2,[0],0
1,13,x7f9e7779fd60,380,200.0,0.0,2,[4],0
0,12,x7f9e7779f460,864,200.0,0.0,5,[4],0
0,12,x7f9e7779f460,865,200.0,0.0,2,[1],0
1,13,x7f9e7779fd60,381,-200.0,0.0,2,[4],1
0,12,x7f9e7779f460,866,200.0,0.0,5,[5],0
0,12,x7f9e7779f460,867,200.0,0.0,2,[1],0
1,13,x7f9e7779fd60,382,200.0,0.0,2,[4],0
0,12,x7f9e7779f460,868,797.0485702962843,2.0,5,[4],1
0,12,x7f9e7779f460,869,200.0,0.0,2,[1],0
0,12,x7f9e7779f460,870,200.0,0.0,5,[4],0
1,13,x7f9e7779fd60,383,200.0,1.0,2,[4],1
0,12,x7f9e7779f460,871,200.0,0.0,2,[0],0
0,12,x7f9e7779f460,872,200.0,0.0,5,[5],0
0,12,x7f9e7779f460,873,600.0,1.0,2,[1],0
1,13,x7f9e7779fd60,384,600.0,1.0,3,[5],0
0,12,x7f9e7779f460,874,600.0,1.0,5,[6],0
0,12,x7f9e7779f460,875,600.0,1.0,2,[1],0
1,13,x7f9e7779fd60,385,361.8276428193733,1.0,3,[5],1
0,12,x7f9e7779f460,876,200.0,1.0,5,[1],1
1,13,x7f9e7779fd60,386,200.0,0.0,3,[5],0
0,12,x7f9e7779f460,877,200.0,0.0,5,[4],0
0,12,x7f9e7779f460,878,200.0,0.0,2,[1],0
1,13,x7f9e7779fd60,387,200.0,0.0,2,[4],0
0,12,x7f9e7779f460,879,200.0,0.0,5,[4],0
0,12,x7f9e7779f460,880,200.0,0.0,2,[0],0
1,13,x7f9e7779fd60,388,600.0,1.0,2,[0],0
0,12,x7f9e7779f460,881,600.0,1.0,5,[4],0
0,12,x7f9e7779f460,882,600.0,1.0,2,[1],0
0,12,x7f9e7779f460,883,200.0,0.0,5,[4],0
0,12,x7f9e7779f460,884,200.0,0.0,2,[0],0
0,12,x7f9e7779f460,885,200.0,0.0,5,[4],0
0,12,x7f9e7779f460,886,200.0,0.0,2,[0],0
0,12,x7f9e7779f460,887,600.0,1.0,4,[4],0
0,12,x7f9e7779f460,888,200.0,0.0,2,[1],0
0,12,x7f9e7779f460,889,200.0,0.0,4,[4],0
0,12,x7f9e7779f460,890,200.0,0.0,4,[5],0
0,12,x7f9e7779f460,891,200.0,0.0,3,[4],0
0,12,x7f9e7779f460,892,1000.0,2.0,3,[6],0
0,12,x7f9e7779f460,893,600.0,1.0,2,[5],0
0,12,x7f9e7779f460,894,200.0,0.0,2,[4],0
0,12,x7f9e7779f460,895,600.0,1.0,4,[4],0
0,12,x7f9e7779f460,896,600.0,1.0,4,[5],0
0,12,x7f9e7779f460,897,200.0,0.0,3,[6],0
0,12,x7f9e7779f460,898,200.0,0.0,3,[4],0
0,12,x7f9e7779f460,899,200.0,0.0,5,[6],0
0,12,x7f9e7779f460,900,600.0,1.0,2,[1],0
1,13,x7f9e7779fd60,389,200.0,0.0,2,[0],0
0,12,x7f9e7779f460,901,600.0,1.0,5,[6],0
0,12,x7f9e7779f460,902,200.0,0.0,2,[1],0
0,12,x7f9e7779f460,903,200.0,0.0,5,[4],0
1,13,x7f9e7779fd60,390,-200.0,0.0,2,[4],1
0,12,x7f9e7779f460,904,200.0,0.0,2,[0],0
0,12,x7f9e7779f460,905,200.0,0.0,5,[5],0
0,12,x7f9e7779f460,906,200.0,0.0,2,[0],0
0,12,x7f9e7779f460,907,200.0,0.0,5,[5],0
0,12,x7f9e7779f460,908,600.0,1.0,2,[1],0
1,13,x7f9e7779fd60,391,200.0,0.0,4,[5],0
0,12,x7f9e7779f460,909,1000.0,2.0,5,[4],0
0,12,x7f9e7779f460,910,200.0,0.0,2,[1],0
1,13,x7f9e7779fd60,392,200.0,0.0,4,[6],0
0,12,x7f9e7779f460,911,600.0,1.0,5,[5],0
0,12,x7f9e7779f460,912,200.0,0.0,2,[1],0
1,13,x7f9e7779fd60,393,200.0,0.0,3,[4],0
0,12,x7f9e7779f460,913,200.0,0.0,5,[5],0
0,12,x7f9e7779f460,914,200.0,0.0,2,[1],0
1,13,x7f9e7779fd60,394,200.0,0.0,3,[6],0
0,12,x7f9e7779f460,915,200.0,0.0,5,[4],0
0,12,x7f9e7779f460,916,200.0,0.0,2,[0],0
1,13,x7f9e7779fd60,395,600.0,1.0,2,[4],0
0,12,x7f9e7779f460,917,200.0,0.0,5,[4],0
0,12,x7f9e7779f460,918,200.0,1.0,2,[1],1
1,13,x7f9e7779fd60,396,600.0,1.0,2,[5],0
0,12,x7f9e7779f460,919,200.0,0.0,5,[4],0
0,12,x7f9e7779f460,920,200.0,1.0,2,[1],1
1,13,x7f9e7779fd60,397,200.0,1.0,2,[4],1
0,12,x7f9e7779f460,921,200.0,1.0,5,[1],1
0,12,x7f9e7779f460,922,200.0,0.0,5,[4],0
0,12,x7f9e7779f460,923,200.0,0.0,2,[0],0
0,12,x7f9e7779f460,924,200.0,0.0,5,[6],0
0,12,x7f9e7779f460,925,200.0,0.0,2,[0],0
0,12,x7f9e7779f460,926,200.0,0.0,5,[6],0
0,12,x7f9e7779f460,927,200.0,0.0,2,[1],0
1,13,x7f9e7779fd60,398,600.0,1.0,3,[5],0
0,12,x7f9e7779f460,928,600.0,1.0,5,[4],0
0,12,x7f9e7779f460,929,600.0,1.0,2,[1],0
1,13,x7f9e7779fd60,399,200.0,0.0,3,[0],0
0,12,x7f9e7779f460,930,200.0,0.0,5,[5],0
0,12,x7f9e7779f460,931,200.0,0.0,2,[1],0
1,13,x7f9e7779fd60,400,200.0,0.0,2,[5],0
0,12,x7f9e7779f460,932,600.0,1.0,5,[4],0
0,12,x7f9e7779f460,933,600.0,1.0,2,[0],0
1,13,x7f9e7779fd60,401,200.0,0.0,2,[4],0
0,12,x7f9e7779f460,934,600.0,1.0,5,[4],0
0,12,x7f9e7779f460,935,200.0,0.0,2,[0],0
0,12,x7f9e7779f460,936,200.0,0.0,5,[4],0
0,12,x7f9e7779f460,937,200.0,0.0,2,[0],0
0,12,x7f9e7779f460,938,600.0,1.0,5,[4],0
0,12,x7f9e7779f460,939,200.0,0.0,2,[1],0
0,12,x7f9e7779f460,940,200.0,0.0,5,[6],0
0,12,x7f9e7779f460,941,200.0,0.0,2,[0],0
0,12,x7f9e7779f460,942,200.0,0.0,4,[4],0
0,12,x7f9e7779f460,943,200.0,0.0,5,[4],0
0,12,x7f9e7779f460,944,200.0,0.0,2,[0],0
1,13,x7f9e7779fd60,402,200.0,0.0,2,[4],0
0,12,x7f9e7779f460,945,200.0,0.0,5,[6],0
0,12,x7f9e7779f460,946,200.0,0.0,2,[1],0
1,13,x7f9e7779fd60,403,200.0,1.0,2,[4],1
0,12,x7f9e7779f460,947,200.0,0.0,5,[6],0
0,12,x7f9e7779f460,948,200.0,0.0,2,[0],0
1,13,x7f9e7779fd60,404,200.0,0.0,2,[4],0
0,12,x7f9e7779f460,949,200.0,0.0,5,[4],0
0,12,x7f9e7779f460,950,200.0,0.0,2,[1],0
0,12,x7f9e7779f460,951,200.0,0.0,5,[6],0
0,12,x7f9e7779f460,952,600.0,1.0,2,[0],0
1,13,x7f9e7779fd60,405,200.0,0.0,4,[4],0
1,13,x7f9e7779fd60,406,200.0,0.0,2,[1],0
0,12,x7f9e7779f460,953,200.0,0.0,5,[5],0
0,12,x7f9e7779f460,954,200.0,0.0,2,[1],0
1,13,x7f9e7779fd60,407,804.7612315143043,2.0,4,[4],1
0,12,x7f9e7779f460,955,200.0,0.0,5,[4],0
0,12,x7f9e7779f460,956,1000.0,2.0,2,[1],0
1,13,x7f9e7779fd60,408,200.0,0.0,4,[4],0
0,12,x7f9e7779f460,957,200.0,0.0,5,[5],0
0,12,x7f9e7779f460,958,200.0,0.0,2,[1],0
1,13,x7f9e7779fd60,409,200.0,0.0,3,[4],0
0,12,x7f9e7779f460,959,200.0,0.0,5,[6],0
0,12,x7f9e7779f460,960,200.0,0.0,2,[1],0
1,13,x7f9e7779fd60,410,200.0,0.0,4,[10],0
1,13,x7f9e7779fd60,411,200.0,0.0,3,[6],0
0,12,x7f9e7779f460,961,600.0,1.0,5,[4],0
0,12,x7f9e7779f460,962,200.0,0.0,2,[0],0
1,13,x7f9e7779fd60,412,200.0,0.0,5,[0],0
0,12,x7f9e7779f460,963,200.0,0.0,5,[5],0
0,12,x7f9e7779f460,964,200.0,0.0,2,[0],0
1,13,x7f9e7779fd60,413,200.0,0.0,5,[4],0
1,13,x7f9e7779fd60,414,600.0,1.0,2,[1],0
0,12,x7f9e7779f460,965,1000.0,2.0,5,[4],0
0,12,x7f9e7779f460,966,200.0,0.0,2,[0],0
1,13,x7f9e7779fd60,415,600.0,1.0,5,[6],0
1,13,x7f9e7779fd60,416,200.0,0.0,2,[0],0
0,12,x7f9e7779f460,967,200.0,0.0,5,[4],0
0,12,x7f9e7779f460,968,200.0,0.0,2,[0],0
1,13,x7f9e7779fd60,417,-200.0,0.0,5,[0],1
0,12,x7f9e7779f460,969,200.0,0.0,5,[4],0
0,12,x7f9e7779f460,970,600.0,1.0,2,[0],0
1,13,x7f9e7779fd60,418,200.0,0.0,5,[5],0
1,13,x7f9e7779fd60,419,200.0,0.0,2,[0],0
0,12,x7f9e7779f460,971,200.0,0.0,5,[4],0
0,12,x7f9e7779f460,972,200.0,0.0,2,[1],0
1,13,x7f9e7779fd60,420,200.0,1.0,5,[0],1
0,12,x7f9e7779f460,973,200.0,0.0,5,[4],0
0,12,x7f9e7779f460,974,600.0,1.0,2,[1],0
1,13,x7f9e7779fd60,421,600.0,2.0,5,[1],1
0,12,x7f9e7779f460,975,600.0,1.0,5,[4],0
0,12,x7f9e7779f460,976,200.0,0.0,2,[0],0
1,13,x7f9e7779fd60,422,200.0,0.0,5,[4],0
1,13,x7f9e7779fd60,423,200.0,0.0,2,[0],1
0,12,x7f9e7779f460,977,200.0,0.0,5,[4],0
0,12,x7f9e7779f460,978,200.0,0.0,2,[1],0
1,13,x7f9e7779fd60,424,200.0,0.0,5,[5],0
1,13,x7f9e7779fd60,425,200.0,0.0,2,[0],0
0,12,x7f9e7779f460,979,200.0,0.0,5,[6],0
0,12,x7f9e7779f460,980,200.0,0.0,2,[1],0
1,13,x7f9e7779fd60,426,200.0,0.0,5,[5],0
1,13,x7f9e7779fd60,427,200.0,0.0,2,[1],0
0,12,x7f9e7779f460,981,200.0,0.0,5,[6],0
0,12,x7f9e7779f460,982,200.0,0.0,2,[1],0
1,13,x7f9e7779fd60,428,200.0,0.0,4,[4],0
0,12,x7f9e7779f460,983,200.0,0.0,5,[6],0
0,12,x7f9e7779f460,984,200.0,0.0,2,[1],0
1,13,x7f9e7779fd60,429,200.0,0.0,4,[4],0
0,12,x7f9e7779f460,985,200.0,0.0,5,[6],0
0,12,x7f9e7779f460,986,200.0,0.0,2,[1],0
1,13,x7f9e7779fd60,430,200.0,1.0,3,[5],1
0,12,x7f9e7779f460,987,200.0,0.0,5,[6],0
0,12,x7f9e7779f460,988,1000.0,2.0,2,[0],0
1,13,x7f9e7779fd60,431,200.0,1.0,3,[5],1
0,12,x7f9e7779f460,989,600.0,1.0,5,[4],0
0,12,x7f9e7779f460,990,600.0,1.0,2,[1],0
1,13,x7f9e7779fd60,432,200.0,0.0,3,[4],0
0,12,x7f9e7779f460,991,200.0,0.0,5,[4],0
0,12,x7f9e7779f460,992,200.0,0.0,2,[1],0
1,13,x7f9e7779fd60,433,600.0,1.0,2,[4],1
0,12,x7f9e7779f460,993,200.0,0.0,5,[6],0
0,12,x7f9e7779f460,994,600.0,1.0,2,[1],0
1,13,x7f9e7779fd60,434,1000.0,2.0,2,[0],0
0,12,x7f9e7779f460,995,600.0,1.0,5,[6],0
0,12,x7f9e7779f460,996,1000.0,2.0,2,[1],0
0,12,x7f9e7779f460,997,1000.0,2.0,5,[4],0
0,12,x7f9e7779f460,998,600.0,1.0,2,[0],0
0,12,x7f9e7779f460,999,1000.0,2.0,5,[5],0
0,12,x7f9e7779f460,1000,200.0,0.0,2,[0],0
0,12,x7f9e7779f460,1001,600.0,1.0,4,[4],0
0,12,x7f9e7779f460,1002,200.0,0.0,2,[1],0
0,12,x7f9e7779f460,1003,600.0,1.0,5,[4],0
0,12,x7f9e7779f460,1004,600.0,1.0,2,[1],0
1,13,x7f9e7779fd60,435,600.0,1.0,4,[4],0
0,12,x7f9e7779f460,1005,200.0,0.0,5,[5],0
0,12,x7f9e7779f460,1006,600.0,1.0,2,[1],0
1,13,x7f9e7779fd60,436,600.0,1.0,3,[5],0
0,12,x7f9e7779f460,1007,398.0911038762294,1.0,5,[1],1
1,13,x7f9e7779fd60,437,1000.0,2.0,3,[6],0
0,12,x7f9e7779f460,1008,600.0,1.0,5,[6],0
0,12,x7f9e7779f460,1009,200.0,0.0,2,[0],0
1,13,x7f9e7779fd60,438,600.0,1.0,2,[4],0
0,12,x7f9e7779f460,1010,200.0,0.0,5,[4],0
0,12,x7f9e7779f460,1011,1000.0,2.0,2,[0],0
1,13,x7f9e7779fd60,439,600.0,1.0,4,[6],0
1,13,x7f9e7779fd60,440,600.0,2.0,2,[0],1
0,12,x7f9e7779f460,1012,600.0,1.0,5,[4],0
0,12,x7f9e7779f460,1013,600.0,1.0,2,[1],0
1,13,x7f9e7779fd60,441,200.0,0.0,4,[0],0
0,12,x7f9e7779f460,1014,200.0,0.0,5,[4],0
0,12,x7f9e7779f460,1015,600.0,1.0,2,[0],0
1,13,x7f9e7779fd60,442,600.0,1.0,4,[5],0
0,12,x7f9e7779f460,1016,1000.0,2.0,5,[4],0
0,12,x7f9e7779f460,1017,200.0,0.0,2,[0],0
1,13,x7f9e7779fd60,443,200.0,0.0,3,[4],0
0,12,x7f9e7779f460,1018,600.0,1.0,5,[4],0
0,12,x7f9e7779f460,1019,600.0,1.0,2,[0],0
1,13,x7f9e7779fd60,444,200.0,0.0,3,[0],0
0,12,x7f9e7779f460,1020,600.0,1.0,5,[4],0
0,12,x7f9e7779f460,1021,200.0,0.0,2,[0],0
1,13,x7f9e7779fd60,445,1000.0,2.0,2,[4],1
0,12,x7f9e7779f460,1022,200.0,0.0,5,[4],0
0,12,x7f9e7779f460,1023,600.0,2.0,2,[1],1
1,13,x7f9e7779fd60,446,600.0,2.0,2,[4],1
0,12,x7f9e7779f460,1024,600.0,1.0,5,[4],0
0,12,x7f9e7779f460,1025,600.0,2.0,2,[1],1
0,12,x7f9e7779f460,1026,200.0,0.0,5,[4],0
0,12,x7f9e7779f460,1027,200.0,0.0,2,[0],0
1,13,x7f9e7779fd60,447,200.0,0.0,4,[4],0
0,12,x7f9e7779f460,1028,200.0,0.0,5,[6],0
0,12,x7f9e7779f460,1029,200.0,0.0,2,[1],0
1,13,x7f9e7779fd60,448,1000.0,2.0,3,[5],0
0,12,x7f9e7779f460,1030,200.0,0.0,5,[6],0
0,12,x7f9e7779f460,1031,1000.0,2.0,2,[1],0
1,13,x7f9e7779fd60,449,-59.25925925925804,0.0,4,[4],1
0,12,x7f9e7779f460,1032,1000.0,2.0,5,[4],0
0,12,x7f9e7779f460,1033,600.0,1.0,2,[0],0
1,13,x7f9e7779fd60,450,200.0,0.0,5,[5],0
1,13,x7f9e7779fd60,451,600.0,1.0,2,[0],0
0,12,x7f9e7779f460,1034,1000.0,2.0,5,[5],0
0,12,x7f9e7779f460,1035,200.0,0.0,2,[1],0
1,13,x7f9e7779fd60,452,600.0,1.0,5,[6],1
1,13,x7f9e7779fd60,453,200.0,0.0,2,[1],0
0,12,x7f9e7779f460,1036,600.0,1.0,5,[5],0
0,12,x7f9e7779f460,1037,600.0,1.0,2,[1],0
1,13,x7f9e7779fd60,454,200.0,0.0,4,[6],0
0,12,x7f9e7779f460,1038,1000.0,2.0,5,[4],0
0,12,x7f9e7779f460,1039,200.0,0.0,2,[0],0
1,13,x7f9e7779fd60,455,200.0,0.0,4,[5],0
0,12,x7f9e7779f460,1040,200.0,0.0,5,[4],0
0,12,x7f9e7779f460,1041,200.0,0.0,2,[0],0
1,13,x7f9e7779fd60,456,200.0,0.0,3,[4],0
0,12,x7f9e7779f460,1042,600.0,1.0,5,[4],0
0,12,x7f9e7779f460,1043,200.0,0.0,2,[0],0
1,13,x7f9e7779fd60,457,1000.0,2.0,3,[6],0
0,12,x7f9e7779f460,1044,200.0,0.0,5,[4],0
0,12,x7f9e7779f460,1045,200.0,0.0,2,[0],0
1,13,x7f9e7779fd60,458,200.0,0.0,5,[0],0
0,12,x7f9e7779f460,1046,200.0,0.0,5,[4],0
0,12,x7f9e7779f460,1047,1000.0,2.0,2,[0],0
1,13,x7f9e7779fd60,459,200.0,0.0,5,[4],0
1,13,x7f9e7779fd60,460,600.0,1.0,2,[1],0
0,12,x7f9e7779f460,1048,200.0,0.0,5,[4],0
0,12,x7f9e7779f460,1049,200.0,0.0,2,[0],0
1,13,x7f9e7779fd60,461,600.0,1.0,5,[6],0
1,13,x7f9e7779fd60,462,200.0,0.0,2,[0],0
0,12,x7f9e7779f460,1050,200.0,0.0,5,[4],0
0,12,x7f9e7779f460,1051,200.0,0.0,2,[0],0
1,13,x7f9e7779fd60,463,1000.0,2.0,5,[5],1
1,13,x7f9e7779fd60,464,200.0,0.0,2,[1],0
0,12,x7f9e7779f460,1052,1000.0,2.0,5,[4],0
0,12,x7f9e7779f460,1053,600.0,1.0,2,[0],0
1,13,x7f9e7779fd60,465,709.8740740740876,2.0,5,[1],1
0,12,x7f9e7779f460,1054,200.0,0.0,5,[4],0
0,12,x7f9e7779f460,1055,1000.0,2.0,2,[0],0
1,13,x7f9e7779fd60,466,800.2,2.0,5,[1],1
0,12,x7f9e7779f460,1056,200.0,0.0,5,[4],0
0,12,x7f9e7779f460,1057,1000.0,2.0,2,[1],0
1,13,x7f9e7779fd60,467,600.0,1.0,5,[4],0
1,13,x7f9e7779fd60,468,200.0,0.0,2,[0],0
0,12,x7f9e7779f460,1058,600.0,1.0,5,[4],0
0,12,x7f9e7779f460,1059,600.0,1.0,2,[1],0
1,13,x7f9e7779fd60,469,200.0,0.0,5,[5],0
1,13,x7f9e7779fd60,470,600.0,1.0,2,[1],0
0,12,x7f9e7779f460,1060,1000.0,2.0,5,[4],0
0,12,x7f9e7779f460,1061,200.0,0.0,2,[1],0
1,13,x7f9e7779fd60,471,200.0,0.0,5,[4],0
1,13,x7f9e7779fd60,472,200.0,0.0,2,[0],0
0,12,x7f9e7779f460,1062,600.0,1.0,5,[5],0
0,12,x7f9e7779f460,1063,200.0,0.0,2,[1],0
1,13,x7f9e7779fd60,473,600.0,1.0,4,[5],0
1,13,x7f9e7779fd60,474,200.0,0.0,2,[1],0
0,12,x7f9e7779f460,1064,200.0,0.0,5,[5],0
0,12,x7f9e7779f460,1065,600.0,1.0,2,[1],0
1,13,x7f9e7779fd60,475,200.0,0.0,4,[4],0
0,12,x7f9e7779f460,1066,1000.0,2.0,5,[4],0
0,12,x7f9e7779f460,1067,1000.0,2.0,2,[0],0
1,13,x7f9e7779fd60,476,200.0,0.0,4,[5],0
0,12,x7f9e7779f460,1068,200.0,0.0,5,[4],0
0,12,x7f9e7779f460,1069,200.0,0.0,2,[0],1
1,13,x7f9e7779fd60,477,200.0,0.0,5,[0],0
0,12,x7f9e7779f460,1070,600.0,1.0,5,[4],0
0,12,x7f9e7779f460,1071,200.0,0.0,2,[0],0
1,13,x7f9e7779fd60,478,490.1259259259317,1.0,5,[1],1
0,12,x7f9e7779f460,1072,1000.0,2.0,5,[4],0
0,12,x7f9e7779f460,1073,200.0,0.0,2,[0],0
1,13,x7f9e7779fd60,479,200.0,0.0,5,[4],0
1,13,x7f9e7779fd60,480,200.0,0.0,2,[0],0
0,12,x7f9e7779f460,1074,200.0,0.0,5,[4],0
0,12,x7f9e7779f460,1075,200.0,0.0,2,[1],0
1,13,x7f9e7779fd60,481,200.0,0.0,4,[5],0
0,12,x7f9e7779f460,1076,200.0,0.0,5,[4],0
0,12,x7f9e7779f460,1077,600.0,1.0,2,[0],0
1,13,x7f9e7779fd60,482,200.0,0.0,5,[4],0
1,13,x7f9e7779fd60,483,200.0,0.0,2,[0],0
0,12,x7f9e7779f460,1078,200.0,0.0,5,[4],0
0,12,x7f9e7779f460,1079,200.0,0.0,2,[0],0
1,13,x7f9e7779fd60,484,200.0,0.0,5,[6],0
1,13,x7f9e7779fd60,485,-200.0,0.0,2,[0],1
0,12,x7f9e7779f460,1080,422.3238327490766,1.0,5,[5],1
0,12,x7f9e7779f460,1081,200.0,0.0,2,[0],0
1,13,x7f9e7779fd60,486,200.0,0.0,5,[0],1
0,12,x7f9e7779f460,1082,200.0,0.0,5,[4],0
0,12,x7f9e7779f460,1083,200.0,0.0,2,[0],0
1,13,x7f9e7779fd60,487,200.0,0.0,5,[4],0
1,13,x7f9e7779fd60,488,600.0,1.0,2,[1],0
0,12,x7f9e7779f460,1084,200.0,0.0,5,[4],0
0,12,x7f9e7779f460,1085,200.0,0.0,2,[0],0
1,13,x7f9e7779fd60,489,600.0,1.0,5,[6],0
1,13,x7f9e7779fd60,490,200.0,0.0,2,[0],0
0,12,x7f9e7779f460,1086,200.0,0.0,5,[4],0
0,12,x7f9e7779f460,1087,200.0,0.0,2,[0],0
1,13,x7f9e7779fd60,491,200.0,0.0,5,[5],0
1,13,x7f9e7779fd60,492,200.0,0.0,2,[1],0
0,12,x7f9e7779f460,1088,200.0,0.0,5,[4],0
0,12,x7f9e7779f460,1089,600.0,1.0,2,[0],0
1,13,x7f9e7779fd60,493,200.0,0.0,5,[4],0
1,13,x7f9e7779fd60,494,200.0,0.0,2,[1],0
0,12,x7f9e7779f460,1090,200.0,0.0,5,[4],0
0,12,x7f9e7779f460,1091,200.0,0.0,2,[0],0
1,13,x7f9e7779fd60,495,200.0,0.0,5,[5],0
1,13,x7f9e7779fd60,496,200.0,0.0,2,[1],0
0,12,x7f9e7779f460,1092,200.0,0.0,5,[4],0
0,12,x7f9e7779f460,1093,200.0,0.0,2,[0],0
1,13,x7f9e7779fd60,497,200.0,0.0,5,[6],0
1,13,x7f9e7779fd60,498,200.0,1.0,2,[1],1
0,12,x7f9e7779f460,1094,600.0,1.0,5,[4],0
0,12,x7f9e7779f460,1095,200.0,0.0,2,[0],0
1,13,x7f9e7779fd60,499,200.0,0.0,5,[4],0
1,13,x7f9e7779fd60,500,200.0,0.0,2,[1],0
0,12,x7f9e7779f460,1096,200.0,0.0,5,[4],0
0,12,x7f9e7779f460,1097,200.0,0.0,2,[0],0
1,13,x7f9e7779fd60,501,200.0,0.0,5,[6],0
1,13,x7f9e7779fd60,502,200.0,0.0,2,[0],0
0,12,x7f9e7779f460,1098,200.0,0.0,5,[4],0
0,12,x7f9e7779f460,1099,200.0,0.0,2,[0],0
1,13,x7f9e7779fd60,503,600.0,2.0,5,[0],1
0,12,x7f9e7779f460,1100,200.0,0.0,5,[4],0
0,12,x7f9e7779f460,1101,200.0,0.0,2,[0],0
1,13,x7f9e7779fd60,504,200.0,0.0,5,[4],0
1,13,x7f9e7779fd60,505,200.0,0.0,2,[0],0
0,12,x7f9e7779f460,1102,200.0,0.0,5,[4],0
0,12,x7f9e7779f460,1103,200.0,0.0,2,[1],0
1,13,x7f9e7779fd60,506,200.0,0.0,5,[5],0
1,13,x7f9e7779fd60,507,600.0,1.0,2,[1],0
0,12,x7f9e7779f460,1104,200.0,0.0,5,[4],0
0,12,x7f9e7779f460,1105,200.0,0.0,2,[1],0
1,13,x7f9e7779fd60,508,200.0,0.0,5,[5],0
1,13,x7f9e7779fd60,509,200.0,0.0,2,[0],0
0,12,x7f9e7779f460,1106,200.0,0.0,5,[4],0
0,12,x7f9e7779f460,1107,200.0,0.0,2,[1],0
1,13,x7f9e7779fd60,510,600.0,1.0,5,[5],0
1,13,x7f9e7779fd60,511,200.0,0.0,2,[1],0
0,12,x7f9e7779f460,1108,200.0,0.0,5,[4],0
0,12,x7f9e7779f460,1109,600.0,1.0,2,[1],0
1,13,x7f9e7779fd60,512,600.0,1.0,5,[4],0
1,13,x7f9e7779fd60,513,200.0,0.0,2,[0],0
0,12,x7f9e7779f460,1110,200.0,0.0,5,[4],0
0,12,x7f9e7779f460,1111,600.0,1.0,2,[1],0
1,13,x7f9e7779fd60,514,418.47579925812903,1.0,5,[1],1
0,12,x7f9e7779f460,1112,200.0,0.0,5,[4],0
0,12,x7f9e7779f460,1113,1000.0,2.0,2,[0],0
1,13,x7f9e7779fd60,515,-200.0,0.0,5,[0],1
0,12,x7f9e7779f460,1114,600.0,1.0,5,[4],0
0,12,x7f9e7779f460,1115,600.0,1.0,2,[0],0
1,13,x7f9e7779fd60,516,200.0,0.0,5,[5],0
1,13,x7f9e7779fd60,517,200.0,0.0,2,[1],0
0,12,x7f9e7779f460,1116,600.0,1.0,5,[4],0
0,12,x7f9e7779f460,1117,200.0,0.0,2,[1],0
1,13,x7f9e7779fd60,518,200.0,0.0,5,[4],0
1,13,x7f9e7779fd60,519,200.0,0.0,2,[0],0
0,12,x7f9e7779f460,1118,200.0,0.0,5,[6],0
0,12,x7f9e7779f460,1119,200.0,0.0,2,[1],0
1,13,x7f9e7779fd60,520,600.0,2.0,5,[0],1
0,12,x7f9e7779f460,1120,200.0,0.0,5,[6],0
0,12,x7f9e7779f460,1121,200.0,0.0,2,[0],0
1,13,x7f9e7779fd60,521,200.0,0.0,5,[5],0
1,13,x7f9e7779fd60,522,200.0,0.0,2,[0],0
0,12,x7f9e7779f460,1122,1000.0,2.0,5,[4],0
0,12,x7f9e7779f460,1123,200.0,0.0,2,[1],0
1,13,x7f9e7779fd60,523,200.0,0.0,5,[4],0
1,13,x7f9e7779fd60,524,1000.0,2.0,2,[1],0
0,12,x7f9e7779f460,1124,600.0,1.0,5,[4],0
0,12,x7f9e7779f460,1125,200.0,0.0,2,[1],0
1,13,x7f9e7779fd60,525,200.0,0.0,5,[5],0
1,13,x7f9e7779fd60,526,600.0,1.0,2,[1],0
0,12,x7f9e7779f460,1126,200.0,0.0,5,[5],0
0,12,x7f9e7779f460,1127,200.0,0.0,2,[1],0
1,13,x7f9e7779fd60,527,200.0,0.0,5,[4],0
1,13,x7f9e7779fd60,528,200.0,0.0,2,[1],0
0,12,x7f9e7779f460,1128,200.0,0.0,5,[5],0
0,12,x7f9e7779f460,1129,200.0,0.0,2,[1],0
1,13,x7f9e7779fd60,529,1000.0,2.0,5,[4],0
1,13,x7f9e7779fd60,530,600.0,1.0,2,[0],0
0,12,x7f9e7779f460,1130,200.0,0.0,5,[5],0
0,12,x7f9e7779f460,1131,1000.0,2.0,2,[1],0
1,13,x7f9e7779fd60,531,200.0,0.0,5,[5],0
1,13,x7f9e7779fd60,532,200.0,0.0,2,[1],0
0,12,x7f9e7779f460,1132,200.0,0.0,5,[5],0
0,12,x7f9e7779f460,1133,200.0,0.0,2,[1],0
1,13,x7f9e7779fd60,533,516.694643164701,1.0,5,[4],1
1,13,x7f9e7779fd60,534,200.0,0.0,2,[0],0
0,12,x7f9e7779f460,1134,200.0,0.0,5,[4],0
0,12,x7f9e7779f460,1135,1000.0,2.0,2,[0],0
1,13,x7f9e7779fd60,535,453.3771017718973,1.0,5,[4],1
1,13,x7f9e7779fd60,536,200.0,0.0,2,[1],0
0,12,x7f9e7779f460,1136,1000.0,2.0,5,[4],1
0,12,x7f9e7779f460,1137,600.0,1.0,2,[0],0
1,13,x7f9e7779fd60,537,200.0,0.0,5,[4],0
1,13,x7f9e7779fd60,538,-200.0,0.0,2,[0],1
0,12,x7f9e7779f460,1138,200.0,0.0,5,[4],0
0,12,x7f9e7779f460,1139,200.0,0.0,2,[1],0
1,13,x7f9e7779fd60,539,200.0,0.0,5,[5],0
1,13,x7f9e7779fd60,540,600.0,1.0,2,[1],0
0,12,x7f9e7779f460,1140,1000.0,2.0,5,[4],0
0,12,x7f9e7779f460,1141,600.0,1.0,2,[0],0
1,13,x7f9e7779fd60,541,600.0,1.0,5,[6],0
1,13,x7f9e7779fd60,542,200.0,0.0,2,[0],0
0,12,x7f9e7779f460,1142,200.0,0.0,5,[5],0
0,12,x7f9e7779f460,1143,200.0,0.0,2,[0],0
1,13,x7f9e7779fd60,543,200.0,0.0,5,[4],0
1,13,x7f9e7779fd60,544,200.0,0.0,2,[1],0
0,12,x7f9e7779f460,1144,600.0,1.0,5,[4],0
0,12,x7f9e7779f460,1145,600.0,1.0,2,[0],0
1,13,x7f9e7779fd60,545,200.0,0.0,5,[6],0
1,13,x7f9e7779fd60,546,200.0,0.0,2,[0],0
0,12,x7f9e7779f460,1146,600.0,1.0,5,[4],0
0,12,x7f9e7779f460,1147,200.0,0.0,2,[0],0
1,13,x7f9e7779fd60,547,200.0,0.0,5,[5],0
1,13,x7f9e7779fd60,548,200.0,0.0,2,[1],0
0,12,x7f9e7779f460,1148,200.0,0.0,5,[4],0
0,12,x7f9e7779f460,1149,200.0,0.0,2,[0],0
1,13,x7f9e7779fd60,549,-200.0,0.0,4,[0],1
0,12,x7f9e7779f460,1150,600.0,1.0,5,[4],0
0,12,x7f9e7779f460,1151,200.0,0.0,2,[0],0
1,13,x7f9e7779fd60,550,200.0,0.0,4,[4],0
0,12,x7f9e7779f460,1152,200.0,0.0,5,[4],0
0,12,x7f9e7779f460,1153,200.0,0.0,2,[1],0
1,13,x7f9e7779fd60,551,200.0,0.0,3,[5],0
0,12,x7f9e7779f460,1154,200.0,0.0,5,[4],0
0,12,x7f9e7779f460,1155,200.0,0.0,2,[1],0
1,13,x7f9e7779fd60,552,600.0,1.0,3,[6],0
0,12,x7f9e7779f460,1156,200.0,0.0,5,[4],0
0,12,x7f9e7779f460,1157,600.0,1.0,2,[1],0
1,13,x7f9e7779fd60,553,200.0,0.0,2,[4],0
0,12,x7f9e7779f460,1158,200.0,0.0,5,[4],0
0,12,x7f9e7779f460,1159,200.0,0.0,2,[1],0
1,13,x7f9e7779fd60,554,1000.0,2.0,2,[4],0
0,12,x7f9e7779f460,1160,720.3113979996868,2.0,5,[1],1
1,13,x7f9e7779fd60,555,600.0,1.0,2,[0],0
0,12,x7f9e7779f460,1161,200.0,0.0,5,[4],0
0,12,x7f9e7779f460,1162,600.0,1.0,2,[1],0
0,12,x7f9e7779f460,1163,600.0,1.0,5,[4],0
0,12,x7f9e7779f460,1164,200.0,0.0,2,[0],0
0,12,x7f9e7779f460,1165,200.0,0.0,5,[4],0
0,12,x7f9e7779f460,1166,600.0,1.0,2,[0],0
0,12,x7f9e7779f460,1167,600.0,1.0,4,[4],0
0,12,x7f9e7779f460,1168,200.0,0.0,5,[4],0
1,13,x7f9e7779fd60,556,402.03425925925967,1.0,4,[4],1
0,12,x7f9e7779f460,1169,600.0,1.0,2,[0],0
0,12,x7f9e7779f460,1170,600.0,1.0,5,[6],0
0,12,x7f9e7779f460,1171,600.0,1.0,2,[1],0
1,13,x7f9e7779fd60,557,-200.0,0.0,2,[4],1
0,12,x7f9e7779f460,1172,600.0,1.0,5,[6],0
0,12,x7f9e7779f460,1173,600.0,1.0,2,[0],0
1,13,x7f9e7779fd60,558,200.0,0.0,2,[4],0
0,12,x7f9e7779f460,1174,600.0,1.0,5,[4],0
0,12,x7f9e7779f460,1175,200.0,0.0,2,[1],0
0,12,x7f9e7779f460,1176,200.0,0.0,5,[6],0
0,12,x7f9e7779f460,1177,200.0,0.0,2,[0],0
0,12,x7f9e7779f460,1178,600.0,1.0,5,[5],0
0,12,x7f9e7779f460,1179,1000.0,2.0,2,[1],0
0,12,x7f9e7779f460,1180,200.0,0.0,5,[4],0
0,12,x7f9e7779f460,1181,600.0,1.0,2,[1],0
0,12,x7f9e7779f460,1182,1000.0,2.0,4,[5],0
0,12,x7f9e7779f460,1183,200.0,0.0,4,[0],0
0,12,x7f9e7779f460,1184,394.59999999999735,1.0,3,[5],1
0,12,x7f9e7779f460,1185,200.0,0.0,3,[4],0
0,12,x7f9e7779f460,1186,200.0,0.0,3,[0],0
0,12,x7f9e7779f460,1187,200.0,0.0,2,[4],0
0,12,x7f9e7779f460,1188,200.0,0.0,3,[10],0
0,12,x7f9e7779f460,1189,200.0,0.0,2,[4],0
0,12,x7f9e7779f460,1190,1000.0,2.0,2,[5],0
0,12,x7f9e7779f460,1191,200.0,0.0,4,[4],0
0,12,x7f9e7779f460,1192,200.0,0.0,3,[5],0
0,12,x7f9e7779f460,1193,200.0,0.0,3,[0],0
0,12,x7f9e7779f460,1194,200.0,1.0,2,[5],1
0,12,x7f9e7779f460,1195,200.0,0.0,3,[10],0
0,12,x7f9e7779f460,1196,200.0,0.0,2,[4],0
0,12,x7f9e7779f460,1197,200.0,0.0,2,[4],0
0,12,x7f9e7779f460,1198,200.0,0.0,3,[5],0
0,12,x7f9e7779f460,1199,200.0,0.0,3,[6],0
0,12,x7f9e7779f460,1200,600.0,1.0,2,[4],0
0,12,x7f9e7779f460,1201,200.0,0.0,5,[6],0
0,12,x7f9e7779f460,1202,200.0,0.0,2,[1],0
0,12,x7f9e7779f460,1203,200.0,0.0,5,[6],0
0,12,x7f9e7779f460,1204,200.0,0.0,2,[0],0
0,12,x7f9e7779f460,1205,200.0,0.0,5,[4],0
0,12,x7f9e7779f460,1206,200.0,0.0,2,[1],0
0,12,x7f9e7779f460,1207,200.0,0.0,5,[6],0
0,12,x7f9e7779f460,1208,200.0,0.0,2,[0],0
1,13,x7f9e7779fd60,559,200.0,0.0,3,[4],1
0,12,x7f9e7779f460,1209,200.0,0.0,5,[5],0
0,12,x7f9e7779f460,1210,200.0,0.0,2,[1],0
1,13,x7f9e7779fd60,560,200.0,0.0,3,[5],0
0,12,x7f9e7779f460,1211,1000.0,2.0,5,[4],0
0,12,x7f9e7779f460,1212,200.0,0.0,2,[1],0
1,13,x7f9e7779fd60,561,200.0,0.0,3,[0],0
0,12,x7f9e7779f460,1213,200.0,0.0,5,[5],0
0,12,x7f9e7779f460,1214,200.0,0.0,2,[1],0
1,13,x7f9e7779fd60,562,200.0,0.0,2,[4],0
0,12,x7f9e7779f460,1215,200.0,0.0,5,[5],0
0,12,x7f9e7779f460,1216,200.0,0.0,2,[1],0
1,13,x7f9e7779fd60,563,1000.0,2.0,3,[10],1
1,13,x7f9e7779fd60,564,200.0,0.0,2,[4],0
0,12,x7f9e7779f460,1217,200.0,0.0,5,[4],0
0,12,x7f9e7779f460,1218,200.0,0.0,2,[0],0
0,12,x7f9e7779f460,1219,200.0,0.0,5,[4],0
0,12,x7f9e7779f460,1220,200.0,0.0,2,[0],0
0,12,x7f9e7779f460,1221,200.0,0.0,5,[4],0
0,12,x7f9e7779f460,1222,600.0,1.0,2,[1],0
0,12,x7f9e7779f460,1223,200.0,0.0,5,[4],0
0,12,x7f9e7779f460,1224,600.0,1.0,2,[1],0
0,12,x7f9e7779f460,1225,600.0,1.0,4,[5],0
0,12,x7f9e7779f460,1226,361.82764281937534,1.0,4,[5],1
0,12,x7f9e7779f460,1227,200.0,0.0,3,[6],0
0,12,x7f9e7779f460,1228,200.0,0.0,3,[4],0
0,12,x7f9e7779f460,1229,200.0,0.0,2,[4],0
0,12,x7f9e7779f460,1230,200.0,0.0,2,[5],0
0,12,x7f9e7779f460,1231,200.0,0.0,5,[5],0
0,12,x7f9e7779f460,1232,200.0,0.0,2,[0],0
0,12,x7f9e7779f460,1233,200.0,0.0,5,[6],0
0,12,x7f9e7779f460,1234,200.0,0.0,2,[1],0
1,13,x7f9e7779fd60,565,-200.0,0.0,2,[4],1
0,12,x7f9e7779f460,1235,200.0,0.0,5,[6],0
0,12,x7f9e7779f460,1236,600.0,1.0,2,[0],0
1,13,x7f9e7779fd60,566,200.0,0.0,5,[4],0
1,13,x7f9e7779fd60,567,200.0,0.0,2,[1],0
0,12,x7f9e7779f460,1237,200.0,0.0,5,[5],0
0,12,x7f9e7779f460,1238,200.0,0.0,2,[1],0
1,13,x7f9e7779fd60,568,200.0,0.0,5,[5],0
1,13,x7f9e7779fd60,569,200.0,0.0,2,[0],1
0,12,x7f9e7779f460,1239,200.0,0.0,5,[4],0
0,12,x7f9e7779f460,1240,200.0,0.0,2,[1],0
1,13,x7f9e7779fd60,570,200.0,0.0,5,[5],0
1,13,x7f9e7779fd60,571,200.0,0.0,2,[1],0
0,12,x7f9e7779f460,1241,200.0,0.0,5,[5],0
0,12,x7f9e7779f460,1242,-200.0,0.0,2,[0],1
1,13,x7f9e7779fd60,572,-200.0,0.0,4,[0],1
0,12,x7f9e7779f460,1243,200.0,0.0,5,[5],0
0,12,x7f9e7779f460,1244,200.0,0.0,2,[0],0
1,13,x7f9e7779fd60,573,200.0,0.0,4,[4],0
0,12,x7f9e7779f460,1245,600.0,1.0,5,[4],0
0,12,x7f9e7779f460,1246,200.0,0.0,2,[1],0
1,13,x7f9e7779fd60,574,200.0,0.0,3,[5],0
0,12,x7f9e7779f460,1247,200.0,0.0,5,[5],0
0,12,x7f9e7779f460,1248,200.0,0.0,2,[1],0
1,13,x7f9e7779fd60,575,5.015401346649596e-38,0.0,3,[4],1
0,12,x7f9e7779f460,1249,200.0,0.0,5,[5],0
0,12,x7f9e7779f460,1250,200.0,0.0,2,[1],0
1,13,x7f9e7779fd60,576,-200.0,0.0,2,[4],1
0,12,x7f9e7779f460,1251,200.0,0.0,5,[4],0
0,12,x7f9e7779f460,1252,200.0,0.0,2,[1],0
1,13,x7f9e7779fd60,577,200.0,0.0,2,[4],0
0,12,x7f9e7779f460,1253,200.0,0.0,5,[4],0
0,12,x7f9e7779f460,1254,200.0,0.0,2,[1],0
0,12,x7f9e7779f460,1255,200.0,0.0,5,[6],0
0,12,x7f9e7779f460,1256,200.0,0.0,2,[0],0
0,12,x7f9e7779f460,1257,200.0,0.0,5,[4],0
0,12,x7f9e7779f460,1258,600.0,1.0,2,[1],0
0,12,x7f9e7779f460,1259,600.0,1.0,5,[6],0
0,12,x7f9e7779f460,1260,200.0,0.0,2,[0],0
0,12,x7f9e7779f460,1261,200.0,0.0,4,[4],0
0,12,x7f9e7779f460,1262,200.0,0.0,4,[4],0
0,12,x7f9e7779f460,1263,1000.0,2.0,3,[6],0
0,12,x7f9e7779f460,1264,200.0,0.0,3,[4],0
0,12,x7f9e7779f460,1265,1000.0,2.0,4,[10],0
0,12,x7f9e7779f460,1266,200.0,0.0,3,[6],0
0,12,x7f9e7779f460,1267,600.0,1.0,2,[5],0
0,12,x7f9e7779f460,1268,200.0,0.0,2,[4],0
0,12,x7f9e7779f460,1269,200.0,0.0,2,[4],0
0,12,x7f9e7779f460,1270,200.0,0.0,2,[5],0
0,12,x7f9e7779f460,1271,200.0,0.0,4,[5],0
0,12,x7f9e7779f460,1272,200.0,0.0,3,[6],0
0,12,x7f9e7779f460,1273,600.0,1.0,3,[4],0
0,12,x7f9e7779f460,1274,200.0,0.0,2,[5],0
0,12,x7f9e7779f460,1275,200.0,0.0,3,[5],0
0,12,x7f9e7779f460,1276,200.0,0.0,2,[4],0
0,12,x7f9e7779f460,1277,200.0,0.0,3,[4],0
0,12,x7f9e7779f460,1278,200.0,0.0,2,[5],0
0,12,x7f9e7779f460,1279,200.0,0.0,2,[4],0
0,12,x7f9e7779f460,1280,600.0,1.0,4,[4],0
0,12,x7f9e7779f460,1281,600.0,1.0,3,[5],0
0,12,x7f9e7779f460,1282,200.0,0.0,3,[0],0
0,12,x7f9e7779f460,1283,200.0,0.0,2,[5],0
0,12,x7f9e7779f460,1284,200.0,1.0,3,[5],1
0,12,x7f9e7779f460,1285,200.0,0.0,4,[5],0
0,12,x7f9e7779f460,1286,200.0,0.0,2,[0],0
0,12,x7f9e7779f460,1287,200.0,0.0,4,[4],0
0,12,x7f9e7779f460,1288,200.0,0.0,4,[5],0
0,12,x7f9e7779f460,1289,600.0,1.0,5,[6],0
0,12,x7f9e7779f460,1290,200.0,0.0,2,[1],0
1,13,x7f9e7779fd60,578,200.0,0.0,2,[5],0
0,12,x7f9e7779f460,1291,200.0,0.0,5,[6],0
0,12,x7f9e7779f460,1292,200.0,0.0,2,[1],0
1,13,x7f9e7779fd60,579,200.0,0.0,2,[5],0
0,12,x7f9e7779f460,1293,200.0,0.0,5,[5],0
0,12,x7f9e7779f460,1294,600.0,1.0,2,[0],0
0,12,x7f9e7779f460,1295,1000.0,2.0,5,[4],0
0,12,x7f9e7779f460,1296,200.0,0.0,2,[0],0
0,12,x7f9e7779f460,1297,200.0,0.0,5,[4],0
0,12,x7f9e7779f460,1298,200.0,0.0,2,[1],0
0,12,x7f9e7779f460,1299,200.0,0.0,5,[6],0
0,12,x7f9e7779f460,1300,200.0,1.0,2,[1],1
0,12,x7f9e7779f460,1301,600.0,1.0,4,[4],0
0,12,x7f9e7779f460,1302,200.0,1.0,4,[5],1
0,12,x7f9e7779f460,1303,200.0,0.0,3,[6],0
0,12,x7f9e7779f460,1304,200.0,0.0,3,[4],0
0,12,x7f9e7779f460,1305,200.0,0.0,5,[4],0
0,12,x7f9e7779f460,1306,600.0,1.0,2,[1],0
0,12,x7f9e7779f460,1307,600.0,1.0,5,[5],0
0,12,x7f9e7779f460,1308,600.0,1.0,2,[0],0
0,12,x7f9e7779f460,1309,600.0,1.0,5,[5],0
0,12,x7f9e7779f460,1310,200.0,0.0,2,[1],0
0,12,x7f9e7779f460,1311,200.0,0.0,5,[6],0
0,12,x7f9e7779f460,1312,600.0,1.0,2,[0],0
1,13,x7f9e7779fd60,580,600.0,1.0,3,[4],1
0,12,x7f9e7779f460,1313,600.0,1.0,5,[5],0
0,12,x7f9e7779f460,1314,600.0,1.0,2,[1],0
1,13,x7f9e7779fd60,581,200.0,0.0,5,[5],0
1,13,x7f9e7779fd60,582,200.0,0.0,2,[0],0
0,12,x7f9e7779f460,1315,1000.0,2.0,5,[4],0
0,12,x7f9e7779f460,1316,200.0,0.0,2,[1],0
1,13,x7f9e7779fd60,583,200.0,0.0,5,[6],0
1,13,x7f9e7779fd60,584,200.0,0.0,2,[1],0
0,12,x7f9e7779f460,1317,600.0,1.0,5,[5],0
0,12,x7f9e7779f460,1318,200.0,0.0,2,[1],0
1,13,x7f9e7779fd60,585,200.0,0.0,5,[4],0
1,13,x7f9e7779fd60,586,200.0,0.0,2,[1],0
0,12,x7f9e7779f460,1319,200.0,0.0,5,[5],0
0,12,x7f9e7779f460,1320,200.0,0.0,2,[1],0
1,13,x7f9e7779fd60,587,200.0,0.0,5,[5],0
1,13,x7f9e7779fd60,588,200.0,0.0,2,[1],0
0,12,x7f9e7779f460,1321,600.0,1.0,5,[4],0
0,12,x7f9e7779f460,1322,200.0,0.0,2,[0],0
1,13,x7f9e7779fd60,589,200.0,0.0,5,[6],0
1,13,x7f9e7779fd60,590,200.0,0.0,2,[0],0
0,12,x7f9e7779f460,1323,200.0,0.0,5,[4],0
0,12,x7f9e7779f460,1324,200.0,0.0,2,[0],0
1,13,x7f9e7779fd60,591,200.0,0.0,5,[4],0
1,13,x7f9e7779fd60,592,600.0,1.0,2,[1],0
0,12,x7f9e7779f460,1325,200.0,0.0,5,[4],0
0,12,x7f9e7779f460,1326,200.0,0.0,2,[0],0
1,13,x7f9e7779fd60,593,600.0,1.0,5,[6],0
1,13,x7f9e7779fd60,594,200.0,0.0,2,[0],0
0,12,x7f9e7779f460,1327,200.0,0.0,5,[4],0
0,12,x7f9e7779f460,1328,200.0,0.0,2,[0],0
1,13,x7f9e7779fd60,595,200.0,0.0,5,[4],0
1,13,x7f9e7779fd60,596,600.0,1.0,2,[1],0
0,12,x7f9e7779f460,1329,200.0,0.0,5,[4],0
0,12,x7f9e7779f460,1330,600.0,1.0,2,[0],0
1,13,x7f9e7779fd60,597,200.0,0.0,5,[4],0
1,13,x7f9e7779fd60,598,200.0,0.0,2,[1],0
0,12,x7f9e7779f460,1331,200.0,0.0,5,[4],0
0,12,x7f9e7779f460,1332,200.0,0.0,2,[0],0
1,13,x7f9e7779fd60,599,600.0,1.0,5,[5],0
1,13,x7f9e7779fd60,600,600.0,1.0,2,[1],0
0,12,x7f9e7779f460,1333,200.0,0.0,5,[4],0
0,12,x7f9e7779f460,1334,200.0,0.0,2,[0],0
1,13,x7f9e7779fd60,601,600.0,1.0,5,[6],1
1,13,x7f9e7779fd60,602,200.0,0.0,2,[0],0
0,12,x7f9e7779f460,1335,600.0,1.0,5,[4],0
0,12,x7f9e7779f460,1336,600.0,1.0,2,[0],0
1,13,x7f9e7779fd60,603,200.0,0.0,5,[4],0
1,13,x7f9e7779fd60,604,600.0,1.0,2,[1],0
0,12,x7f9e7779f460,1337,200.0,0.0,5,[4],0
0,12,x7f9e7779f460,1338,600.0,1.0,2,[0],0
1,13,x7f9e7779fd60,605,600.0,1.0,5,[6],0
1,13,x7f9e7779fd60,606,200.0,0.0,2,[0],0
0,12,x7f9e7779f460,1339,200.0,0.0,5,[4],0
0,12,x7f9e7779f460,1340,200.0,0.0,2,[0],0
1,13,x7f9e7779fd60,607,200.0,0.0,5,[4],0
1,13,x7f9e7779fd60,608,600.0,1.0,2,[1],0
0,12,x7f9e7779f460,1341,600.0,1.0,5,[4],0
0,12,x7f9e7779f460,1342,600.0,1.0,2,[0],0
1,13,x7f9e7779fd60,609,200.0,1.0,5,[0],1
0,12,x7f9e7779f460,1343,600.0,1.0,5,[4],0
0,12,x7f9e7779f460,1344,200.0,0.0,2,[0],0
1,13,x7f9e7779fd60,610,200.0,0.0,5,[4],0
1,13,x7f9e7779fd60,611,600.0,1.0,2,[1],0
0,12,x7f9e7779f460,1345,200.0,0.0,5,[4],0
0,12,x7f9e7779f460,1346,200.0,0.0,2,[1],0
1,13,x7f9e7779fd60,612,600.0,1.0,5,[5],0
1,13,x7f9e7779fd60,613,200.0,0.0,2,[0],0
0,12,x7f9e7779f460,1347,600.0,1.0,5,[4],0
0,12,x7f9e7779f460,1348,600.0,1.0,2,[1],0
1,13,x7f9e7779fd60,614,600.0,1.0,5,[5],0
1,13,x7f9e7779fd60,615,200.0,0.0,2,[1],0
0,12,x7f9e7779f460,1349,200.0,0.0,5,[4],0
0,12,x7f9e7779f460,1350,600.0,1.0,2,[1],0
1,13,x7f9e7779fd60,616,200.0,0.0,5,[4],0
1,13,x7f9e7779fd60,617,200.0,0.0,2,[0],0
0,12,x7f9e7779f460,1351,200.0,0.0,5,[4],0
0,12,x7f9e7779f460,1352,200.0,0.0,2,[1],0
1,13,x7f9e7779fd60,618,200.0,1.0,5,[0],1
0,12,x7f9e7779f460,1353,400.04754324113225,1.0,5,[0],1
1,13,x7f9e7779fd60,619,200.0,0.0,5,[5],0
1,13,x7f9e7779fd60,620,600.0,1.0,2,[0],0
0,12,x7f9e7779f460,1354,600.0,1.0,5,[4],0
0,12,x7f9e7779f460,1355,200.0,0.0,2,[1],0
1,13,x7f9e7779fd60,621,200.0,0.0,5,[4],0
1,13,x7f9e7779fd60,622,200.0,0.0,2,[1],0
0,12,x7f9e7779f460,1356,600.0,1.0,5,[4],0
0,12,x7f9e7779f460,1357,200.0,0.0,2,[1],0
1,13,x7f9e7779fd60,623,200.0,1.0,5,[1],1
0,12,x7f9e7779f460,1358,200.0,0.0,5,[4],0
0,12,x7f9e7779f460,1359,600.0,1.0,2,[0],0
1,13,x7f9e7779fd60,624,600.0,1.0,5,[5],1
1,13,x7f9e7779fd60,625,200.0,0.0,2,[1],0
0,12,x7f9e7779f460,1360,200.0,0.0,5,[4],0
0,12,x7f9e7779f460,1361,600.0,1.0,2,[1],0
1,13,x7f9e7779fd60,626,200.0,0.0,5,[5],0
1,13,x7f9e7779fd60,627,200.0,0.0,2,[0],0
0,12,x7f9e7779f460,1362,200.0,0.0,5,[4],0
0,12,x7f9e7779f460,1363,200.0,0.0,2,[1],0
1,13,x7f9e7779fd60,628,200.0,0.0,5,[4],0
1,13,x7f9e7779fd60,629,600.0,1.0,2,[1],1
0,12,x7f9e7779f460,1364,600.0,1.0,5,[5],0
0,12,x7f9e7779f460,1365,200.0,0.0,2,[1],0
1,13,x7f9e7779fd60,630,200.0,0.0,5,[4],0
1,13,x7f9e7779fd60,631,200.0,0.0,2,[1],0
0,12,x7f9e7779f460,1366,200.0,0.0,5,[5],0
0,12,x7f9e7779f460,1367,200.0,0.0,2,[1],0
1,13,x7f9e7779fd60,632,200.0,0.0,5,[4],0
1,13,x7f9e7779fd60,633,200.0,0.0,2,[1],0
0,12,x7f9e7779f460,1368,200.0,0.0,5,[5],0
0,12,x7f9e7779f460,1369,200.0,0.0,2,[1],0
1,13,x7f9e7779fd60,634,600.0,1.0,5,[4],0
1,13,x7f9e7779fd60,635,200.0,0.0,2,[0],0
0,12,x7f9e7779f460,1370,200.0,0.0,5,[5],0
0,12,x7f9e7779f460,1371,600.0,1.0,2,[1],0
1,13,x7f9e7779fd60,636,200.0,0.0,5,[5],0
1,13,x7f9e7779fd60,637,200.0,0.0,2,[1],0
0,12,x7f9e7779f460,1372,200.0,0.0,5,[5],0
0,12,x7f9e7779f460,1373,200.0,0.0,2,[1],0
1,13,x7f9e7779fd60,638,200.0,0.0,5,[6],0
1,13,x7f9e7779fd60,639,200.0,0.0,2,[0],0
0,12,x7f9e7779f460,1374,600.0,1.0,5,[4],0
0,12,x7f9e7779f460,1375,600.0,1.0,2,[0],0
1,13,x7f9e7779fd60,640,200.0,0.0,5,[4],0
1,13,x7f9e7779fd60,641,1000.0,2.0,2,[1],0
0,12,x7f9e7779f460,1376,600.0,1.0,5,[4],0
0,12,x7f9e7779f460,1377,200.0,0.0,2,[0],0
1,13,x7f9e7779fd60,642,200.0,0.0,5,[4],0
1,13,x7f9e7779fd60,643,200.0,0.0,2,[1],0
0,12,x7f9e7779f460,1378,200.0,0.0,5,[4],0
0,12,x7f9e7779f460,1379,200.0,0.0,2,[0],0
1,13,x7f9e7779fd60,644,1000.0,2.0,5,[5],0
1,13,x7f9e7779fd60,645,200.0,0.0,2,[1],0
0,12,x7f9e7779f460,1380,600.0,1.0,5,[4],0
0,12,x7f9e7779f460,1381,200.0,0.0,2,[0],0
1,13,x7f9e7779fd60,646,200.0,0.0,5,[6],0
1,13,x7f9e7779fd60,647,200.0,0.0,2,[0],0
0,12,x7f9e7779f460,1382,200.0,0.0,5,[4],0
0,12,x7f9e7779f460,1383,1000.0,2.0,2,[0],0
1,13,x7f9e7779fd60,648,200.0,0.0,5,[4],0
1,13,x7f9e7779fd60,649,200.0,0.0,2,[1],0
0,12,x7f9e7779f460,1384,200.0,0.0,5,[4],0
0,12,x7f9e7779f460,1385,200.0,0.0,2,[0],0
1,13,x7f9e7779fd60,650,200.0,0.0,5,[6],0
1,13,x7f9e7779fd60,651,200.0,0.0,2,[0],0
0,12,x7f9e7779f460,1386,200.0,0.0,5,[4],0
0,12,x7f9e7779f460,1387,200.0,0.0,2,[0],0
1,13,x7f9e7779fd60,652,200.0,0.0,5,[4],0
1,13,x7f9e7779fd60,653,200.0,0.0,2,[1],0
0,12,x7f9e7779f460,1388,1000.0,2.0,5,[4],0
0,12,x7f9e7779f460,1389,200.0,0.0,2,[0],0
1,13,x7f9e7779fd60,654,200.0,0.0,5,[4],0
1,13,x7f9e7779fd60,655,200.0,0.0,2,[1],0
0,12,x7f9e7779f460,1390,200.0,0.0,5,[4],0
0,12,x7f9e7779f460,1391,200.0,0.0,2,[0],0
1,13,x7f9e7779fd60,656,200.0,0.0,5,[5],0
1,13,x7f9e7779fd60,657,200.0,0.0,2,[1],0
0,12,x7f9e7779f460,1392,200.0,0.0,5,[4],0
0,12,x7f9e7779f460,1393,200.0,0.0,2,[0],0
1,13,x7f9e7779fd60,658,200.0,0.0,5,[6],0
1,13,x7f9e7779fd60,659,1000.0,2.0,2,[0],0
0,12,x7f9e7779f460,1394,200.0,0.0,5,[4],0
0,12,x7f9e7779f460,1395,200.0,0.0,2,[0],0
1,13,x7f9e7779fd60,660,200.0,0.0,5,[4],0
1,13,x7f9e7779fd60,661,200.0,0.0,2,[1],0
0,12,x7f9e7779f460,1396,200.0,0.0,5,[4],0
0,12,x7f9e7779f460,1397,200.0,0.0,2,[0],0
1,13,x7f9e7779fd60,662,200.0,0.0,5,[6],0
1,13,x7f9e7779fd60,663,200.0,0.0,2,[0],0
0,12,x7f9e7779f460,1398,200.0,0.0,5,[4],0
0,12,x7f9e7779f460,1399,200.0,0.0,2,[0],0
1,13,x7f9e7779fd60,664,200.0,0.0,5,[4],0
1,13,x7f9e7779fd60,665,600.0,2.0,2,[0],1
0,12,x7f9e7779f460,1400,200.0,0.0,5,[4],0
0,12,x7f9e7779f460,1401,200.0,0.0,2,[0],0
1,13,x7f9e7779fd60,666,1000.0,2.0,5,[4],0
1,13,x7f9e7779fd60,667,200.0,0.0,2,[0],0
0,12,x7f9e7779f460,1402,200.0,0.0,5,[4],0
0,12,x7f9e7779f460,1403,200.0,0.0,2,[0],0
1,13,x7f9e7779fd60,668,200.0,0.0,5,[6],0
1,13,x7f9e7779fd60,669,200.0,0.0,2,[1],0
0,12,x7f9e7779f460,1404,200.0,0.0,5,[4],0
0,12,x7f9e7779f460,1405,1000.0,2.0,2,[0],0
1,13,x7f9e7779fd60,670,200.0,0.0,5,[6],0
1,13,x7f9e7779fd60,671,200.0,0.0,2,[0],0
0,12,x7f9e7779f460,1406,200.0,0.0,5,[4],0
0,12,x7f9e7779f460,1407,200.0,0.0,2,[0],0
1,13,x7f9e7779fd60,672,807.4074074074061,2.0,5,[5],1
1,13,x7f9e7779fd60,673,200.0,0.0,2,[1],0
0,12,x7f9e7779f460,1408,200.0,0.0,5,[4],0
0,12,x7f9e7779f460,1409,200.0,0.0,2,[0],0
1,13,x7f9e7779fd60,674,200.0,0.0,5,[4],0
1,13,x7f9e7779fd60,675,200.0,0.0,2,[0],1
0,12,x7f9e7779f460,1410,1000.0,2.0,5,[4],0
0,12,x7f9e7779f460,1411,200.0,0.0,2,[1],0
1,13,x7f9e7779fd60,676,818.4757992581291,2.0,5,[1],1
0,12,x7f9e7779f460,1412,200.0,0.0,5,[4],0
0,12,x7f9e7779f460,1413,1000.0,2.0,2,[0],0
1,13,x7f9e7779fd60,677,200.0,0.0,4,[5],0
0,12,x7f9e7779f460,1414,200.0,0.0,5,[4],0
0,12,x7f9e7779f460,1415,200.0,0.0,2,[1],0
1,13,x7f9e7779fd60,678,200.0,0.0,4,[4],0
0,12,x7f9e7779f460,1416,200.0,0.0,5,[4],0
0,12,x7f9e7779f460,1417,200.0,0.0,2,[1],0
1,13,x7f9e7779fd60,679,200.0,0.0,3,[4],0
0,12,x7f9e7779f460,1418,200.0,0.0,5,[5],0
0,12,x7f9e7779f460,1419,1000.0,2.0,2,[0],0
1,13,x7f9e7779fd60,680,200.0,0.0,3,[6],0
0,12,x7f9e7779f460,1420,200.0,0.0,5,[5],0
0,12,x7f9e7779f460,1421,200.0,0.0,2,[1],0
1,13,x7f9e7779fd60,681,1000.0,2.0,2,[5],0
0,12,x7f9e7779f460,1422,1000.0,2.0,5,[4],0
0,12,x7f9e7779f460,1423,200.0,0.0,2,[0],0
1,13,x7f9e7779fd60,682,600.0,1.0,5,[6],0
1,13,x7f9e7779fd60,683,600.0,1.0,2,[1],1
0,12,x7f9e7779f460,1424,1000.0,2.0,5,[4],0
0,12,x7f9e7779f460,1425,600.0,1.0,2,[1],0
1,13,x7f9e7779fd60,684,200.0,0.0,5,[4],0
1,13,x7f9e7779fd60,685,-200.0,0.0,2,[0],1
0,12,x7f9e7779f460,1426,200.0,0.0,5,[4],0
0,12,x7f9e7779f460,1427,1000.0,2.0,2,[0],0
1,13,x7f9e7779fd60,686,600.0,1.0,4,[5],0
0,12,x7f9e7779f460,1428,200.0,0.0,5,[4],0
0,12,x7f9e7779f460,1429,200.0,0.0,2,[0],0
1,13,x7f9e7779fd60,687,200.0,0.0,4,[0],0
0,12,x7f9e7779f460,1430,600.0,1.0,5,[4],0
0,12,x7f9e7779f460,1431,600.0,1.0,2,[0],0
1,13,x7f9e7779fd60,688,200.0,0.0,3,[4],0
0,12,x7f9e7779f460,1432,1000.0,2.0,5,[4],0
0,12,x7f9e7779f460,1433,200.0,0.0,2,[0],1
1,13,x7f9e7779fd60,689,200.0,0.0,3,[5],0
0,12,x7f9e7779f460,1434,200.0,0.0,5,[4],0
0,12,x7f9e7779f460,1435,200.0,0.0,2,[0],0
1,13,x7f9e7779fd60,690,-200.0,0.0,4,[0],1
0,12,x7f9e7779f460,1436,600.0,1.0,5,[4],0
0,12,x7f9e7779f460,1437,200.0,0.0,2,[0],0
1,13,x7f9e7779fd60,691,200.0,0.0,4,[6],0
0,12,x7f9e7779f460,1438,200.0,0.0,5,[4],0
0,12,x7f9e7779f460,1439,200.0,0.0,2,[1],0
1,13,x7f9e7779fd60,692,200.0,0.0,4,[4],0
0,12,x7f9e7779f460,1440,200.0,0.0,5,[4],0
0,12,x7f9e7779f460,1441,200.0,0.0,2,[1],0
1,13,x7f9e7779fd60,693,1000.0,2.0,3,[5],0
0,12,x7f9e7779f460,1442,200.0,0.0,5,[5],0
0,12,x7f9e7779f460,1443,1000.0,2.0,2,[1],0
1,13,x7f9e7779fd60,694,200.0,0.0,3,[6],0
0,12,x7f9e7779f460,1444,200.0,0.0,5,[4],0
0,12,x7f9e7779f460,1445,200.0,0.0,2,[1],0
1,13,x7f9e7779fd60,695,200.0,0.0,2,[4],0
0,12,x7f9e7779f460,1446,200.0,0.0,5,[4],0
0,12,x7f9e7779f460,1447,200.0,0.0,2,[1],0
1,13,x7f9e7779fd60,696,1000.0,2.0,2,[4],1
0,12,x7f9e7779f460,1448,1000.0,2.0,5,[4],0
0,12,x7f9e7779f460,1449,1000.0,2.0,2,[1],0
0,12,x7f9e7779f460,1450,200.0,0.0,5,[4],0
0,12,x7f9e7779f460,1451,200.0,0.0,2,[0],0
0,12,x7f9e7779f460,1452,200.0,0.0,5,[4],0
0,12,x7f9e7779f460,1453,1000.0,2.0,2,[1],0
0,12,x7f9e7779f460,1454,1000.0,2.0,5,[6],0
0,12,x7f9e7779f460,1455,200.0,0.0,2,[0],0
0,12,x7f9e7779f460,1456,1000.0,2.0,4,[4],0
0,12,x7f9e7779f460,1457,200.0,0.0,4,[4],0
0,12,x7f9e7779f460,1458,200.0,0.0,3,[6],0
0,12,x7f9e7779f460,1459,200.0,0.0,3,[4],0
0,12,x7f9e7779f460,1460,200.0,0.0,4,[6],0
0,12,x7f9e7779f460,1461,200.0,0.0,2,[1],0
0,12,x7f9e7779f460,1462,200.0,0.0,5,[6],0
0,12,x7f9e7779f460,1463,600.0,1.0,2,[0],0
1,13,x7f9e7779fd60,697,200.0,0.0,3,[4],0
0,12,x7f9e7779f460,1464,600.0,1.0,5,[5],0
0,12,x7f9e7779f460,1465,200.0,0.0,2,[1],0
1,13,x7f9e7779fd60,698,1000.0,2.0,5,[5],0
1,13,x7f9e7779fd60,699,600.0,1.0,2,[0],1
0,12,x7f9e7779f460,1466,200.0,0.0,5,[4],0
0,12,x7f9e7779f460,1467,1000.0,2.0,2,[1],0
1,13,x7f9e7779fd60,700,600.0,1.0,5,[6],0
1,13,x7f9e7779fd60,701,600.0,1.0,2,[1],0
0,12,x7f9e7779f460,1468,200.0,0.0,5,[5],0
0,12,x7f9e7779f460,1469,600.0,1.0,2,[1],0
1,13,x7f9e7779fd60,702,200.0,0.0,4,[4],0
1,13,x7f9e7779fd60,703,200.0,0.0,2,[1],0
0,12,x7f9e7779f460,1470,1000.0,2.0,5,[5],0
0,12,x7f9e7779f460,1471,200.0,0.0,2,[1],0
1,13,x7f9e7779fd60,704,600.0,1.0,4,[5],0
0,12,x7f9e7779f460,1472,600.0,1.0,5,[4],0
0,12,x7f9e7779f460,1473,200.0,0.0,2,[0],0
1,13,x7f9e7779fd60,705,200.0,0.0,4,[0],0
0,12,x7f9e7779f460,1474,600.0,1.0,5,[4],0
0,12,x7f9e7779f460,1475,600.0,1.0,2,[0],0
1,13,x7f9e7779fd60,706,200.0,0.0,3,[4],0
0,12,x7f9e7779f460,1476,200.0,0.0,5,[4],0
0,12,x7f9e7779f460,1477,200.0,0.0,2,[0],0
1,13,x7f9e7779fd60,707,600.0,1.0,4,[10],1
1,13,x7f9e7779fd60,708,200.0,0.0,3,[4],0
0,12,x7f9e7779f460,1478,200.0,0.0,5,[4],0
0,12,x7f9e7779f460,1479,200.0,0.0,2,[0],0
1,13,x7f9e7779fd60,709,200.0,0.0,2,[4],0
0,12,x7f9e7779f460,1480,600.0,1.0,5,[4],0
0,12,x7f9e7779f460,1481,200.0,0.0,2,[0],0
1,13,x7f9e7779fd60,710,600.0,1.0,2,[5],0
0,12,x7f9e7779f460,1482,200.0,0.0,5,[4],0
0,12,x7f9e7779f460,1483,600.0,1.0,2,[1],0
0,12,x7f9e7779f460,1484,200.0,0.0,5,[4],0
0,12,x7f9e7779f460,1485,200.0,0.0,2,[0],0
