7,10,x7f7d398d6370,1,-59.0,0.0,0.0,0.0,3,[6],4
7,10,x7f7d398d6370,2,4.0,0.0,0.0,0.0,3,[6],2
7,10,x7f7d398d6370,3,400.0,0.0,1.0,0.12,6,[6],3
7,10,x7f7d398d6370,4,249.0,0.0,1.0,0.12,6,[9],3
7,10,x7f7d398d6370,5,400.0,0.0,0.0,0.06,5,[6],2
7,10,x7f7d398d6370,6,-273.0,0.0,0.0,0.06,7,[6],2
7,10,x7f7d398d6370,7,-300.0,0.0,0.0,0.12,8,[23],1
7,10,x7f7d398d6370,8,-135.0,0.0,0.0,0.04,8,[19],3
7,10,x7f7d398d6370,9,0.0,0.0,0.0,0.07,8,[23],1
7,10,x7f7d398d6370,10,-563.0,0.0,0.0,0.12,8,[6],2
7,10,x7f7d398d6370,11,-646.0,0.0,0.0,0.12,8,[6],2
7,10,x7f7d398d6370,12,500.0,1.0,1.0,0.12,7,[6],1
7,10,x7f7d398d6370,13,647.0,1.0,1.0,0.08,8,[23],3
7,10,x7f7d398d6370,14,400.0,0.0,0.0,0.07,8,[23],0
7,10,x7f7d398d6370,15,300.0,0.0,0.0,0.03,7,[6],0
7,10,x7f7d398d6370,16,0.0,0.0,0.0,0.07,8,[20],1
7,10,x7f7d398d6370,17,0.0,0.0,0.0,0.07,8,[20],1
7,10,x7f7d398d6370,18,178.0,1.0,1.0,0.12,8,[9],4
7,10,x7f7d398d6370,19,300.0,0.0,1.0,0.07,8,[23],3
7,10,x7f7d398d6370,20,0.0,0.0,0.0,0.07,8,[23],0
7,10,x7f7d398d6370,21,150.0,1.0,0.0,0.09,3,[0],2
7,10,x7f7d398d6370,22,644.0,1.0,1.0,0.09,7,[0],3
7,10,x7f7d398d6370,23,-574.0,0.0,0.0,0.12,8,[6],2
7,10,x7f7d398d6370,24,0.0,1.0,0.0,0.07,2,[2],0
7,10,x7f7d398d6370,25,300.0,0.0,1.0,0.07,8,[23],3
7,10,x7f7d398d6370,26,400.0,1.0,0.0,0.03,7,[6],0
7,10,x7f7d398d6370,27,-100.0,0.0,0.0,0.07,8,[20],1
7,10,x7f7d398d6370,28,0.0,0.0,0.0,0.07,8,[23],1
7,10,x7f7d398d6370,29,300.0,0.0,1.0,0.07,8,[20],3
7,10,x7f7d398d6370,30,-255.0,0.0,0.0,0.03,8,[6],2
7,10,x7f7d398d6370,31,-274.0,0.0,0.0,0.03,8,[6],0
7,10,x7f7d398d6370,32,0.0,0.0,0.0,0.07,8,[23],3
7,10,x7f7d398d6370,33,-49.0,1.0,0.0,0.12,8,[6],2
7,10,x7f7d398d6370,34,300.0,0.0,1.0,0.07,8,[20],1
7,10,x7f7d398d6370,35,-201.0,0.0,0.0,0.07,8,[20],0
7,10,x7f7d398d6370,36,-251.0,0.0,0.0,0.03,8,[6],0
7,10,x7f7d398d6370,37,-61.0,1.0,0.0,0.12,8,[6],4
7,10,x7f7d398d6370,38,-160.0,0.0,0.0,0.12,8,[6],2
7,10,x7f7d398d6370,39,647.0,1.0,1.0,0.08,8,[23],1
7,10,x7f7d398d6370,40,-77.0,0.0,0.0,0.09,8,[0],4
7,10,x7f7d398d6370,41,145.0,0.0,1.0,0.03,5,[8],3
7,10,x7f7d398d6370,42,500.0,1.0,0.0,0.07,8,[23],1
7,10,x7f7d398d6370,43,-555.0,0.0,0.0,0.12,8,[6],2
7,10,x7f7d398d6370,44,250.0,0.0,0.0,0.07,3,[0],0
7,10,x7f7d398d6370,45,-153.0,0.0,0.0,0.08,8,[23],3
7,10,x7f7d398d6370,46,-412.0,0.0,0.0,0.12,8,[6],1
7,10,x7f7d398d6370,47,0.0,0.0,0.0,0.07,8,[23],0
7,10,x7f7d398d6370,48,-288.0,0.0,1.0,0.12,8,[6],2
7,10,x7f7d398d6370,49,-300.0,0.0,0.0,0.12,8,[23],1
7,10,x7f7d398d6370,50,212.0,1.0,1.0,0.12,8,[6],4
7,10,x7f7d398d6370,51,100.0,0.0,0.0,0.12,2,[23],1
7,10,x7f7d398d6370,52,500.0,1.0,0.0,0.07,8,[23],4
7,10,x7f7d398d6370,53,350.0,1.0,1.0,0.09,3,[2],3
7,10,x7f7d398d6370,54,-153.0,0.0,0.0,0.08,8,[23],1
7,10,x7f7d398d6370,55,500.0,1.0,1.0,0.12,7,[6],3
7,10,x7f7d398d6370,56,0.0,0.0,0.0,0.07,8,[23],0
7,10,x7f7d398d6370,57,250.0,0.0,0.0,0.09,3,[0],2
7,10,x7f7d398d6370,58,-149.0,1.0,0.0,0.09,8,[2],4
7,10,x7f7d398d6370,59,-58.0,1.0,0.0,0.09,8,[2],4
7,10,x7f7d398d6370,60,-300.0,0.0,0.0,0.12,8,[23],3
7,10,x7f7d398d6370,61,150.0,0.0,0.0,0.09,3,[0],4
7,10,x7f7d398d6370,62,0.0,0.0,0.0,0.07,8,[23],3
7,10,x7f7d398d6370,63,-265.0,0.0,0.0,0.09,8,[0],4
7,10,x7f7d398d6370,64,500.0,1.0,0.0,0.07,8,[23],0
7,10,x7f7d398d6370,65,-252.0,0.0,0.0,0.03,8,[6],0
7,10,x7f7d398d6370,66,0.0,0.0,0.0,0.07,8,[23],1
7,10,x7f7d398d6370,67,-274.0,1.0,0.0,0.09,8,[2],4
7,10,x7f7d398d6370,68,800.0,1.0,1.0,0.07,8,[23],3
7,10,x7f7d398d6370,69,250.0,0.0,0.0,0.09,2,[1],4
7,10,x7f7d398d6370,70,100.0,0.0,0.0,0.12,5,[6],1
7,10,x7f7d398d6370,71,-300.0,0.0,0.0,0.12,7,[6],2
7,10,x7f7d398d6370,72,190.0,1.0,0.0,0.09,5,[1],0
7,10,x7f7d398d6370,73,-105.0,0.0,0.0,0.09,8,[19],1
7,10,x7f7d398d6370,74,500.0,1.0,0.0,0.07,8,[23],0
7,10,x7f7d398d6370,75,800.0,1.0,1.0,0.07,8,[23],1
7,10,x7f7d398d6370,76,6.0,0.0,0.0,0.09,8,[0],4
7,10,x7f7d398d6370,77,400.0,0.0,0.0,0.07,8,[23],3
7,10,x7f7d398d6370,78,-105.0,0.0,0.0,0.09,8,[19],3
7,10,x7f7d398d6370,79,400.0,0.0,0.0,0.07,8,[23],0
7,10,x7f7d398d6370,80,-250.0,0.0,0.0,0.03,8,[6],2
7,10,x7f7d398d6370,81,550.0,0.0,1.0,0.07,3,[0],1
7,10,x7f7d398d6370,82,400.0,0.0,0.0,0.07,8,[20],1
7,10,x7f7d398d6370,83,-253.0,0.0,0.0,0.06,8,[6],0
7,10,x7f7d398d6370,84,-253.0,0.0,1.0,0.12,8,[6],2
7,10,x7f7d398d6370,85,250.0,0.0,0.0,0.07,3,[0],2
7,10,x7f7d398d6370,86,0.0,0.0,0.0,0.07,8,[23],3
7,10,x7f7d398d6370,87,800.0,1.0,1.0,0.07,7,[23],3
7,10,x7f7d398d6370,88,50.0,0.0,0.0,0.09,3,[0],4
7,10,x7f7d398d6370,89,277.0,1.0,0.0,0.06,7,[6],4
7,10,x7f7d398d6370,90,500.0,1.0,0.0,0.07,8,[23],3
7,10,x7f7d398d6370,91,-270.0,0.0,0.0,0.09,3,[1],2
7,10,x7f7d398d6370,92,-100.0,0.0,0.0,0.07,2,[1],4
7,10,x7f7d398d6370,93,500.0,1.0,0.0,0.07,6,[23],0
7,10,x7f7d398d6370,94,700.0,0.0,1.0,0.08,4,[20],1
7,10,x7f7d398d6370,95,-330.0,0.0,0.0,0.09,5,[0],4
7,10,x7f7d398d6370,96,550.0,0.0,1.0,0.03,7,[6],2
7,10,x7f7d398d6370,97,104.0,0.0,0.0,0.06,6,[6],0
7,10,x7f7d398d6370,98,150.0,0.0,1.0,0.07,3,[0],2
7,10,x7f7d398d6370,99,-561.0,0.0,0.0,0.12,7,[6],2
7,10,x7f7d398d6370,100,200.0,0.0,0.0,0.06,2,[9],0
7,10,x7f7d398d6370,101,250.0,0.0,1.0,0.12,6,[9],3
7,10,x7f7d398d6370,102,500.0,1.0,1.0,0.12,3,[23],1
7,10,x7f7d398d6370,103,-300.0,0.0,0.0,0.12,5,[6],3
7,10,x7f7d398d6370,104,365.0,1.0,0.0,0.04,6,[19],3
7,10,x7f7d398d6370,105,150.0,1.0,0.0,0.09,3,[0],4
7,10,x7f7d398d6370,106,300.0,1.0,0.0,0.0,2,[8],0
7,10,x7f7d398d6370,107,109.0,0.0,0.0,0.03,6,[6],2
7,10,x7f7d398d6370,108,550.0,0.0,1.0,0.12,2,[7],1
7,10,x7f7d398d6370,109,150.0,1.0,0.0,0.07,2,[1],0
7,10,x7f7d398d6370,110,-150.0,0.0,0.0,0.06,7,[23],1
7,10,x7f7d398d6370,111,50.0,0.0,0.0,0.09,2,[0],2
7,10,x7f7d398d6370,112,0.0,0.0,0.0,0.07,6,[23],1
7,10,x7f7d398d6370,113,650.0,1.0,1.0,0.09,3,[0],3
7,10,x7f7d398d6370,114,350.0,1.0,0.0,0.09,2,[1],4
7,10,x7f7d398d6370,115,550.0,0.0,1.0,0.09,2,[1],0
7,10,x7f7d398d6370,116,350.0,1.0,0.0,0.12,3,[6],0
7,10,x7f7d398d6370,117,278.0,0.0,1.0,0.12,5,[7],3
7,10,x7f7d398d6370,118,700.0,0.0,1.0,0.07,3,[20],0
7,10,x7f7d398d6370,119,122.0,0.0,0.0,0.03,8,[6],0
7,10,x7f7d398d6370,120,400.0,0.0,0.0,0.07,8,[23],3
7,10,x7f7d398d6370,121,250.0,0.0,0.0,0.09,3,[0],4
7,10,x7f7d398d6370,122,400.0,0.0,0.0,0.07,8,[23],3
7,10,x7f7d398d6370,123,-87.0,0.0,0.0,0.09,8,[0],4
7,10,x7f7d398d6370,124,365.0,1.0,0.0,0.04,8,[19],4
7,10,x7f7d398d6370,125,400.0,0.0,0.0,0.07,7,[23],1
7,10,x7f7d398d6370,126,300.0,0.0,1.0,0.07,8,[23],3
7,10,x7f7d398d6370,127,0.0,0.0,0.0,0.07,8,[23],3
7,10,x7f7d398d6370,128,395.0,1.0,0.0,0.09,8,[19],4
7,10,x7f7d398d6370,129,-257.0,0.0,0.0,0.03,8,[6],0
7,10,x7f7d398d6370,130,-25.0,1.0,0.0,0.09,8,[1],4
7,10,x7f7d398d6370,131,147.0,0.0,1.0,0.08,8,[23],3
7,10,x7f7d398d6370,132,700.0,0.0,1.0,0.07,8,[23],3
7,10,x7f7d398d6370,133,50.0,0.0,0.0,0.09,3,[0],1
7,10,x7f7d398d6370,134,230.0,0.0,0.0,0.09,5,[1],4
7,10,x7f7d398d6370,135,300.0,0.0,1.0,0.07,8,[23],3
7,10,x7f7d398d6370,136,-405.0,0.0,0.0,0.12,5,[6],1
7,10,x7f7d398d6370,137,0.0,0.0,0.0,0.07,8,[23],1
7,10,x7f7d398d6370,138,0.0,0.0,1.0,0.09,7,[2],3
7,10,x7f7d398d6370,139,-300.0,0.0,1.0,0.09,7,[2],3
7,10,x7f7d398d6370,140,-100.0,0.0,0.0,0.03,7,[7],2
7,10,x7f7d398d6370,141,0.0,0.0,0.0,0.07,8,[23],3
7,10,x7f7d398d6370,142,250.0,0.0,0.0,0.09,3,[0],0
7,10,x7f7d398d6370,143,149.0,0.0,0.0,0.09,3,[0],2
7,10,x7f7d398d6370,144,412.0,0.0,1.0,0.09,3,[1],3
7,10,x7f7d398d6370,145,-135.0,0.0,0.0,0.04,8,[19],3
7,10,x7f7d398d6370,146,-135.0,0.0,0.0,0.04,8,[19],1
7,10,x7f7d398d6370,147,0.0,0.0,0.0,0.07,8,[20],3
7,10,x7f7d398d6370,148,400.0,0.0,0.0,0.03,7,[6],1
7,10,x7f7d398d6370,149,400.0,0.0,0.0,0.07,8,[23],3
7,10,x7f7d398d6370,150,0.0,0.0,0.0,0.07,8,[23],3
7,10,x7f7d398d6370,151,400.0,0.0,0.0,0.07,8,[23],3
7,10,x7f7d398d6370,152,595.0,0.0,1.0,0.09,8,[19],3
7,10,x7f7d398d6370,153,-150.0,1.0,0.0,0.09,3,[2],4
7,10,x7f7d398d6370,154,408.0,0.0,1.0,0.09,3,[1],3
7,10,x7f7d398d6370,155,-150.0,0.0,0.0,0.06,8,[23],3
7,10,x7f7d398d6370,156,-105.0,0.0,0.0,0.09,8,[19],3
7,10,x7f7d398d6370,157,700.0,0.0,1.0,0.07,8,[23],3
7,10,x7f7d398d6370,158,647.0,1.0,1.0,0.08,8,[23],3
7,10,x7f7d398d6370,159,400.0,0.0,0.0,0.07,8,[23],1
7,10,x7f7d398d6370,160,224.0,0.0,1.0,0.09,8,[0],4
7,10,x7f7d398d6370,161,-400.0,0.0,0.0,0.12,8,[6],2
7,10,x7f7d398d6370,162,547.0,0.0,1.0,0.08,8,[23],1
7,10,x7f7d398d6370,163,700.0,0.0,1.0,0.07,8,[23],3
7,10,x7f7d398d6370,164,200.0,1.0,0.0,0.12,8,[23],4
7,10,x7f7d398d6370,165,400.0,0.0,0.0,0.07,8,[23],3
7,10,x7f7d398d6370,166,100.0,0.0,0.0,0.12,8,[23],3
7,10,x7f7d398d6370,167,800.0,1.0,1.0,0.07,8,[23],0
7,10,x7f7d398d6370,168,500.0,1.0,0.0,0.07,8,[23],3
7,10,x7f7d398d6370,169,200.0,0.0,0.0,0.07,2,[20],1
7,10,x7f7d398d6370,170,0.0,1.0,0.0,0.09,7,[2],4
7,10,x7f7d398d6370,171,100.0,0.0,0.0,0.12,8,[6],3
7,10,x7f7d398d6370,172,100.0,0.0,0.0,0.12,2,[23],3
7,10,x7f7d398d6370,173,-30.0,0.0,0.0,0.12,5,[7],3
7,10,x7f7d398d6370,174,375.0,0.0,1.0,0.09,8,[1],3
7,10,x7f7d398d6370,175,-0.0,0.0,0.0,0.09,8,[0],4
7,10,x7f7d398d6370,176,-300.0,0.0,0.0,0.12,8,[6],3
7,10,x7f7d398d6370,177,100.0,0.0,0.0,0.12,2,[23],3
7,10,x7f7d398d6370,178,300.0,0.0,1.0,0.07,8,[20],3
7,10,x7f7d398d6370,179,400.0,0.0,0.0,0.07,3,[23],1
7,10,x7f7d398d6370,180,3.0,0.0,0.0,0.12,5,[6],2
7,10,x7f7d398d6370,181,0.0,0.0,1.0,0.12,8,[23],1
7,10,x7f7d398d6370,182,500.0,1.0,0.0,0.07,8,[23],1
7,10,x7f7d398d6370,183,-566.0,0.0,0.0,0.12,8,[6],2
7,10,x7f7d398d6370,184,-207.0,0.0,0.0,0.09,8,[0],4
7,10,x7f7d398d6370,185,-150.0,1.0,0.0,0.09,8,[2],4
7,10,x7f7d398d6370,186,228.0,0.0,1.0,0.09,8,[0],4
7,10,x7f7d398d6370,187,400.0,0.0,0.0,0.07,8,[23],3
7,10,x7f7d398d6370,188,0.0,0.0,0.0,0.07,8,[23],1
7,10,x7f7d398d6370,189,0.0,0.0,0.0,0.07,8,[23],0
7,10,x7f7d398d6370,190,-556.0,0.0,0.0,0.12,8,[6],2
7,10,x7f7d398d6370,191,-350.0,0.0,0.0,0.07,3,[0],0
7,10,x7f7d398d6370,192,247.0,0.0,0.0,0.08,8,[23],3
7,10,x7f7d398d6370,193,200.0,1.0,0.0,0.12,8,[23],3
7,10,x7f7d398d6370,194,247.0,0.0,0.0,0.08,8,[23],3
7,10,x7f7d398d6370,195,-596.0,0.0,0.0,0.12,8,[6],2
7,10,x7f7d398d6370,196,0.0,0.0,0.0,0.07,8,[23],3
7,10,x7f7d398d6370,197,500.0,1.0,0.0,0.07,8,[23],3
7,10,x7f7d398d6370,198,-450.0,0.0,0.0,0.09,3,[2],3
7,10,x7f7d398d6370,199,-105.0,0.0,0.0,0.09,8,[19],3
7,10,x7f7d398d6370,200,-72.0,0.0,0.0,0.09,8,[0],4
7,10,x7f7d398d6370,201,400.0,0.0,0.0,0.07,8,[23],3
7,10,x7f7d398d6370,202,500.0,1.0,0.0,0.07,8,[23],3
7,10,x7f7d398d6370,203,0.0,0.0,0.0,0.07,8,[23],1
7,10,x7f7d398d6370,204,500.0,1.0,0.0,0.07,8,[23],0
7,10,x7f7d398d6370,205,300.0,0.0,1.0,0.07,8,[23],3
7,10,x7f7d398d6370,206,800.0,1.0,1.0,0.07,8,[23],3
7,10,x7f7d398d6370,207,400.0,0.0,0.0,0.06,7,[6],3
7,10,x7f7d398d6370,208,700.0,0.0,1.0,0.07,8,[23],3
7,10,x7f7d398d6370,209,250.0,0.0,0.0,0.09,3,[0],0
7,10,x7f7d398d6370,210,0.0,0.0,0.0,0.07,8,[23],3
7,10,x7f7d398d6370,211,-24.0,1.0,0.0,0.09,8,[0],4
7,10,x7f7d398d6370,212,100.0,0.0,0.0,0.12,5,[6],3
7,10,x7f7d398d6370,213,-147.0,0.0,0.0,0.09,8,[0],4
7,10,x7f7d398d6370,214,-250.0,0.0,0.0,0.07,3,[0],1
7,10,x7f7d398d6370,215,-135.0,0.0,0.0,0.04,8,[19],1
7,10,x7f7d398d6370,216,400.0,0.0,0.0,0.07,8,[23],0
7,10,x7f7d398d6370,217,500.0,1.0,0.0,0.07,8,[23],0
7,10,x7f7d398d6370,218,500.0,1.0,0.0,0.07,8,[23],0
7,10,x7f7d398d6370,219,500.0,1.0,0.0,0.07,8,[23],3
7,10,x7f7d398d6370,220,0.0,0.0,0.0,0.07,8,[23],3
7,10,x7f7d398d6370,221,-131.0,1.0,0.0,0.09,8,[1],4
7,10,x7f7d398d6370,222,0.0,0.0,0.0,0.07,8,[23],0
7,10,x7f7d398d6370,223,0.0,0.0,0.0,0.07,8,[23],1
7,10,x7f7d398d6370,224,300.0,0.0,1.0,0.07,8,[23],3
7,10,x7f7d398d6370,225,800.0,1.0,1.0,0.07,8,[23],1
7,10,x7f7d398d6370,226,-551.0,0.0,0.0,0.12,8,[6],2
7,10,x7f7d398d6370,227,0.0,0.0,0.0,0.07,8,[23],3
7,10,x7f7d398d6370,228,247.0,0.0,0.0,0.08,8,[23],1
7,10,x7f7d398d6370,229,400.0,0.0,0.0,0.07,8,[23],3
7,10,x7f7d398d6370,230,247.0,0.0,0.0,0.08,8,[23],1
7,10,x7f7d398d6370,231,400.0,0.0,0.0,0.07,8,[23],3
7,10,x7f7d398d6370,232,106.0,0.0,0.0,0.03,8,[6],2
7,10,x7f7d398d6370,233,100.0,0.0,0.0,0.08,2,[19],3
7,10,x7f7d398d6370,234,500.0,1.0,0.0,0.07,8,[23],3
7,10,x7f7d398d6370,235,-286.0,0.0,1.0,0.12,8,[6],2
7,10,x7f7d398d6370,236,215.0,1.0,0.0,0.03,7,[7],4
7,10,x7f7d398d6370,237,295.0,0.0,0.0,0.09,7,[19],1
7,10,x7f7d398d6370,238,500.0,1.0,0.0,0.07,7,[23],3
7,10,x7f7d398d6370,239,500.0,1.0,0.0,0.07,2,[20],3
7,10,x7f7d398d6370,240,-105.0,0.0,0.0,0.09,8,[19],3
7,10,x7f7d398d6370,241,0.0,0.0,0.0,0.07,8,[23],0
7,10,x7f7d398d6370,242,0.0,0.0,0.0,0.07,8,[23],3
7,10,x7f7d398d6370,243,0.0,0.0,0.0,0.07,8,[23],3
7,10,x7f7d398d6370,244,0.0,0.0,0.0,0.07,8,[23],3
7,10,x7f7d398d6370,245,-300.0,0.0,0.0,0.12,2,[20],1
7,10,x7f7d398d6370,246,700.0,0.0,1.0,0.07,3,[20],1
7,10,x7f7d398d6370,247,250.0,0.0,0.0,0.09,3,[0],3
7,10,x7f7d398d6370,248,500.0,1.0,0.0,0.07,4,[20],1
7,10,x7f7d398d6370,249,50.0,0.0,0.0,0.09,3,[0],1
7,10,x7f7d398d6370,250,204.0,0.0,1.0,0.09,6,[0],4
7,10,x7f7d398d6370,251,500.0,1.0,0.0,0.07,6,[20],1
7,10,x7f7d398d6370,252,550.0,0.0,1.0,0.09,3,[0],1
7,10,x7f7d398d6370,253,350.0,1.0,0.0,0.09,2,[1],3
7,10,x7f7d398d6370,254,0.0,0.0,0.0,0.07,6,[20],3
7,10,x7f7d398d6370,255,0.0,0.0,0.0,0.07,6,[20],3
7,10,x7f7d398d6370,256,50.0,0.0,0.0,0.09,3,[0],1
7,10,x7f7d398d6370,257,550.0,0.0,1.0,0.09,2,[0],0
7,10,x7f7d398d6370,258,500.0,1.0,0.0,0.07,6,[20],4
7,10,x7f7d398d6370,259,0.0,0.0,0.0,0.07,6,[20],3
7,10,x7f7d398d6370,260,50.0,0.0,0.0,0.09,3,[0],1
7,10,x7f7d398d6370,261,0.0,0.0,0.0,0.07,5,[20],0
7,10,x7f7d398d6370,262,0.0,0.0,0.0,0.07,5,[20],1
7,10,x7f7d398d6370,263,50.0,0.0,0.0,0.09,3,[0],1
7,10,x7f7d398d6370,264,400.0,0.0,0.0,0.07,4,[20],1
7,10,x7f7d398d6370,265,247.0,0.0,0.0,0.09,3,[0],0
7,10,x7f7d398d6370,266,400.0,0.0,1.0,0.08,3,[20],1
7,10,x7f7d398d6370,267,250.0,0.0,0.0,0.09,3,[0],3
7,10,x7f7d398d6370,268,50.0,0.0,0.0,0.09,3,[0],1
7,10,x7f7d398d6370,269,400.0,0.0,0.0,0.07,4,[20],3
7,10,x7f7d398d6370,270,-348.0,0.0,0.0,0.12,3,[9],2
7,10,x7f7d398d6370,271,300.0,0.0,0.0,0.06,5,[6],1
7,10,x7f7d398d6370,272,-314.0,0.0,1.0,0.12,3,[8],2
7,10,x7f7d398d6370,273,300.0,0.0,1.0,0.07,4,[20],0
7,10,x7f7d398d6370,274,-150.0,0.0,0.0,0.09,3,[0],1
7,10,x7f7d398d6370,275,0.0,0.0,0.0,0.07,3,[20],3
7,10,x7f7d398d6370,276,-50.0,1.0,0.0,0.09,3,[2],4
7,10,x7f7d398d6370,277,300.0,0.0,1.0,0.07,3,[20],3
7,10,x7f7d398d6370,278,0.0,0.0,0.0,0.07,3,[20],3
7,10,x7f7d398d6370,279,250.0,0.0,0.0,0.09,3,[0],3
7,10,x7f7d398d6370,280,-139.0,1.0,0.0,0.12,3,[7],2
7,10,x7f7d398d6370,281,373.0,0.0,0.0,0.06,4,[6],1
7,10,x7f7d398d6370,282,247.0,0.0,0.0,0.08,3,[20],1
7,10,x7f7d398d6370,283,250.0,0.0,0.0,0.09,3,[0],1
7,10,x7f7d398d6370,284,700.0,0.0,1.0,0.07,3,[20],3
7,10,x7f7d398d6370,285,300.0,0.0,0.0,0.03,4,[6],0
7,10,x7f7d398d6370,286,250.0,0.0,0.0,0.09,3,[0],1
7,10,x7f7d398d6370,287,400.0,0.0,0.0,0.07,4,[23],1
7,10,x7f7d398d6370,288,-229.0,0.0,0.0,0.09,4,[1],4
7,10,x7f7d398d6370,289,44.0,0.0,0.0,0.06,3,[6],0
7,10,x7f7d398d6370,290,500.0,1.0,0.0,0.07,2,[23],1
7,10,x7f7d398d6370,291,-150.0,0.0,0.0,0.09,3,[0],3
7,10,x7f7d398d6370,292,0.0,0.0,0.0,0.07,8,[23],3
7,10,x7f7d398d6370,293,547.0,0.0,1.0,0.08,8,[20],1
7,10,x7f7d398d6370,294,-305.0,0.0,0.0,0.09,3,[1],3
7,10,x7f7d398d6370,295,300.0,0.0,1.0,0.07,2,[20],1
7,10,x7f7d398d6370,296,195.0,0.0,1.0,0.09,8,[19],1
7,10,x7f7d398d6370,297,500.0,1.0,0.0,0.07,7,[20],0
7,10,x7f7d398d6370,298,500.0,1.0,0.0,0.08,3,[23],3
7,10,x7f7d398d6370,299,200.0,1.0,0.0,0.12,2,[23],1
7,10,x7f7d398d6370,300,500.0,1.0,0.0,0.07,8,[23],0
7,10,x7f7d398d6370,301,200.0,1.0,0.0,0.08,6,[19],3
7,10,x7f7d398d6370,302,0.0,0.0,0.0,0.07,6,[20],1
7,10,x7f7d398d6370,303,500.0,1.0,1.0,0.12,3,[8],4
7,10,x7f7d398d6370,304,400.0,0.0,1.0,0.12,3,[8],1
7,10,x7f7d398d6370,305,0.0,0.0,0.0,0.07,8,[23],3
7,10,x7f7d398d6370,306,250.0,0.0,0.0,0.09,3,[0],3
7,10,x7f7d398d6370,307,250.0,0.0,0.0,0.09,2,[0],3
7,10,x7f7d398d6370,308,-100.0,0.0,0.0,0.12,2,[8],1
7,10,x7f7d398d6370,309,250.0,0.0,1.0,0.12,4,[9],3
7,10,x7f7d398d6370,310,400.0,0.0,0.0,0.07,4,[23],3
7,10,x7f7d398d6370,311,-305.0,0.0,0.0,0.09,3,[1],3
7,10,x7f7d398d6370,312,250.0,0.0,0.0,0.06,4,[23],1
7,10,x7f7d398d6370,313,150.0,0.0,0.0,0.12,3,[6],1
7,10,x7f7d398d6370,314,100.0,0.0,0.0,0.12,4,[23],3
7,10,x7f7d398d6370,315,399.0,0.0,1.0,0.09,3,[1],3
7,10,x7f7d398d6370,316,557.0,0.0,1.0,0.03,3,[19],1
7,10,x7f7d398d6370,317,400.0,0.0,1.0,0.12,5,[6],1
7,10,x7f7d398d6370,318,400.0,0.0,0.0,0.07,6,[23],3
7,10,x7f7d398d6370,319,50.0,0.0,0.0,0.09,2,[1],1
7,10,x7f7d398d6370,320,550.0,0.0,1.0,0.09,3,[0],3
7,10,x7f7d398d6370,321,200.0,1.0,0.0,0.12,2,[23],1
7,10,x7f7d398d6370,322,250.0,0.0,0.0,0.09,3,[0],1
7,10,x7f7d398d6370,323,347.0,1.0,0.0,0.08,8,[20],1
7,10,x7f7d398d6370,324,347.0,1.0,0.0,0.08,8,[20],1
7,10,x7f7d398d6370,325,300.0,0.0,1.0,0.07,8,[20],3
7,10,x7f7d398d6370,326,500.0,1.0,0.0,0.07,8,[20],1
7,10,x7f7d398d6370,327,800.0,1.0,1.0,0.07,8,[20],1
7,10,x7f7d398d6370,328,-150.0,0.0,0.0,0.09,3,[0],3
7,10,x7f7d398d6370,329,-105.0,0.0,0.0,0.09,8,[19],1
7,10,x7f7d398d6370,330,395.0,0.0,1.0,0.09,3,[1],3
7,10,x7f7d398d6370,331,100.0,0.0,0.0,0.08,8,[19],1
7,10,x7f7d398d6370,332,400.0,0.0,0.0,0.07,2,[23],3
7,10,x7f7d398d6370,333,300.0,0.0,1.0,0.07,8,[20],1
7,10,x7f7d398d6370,334,440.0,0.0,1.0,0.03,8,[6],0
7,10,x7f7d398d6370,335,250.0,0.0,0.0,0.07,3,[0],3
7,10,x7f7d398d6370,336,150.0,0.0,1.0,0.06,8,[6],3
7,10,x7f7d398d6370,337,0.0,1.0,0.0,0.07,2,[2],2
7,10,x7f7d398d6370,338,0.0,0.0,0.0,0.07,8,[20],3
7,10,x7f7d398d6370,339,-269.0,0.0,0.0,0.03,8,[6],2
7,10,x7f7d398d6370,340,-282.0,0.0,0.0,0.09,6,[0],0
7,10,x7f7d398d6370,341,-556.0,0.0,0.0,0.12,8,[6],2
7,10,x7f7d398d6370,342,250.0,0.0,0.0,0.09,3,[0],1
7,10,x7f7d398d6370,343,-150.0,0.0,0.0,0.12,3,[0],1
7,10,x7f7d398d6370,344,350.0,1.0,0.0,0.09,2,[1],0
7,10,x7f7d398d6370,345,50.0,0.0,0.0,0.09,3,[0],1
7,10,x7f7d398d6370,346,0.0,0.0,0.0,0.07,5,[23],3
7,10,x7f7d398d6370,347,400.0,0.0,0.0,0.07,5,[20],1
7,10,x7f7d398d6370,348,800.0,1.0,1.0,0.07,4,[23],3
7,10,x7f7d398d6370,349,400.0,0.0,0.0,0.07,2,[23],3
7,10,x7f7d398d6370,350,50.0,1.0,0.0,0.09,3,[2],3
7,10,x7f7d398d6370,351,400.0,0.0,0.0,0.07,2,[23],3
7,10,x7f7d398d6370,352,-250.0,0.0,0.0,0.09,3,[0],0
7,10,x7f7d398d6370,353,500.0,1.0,0.0,0.07,2,[23],3
7,10,x7f7d398d6370,354,-150.0,0.0,1.0,0.09,3,[2],3
7,10,x7f7d398d6370,355,700.0,0.0,1.0,0.07,2,[23],3
7,10,x7f7d398d6370,356,-150.0,0.0,0.0,0.09,3,[0],1
7,10,x7f7d398d6370,357,300.0,0.0,1.0,0.07,3,[23],3
7,10,x7f7d398d6370,358,-153.0,0.0,0.0,0.08,7,[20],1
7,10,x7f7d398d6370,359,500.0,1.0,0.0,0.07,2,[23],3
7,10,x7f7d398d6370,360,0.0,0.0,0.0,0.07,8,[20],3
7,10,x7f7d398d6370,361,700.0,0.0,1.0,0.07,2,[23],3
7,10,x7f7d398d6370,362,145.0,0.0,1.0,0.09,6,[0],4
7,10,x7f7d398d6370,363,400.0,0.0,1.0,0.12,4,[23],3
7,10,x7f7d398d6370,364,500.0,1.0,0.0,0.07,3,[23],3
7,10,x7f7d398d6370,365,595.0,0.0,1.0,0.09,5,[19],3
7,10,x7f7d398d6370,366,128.0,1.0,1.0,0.12,4,[9],4
7,10,x7f7d398d6370,367,221.0,1.0,0.0,0.06,5,[8],4
7,10,x7f7d398d6370,368,250.0,0.0,0.0,0.09,3,[0],1
7,10,x7f7d398d6370,369,700.0,0.0,1.0,0.07,4,[23],1
7,10,x7f7d398d6370,370,500.0,1.0,0.0,0.07,4,[23],3
7,10,x7f7d398d6370,371,550.0,0.0,1.0,0.09,3,[0],3
7,10,x7f7d398d6370,372,400.0,0.0,0.0,0.07,4,[23],3
7,10,x7f7d398d6370,373,-350.0,0.0,0.0,0.09,3,[0],2
7,10,x7f7d398d6370,374,-681.0,0.0,0.0,0.12,3,[8],2
7,10,x7f7d398d6370,375,-450.0,0.0,0.0,0.07,3,[2],3
7,10,x7f7d398d6370,376,700.0,0.0,1.0,0.07,4,[23],3
7,10,x7f7d398d6370,377,243.0,1.0,0.0,0.09,3,[0],4
7,10,x7f7d398d6370,378,-0.0,0.0,0.0,0.12,4,[7],1
7,10,x7f7d398d6370,379,0.0,0.0,0.0,0.07,3,[20],0
7,10,x7f7d398d6370,380,-212.0,0.0,0.0,0.12,7,[6],2
7,10,x7f7d398d6370,381,400.0,0.0,0.0,0.07,7,[23],3
7,10,x7f7d398d6370,382,250.0,0.0,1.0,0.09,3,[2],3
7,10,x7f7d398d6370,383,347.0,1.0,0.0,0.08,6,[23],1
7,10,x7f7d398d6370,384,99.0,0.0,0.0,0.09,3,[1],3
7,10,x7f7d398d6370,385,0.0,0.0,0.0,0.07,6,[23],1
7,10,x7f7d398d6370,386,250.0,0.0,0.0,0.09,3,[0],0
7,10,x7f7d398d6370,387,500.0,1.0,0.0,0.07,5,[20],3
7,10,x7f7d398d6370,388,150.0,0.0,1.0,0.09,3,[0],3
7,10,x7f7d398d6370,389,0.0,0.0,0.0,0.07,3,[23],1
7,10,x7f7d398d6370,390,0.0,0.0,0.0,0.07,6,[20],0
7,10,x7f7d398d6370,391,0.0,0.0,0.0,0.07,5,[23],1
7,10,x7f7d398d6370,392,146.0,0.0,0.0,0.09,3,[0],1
7,10,x7f7d398d6370,393,500.0,1.0,0.0,0.07,6,[23],3
7,10,x7f7d398d6370,394,-150.0,0.0,0.0,0.09,3,[0],0
7,10,x7f7d398d6370,395,300.0,0.0,1.0,0.07,6,[23],0
7,10,x7f7d398d6370,396,150.0,1.0,0.0,0.09,3,[0],2
7,10,x7f7d398d6370,397,-500.0,0.0,0.0,0.09,4,[0],0
7,10,x7f7d398d6370,398,500.0,1.0,0.0,0.07,7,[23],3
7,10,x7f7d398d6370,399,550.0,0.0,1.0,0.09,3,[0],3
7,10,x7f7d398d6370,400,0.0,0.0,0.0,0.07,7,[23],3
7,10,x7f7d398d6370,401,230.0,1.0,0.0,0.03,7,[6],2
7,10,x7f7d398d6370,402,100.0,0.0,0.0,0.08,3,[19],3
7,10,x7f7d398d6370,403,0.0,0.0,0.0,0.07,7,[23],1
7,10,x7f7d398d6370,404,-150.0,0.0,1.0,0.12,7,[8],3
7,10,x7f7d398d6370,405,800.0,1.0,1.0,0.07,8,[23],4
7,10,x7f7d398d6370,406,0.0,0.0,0.0,0.07,8,[23],3
7,10,x7f7d398d6370,407,0.0,0.0,0.0,0.07,8,[23],3
7,10,x7f7d398d6370,408,-150.0,0.0,0.0,0.09,3,[0],1
7,10,x7f7d398d6370,409,0.0,0.0,0.0,0.07,8,[23],3
7,10,x7f7d398d6370,410,0.0,0.0,0.0,0.07,8,[23],3
7,10,x7f7d398d6370,411,-273.0,1.0,0.0,0.09,3,[1],2
7,10,x7f7d398d6370,412,-51.0,1.0,0.0,0.07,7,[2],4
7,10,x7f7d398d6370,413,550.0,0.0,1.0,0.07,2,[0],3
7,10,x7f7d398d6370,414,-559.0,0.0,0.0,0.12,8,[6],2
7,10,x7f7d398d6370,415,0.0,0.0,0.0,0.07,8,[23],3
7,10,x7f7d398d6370,416,400.0,0.0,0.0,0.07,8,[23],3
7,10,x7f7d398d6370,417,30.0,0.0,1.0,0.03,8,[6],2
7,10,x7f7d398d6370,418,500.0,1.0,0.0,0.07,8,[23],3
7,10,x7f7d398d6370,419,0.0,0.0,0.0,0.07,8,[23],3
7,10,x7f7d398d6370,420,800.0,1.0,1.0,0.07,8,[23],3
7,10,x7f7d398d6370,421,500.0,1.0,0.0,0.07,8,[23],0
7,10,x7f7d398d6370,422,0.0,0.0,0.0,0.07,8,[23],3
7,10,x7f7d398d6370,423,-259.0,0.0,0.0,0.03,8,[6],0
7,10,x7f7d398d6370,424,-100.0,0.0,0.0,0.07,2,[2],2
7,10,x7f7d398d6370,425,300.0,0.0,1.0,0.07,8,[23],3
7,10,x7f7d398d6370,426,0.0,0.0,0.0,0.07,8,[23],0
7,10,x7f7d398d6370,427,500.0,1.0,0.0,0.07,8,[23],3
7,10,x7f7d398d6370,428,300.0,0.0,1.0,0.07,8,[23],0
7,10,x7f7d398d6370,429,700.0,0.0,1.0,0.07,8,[23],3
7,10,x7f7d398d6370,430,347.0,1.0,0.0,0.08,8,[23],1
7,10,x7f7d398d6370,431,347.0,1.0,0.0,0.08,8,[23],1
7,10,x7f7d398d6370,432,500.0,1.0,0.0,0.07,8,[23],3
7,10,x7f7d398d6370,433,700.0,0.0,1.0,0.07,8,[23],3
7,10,x7f7d398d6370,434,-50.0,0.0,0.0,0.09,3,[2],3
7,10,x7f7d398d6370,435,347.0,1.0,0.0,0.08,8,[23],1
7,10,x7f7d398d6370,436,-250.0,0.0,0.0,0.03,8,[6],2
7,10,x7f7d398d6370,437,500.0,1.0,0.0,0.07,8,[23],3
7,10,x7f7d398d6370,438,-255.0,0.0,0.0,0.09,7,[0],4
7,10,x7f7d398d6370,439,-397.0,0.0,0.0,0.07,3,[1],2
7,10,x7f7d398d6370,440,-450.0,0.0,0.0,0.09,2,[1],3
7,10,x7f7d398d6370,441,400.0,0.0,0.0,0.07,7,[23],3
7,10,x7f7d398d6370,442,700.0,0.0,1.0,0.07,6,[23],1
7,10,x7f7d398d6370,443,405.0,0.0,1.0,0.09,3,[1],3
7,10,x7f7d398d6370,444,-250.0,0.0,0.0,0.03,7,[6],2
7,10,x7f7d398d6370,445,300.0,1.0,0.0,0.06,2,[7],1
7,10,x7f7d398d6370,446,550.0,0.0,1.0,0.07,2,[1],0
7,10,x7f7d398d6370,447,400.0,0.0,0.0,0.07,3,[20],0
7,10,x7f7d398d6370,448,647.0,1.0,1.0,0.08,7,[23],1
7,10,x7f7d398d6370,449,50.0,0.0,0.0,0.09,2,[0],1
7,10,x7f7d398d6370,450,500.0,1.0,0.0,0.07,6,[23],3
7,10,x7f7d398d6370,451,50.0,0.0,0.0,0.09,2,[0],0
7,10,x7f7d398d6370,452,400.0,0.0,0.0,0.07,5,[23],3
7,10,x7f7d398d6370,453,146.0,0.0,0.0,0.09,3,[0],1
7,10,x7f7d398d6370,454,500.0,1.0,0.0,0.07,4,[23],1
7,10,x7f7d398d6370,455,500.0,1.0,0.0,0.07,3,[23],3
7,10,x7f7d398d6370,456,-100.0,0.0,0.0,0.12,5,[6],1
7,10,x7f7d398d6370,457,300.0,0.0,1.0,0.07,4,[23],3
7,10,x7f7d398d6370,458,300.0,0.0,0.0,0.03,4,[6],2
7,10,x7f7d398d6370,459,400.0,0.0,0.0,0.07,2,[23],3
7,10,x7f7d398d6370,460,300.0,0.0,0.0,0.03,6,[6],1
7,10,x7f7d398d6370,461,50.0,0.0,0.0,0.07,3,[0],1
7,10,x7f7d398d6370,462,400.0,0.0,1.0,0.08,5,[20],1
7,10,x7f7d398d6370,463,700.0,0.0,1.0,0.07,5,[23],3
7,10,x7f7d398d6370,464,500.0,1.0,0.0,0.07,4,[20],1
7,10,x7f7d398d6370,465,147.0,0.0,1.0,0.08,6,[23],1
7,10,x7f7d398d6370,466,0.0,0.0,0.0,0.07,6,[23],3
7,10,x7f7d398d6370,467,50.0,0.0,0.0,0.09,3,[0],2
7,10,x7f7d398d6370,468,247.0,0.0,0.0,0.08,5,[23],1
7,10,x7f7d398d6370,469,800.0,1.0,1.0,0.07,4,[23],1
7,10,x7f7d398d6370,470,100.0,0.0,0.0,0.09,3,[1],3
7,10,x7f7d398d6370,471,500.0,1.0,0.0,0.07,3,[23],1
7,10,x7f7d398d6370,472,-300.0,0.0,0.0,0.09,3,[1],3
7,10,x7f7d398d6370,473,300.0,0.0,1.0,0.07,4,[23],3
7,10,x7f7d398d6370,474,203.0,1.0,0.0,0.09,3,[0],4
7,10,x7f7d398d6370,475,0.0,0.0,0.0,0.07,4,[23],3
7,10,x7f7d398d6370,476,550.0,0.0,1.0,0.09,3,[0],2
7,10,x7f7d398d6370,477,500.0,1.0,0.0,0.07,4,[23],4
7,10,x7f7d398d6370,478,300.0,0.0,1.0,0.03,3,[7],1
7,10,x7f7d398d6370,479,500.0,1.0,0.0,0.07,8,[20],3
7,10,x7f7d398d6370,480,-411.0,0.0,0.0,0.09,6,[1],0
7,10,x7f7d398d6370,481,-249.0,0.0,0.0,0.09,3,[0],1
7,10,x7f7d398d6370,482,0.0,0.0,0.0,0.07,6,[23],3
7,10,x7f7d398d6370,483,245.0,1.0,0.0,0.09,3,[0],4
7,10,x7f7d398d6370,484,-297.0,0.0,0.0,0.03,5,[6],0
7,10,x7f7d398d6370,485,700.0,0.0,1.0,0.06,3,[8],3
7,10,x7f7d398d6370,486,-50.0,0.0,0.0,0.07,3,[2],3
7,10,x7f7d398d6370,487,159.0,0.0,0.0,0.09,3,[0],0
7,10,x7f7d398d6370,488,350.0,1.0,0.0,0.06,5,[23],1
7,10,x7f7d398d6370,489,700.0,0.0,1.0,0.07,4,[23],3
7,10,x7f7d398d6370,490,300.0,0.0,1.0,0.07,5,[20],3
7,10,x7f7d398d6370,491,400.0,0.0,0.0,0.07,3,[20],0
7,10,x7f7d398d6370,492,147.0,0.0,1.0,0.08,3,[20],3
7,10,x7f7d398d6370,493,100.0,0.0,0.0,0.12,5,[6],1
7,10,x7f7d398d6370,494,0.0,0.0,0.0,0.07,4,[20],3
7,10,x7f7d398d6370,495,100.0,0.0,0.0,0.12,5,[6],1
7,10,x7f7d398d6370,496,0.0,0.0,0.0,0.07,4,[20],0
7,10,x7f7d398d6370,497,400.0,0.0,0.0,0.07,4,[20],3
7,10,x7f7d398d6370,498,-400.0,0.0,0.0,0.12,5,[6],2
7,10,x7f7d398d6370,499,100.0,0.0,0.0,0.08,3,[20],3
7,10,x7f7d398d6370,500,199.0,1.0,0.0,0.09,3,[1],4
7,10,x7f7d398d6370,501,-400.0,0.0,0.0,0.12,2,[7],2
7,10,x7f7d398d6370,502,461.0,1.0,1.0,0.06,7,[7],4
7,10,x7f7d398d6370,503,0.0,0.0,0.0,0.06,4,[6],1
7,10,x7f7d398d6370,504,443.0,1.0,1.0,0.07,4,[0],0
7,10,x7f7d398d6370,505,16.0,1.0,0.0,0.12,6,[6],4
7,10,x7f7d398d6370,506,0.0,0.0,0.0,0.07,3,[20],3
7,10,x7f7d398d6370,507,500.0,1.0,0.0,0.07,3,[20],3
7,10,x7f7d398d6370,508,250.0,0.0,0.0,0.09,3,[0],0
7,10,x7f7d398d6370,509,-50.0,0.0,0.0,0.12,3,[2],3
7,10,x7f7d398d6370,510,0.0,0.0,0.0,0.07,3,[20],3
7,10,x7f7d398d6370,511,1.0,0.0,0.0,0.12,5,[6],1
7,10,x7f7d398d6370,512,0.0,0.0,0.0,0.07,4,[20],3
7,10,x7f7d398d6370,513,-50.0,0.0,0.0,0.09,3,[2],3
7,10,x7f7d398d6370,514,400.0,0.0,0.0,0.07,4,[20],1
7,10,x7f7d398d6370,515,-38.0,0.0,0.0,0.12,6,[6],3
7,10,x7f7d398d6370,516,-300.0,1.0,0.0,0.12,4,[8],4
7,10,x7f7d398d6370,517,500.0,1.0,0.0,0.07,5,[20],3
7,10,x7f7d398d6370,518,400.0,0.0,0.0,0.07,5,[23],1
7,10,x7f7d398d6370,519,0.0,0.0,0.0,0.07,4,[20],3
7,10,x7f7d398d6370,520,250.0,0.0,1.0,0.09,3,[2],3
7,10,x7f7d398d6370,521,400.0,0.0,0.0,0.07,4,[20],1
7,10,x7f7d398d6370,522,150.0,0.0,0.0,0.09,3,[0],4
7,10,x7f7d398d6370,523,400.0,0.0,0.0,0.07,4,[20],3
7,10,x7f7d398d6370,524,700.0,0.0,1.0,0.07,6,[23],3
7,10,x7f7d398d6370,525,300.0,0.0,1.0,0.07,4,[20],3
7,10,x7f7d398d6370,526,50.0,0.0,0.0,0.09,3,[0],0
7,10,x7f7d398d6370,527,400.0,0.0,0.0,0.07,4,[20],3
7,10,x7f7d398d6370,528,-100.0,0.0,0.0,0.12,3,[6],2
7,10,x7f7d398d6370,529,-308.0,0.0,1.0,0.12,5,[7],2
7,10,x7f7d398d6370,530,-150.0,0.0,0.0,0.07,3,[0],3
7,10,x7f7d398d6370,531,0.0,0.0,0.0,0.07,5,[20],3
7,10,x7f7d398d6370,532,-50.0,1.0,0.0,0.09,3,[2],4
7,10,x7f7d398d6370,533,-300.0,0.0,0.0,0.12,3,[6],2
7,10,x7f7d398d6370,534,800.0,1.0,1.0,0.07,4,[20],1
7,10,x7f7d398d6370,535,188.0,1.0,0.0,0.09,3,[1],4
7,10,x7f7d398d6370,536,50.0,1.0,0.0,0.12,4,[7],4
7,10,x7f7d398d6370,537,400.0,0.0,1.0,0.08,3,[20],3
7,10,x7f7d398d6370,538,550.0,0.0,1.0,0.09,3,[0],3
7,10,x7f7d398d6370,539,400.0,0.0,0.0,0.07,3,[20],3
7,10,x7f7d398d6370,540,400.0,1.0,0.0,0.03,6,[6],2
7,10,x7f7d398d6370,541,-50.0,0.0,0.0,0.09,2,[2],3
7,10,x7f7d398d6370,542,800.0,1.0,1.0,0.07,8,[20],3
7,10,x7f7d398d6370,543,-22.0,0.0,0.0,0.12,6,[7],3
7,10,x7f7d398d6370,544,800.0,1.0,1.0,0.07,3,[20],3
7,10,x7f7d398d6370,545,-800.0,0.0,0.0,0.09,2,[1],2
7,10,x7f7d398d6370,546,-50.0,0.0,0.0,0.07,7,[0],3
7,10,x7f7d398d6370,547,15.0,0.0,0.0,0.12,7,[6],3
7,10,x7f7d398d6370,548,247.0,0.0,0.0,0.08,8,[23],3
7,10,x7f7d398d6370,549,247.0,0.0,0.0,0.08,8,[23],1
7,10,x7f7d398d6370,550,250.0,0.0,0.0,0.09,3,[0],1
7,10,x7f7d398d6370,551,700.0,0.0,1.0,0.07,8,[20],3
7,10,x7f7d398d6370,552,300.0,0.0,0.0,0.03,6,[6],2
7,10,x7f7d398d6370,553,581.0,1.0,1.0,0.09,7,[1],3
7,10,x7f7d398d6370,554,-93.0,0.0,0.0,0.03,7,[6],2
7,10,x7f7d398d6370,555,300.0,0.0,0.0,0.03,7,[6],1
7,10,x7f7d398d6370,556,-150.0,0.0,1.0,0.12,7,[8],3
7,10,x7f7d398d6370,557,-105.0,0.0,0.0,0.09,7,[19],1
7,10,x7f7d398d6370,558,500.0,1.0,0.0,0.07,7,[23],3
7,10,x7f7d398d6370,559,0.0,0.0,0.0,0.07,7,[23],1
7,10,x7f7d398d6370,560,150.0,0.0,0.0,0.09,4,[0],0
7,10,x7f7d398d6370,561,0.0,0.0,0.0,0.07,7,[23],3
7,10,x7f7d398d6370,562,100.0,0.0,0.0,0.12,6,[6],1
7,10,x7f7d398d6370,563,400.0,0.0,0.0,0.07,6,[23],1
7,10,x7f7d398d6370,564,700.0,0.0,1.0,0.07,7,[23],1
7,10,x7f7d398d6370,565,-150.0,1.0,0.0,0.09,3,[2],4
7,10,x7f7d398d6370,566,-289.0,0.0,0.0,0.0,7,[6],2
7,10,x7f7d398d6370,567,-231.0,1.0,0.0,0.12,7,[8],4
7,10,x7f7d398d6370,568,265.0,0.0,0.0,0.04,7,[19],1
7,10,x7f7d398d6370,569,0.0,0.0,0.0,0.07,3,[23],3
7,10,x7f7d398d6370,570,250.0,0.0,0.0,0.09,2,[0],1
7,10,x7f7d398d6370,571,365.0,1.0,0.0,0.04,7,[19],1
7,10,x7f7d398d6370,572,-50.0,0.0,0.0,0.09,2,[2],3
7,10,x7f7d398d6370,573,0.0,0.0,0.0,0.07,7,[23],1
7,10,x7f7d398d6370,574,-258.0,0.0,0.0,0.03,7,[7],2
7,10,x7f7d398d6370,575,100.0,0.0,0.0,0.12,2,[23],3
7,10,x7f7d398d6370,576,-300.0,0.0,0.0,0.12,5,[6],3
7,10,x7f7d398d6370,577,-267.0,0.0,0.0,0.03,5,[6],2
7,10,x7f7d398d6370,578,500.0,1.0,1.0,0.12,3,[23],3
7,10,x7f7d398d6370,579,-212.0,1.0,0.0,0.12,5,[8],4
7,10,x7f7d398d6370,580,50.0,0.0,0.0,0.07,3,[0],2
7,10,x7f7d398d6370,581,200.0,1.0,0.0,0.03,4,[19],3
7,10,x7f7d398d6370,582,400.0,0.0,1.0,0.12,4,[6],3
7,10,x7f7d398d6370,583,550.0,0.0,1.0,0.09,3,[0],3
7,10,x7f7d398d6370,584,250.0,0.0,1.0,0.09,3,[2],3
7,10,x7f7d398d6370,585,700.0,0.0,1.0,0.07,4,[23],1
7,10,x7f7d398d6370,586,550.0,0.0,1.0,0.09,3,[0],3
7,10,x7f7d398d6370,587,136.0,0.0,0.0,0.09,3,[0],2
7,10,x7f7d398d6370,588,-50.0,0.0,0.0,0.09,2,[2],3
7,10,x7f7d398d6370,589,700.0,0.0,1.0,0.07,3,[23],3
7,10,x7f7d398d6370,590,149.0,0.0,0.0,0.09,3,[0],1
7,10,x7f7d398d6370,591,400.0,0.0,0.0,0.06,3,[23],1
7,10,x7f7d398d6370,592,250.0,0.0,1.0,0.09,3,[2],3
7,10,x7f7d398d6370,593,-100.0,0.0,1.0,0.0,3,[9],0
7,10,x7f7d398d6370,594,119.0,0.0,0.0,0.06,5,[6],2
7,10,x7f7d398d6370,595,500.0,1.0,0.0,0.07,3,[23],3
7,10,x7f7d398d6370,596,50.0,0.0,0.0,0.09,3,[0],1
7,10,x7f7d398d6370,597,50.0,0.0,0.0,0.09,2,[1],0
7,10,x7f7d398d6370,598,700.0,0.0,1.0,0.07,2,[23],3
7,10,x7f7d398d6370,599,550.0,0.0,1.0,0.09,3,[0],4
7,10,x7f7d398d6370,600,-300.0,1.0,0.0,0.09,2,[2],2
7,10,x7f7d398d6370,601,-330.0,0.0,0.0,0.07,4,[0],2
7,10,x7f7d398d6370,602,700.0,0.0,1.0,0.07,2,[23],3
7,10,x7f7d398d6370,603,201.0,1.0,0.0,0.09,3,[1],4
7,10,x7f7d398d6370,604,400.0,0.0,0.0,0.06,2,[23],3
7,10,x7f7d398d6370,605,-450.0,0.0,0.0,0.09,3,[2],3
7,10,x7f7d398d6370,606,400.0,0.0,0.0,0.03,2,[19],1
7,10,x7f7d398d6370,607,-300.0,0.0,0.0,0.12,7,[6],3
7,10,x7f7d398d6370,608,-300.0,0.0,0.0,0.12,2,[23],3
7,10,x7f7d398d6370,609,50.0,1.0,0.0,0.09,3,[2],4
7,10,x7f7d398d6370,610,-180.0,1.0,0.0,0.12,8,[9],4
7,10,x7f7d398d6370,611,-69.0,1.0,0.0,0.12,8,[7],4
7,10,x7f7d398d6370,612,-350.0,0.0,0.0,0.07,2,[1],1
7,10,x7f7d398d6370,613,200.0,1.0,0.0,0.08,3,[19],3
7,10,x7f7d398d6370,614,500.0,1.0,0.0,0.07,3,[23],3
7,10,x7f7d398d6370,615,0.0,0.0,0.0,0.12,5,[6],1
7,10,x7f7d398d6370,616,-300.0,0.0,0.0,0.12,4,[23],3
7,10,x7f7d398d6370,617,243.0,0.0,0.0,0.09,3,[0],4
7,10,x7f7d398d6370,618,400.0,1.0,1.0,0.0,3,[8],4
7,10,x7f7d398d6370,619,400.0,0.0,0.0,0.06,4,[6],1
7,10,x7f7d398d6370,620,125.0,1.0,1.0,0.12,4,[9],4
7,10,x7f7d398d6370,621,-144.0,0.0,0.0,0.06,4,[6],2
7,10,x7f7d398d6370,622,700.0,0.0,1.0,0.07,4,[23],1
7,10,x7f7d398d6370,623,-70.0,1.0,0.0,0.09,4,[1],4
7,10,x7f7d398d6370,624,0.0,0.0,0.0,0.07,6,[23],0
7,10,x7f7d398d6370,625,0.0,0.0,1.0,0.12,5,[6],1
7,10,x7f7d398d6370,626,150.0,0.0,0.0,0.07,3,[0],1
7,10,x7f7d398d6370,627,0.0,0.0,0.0,0.07,3,[23],1
7,10,x7f7d398d6370,628,250.0,0.0,0.0,0.09,2,[0],3
7,10,x7f7d398d6370,629,400.0,0.0,0.0,0.07,5,[23],1
7,10,x7f7d398d6370,630,400.0,0.0,1.0,0.12,3,[7],3
7,10,x7f7d398d6370,631,400.0,0.0,0.0,0.07,4,[23],3
7,10,x7f7d398d6370,632,150.0,0.0,0.0,0.09,3,[0],4
7,10,x7f7d398d6370,633,350.0,1.0,0.0,0.06,5,[23],3
7,10,x7f7d398d6370,634,50.0,0.0,0.0,0.12,3,[6],2
7,10,x7f7d398d6370,635,565.0,0.0,1.0,0.04,6,[19],3
7,10,x7f7d398d6370,636,-400.0,0.0,0.0,0.12,3,[7],1
7,10,x7f7d398d6370,637,400.0,0.0,1.0,0.09,3,[1],3
7,10,x7f7d398d6370,638,0.0,0.0,0.0,0.07,6,[23],1
7,10,x7f7d398d6370,639,198.0,0.0,0.0,0.09,3,[0],1
7,10,x7f7d398d6370,640,-318.0,0.0,0.0,0.0,5,[6],2
7,10,x7f7d398d6370,641,100.0,0.0,0.0,0.07,3,[1],3
7,10,x7f7d398d6370,642,-100.0,0.0,0.0,0.09,3,[1],4
7,10,x7f7d398d6370,643,-0.0,0.0,0.0,0.12,3,[6],1
7,10,x7f7d398d6370,644,-1.0,1.0,0.0,0.07,3,[1],4
7,10,x7f7d398d6370,645,395.0,0.0,1.0,0.12,3,[1],3
7,10,x7f7d398d6370,646,250.0,0.0,0.0,0.09,3,[0],3
7,10,x7f7d398d6370,647,549.0,0.0,1.0,0.09,3,[1],3
7,10,x7f7d398d6370,648,400.0,0.0,0.0,0.03,2,[8],3
7,10,x7f7d398d6370,649,250.0,0.0,0.0,0.07,3,[0],4
7,10,x7f7d398d6370,650,288.0,0.0,0.0,0.0,4,[6],1
7,10,x7f7d398d6370,651,500.0,1.0,0.0,0.07,5,[20],3
7,10,x7f7d398d6370,652,400.0,0.0,0.0,0.07,3,[20],3
7,10,x7f7d398d6370,653,647.0,1.0,1.0,0.08,6,[23],1
7,10,x7f7d398d6370,654,245.0,0.0,0.0,0.09,3,[1],3
7,10,x7f7d398d6370,655,500.0,1.0,0.0,0.07,5,[23],3
7,10,x7f7d398d6370,656,147.0,0.0,1.0,0.08,5,[20],3
7,10,x7f7d398d6370,657,250.0,0.0,0.0,0.09,3,[0],4
7,10,x7f7d398d6370,658,200.0,1.0,0.0,0.08,3,[23],1
7,10,x7f7d398d6370,659,250.0,0.0,0.0,0.09,3,[0],2
7,10,x7f7d398d6370,660,400.0,0.0,0.0,0.07,3,[23],0
7,10,x7f7d398d6370,661,126.0,0.0,0.0,0.09,3,[0],4
7,10,x7f7d398d6370,662,800.0,1.0,1.0,0.07,3,[23],3
7,10,x7f7d398d6370,663,50.0,0.0,0.0,0.09,3,[0],4
7,10,x7f7d398d6370,664,250.0,0.0,0.0,0.09,2,[0],1
7,10,x7f7d398d6370,665,400.0,0.0,1.0,0.08,4,[20],1
7,10,x7f7d398d6370,666,500.0,1.0,0.0,0.07,4,[20],1
7,10,x7f7d398d6370,667,400.0,0.0,0.0,0.07,4,[20],3
7,10,x7f7d398d6370,668,-10.0,0.0,1.0,0.03,5,[6],2
7,10,x7f7d398d6370,669,250.0,0.0,0.0,0.07,2,[0],0
7,10,x7f7d398d6370,670,100.0,0.0,0.0,0.12,2,[9],3
7,10,x7f7d398d6370,671,148.0,0.0,0.0,0.07,3,[0],4
7,10,x7f7d398d6370,672,300.0,0.0,1.0,0.07,7,[23],3
7,10,x7f7d398d6370,673,50.0,0.0,0.0,0.09,3,[0],4
7,10,x7f7d398d6370,674,300.0,0.0,1.0,0.07,8,[23],3
7,10,x7f7d398d6370,675,500.0,1.0,0.0,0.07,8,[23],3
7,10,x7f7d398d6370,676,400.0,0.0,0.0,0.07,8,[23],3
7,10,x7f7d398d6370,677,300.0,0.0,1.0,0.07,7,[23],3
7,10,x7f7d398d6370,678,-200.0,1.0,0.0,0.12,7,[8],4
7,10,x7f7d398d6370,679,100.0,0.0,0.0,0.12,2,[20],3
7,10,x7f7d398d6370,680,400.0,0.0,0.0,0.07,8,[23],1
7,10,x7f7d398d6370,681,500.0,1.0,0.0,0.07,8,[23],3
7,10,x7f7d398d6370,682,400.0,0.0,0.0,0.07,8,[23],3
7,10,x7f7d398d6370,683,550.0,0.0,1.0,0.09,2,[1],0
7,10,x7f7d398d6370,684,50.0,0.0,0.0,0.09,3,[0],0
7,10,x7f7d398d6370,685,247.0,0.0,0.0,0.08,6,[23],1
7,10,x7f7d398d6370,686,-151.0,0.0,1.0,0.12,3,[9],3
7,10,x7f7d398d6370,687,400.0,0.0,0.0,0.07,5,[23],1
7,10,x7f7d398d6370,688,248.0,1.0,0.0,0.03,4,[8],4
7,10,x7f7d398d6370,689,-150.0,0.0,0.0,0.12,2,[8],1
7,10,x7f7d398d6370,690,150.0,1.0,0.0,0.12,2,[6],2
7,10,x7f7d398d6370,691,100.0,0.0,0.0,0.12,3,[23],1
7,10,x7f7d398d6370,692,-311.0,0.0,0.0,0.03,7,[6],0
7,10,x7f7d398d6370,693,158.0,1.0,1.0,0.12,7,[7],4
7,10,x7f7d398d6370,694,100.0,0.0,0.0,0.12,2,[20],1
7,10,x7f7d398d6370,695,800.0,1.0,1.0,0.07,8,[23],3
7,10,x7f7d398d6370,696,300.0,0.0,1.0,0.07,8,[23],3
7,10,x7f7d398d6370,697,500.0,1.0,0.0,0.07,8,[23],3
7,10,x7f7d398d6370,698,0.0,0.0,0.0,0.07,8,[23],3
7,10,x7f7d398d6370,699,-222.0,1.0,0.0,0.12,8,[9],4
7,10,x7f7d398d6370,700,0.0,0.0,0.0,0.07,8,[23],3
7,10,x7f7d398d6370,701,800.0,1.0,1.0,0.07,8,[23],3
7,10,x7f7d398d6370,702,0.0,0.0,0.0,0.07,8,[23],3
7,10,x7f7d398d6370,703,247.0,0.0,0.0,0.08,8,[23],1
7,10,x7f7d398d6370,704,400.0,0.0,0.0,0.07,8,[23],3
7,10,x7f7d398d6370,705,700.0,0.0,1.0,0.07,8,[23],3
7,10,x7f7d398d6370,706,700.0,0.0,1.0,0.07,8,[23],3
7,10,x7f7d398d6370,707,-251.0,0.0,0.0,0.03,8,[7],2
7,10,x7f7d398d6370,708,300.0,0.0,1.0,0.07,8,[23],1
7,10,x7f7d398d6370,709,-277.0,0.0,0.0,0.03,8,[6],2
7,10,x7f7d398d6370,710,0.0,0.0,0.0,0.07,8,[23],3
7,10,x7f7d398d6370,711,400.0,0.0,0.0,0.07,8,[23],3
7,10,x7f7d398d6370,712,800.0,1.0,1.0,0.07,8,[23],3
7,10,x7f7d398d6370,713,347.0,1.0,0.0,0.08,8,[23],1
7,10,x7f7d398d6370,714,0.0,0.0,0.0,0.07,7,[23],3
7,10,x7f7d398d6370,715,400.0,0.0,0.0,0.08,2,[20],3
7,10,x7f7d398d6370,716,247.0,0.0,0.0,0.08,7,[23],1
7,10,x7f7d398d6370,717,200.0,1.0,0.0,0.09,2,[2],3
7,10,x7f7d398d6370,718,-188.0,0.0,0.0,0.09,6,[0],4
7,10,x7f7d398d6370,719,500.0,1.0,0.0,0.06,2,[8],4
7,10,x7f7d398d6370,720,500.0,1.0,0.0,0.07,7,[23],3
7,10,x7f7d398d6370,721,147.0,0.0,1.0,0.08,7,[23],1
7,10,x7f7d398d6370,722,500.0,1.0,0.0,0.07,8,[23],3
7,10,x7f7d398d6370,723,500.0,1.0,0.0,0.07,7,[23],3
7,10,x7f7d398d6370,724,250.0,0.0,0.0,0.09,2,[1],0
7,10,x7f7d398d6370,725,-153.0,0.0,0.0,0.08,6,[23],1
7,10,x7f7d398d6370,726,400.0,0.0,1.0,0.09,3,[19],1
7,10,x7f7d398d6370,727,0.0,0.0,0.0,0.07,7,[23],3
7,10,x7f7d398d6370,728,200.0,1.0,0.0,0.09,2,[2],3
7,10,x7f7d398d6370,729,20.0,0.0,1.0,0.03,7,[6],2
7,10,x7f7d398d6370,730,200.0,0.0,0.0,0.06,2,[8],0
7,10,x7f7d398d6370,731,250.0,0.0,0.0,0.09,2,[1],0
7,10,x7f7d398d6370,732,800.0,1.0,1.0,0.07,8,[23],3
7,10,x7f7d398d6370,733,0.0,0.0,0.0,0.07,8,[23],3
7,10,x7f7d398d6370,734,0.0,0.0,0.0,0.07,8,[23],3
7,10,x7f7d398d6370,735,137.0,0.0,1.0,0.12,8,[6],2
7,10,x7f7d398d6370,736,700.0,0.0,1.0,0.07,8,[23],3
7,10,x7f7d398d6370,737,400.0,0.0,0.0,0.07,8,[23],3
7,10,x7f7d398d6370,738,500.0,1.0,0.0,0.07,6,[23],1
7,10,x7f7d398d6370,739,-20.0,1.0,0.0,0.09,3,[1],4
7,10,x7f7d398d6370,740,-300.0,0.0,0.0,0.12,7,[23],1
7,10,x7f7d398d6370,741,0.0,0.0,0.0,0.07,7,[23],3
7,10,x7f7d398d6370,742,800.0,1.0,1.0,0.07,6,[23],3
7,10,x7f7d398d6370,743,400.0,0.0,0.0,0.07,6,[23],1
7,10,x7f7d398d6370,744,500.0,1.0,0.0,0.07,4,[20],3
7,10,x7f7d398d6370,745,247.0,0.0,0.0,0.08,5,[23],1
7,10,x7f7d398d6370,746,127.0,0.0,0.0,0.09,3,[0],1
7,10,x7f7d398d6370,747,400.0,0.0,0.0,0.07,5,[23],3
7,10,x7f7d398d6370,748,-300.0,0.0,0.0,0.12,3,[7],1
7,10,x7f7d398d6370,749,400.0,0.0,0.0,0.07,5,[23],0
7,10,x7f7d398d6370,750,700.0,0.0,1.0,0.07,5,[23],3
7,10,x7f7d398d6370,751,347.0,1.0,0.0,0.08,5,[20],4
7,10,x7f7d398d6370,752,-50.0,0.0,0.0,0.09,3,[2],3
7,10,x7f7d398d6370,753,700.0,0.0,1.0,0.07,4,[23],3
7,10,x7f7d398d6370,754,167.0,0.0,0.0,0.09,3,[0],1
7,10,x7f7d398d6370,755,246.0,0.0,0.0,0.09,3,[0],1
7,10,x7f7d398d6370,756,547.0,0.0,1.0,0.08,4,[23],1
7,10,x7f7d398d6370,757,-150.0,1.0,0.0,0.09,3,[2],4
7,10,x7f7d398d6370,758,800.0,1.0,1.0,0.07,4,[23],3
7,10,x7f7d398d6370,759,50.0,0.0,0.0,0.09,3,[0],4
7,10,x7f7d398d6370,760,151.0,0.0,0.0,0.09,3,[0],1
7,10,x7f7d398d6370,761,500.0,1.0,0.0,0.07,6,[23],3
7,10,x7f7d398d6370,762,400.0,0.0,0.0,0.07,3,[20],1
7,10,x7f7d398d6370,763,300.0,0.0,1.0,0.07,8,[23],1
7,10,x7f7d398d6370,764,700.0,0.0,1.0,0.07,2,[20],3
7,10,x7f7d398d6370,765,0.0,0.0,0.0,0.07,8,[23],3
7,10,x7f7d398d6370,766,-110.0,0.0,0.0,0.09,7,[0],4
7,10,x7f7d398d6370,767,400.0,0.0,0.0,0.07,8,[23],3
7,10,x7f7d398d6370,768,400.0,0.0,0.0,0.07,7,[23],3
7,10,x7f7d398d6370,769,0.0,0.0,0.0,0.07,8,[23],3
7,10,x7f7d398d6370,770,500.0,1.0,0.0,0.07,8,[23],3
7,10,x7f7d398d6370,771,120.0,1.0,1.0,0.12,7,[8],4
7,10,x7f7d398d6370,772,-264.0,0.0,0.0,0.03,7,[6],2
7,10,x7f7d398d6370,773,400.0,0.0,0.0,0.07,8,[23],3
7,10,x7f7d398d6370,774,547.0,0.0,1.0,0.08,8,[23],1
7,10,x7f7d398d6370,775,0.0,0.0,0.0,0.07,7,[23],3
7,10,x7f7d398d6370,776,0.0,0.0,0.0,0.07,7,[23],3
7,10,x7f7d398d6370,777,300.0,0.0,1.0,0.07,7,[23],3
7,10,x7f7d398d6370,778,0.0,0.0,0.0,0.07,6,[23],1
7,10,x7f7d398d6370,779,400.0,0.0,0.0,0.07,6,[23],1
7,10,x7f7d398d6370,780,250.0,0.0,0.0,0.09,3,[0],3
7,10,x7f7d398d6370,781,400.0,0.0,0.0,0.07,6,[23],3
7,10,x7f7d398d6370,782,-50.0,0.0,0.0,0.09,2,[1],3
7,10,x7f7d398d6370,783,0.0,0.0,0.0,0.07,8,[23],3
7,10,x7f7d398d6370,784,800.0,1.0,1.0,0.07,7,[23],3
7,10,x7f7d398d6370,785,500.0,1.0,0.0,0.07,8,[23],3
7,10,x7f7d398d6370,786,-250.0,0.0,0.0,0.03,8,[7],2
7,10,x7f7d398d6370,787,0.0,0.0,0.0,0.07,8,[23],3
7,10,x7f7d398d6370,788,347.0,1.0,0.0,0.08,8,[23],1
7,10,x7f7d398d6370,789,0.0,0.0,0.0,0.07,8,[23],3
7,10,x7f7d398d6370,790,400.0,0.0,0.0,0.07,8,[23],1
7,10,x7f7d398d6370,791,247.0,0.0,0.0,0.08,8,[23],1
7,10,x7f7d398d6370,792,547.0,0.0,1.0,0.08,7,[23],1
7,10,x7f7d398d6370,793,500.0,1.0,1.0,0.09,3,[19],4
7,10,x7f7d398d6370,794,300.0,0.0,1.0,0.07,2,[20],0
7,10,x7f7d398d6370,795,800.0,1.0,1.0,0.07,6,[23],3
7,10,x7f7d398d6370,796,250.0,0.0,1.0,0.09,3,[2],3
7,10,x7f7d398d6370,797,147.0,0.0,1.0,0.08,5,[20],1
7,10,x7f7d398d6370,798,200.0,1.0,1.0,0.12,3,[8],4
7,10,x7f7d398d6370,799,-194.0,1.0,0.0,0.12,7,[7],4
7,10,x7f7d398d6370,800,50.0,0.0,0.0,0.07,2,[0],0
7,10,x7f7d398d6370,801,300.0,0.0,1.0,0.07,2,[23],3
7,10,x7f7d398d6370,802,250.0,0.0,0.0,0.09,2,[0],1
7,10,x7f7d398d6370,803,400.0,0.0,0.0,0.07,6,[20],1
7,10,x7f7d398d6370,804,-97.0,1.0,0.0,0.09,4,[2],4
7,10,x7f7d398d6370,805,145.0,0.0,0.0,0.07,3,[0],2
7,10,x7f7d398d6370,806,500.0,1.0,0.0,0.07,4,[23],3
7,10,x7f7d398d6370,807,-100.0,0.0,0.0,0.12,3,[7],1
7,10,x7f7d398d6370,808,347.0,1.0,0.0,0.08,4,[23],1
7,10,x7f7d398d6370,809,550.0,0.0,1.0,0.09,3,[0],4
7,10,x7f7d398d6370,810,200.0,1.0,0.0,0.08,3,[23],3
7,10,x7f7d398d6370,811,-150.0,0.0,0.0,0.09,3,[0],2
7,10,x7f7d398d6370,812,300.0,0.0,1.0,0.07,4,[23],3
7,10,x7f7d398d6370,813,50.0,0.0,0.0,0.09,3,[0],4
7,10,x7f7d398d6370,814,350.0,1.0,0.0,0.06,4,[23],3
7,10,x7f7d398d6370,815,-300.0,1.0,0.0,0.12,2,[8],4
7,10,x7f7d398d6370,816,500.0,1.0,0.0,0.07,2,[23],3
7,10,x7f7d398d6370,817,350.0,1.0,1.0,0.09,3,[2],4
7,10,x7f7d398d6370,818,400.0,0.0,0.0,0.08,2,[23],3
7,10,x7f7d398d6370,819,250.0,0.0,0.0,0.09,3,[0],4
7,10,x7f7d398d6370,820,400.0,0.0,0.0,0.07,2,[23],3
7,10,x7f7d398d6370,821,50.0,1.0,0.0,0.09,3,[2],3
7,10,x7f7d398d6370,822,500.0,1.0,0.0,0.07,8,[20],3
7,10,x7f7d398d6370,823,500.0,1.0,0.0,0.07,8,[20],3
7,10,x7f7d398d6370,824,500.0,1.0,0.0,0.07,3,[23],3
7,10,x7f7d398d6370,825,500.0,1.0,1.0,0.09,7,[2],3
7,10,x7f7d398d6370,826,400.0,0.0,0.0,0.08,2,[23],3
7,10,x7f7d398d6370,827,-438.0,0.0,0.0,0.12,7,[6],3
7,10,x7f7d398d6370,828,400.0,0.0,0.0,0.07,2,[23],3
7,10,x7f7d398d6370,829,100.0,0.0,0.0,0.12,8,[20],1
7,10,x7f7d398d6370,830,500.0,1.0,0.0,0.07,8,[20],3
7,10,x7f7d398d6370,831,365.0,1.0,0.0,0.04,8,[19],4
7,10,x7f7d398d6370,832,0.0,0.0,0.0,0.07,8,[20],3
7,10,x7f7d398d6370,833,250.0,0.0,0.0,0.09,2,[0],3
7,10,x7f7d398d6370,834,-284.0,0.0,0.0,0.0,8,[6],2
7,10,x7f7d398d6370,835,200.0,1.0,0.0,0.12,8,[20],1
7,10,x7f7d398d6370,836,400.0,0.0,0.0,0.07,8,[20],1
7,10,x7f7d398d6370,837,500.0,1.0,0.0,0.07,8,[20],3
7,10,x7f7d398d6370,838,665.0,1.0,1.0,0.04,8,[19],4
7,10,x7f7d398d6370,839,800.0,1.0,1.0,0.07,8,[20],3
7,10,x7f7d398d6370,840,-182.0,0.0,0.0,0.09,8,[0],2
7,10,x7f7d398d6370,841,700.0,0.0,1.0,0.07,8,[20],3
7,10,x7f7d398d6370,842,400.0,0.0,0.0,0.07,8,[20],3
7,10,x7f7d398d6370,843,500.0,1.0,0.0,0.07,8,[20],3
7,10,x7f7d398d6370,844,0.0,0.0,0.0,0.07,8,[20],3
7,10,x7f7d398d6370,845,200.0,1.0,0.0,0.12,8,[20],3
7,10,x7f7d398d6370,846,400.0,0.0,1.0,0.12,8,[20],1
7,10,x7f7d398d6370,847,200.0,1.0,0.0,0.08,8,[19],4
7,10,x7f7d398d6370,848,400.0,0.0,0.0,0.07,8,[20],3
7,10,x7f7d398d6370,849,100.0,0.0,0.0,0.12,6,[6],3
7,10,x7f7d398d6370,850,400.0,0.0,0.0,0.07,8,[23],3
7,10,x7f7d398d6370,851,112.0,0.0,0.0,0.09,3,[1],3
7,10,x7f7d398d6370,852,400.0,0.0,1.0,0.12,8,[23],1
7,10,x7f7d398d6370,853,0.0,0.0,0.0,0.07,8,[20],3
7,10,x7f7d398d6370,854,0.0,0.0,0.0,0.07,8,[20],3
7,10,x7f7d398d6370,855,0.0,0.0,0.0,0.07,8,[23],3
7,10,x7f7d398d6370,856,247.0,0.0,0.0,0.08,7,[20],1
7,10,x7f7d398d6370,857,700.0,0.0,1.0,0.07,8,[20],3
7,10,x7f7d398d6370,858,400.0,0.0,0.0,0.07,2,[23],3
7,10,x7f7d398d6370,859,-300.0,0.0,0.0,0.12,8,[20],1
7,10,x7f7d398d6370,860,-250.0,0.0,0.0,0.06,8,[6],2
7,10,x7f7d398d6370,861,400.0,0.0,1.0,0.12,4,[20],3
7,10,x7f7d398d6370,862,0.0,0.0,0.0,0.07,8,[20],3
7,10,x7f7d398d6370,863,500.0,1.0,0.0,0.07,8,[20],3
7,10,x7f7d398d6370,864,300.0,0.0,1.0,0.07,8,[20],3
7,10,x7f7d398d6370,865,700.0,0.0,1.0,0.07,2,[23],1
7,10,x7f7d398d6370,866,300.0,0.0,1.0,0.07,8,[20],3
7,10,x7f7d398d6370,867,0.0,0.0,0.0,0.07,8,[20],3
7,10,x7f7d398d6370,868,400.0,0.0,0.0,0.07,2,[23],3
7,10,x7f7d398d6370,869,0.0,0.0,0.0,0.07,8,[20],1
7,10,x7f7d398d6370,870,400.0,0.0,0.0,0.07,8,[20],3
7,10,x7f7d398d6370,871,100.0,0.0,0.0,0.12,8,[20],1
7,10,x7f7d398d6370,872,100.0,0.0,0.0,0.12,8,[20],1
7,10,x7f7d398d6370,873,400.0,0.0,0.0,0.07,8,[20],3
7,10,x7f7d398d6370,874,700.0,0.0,1.0,0.07,8,[20],3
7,10,x7f7d398d6370,875,0.0,0.0,0.0,0.07,8,[23],1
7,10,x7f7d398d6370,876,372.0,0.0,1.0,0.09,3,[1],3
7,10,x7f7d398d6370,877,500.0,1.0,0.0,0.06,2,[20],3
7,10,x7f7d398d6370,878,105.0,0.0,0.0,0.09,3,[1],3
7,10,x7f7d398d6370,879,550.0,0.0,1.0,0.12,2,[1],0
7,10,x7f7d398d6370,880,100.0,0.0,0.0,0.09,2,[19],1
7,10,x7f7d398d6370,881,700.0,0.0,1.0,0.07,2,[23],3
7,10,x7f7d398d6370,882,200.0,1.0,0.0,0.12,2,[23],3
7,10,x7f7d398d6370,883,200.0,1.0,0.0,0.12,8,[20],3
7,10,x7f7d398d6370,884,0.0,0.0,0.0,0.07,8,[20],3
7,10,x7f7d398d6370,885,618.0,1.0,1.0,0.06,7,[9],4
7,10,x7f7d398d6370,886,0.0,0.0,1.0,0.12,8,[20],3
7,10,x7f7d398d6370,887,400.0,0.0,0.0,0.07,8,[20],3
7,10,x7f7d398d6370,888,400.0,0.0,0.0,0.07,8,[20],3
7,10,x7f7d398d6370,889,700.0,0.0,1.0,0.07,8,[20],3
7,10,x7f7d398d6370,890,0.0,0.0,1.0,0.12,8,[20],1
7,10,x7f7d398d6370,891,400.0,0.0,0.0,0.07,8,[23],3
7,10,x7f7d398d6370,892,595.0,0.0,1.0,0.09,8,[19],3
7,10,x7f7d398d6370,893,247.0,0.0,0.0,0.08,7,[20],1
7,10,x7f7d398d6370,894,550.0,0.0,1.0,0.09,2,[1],0
7,10,x7f7d398d6370,895,400.0,0.0,0.0,0.07,2,[23],3
7,10,x7f7d398d6370,896,-150.0,0.0,0.0,0.12,8,[6],2
7,10,x7f7d398d6370,897,700.0,0.0,1.0,0.07,8,[23],3
7,10,x7f7d398d6370,898,800.0,1.0,1.0,0.07,8,[23],3
7,10,x7f7d398d6370,899,400.0,0.0,0.0,0.07,8,[23],3
7,10,x7f7d398d6370,900,100.0,0.0,0.0,0.12,8,[23],1
7,10,x7f7d398d6370,901,200.0,1.0,0.0,0.12,8,[23],1
7,10,x7f7d398d6370,902,0.0,0.0,0.0,0.07,8,[23],3
7,10,x7f7d398d6370,903,0.0,0.0,0.0,0.07,8,[23],3
7,10,x7f7d398d6370,904,0.0,0.0,0.0,0.07,8,[23],3
7,10,x7f7d398d6370,905,0.0,0.0,0.0,0.07,8,[23],3
7,10,x7f7d398d6370,906,250.0,0.0,1.0,0.09,3,[2],3
7,10,x7f7d398d6370,907,0.0,0.0,0.0,0.07,8,[23],3
7,10,x7f7d398d6370,908,500.0,1.0,0.0,0.07,8,[23],4
7,10,x7f7d398d6370,909,500.0,1.0,0.0,0.07,8,[23],3
7,10,x7f7d398d6370,910,700.0,0.0,1.0,0.07,8,[23],3
7,10,x7f7d398d6370,911,-288.0,0.0,0.0,0.09,3,[1],3
7,10,x7f7d398d6370,912,-150.0,0.0,0.0,0.06,8,[23],1
7,10,x7f7d398d6370,913,500.0,1.0,1.0,0.12,8,[20],1
7,10,x7f7d398d6370,914,300.0,0.0,1.0,0.07,8,[20],3
7,10,x7f7d398d6370,915,177.0,1.0,0.0,0.03,8,[7],4
7,10,x7f7d398d6370,916,-300.0,0.0,0.0,0.08,4,[19],3
7,10,x7f7d398d6370,917,700.0,0.0,1.0,0.07,2,[23],3
7,10,x7f7d398d6370,918,800.0,1.0,1.0,0.07,8,[20],3
7,10,x7f7d398d6370,919,695.0,1.0,1.0,0.09,8,[19],4
7,10,x7f7d398d6370,920,250.0,0.0,0.0,0.09,2,[0],3
7,10,x7f7d398d6370,921,0.0,0.0,0.0,0.07,8,[23],3
7,10,x7f7d398d6370,922,800.0,1.0,1.0,0.07,8,[20],3
7,10,x7f7d398d6370,923,800.0,1.0,1.0,0.07,8,[20],1
7,10,x7f7d398d6370,924,-50.0,0.0,0.0,0.09,3,[2],3
7,10,x7f7d398d6370,925,400.0,0.0,0.0,0.07,8,[20],3
7,10,x7f7d398d6370,926,500.0,1.0,0.0,0.07,8,[20],3
7,10,x7f7d398d6370,927,647.0,1.0,1.0,0.08,8,[20],3
7,10,x7f7d398d6370,928,500.0,1.0,0.0,0.07,8,[20],3
7,10,x7f7d398d6370,929,-277.0,0.0,0.0,0.03,8,[6],0
7,10,x7f7d398d6370,930,0.0,0.0,0.0,0.07,8,[20],3
7,10,x7f7d398d6370,931,700.0,0.0,1.0,0.07,8,[20],3
7,10,x7f7d398d6370,932,295.0,0.0,0.0,0.09,8,[19],1
7,10,x7f7d398d6370,933,400.0,0.0,0.0,0.07,8,[20],3
7,10,x7f7d398d6370,934,500.0,1.0,0.0,0.07,8,[20],3
7,10,x7f7d398d6370,935,-153.0,0.0,0.0,0.08,8,[20],1
7,10,x7f7d398d6370,936,300.0,0.0,1.0,0.07,8,[20],3
7,10,x7f7d398d6370,937,500.0,1.0,0.0,0.07,8,[20],3
7,10,x7f7d398d6370,938,800.0,1.0,1.0,0.07,8,[20],3
7,10,x7f7d398d6370,939,647.0,1.0,1.0,0.08,8,[20],1
7,10,x7f7d398d6370,940,695.0,1.0,1.0,0.09,8,[19],3
7,10,x7f7d398d6370,941,500.0,1.0,0.0,0.07,8,[20],3
7,10,x7f7d398d6370,942,347.0,1.0,0.0,0.08,8,[20],1
7,10,x7f7d398d6370,943,400.0,0.0,1.0,0.09,3,[19],3
7,10,x7f7d398d6370,944,247.0,0.0,0.0,0.08,6,[20],1
7,10,x7f7d398d6370,945,250.0,0.0,0.0,0.09,3,[0],3
7,10,x7f7d398d6370,946,250.0,0.0,0.0,0.12,3,[0],0
7,10,x7f7d398d6370,947,0.0,0.0,0.0,0.07,5,[20],3
7,10,x7f7d398d6370,948,400.0,0.0,1.0,0.09,4,[2],3
7,10,x7f7d398d6370,949,347.0,1.0,0.0,0.08,5,[20],1
7,10,x7f7d398d6370,950,0.0,0.0,0.0,0.07,4,[20],3
7,10,x7f7d398d6370,951,100.0,0.0,0.0,0.12,4,[7],3
7,10,x7f7d398d6370,952,50.0,0.0,0.0,0.07,3,[0],4
7,10,x7f7d398d6370,953,29.0,1.0,0.0,0.03,4,[8],4
7,10,x7f7d398d6370,954,800.0,1.0,1.0,0.07,6,[23],3
7,10,x7f7d398d6370,955,-280.0,0.0,0.0,0.03,4,[6],2
7,10,x7f7d398d6370,956,0.0,1.0,0.0,0.06,3,[8],4
7,10,x7f7d398d6370,957,0.0,0.0,0.0,0.07,5,[20],0
7,10,x7f7d398d6370,958,332.0,0.0,1.0,0.03,4,[6],4
7,10,x7f7d398d6370,959,152.0,0.0,0.0,0.09,3,[0],1
7,10,x7f7d398d6370,960,500.0,1.0,0.0,0.07,6,[20],3
7,10,x7f7d398d6370,961,400.0,0.0,0.0,0.07,3,[23],1
7,10,x7f7d398d6370,962,347.0,1.0,0.0,0.08,6,[20],3
7,10,x7f7d398d6370,963,0.0,0.0,0.0,0.07,6,[20],3
7,10,x7f7d398d6370,964,400.0,0.0,0.0,0.07,3,[23],3
7,10,x7f7d398d6370,965,0.0,0.0,0.0,0.07,7,[20],3
7,10,x7f7d398d6370,966,500.0,1.0,0.0,0.07,3,[23],3
7,10,x7f7d398d6370,967,400.0,0.0,0.0,0.07,2,[23],3
7,10,x7f7d398d6370,968,50.0,0.0,0.0,0.09,3,[0],0
7,10,x7f7d398d6370,969,0.0,1.0,1.0,0.12,2,[2],2
7,10,x7f7d398d6370,970,295.0,0.0,0.0,0.09,8,[19],1
7,10,x7f7d398d6370,971,347.0,1.0,0.0,0.08,8,[20],1
7,10,x7f7d398d6370,972,400.0,0.0,0.0,0.07,8,[20],3
7,10,x7f7d398d6370,973,250.0,0.0,0.0,0.03,6,[7],3
7,10,x7f7d398d6370,974,295.0,0.0,0.0,0.09,8,[19],1
7,10,x7f7d398d6370,975,700.0,0.0,1.0,0.07,8,[20],3
7,10,x7f7d398d6370,976,300.0,0.0,1.0,0.07,8,[23],1
7,10,x7f7d398d6370,977,0.0,0.0,0.0,0.07,8,[20],3
7,10,x7f7d398d6370,978,70.0,0.0,0.0,0.09,7,[0],4
7,10,x7f7d398d6370,979,400.0,0.0,0.0,0.07,2,[23],3
7,10,x7f7d398d6370,980,0.0,0.0,0.0,0.07,8,[20],3
7,10,x7f7d398d6370,981,51.0,1.0,0.0,0.03,8,[9],4
7,10,x7f7d398d6370,982,247.0,0.0,0.0,0.08,8,[20],1
7,10,x7f7d398d6370,983,300.0,0.0,1.0,0.07,8,[20],3
7,10,x7f7d398d6370,984,-153.0,0.0,0.0,0.08,8,[20],1
7,10,x7f7d398d6370,985,250.0,0.0,0.0,0.09,3,[0],3
7,10,x7f7d398d6370,986,147.0,0.0,1.0,0.08,8,[20],1
7,10,x7f7d398d6370,987,250.0,0.0,0.0,0.09,2,[0],3
7,10,x7f7d398d6370,988,357.0,0.0,1.0,0.09,3,[1],3
7,10,x7f7d398d6370,989,-312.0,0.0,0.0,0.09,3,[1],3
7,10,x7f7d398d6370,990,0.0,0.0,0.0,0.07,8,[20],3
7,10,x7f7d398d6370,991,112.0,0.0,0.0,0.09,3,[1],3
7,10,x7f7d398d6370,992,500.0,1.0,0.0,0.07,8,[20],3
7,10,x7f7d398d6370,993,400.0,0.0,0.0,0.07,8,[20],3
7,10,x7f7d398d6370,994,700.0,0.0,1.0,0.07,8,[20],3
7,10,x7f7d398d6370,995,500.0,1.0,0.0,0.07,8,[20],3
7,10,x7f7d398d6370,996,0.0,0.0,0.0,0.07,8,[20],1
7,10,x7f7d398d6370,997,-165.0,0.0,1.0,0.12,8,[7],3
7,10,x7f7d398d6370,998,250.0,0.0,0.0,0.07,2,[0],4
7,10,x7f7d398d6370,999,0.0,0.0,0.0,0.07,8,[20],3
7,10,x7f7d398d6370,1000,400.0,0.0,0.0,0.07,8,[20],3
7,10,x7f7d398d6370,1001,200.0,1.0,0.0,0.12,8,[20],3
7,10,x7f7d398d6370,1002,400.0,0.0,0.0,0.07,8,[20],3
7,10,x7f7d398d6370,1003,395.0,1.0,0.0,0.09,8,[19],4
7,10,x7f7d398d6370,1004,250.0,0.0,1.0,0.09,3,[2],3
7,10,x7f7d398d6370,1005,0.0,0.0,0.0,0.07,8,[23],3
7,10,x7f7d398d6370,1006,-300.0,0.0,0.0,0.12,8,[20],3
7,10,x7f7d398d6370,1007,0.0,0.0,0.0,0.07,8,[20],3
7,10,x7f7d398d6370,1008,800.0,1.0,1.0,0.07,8,[20],3
7,10,x7f7d398d6370,1009,300.0,0.0,1.0,0.07,8,[23],3
7,10,x7f7d398d6370,1010,400.0,0.0,0.0,0.07,8,[20],3
7,10,x7f7d398d6370,1011,-248.0,0.0,0.0,0.09,8,[0],4
7,10,x7f7d398d6370,1012,400.0,0.0,0.0,0.07,8,[20],3
7,10,x7f7d398d6370,1013,347.0,1.0,0.0,0.08,8,[20],1
7,10,x7f7d398d6370,1014,700.0,0.0,1.0,0.07,8,[20],3
7,10,x7f7d398d6370,1015,400.0,0.0,0.0,0.07,8,[20],3
7,10,x7f7d398d6370,1016,-557.0,0.0,0.0,0.12,8,[6],2
7,10,x7f7d398d6370,1017,0.0,0.0,0.0,0.07,8,[20],3
7,10,x7f7d398d6370,1018,150.0,0.0,0.0,0.09,3,[0],0
7,10,x7f7d398d6370,1019,0.0,0.0,0.0,0.07,8,[20],3
7,10,x7f7d398d6370,1020,0.0,0.0,0.0,0.07,8,[20],3
7,10,x7f7d398d6370,1021,500.0,1.0,0.0,0.07,8,[20],3
7,10,x7f7d398d6370,1022,147.0,0.0,1.0,0.08,8,[20],3
7,10,x7f7d398d6370,1023,165.0,0.0,1.0,0.04,8,[19],1
7,10,x7f7d398d6370,1024,500.0,1.0,0.0,0.07,8,[20],1
7,10,x7f7d398d6370,1025,347.0,1.0,0.0,0.08,8,[20],3
7,10,x7f7d398d6370,1026,365.0,1.0,0.0,0.04,8,[19],4
7,10,x7f7d398d6370,1027,400.0,0.0,0.0,0.07,8,[20],3
7,10,x7f7d398d6370,1028,700.0,0.0,1.0,0.07,8,[20],3
7,10,x7f7d398d6370,1029,100.0,0.0,0.0,0.12,8,[20],3
7,10,x7f7d398d6370,1030,300.0,0.0,1.0,0.07,8,[20],3
7,10,x7f7d398d6370,1031,300.0,0.0,1.0,0.07,8,[20],0
7,10,x7f7d398d6370,1032,250.0,0.0,0.0,0.09,3,[0],3
7,10,x7f7d398d6370,1033,-300.0,0.0,0.0,0.12,8,[20],3
7,10,x7f7d398d6370,1034,0.0,0.0,0.0,0.07,8,[20],3
7,10,x7f7d398d6370,1035,500.0,1.0,1.0,0.12,8,[20],4
7,10,x7f7d398d6370,1036,0.0,0.0,0.0,0.07,8,[20],3
7,10,x7f7d398d6370,1037,0.0,0.0,0.0,0.07,8,[20],3
7,10,x7f7d398d6370,1038,0.0,0.0,0.0,0.07,8,[20],3
7,10,x7f7d398d6370,1039,0.0,0.0,0.0,0.07,8,[20],0
7,10,x7f7d398d6370,1040,400.0,0.0,0.0,0.07,8,[20],3
7,10,x7f7d398d6370,1041,400.0,0.0,0.0,0.07,8,[20],3
7,10,x7f7d398d6370,1042,-135.0,0.0,0.0,0.04,8,[19],1
7,10,x7f7d398d6370,1043,250.0,0.0,0.0,0.09,2,[0],3
7,10,x7f7d398d6370,1044,400.0,0.0,0.0,0.07,8,[20],3
7,10,x7f7d398d6370,1045,247.0,0.0,0.0,0.08,8,[20],3
7,10,x7f7d398d6370,1046,0.0,0.0,0.0,0.07,8,[20],0
7,10,x7f7d398d6370,1047,247.0,0.0,0.0,0.08,8,[20],3
7,10,x7f7d398d6370,1048,700.0,0.0,1.0,0.07,8,[20],3
7,10,x7f7d398d6370,1049,0.0,0.0,0.0,0.07,8,[20],3
7,10,x7f7d398d6370,1050,-153.0,0.0,0.0,0.08,8,[20],3
7,10,x7f7d398d6370,1051,500.0,1.0,0.0,0.07,8,[20],3
7,10,x7f7d398d6370,1052,347.0,1.0,0.0,0.08,8,[20],1
7,10,x7f7d398d6370,1053,-300.0,0.0,0.0,0.09,2,[19],1
7,10,x7f7d398d6370,1054,247.0,0.0,0.0,0.08,8,[20],3
7,10,x7f7d398d6370,1055,400.0,0.0,0.0,0.07,8,[20],3
7,10,x7f7d398d6370,1056,500.0,1.0,0.0,0.07,8,[20],3
7,10,x7f7d398d6370,1057,200.0,1.0,0.0,0.12,8,[20],3
7,10,x7f7d398d6370,1058,800.0,1.0,1.0,0.07,8,[20],3
7,10,x7f7d398d6370,1059,247.0,0.0,0.0,0.08,8,[20],1
7,10,x7f7d398d6370,1060,0.0,0.0,0.0,0.07,8,[20],3
7,10,x7f7d398d6370,1061,400.0,0.0,0.0,0.07,8,[20],3
7,10,x7f7d398d6370,1062,547.0,0.0,1.0,0.08,8,[20],3
7,10,x7f7d398d6370,1063,215.0,0.0,0.0,0.09,8,[19],1
7,10,x7f7d398d6370,1064,500.0,1.0,0.0,0.07,8,[20],1
7,10,x7f7d398d6370,1065,100.0,0.0,0.0,0.12,8,[20],3
7,10,x7f7d398d6370,1066,500.0,1.0,0.0,0.07,8,[20],1
7,10,x7f7d398d6370,1067,300.0,0.0,1.0,0.07,8,[20],3
7,10,x7f7d398d6370,1068,500.0,1.0,0.0,0.07,8,[20],3
7,10,x7f7d398d6370,1069,547.0,0.0,1.0,0.08,8,[20],3
7,10,x7f7d398d6370,1070,500.0,1.0,0.0,0.07,8,[20],3
7,10,x7f7d398d6370,1071,300.0,0.0,1.0,0.07,8,[20],1
7,10,x7f7d398d6370,1072,250.0,0.0,0.0,0.09,2,[0],0
7,10,x7f7d398d6370,1073,400.0,0.0,0.0,0.07,8,[20],3
7,10,x7f7d398d6370,1074,400.0,0.0,0.0,0.07,6,[20],3
7,10,x7f7d398d6370,1075,200.0,1.0,0.0,0.12,3,[8],3
7,10,x7f7d398d6370,1076,247.0,0.0,0.0,0.08,5,[20],1
7,10,x7f7d398d6370,1077,100.0,0.0,0.0,0.12,4,[6],3
7,10,x7f7d398d6370,1078,500.0,1.0,0.0,0.06,4,[6],4
7,10,x7f7d398d6370,1079,-214.0,1.0,0.0,0.12,4,[9],4
7,10,x7f7d398d6370,1080,350.0,1.0,1.0,0.07,3,[2],4
7,10,x7f7d398d6370,1081,99.0,1.0,0.0,0.12,3,[6],2
7,10,x7f7d398d6370,1082,400.0,0.0,1.0,0.09,2,[1],3
7,10,x7f7d398d6370,1083,300.0,0.0,1.0,0.07,5,[23],3
7,10,x7f7d398d6370,1084,300.0,0.0,1.0,0.07,6,[20],3
7,10,x7f7d398d6370,1085,-150.0,0.0,0.0,0.03,2,[7],1
7,10,x7f7d398d6370,1086,550.0,0.0,1.0,0.09,3,[0],4
7,10,x7f7d398d6370,1087,-300.0,0.0,0.0,0.06,2,[23],1
7,10,x7f7d398d6370,1088,344.0,0.0,0.0,0.03,5,[6],1
7,10,x7f7d398d6370,1089,100.0,0.0,0.0,0.09,3,[19],3
7,10,x7f7d398d6370,1090,400.0,0.0,0.0,0.07,6,[20],1
7,10,x7f7d398d6370,1091,700.0,0.0,1.0,0.03,4,[9],3
7,10,x7f7d398d6370,1092,150.0,0.0,0.0,0.09,3,[0],4
7,10,x7f7d398d6370,1093,250.0,0.0,1.0,0.12,2,[2],3
7,10,x7f7d398d6370,1094,300.0,0.0,1.0,0.07,7,[23],3
7,10,x7f7d398d6370,1095,347.0,1.0,0.0,0.08,3,[20],1
7,10,x7f7d398d6370,1096,-89.0,1.0,0.0,0.12,5,[8],4
7,10,x7f7d398d6370,1097,0.0,0.0,0.0,0.07,6,[23],1
7,10,x7f7d398d6370,1098,0.0,0.0,0.0,0.07,6,[23],1
7,10,x7f7d398d6370,1099,147.0,0.0,1.0,0.08,8,[20],3
7,10,x7f7d398d6370,1100,100.0,0.0,0.0,0.09,2,[19],1
7,10,x7f7d398d6370,1101,0.0,0.0,0.0,0.07,2,[20],3
7,10,x7f7d398d6370,1102,300.0,0.0,0.0,0.03,7,[6],1
7,10,x7f7d398d6370,1103,400.0,0.0,0.0,0.07,8,[20],3
7,10,x7f7d398d6370,1104,400.0,0.0,0.0,0.07,8,[23],1
7,10,x7f7d398d6370,1105,500.0,1.0,1.0,0.12,7,[23],1
7,10,x7f7d398d6370,1106,400.0,0.0,1.0,0.12,6,[23],1
7,10,x7f7d398d6370,1107,500.0,1.0,0.0,0.08,2,[23],3
7,10,x7f7d398d6370,1108,665.0,1.0,1.0,0.04,3,[19],3
7,10,x7f7d398d6370,1109,-1.0,0.0,0.0,0.12,4,[6],1
7,10,x7f7d398d6370,1110,400.0,0.0,0.0,0.07,8,[20],3
7,10,x7f7d398d6370,1111,347.0,1.0,0.0,0.08,6,[23],1
7,10,x7f7d398d6370,1112,347.0,1.0,0.0,0.08,5,[23],4
7,10,x7f7d398d6370,1113,150.0,1.0,0.0,0.09,3,[1],4
7,10,x7f7d398d6370,1114,500.0,1.0,0.0,0.07,4,[23],1
7,10,x7f7d398d6370,1115,700.0,0.0,1.0,0.07,3,[23],1
7,10,x7f7d398d6370,1116,350.0,1.0,1.0,0.09,3,[2],3
7,10,x7f7d398d6370,1117,250.0,0.0,0.0,0.09,2,[0],3
7,10,x7f7d398d6370,1118,800.0,1.0,1.0,0.07,3,[23],3
7,10,x7f7d398d6370,1119,550.0,0.0,1.0,0.09,3,[0],3
7,10,x7f7d398d6370,1120,500.0,1.0,0.0,0.07,3,[23],3
7,10,x7f7d398d6370,1121,300.0,0.0,1.0,0.07,2,[23],3
7,10,x7f7d398d6370,1122,50.0,0.0,0.0,0.09,2,[0],1
7,10,x7f7d398d6370,1123,0.0,0.0,0.0,0.07,2,[23],3
7,10,x7f7d398d6370,1124,250.0,0.0,0.0,0.09,3,[0],2
7,10,x7f7d398d6370,1125,500.0,1.0,0.0,0.06,3,[23],3
7,10,x7f7d398d6370,1126,399.0,0.0,1.0,0.09,3,[1],3
7,10,x7f7d398d6370,1127,250.0,0.0,0.0,0.06,4,[23],3
7,10,x7f7d398d6370,1128,50.0,0.0,0.0,0.12,3,[7],2
7,10,x7f7d398d6370,1129,365.0,1.0,0.0,0.04,5,[19],4
7,10,x7f7d398d6370,1130,250.0,0.0,0.0,0.12,3,[6],2
7,10,x7f7d398d6370,1131,444.0,1.0,1.0,0.06,6,[8],4
7,10,x7f7d398d6370,1132,250.0,0.0,0.0,0.06,2,[6],2
7,10,x7f7d398d6370,1133,500.0,1.0,0.0,0.07,2,[20],3
7,10,x7f7d398d6370,1134,400.0,0.0,0.0,0.07,2,[20],3
7,10,x7f7d398d6370,1135,300.0,0.0,1.0,0.07,8,[23],3
7,10,x7f7d398d6370,1136,300.0,0.0,1.0,0.04,2,[19],3
7,10,x7f7d398d6370,1137,250.0,0.0,0.0,0.09,3,[0],0
7,10,x7f7d398d6370,1138,400.0,0.0,0.0,0.07,2,[20],3
7,10,x7f7d398d6370,1139,400.0,0.0,0.0,0.04,2,[19],1
7,10,x7f7d398d6370,1140,250.0,0.0,0.0,0.09,3,[0],3
7,10,x7f7d398d6370,1141,250.0,0.0,0.0,0.09,2,[1],0
7,10,x7f7d398d6370,1142,400.0,0.0,0.0,0.07,5,[23],3
7,10,x7f7d398d6370,1143,100.0,0.0,0.0,0.04,3,[19],1
7,10,x7f7d398d6370,1144,500.0,1.0,0.0,0.07,2,[20],1
7,10,x7f7d398d6370,1145,0.0,0.0,0.0,0.07,8,[23],3
7,10,x7f7d398d6370,1146,400.0,0.0,0.0,0.07,8,[23],3
7,10,x7f7d398d6370,1147,300.0,0.0,0.0,0.03,5,[6],1
7,10,x7f7d398d6370,1148,400.0,0.0,0.0,0.07,8,[23],3
7,10,x7f7d398d6370,1149,-50.0,0.0,0.0,0.09,2,[2],3
7,10,x7f7d398d6370,1150,57.0,1.0,0.0,0.09,3,[1],4
7,10,x7f7d398d6370,1151,800.0,1.0,1.0,0.07,8,[23],3
7,10,x7f7d398d6370,1152,-300.0,0.0,0.0,0.12,8,[23],1
7,10,x7f7d398d6370,1153,57.0,0.0,0.0,0.09,3,[1],3
7,10,x7f7d398d6370,1154,265.0,0.0,0.0,0.04,8,[19],1
7,10,x7f7d398d6370,1155,800.0,1.0,1.0,0.07,3,[23],3
7,10,x7f7d398d6370,1156,400.0,0.0,0.0,0.07,8,[23],3
7,10,x7f7d398d6370,1157,500.0,1.0,0.0,0.07,8,[23],3
7,10,x7f7d398d6370,1158,0.0,0.0,0.0,0.07,8,[23],1
7,10,x7f7d398d6370,1159,0.0,0.0,0.0,0.07,8,[23],3
7,10,x7f7d398d6370,1160,0.0,0.0,0.0,0.07,8,[23],3
7,10,x7f7d398d6370,1161,100.0,1.0,0.0,0.09,3,[1],4
7,10,x7f7d398d6370,1162,0.0,0.0,0.0,0.07,8,[23],1
7,10,x7f7d398d6370,1163,250.0,0.0,0.0,0.09,3,[0],3
7,10,x7f7d398d6370,1164,0.0,0.0,0.0,0.07,8,[23],1
7,10,x7f7d398d6370,1165,100.0,0.0,0.0,0.12,7,[6],3
7,10,x7f7d398d6370,1166,247.0,0.0,0.0,0.08,8,[23],1
7,10,x7f7d398d6370,1167,0.0,0.0,0.0,0.07,8,[23],1
7,10,x7f7d398d6370,1168,500.0,1.0,0.0,0.07,8,[23],3
7,10,x7f7d398d6370,1169,347.0,1.0,0.0,0.08,8,[23],1
7,10,x7f7d398d6370,1170,500.0,1.0,0.0,0.07,8,[23],3
7,10,x7f7d398d6370,1171,200.0,1.0,0.0,0.12,8,[23],1
7,10,x7f7d398d6370,1172,0.0,0.0,0.0,0.07,8,[23],3
7,10,x7f7d398d6370,1173,0.0,0.0,0.0,0.07,8,[23],3
7,10,x7f7d398d6370,1174,500.0,1.0,0.0,0.07,8,[23],1
7,10,x7f7d398d6370,1175,0.0,0.0,0.0,0.07,8,[23],3
7,10,x7f7d398d6370,1176,150.0,0.0,0.0,0.09,3,[0],2
7,10,x7f7d398d6370,1177,400.0,0.0,0.0,0.07,8,[23],3
7,10,x7f7d398d6370,1178,0.0,0.0,0.0,0.07,8,[23],3
7,10,x7f7d398d6370,1179,500.0,1.0,0.0,0.07,8,[23],3
7,10,x7f7d398d6370,1180,647.0,1.0,1.0,0.08,8,[23],1
7,10,x7f7d398d6370,1181,400.0,0.0,0.0,0.07,8,[23],3
7,10,x7f7d398d6370,1182,451.0,0.0,1.0,0.09,7,[1],3
7,10,x7f7d398d6370,1183,700.0,0.0,1.0,0.07,8,[23],3
7,10,x7f7d398d6370,1184,400.0,0.0,0.0,0.07,8,[23],3
7,10,x7f7d398d6370,1185,200.0,1.0,0.0,0.12,8,[23],4
7,10,x7f7d398d6370,1186,170.0,0.0,0.0,0.04,8,[19],1
7,10,x7f7d398d6370,1187,547.0,0.0,1.0,0.09,6,[0],3
7,10,x7f7d398d6370,1188,500.0,1.0,0.0,0.07,8,[20],3
7,10,x7f7d398d6370,1189,0.0,0.0,0.0,0.07,8,[23],3
7,10,x7f7d398d6370,1190,800.0,1.0,1.0,0.07,8,[23],3
7,10,x7f7d398d6370,1191,500.0,1.0,0.0,0.07,8,[23],3
7,10,x7f7d398d6370,1192,395.0,1.0,0.0,0.09,8,[19],4
7,10,x7f7d398d6370,1193,400.0,0.0,0.0,0.07,8,[23],3
7,10,x7f7d398d6370,1194,-50.0,0.0,0.0,0.09,2,[2],3
7,10,x7f7d398d6370,1195,500.0,1.0,0.0,0.07,8,[20],3
7,10,x7f7d398d6370,1196,400.0,0.0,0.0,0.07,8,[23],3
7,10,x7f7d398d6370,1197,200.0,1.0,0.0,0.12,8,[23],1
7,10,x7f7d398d6370,1198,300.0,0.0,1.0,0.07,8,[20],3
7,10,x7f7d398d6370,1199,250.0,0.0,0.0,0.09,3,[0],3
7,10,x7f7d398d6370,1200,250.0,0.0,1.0,0.09,3,[2],3
7,10,x7f7d398d6370,1201,400.0,0.0,0.0,0.07,8,[23],3
7,10,x7f7d398d6370,1202,250.0,0.0,0.0,0.09,2,[1],3
7,10,x7f7d398d6370,1203,250.0,0.0,1.0,0.09,3,[2],3
7,10,x7f7d398d6370,1204,404.0,1.0,0.0,0.07,8,[20],1
7,10,x7f7d398d6370,1205,700.0,0.0,1.0,0.07,2,[23],3
7,10,x7f7d398d6370,1206,250.0,0.0,1.0,0.12,8,[6],3
7,10,x7f7d398d6370,1207,200.0,1.0,0.0,0.12,5,[23],1
7,10,x7f7d398d6370,1208,700.0,0.0,1.0,0.07,8,[20],3
7,10,x7f7d398d6370,1209,-4.0,0.0,0.0,0.12,6,[7],3
7,10,x7f7d398d6370,1210,400.0,0.0,0.0,0.07,8,[20],3
7,10,x7f7d398d6370,1211,400.0,0.0,0.0,0.07,3,[23],3
7,10,x7f7d398d6370,1212,400.0,0.0,0.0,0.07,8,[20],3
7,10,x7f7d398d6370,1213,96.0,0.0,0.0,0.09,3,[0],0
7,10,x7f7d398d6370,1214,400.0,0.0,0.0,0.07,7,[20],3
7,10,x7f7d398d6370,1215,-100.0,0.0,1.0,0.09,2,[2],4
7,10,x7f7d398d6370,1216,0.0,0.0,0.0,0.07,8,[20],3
7,10,x7f7d398d6370,1217,400.0,0.0,0.0,0.08,4,[23],3
7,10,x7f7d398d6370,1218,300.0,0.0,1.0,0.07,8,[20],3
7,10,x7f7d398d6370,1219,550.0,0.0,1.0,0.09,3,[0],3
7,10,x7f7d398d6370,1220,250.0,0.0,0.0,0.06,8,[20],1
7,10,x7f7d398d6370,1221,700.0,0.0,1.0,0.07,8,[23],3
7,10,x7f7d398d6370,1222,400.0,0.0,0.0,0.07,8,[20],3
7,10,x7f7d398d6370,1223,500.0,1.0,0.0,0.07,8,[20],3
7,10,x7f7d398d6370,1224,107.0,0.0,0.0,0.09,3,[0],1
7,10,x7f7d398d6370,1225,300.0,0.0,0.0,0.03,7,[7],1
7,10,x7f7d398d6370,1226,400.0,0.0,0.0,0.07,8,[20],3
7,10,x7f7d398d6370,1227,300.0,0.0,1.0,0.07,8,[20],3
7,10,x7f7d398d6370,1228,500.0,1.0,0.0,0.07,8,[20],3
7,10,x7f7d398d6370,1229,0.0,0.0,0.0,0.07,8,[23],3
7,10,x7f7d398d6370,1230,100.0,0.0,0.0,0.12,8,[23],1
7,10,x7f7d398d6370,1231,0.0,0.0,0.0,0.07,2,[20],3
7,10,x7f7d398d6370,1232,-230.0,1.0,0.0,0.09,8,[2],4
7,10,x7f7d398d6370,1233,400.0,0.0,0.0,0.07,8,[20],3
7,10,x7f7d398d6370,1234,100.0,0.0,0.0,0.09,3,[1],3
7,10,x7f7d398d6370,1235,0.0,0.0,0.0,0.07,8,[20],3
7,10,x7f7d398d6370,1236,92.0,0.0,0.0,0.09,3,[1],3
7,10,x7f7d398d6370,1237,400.0,0.0,0.0,0.07,8,[20],3
7,10,x7f7d398d6370,1238,250.0,0.0,0.0,0.09,2,[1],3
7,10,x7f7d398d6370,1239,265.0,0.0,0.0,0.04,8,[19],1
7,10,x7f7d398d6370,1240,250.0,0.0,0.0,0.09,2,[1],3
7,10,x7f7d398d6370,1241,50.0,0.0,0.0,0.12,2,[1],0
7,10,x7f7d398d6370,1242,700.0,0.0,1.0,0.07,8,[23],3
7,10,x7f7d398d6370,1243,400.0,0.0,0.0,0.07,8,[23],3
7,10,x7f7d398d6370,1244,250.0,0.0,0.0,0.09,2,[1],3
7,10,x7f7d398d6370,1245,800.0,1.0,1.0,0.07,8,[23],3
7,10,x7f7d398d6370,1246,-50.0,0.0,0.0,0.09,3,[2],3
7,10,x7f7d398d6370,1247,0.0,0.0,0.0,0.07,8,[23],3
7,10,x7f7d398d6370,1248,250.0,0.0,0.0,0.09,3,[0],3
7,10,x7f7d398d6370,1249,0.0,0.0,0.0,0.07,8,[23],1
7,10,x7f7d398d6370,1250,400.0,0.0,0.0,0.07,8,[23],3
7,10,x7f7d398d6370,1251,700.0,0.0,1.0,0.07,8,[23],3
7,10,x7f7d398d6370,1252,500.0,1.0,0.0,0.07,8,[20],3
7,10,x7f7d398d6370,1253,0.0,0.0,0.0,0.07,8,[23],3
7,10,x7f7d398d6370,1254,-150.0,0.0,0.0,0.09,2,[0],3
7,10,x7f7d398d6370,1255,-250.0,0.0,0.0,0.03,8,[6],2
7,10,x7f7d398d6370,1256,500.0,1.0,0.0,0.07,8,[23],3
7,10,x7f7d398d6370,1257,121.0,0.0,0.0,0.09,3,[0],4
7,10,x7f7d398d6370,1258,101.0,0.0,0.0,0.09,3,[1],3
7,10,x7f7d398d6370,1259,400.0,0.0,0.0,0.07,8,[23],3
7,10,x7f7d398d6370,1260,-150.0,1.0,0.0,0.09,3,[2],4
7,10,x7f7d398d6370,1261,0.0,0.0,0.0,0.07,8,[23],1
7,10,x7f7d398d6370,1262,0.0,0.0,0.0,0.07,8,[23],3
7,10,x7f7d398d6370,1263,400.0,0.0,0.0,0.07,8,[23],3
7,10,x7f7d398d6370,1264,100.0,0.0,0.0,0.12,5,[6],3
7,10,x7f7d398d6370,1265,400.0,0.0,0.0,0.07,8,[23],3
7,10,x7f7d398d6370,1266,0.0,0.0,0.0,0.07,8,[23],3
7,10,x7f7d398d6370,1267,595.0,0.0,1.0,0.09,8,[19],1
7,10,x7f7d398d6370,1268,250.0,0.0,1.0,0.12,5,[8],3
7,10,x7f7d398d6370,1269,-50.0,0.0,0.0,0.12,5,[7],3
7,10,x7f7d398d6370,1270,100.0,0.0,0.0,0.12,6,[6],3
7,10,x7f7d398d6370,1271,500.0,1.0,0.0,0.07,8,[23],3
7,10,x7f7d398d6370,1272,500.0,1.0,0.0,0.07,8,[23],3
7,10,x7f7d398d6370,1273,0.0,0.0,0.0,0.07,8,[23],3
7,10,x7f7d398d6370,1274,400.0,0.0,0.0,0.07,8,[23],3
7,10,x7f7d398d6370,1275,295.0,0.0,0.0,0.09,8,[19],3
7,10,x7f7d398d6370,1276,0.0,0.0,0.0,0.07,8,[20],1
7,10,x7f7d398d6370,1277,500.0,1.0,0.0,0.07,8,[23],3
7,10,x7f7d398d6370,1278,500.0,1.0,0.0,0.07,8,[23],3
7,10,x7f7d398d6370,1279,-155.0,0.0,0.0,0.12,8,[8],2
7,10,x7f7d398d6370,1280,100.0,0.0,0.0,0.12,8,[23],1
7,10,x7f7d398d6370,1281,-150.0,1.0,0.0,0.09,3,[2],4
7,10,x7f7d398d6370,1282,400.0,0.0,0.0,0.07,8,[23],3
7,10,x7f7d398d6370,1283,0.0,0.0,0.0,0.07,8,[23],3
7,10,x7f7d398d6370,1284,-407.0,0.0,0.0,0.12,8,[7],3
7,10,x7f7d398d6370,1285,0.0,0.0,0.0,0.07,8,[23],3
7,10,x7f7d398d6370,1286,250.0,0.0,0.0,0.09,2,[0],1
7,10,x7f7d398d6370,1287,0.0,0.0,0.0,0.07,8,[23],3
7,10,x7f7d398d6370,1288,500.0,1.0,0.0,0.07,8,[23],3
7,10,x7f7d398d6370,1289,300.0,0.0,1.0,0.07,8,[23],3
7,10,x7f7d398d6370,1290,50.0,0.0,0.0,0.09,2,[0],1
7,10,x7f7d398d6370,1291,500.0,1.0,0.0,0.07,8,[23],3
7,10,x7f7d398d6370,1292,536.0,0.0,1.0,0.09,7,[0],3
7,10,x7f7d398d6370,1293,400.0,0.0,0.0,0.07,8,[23],3
7,10,x7f7d398d6370,1294,-150.0,1.0,0.0,0.09,3,[2],4
7,10,x7f7d398d6370,1295,0.0,0.0,0.0,0.07,8,[23],3
7,10,x7f7d398d6370,1296,150.0,0.0,0.0,0.09,3,[0],1
7,10,x7f7d398d6370,1297,700.0,0.0,1.0,0.07,8,[23],3
7,10,x7f7d398d6370,1298,0.0,0.0,0.0,0.07,8,[23],3
7,10,x7f7d398d6370,1299,-73.0,1.0,0.0,0.12,7,[9],4
7,10,x7f7d398d6370,1300,400.0,0.0,1.0,0.12,8,[23],1
7,10,x7f7d398d6370,1301,-381.0,0.0,0.0,0.12,8,[6],3
7,10,x7f7d398d6370,1302,800.0,1.0,1.0,0.07,8,[23],3
7,10,x7f7d398d6370,1303,800.0,1.0,1.0,0.07,8,[23],3
7,10,x7f7d398d6370,1304,0.0,1.0,0.0,0.09,3,[1],4
7,10,x7f7d398d6370,1305,0.0,0.0,0.0,0.07,8,[23],3
7,10,x7f7d398d6370,1306,-253.0,0.0,0.0,0.06,8,[6],2
7,10,x7f7d398d6370,1307,347.0,1.0,0.0,0.08,8,[23],1
7,10,x7f7d398d6370,1308,300.0,0.0,1.0,0.07,8,[23],3
7,10,x7f7d398d6370,1309,0.0,0.0,0.0,0.07,8,[23],3
7,10,x7f7d398d6370,1310,250.0,0.0,0.0,0.09,3,[0],4
7,10,x7f7d398d6370,1311,0.0,0.0,0.0,0.07,8,[23],3
7,10,x7f7d398d6370,1312,-150.0,1.0,0.0,0.09,3,[2],4
7,10,x7f7d398d6370,1313,-67.0,1.0,0.0,0.12,7,[8],4
7,10,x7f7d398d6370,1314,150.0,0.0,1.0,0.09,5,[1],3
7,10,x7f7d398d6370,1315,0.0,0.0,0.0,0.07,8,[23],3
