0,222,x7f1bd20e69b0,1,200.0,1.0,2,[5]
0,222,x7f1bd20e69b0,2,-100.0,1.0,4,[7]
0,222,x7f1bd20e69b0,3,50.0,0.0,3,[6]
0,222,x7f1bd20e69b0,4,-98.3805409376102,0.0,3,[6]
0,222,x7f1bd20e69b0,5,-250.0,0.0,2,[5]
0,222,x7f1bd20e69b0,6,-250.0000000106948,0.0,5,[8]
0,222,x7f1bd20e69b0,7,-100.0,1.0,4,[7]
0,222,x7f1bd20e69b0,8,-250.0,0.0,4,[7]
0,222,x7f1bd20e69b0,9,-100.00632098765432,0.0,3,[6]
0,222,x7f1bd20e69b0,10,-250.0,0.0,3,[6]
0,222,x7f1bd20e69b0,11,-250.0,0.0,2,[5]
0,222,x7f1bd20e69b0,12,-250.0,0.0,2,[5]
0,222,x7f1bd20e69b0,13,-250.0,0.0,2,[0]
0,222,x7f1bd20e69b0,14,-100.0,1.0,2,[4]
0,222,x7f1bd20e69b0,15,433.65442341455037,2.0,5,[7]
0,222,x7f1bd20e69b0,16,-97.16830380107378,0.0,3,[6]
0,222,x7f1bd20e69b0,17,499.99878390596416,2.0,4,[6]
0,222,x7f1bd20e69b0,18,-250.0,0.0,2,[5]
0,222,x7f1bd20e69b0,19,-250.0,0.0,2,[5]
0,222,x7f1bd20e69b0,20,-249.8668231701866,0.0,4,[0]
0,222,x7f1bd20e69b0,21,-282.3619696446606,0.0,3,[6]
0,222,x7f1bd20e69b0,22,-400.0,0.0,5,[8]
0,222,x7f1bd20e69b0,23,-249.99199441122525,0.0,4,[7]
0,222,x7f1bd20e69b0,24,-250.30938220976236,0.0,4,[7]
0,222,x7f1bd20e69b0,25,-100.0,1.0,3,[6]
0,222,x7f1bd20e69b0,26,-400.0,0.0,3,[6]
0,222,x7f1bd20e69b0,27,-279.1105579720664,0.0,4,[6]
0,222,x7f1bd20e69b0,28,200.0,1.0,2,[5]
0,222,x7f1bd20e69b0,29,-250.0,0.0,2,[5]
0,222,x7f1bd20e69b0,30,-250.0,0.0,5,[7]
0,222,x7f1bd20e69b0,31,-97.16830380107382,0.0,3,[6]
0,222,x7f1bd20e69b0,32,-100.00121609403578,0.0,3,[6]
0,222,x7f1bd20e69b0,33,-250.0,0.0,2,[5]
0,222,x7f1bd20e69b0,34,-250.0,0.0,2,[5]
0,222,x7f1bd20e69b0,35,-400.0,0.0,4,[7]
0,222,x7f1bd20e69b0,36,-700.0,1.0,7,[1]
0,222,x7f1bd20e69b0,37,-770.7550759516574,0.0,7,[1]
0,222,x7f1bd20e69b0,38,498.5512495360556,2.0,6,[0]
0,222,x7f1bd20e69b0,39,350.0,2.0,6,[0]
0,222,x7f1bd20e69b0,40,-100.0,1.0,5,[8]
0,222,x7f1bd20e69b0,41,-100.0,1.0,5,[8]
0,222,x7f1bd20e69b0,42,-400.0,0.0,5,[0]
0,222,x7f1bd20e69b0,43,-250.00121609403578,0.0,4,[7]
0,222,x7f1bd20e69b0,44,-266.59457935083475,0.0,5,[7]
0,222,x7f1bd20e69b0,45,-247.16830380107376,0.0,3,[6]
0,222,x7f1bd20e69b0,46,-400.0,0.0,3,[6]
0,222,x7f1bd20e69b0,47,-400.0,0.0,2,[5]
0,222,x7f1bd20e69b0,48,-400.0,0.0,2,[5]
0,222,x7f1bd20e69b0,49,-699.9919944112253,0.0,4,[6]
0,222,x7f1bd20e69b0,50,-850.0,0.0,2,[5]
0,222,x7f1bd20e69b0,51,-850.0,0.0,3,[5]
0,222,x7f1bd20e69b0,52,-97.16830380107376,0.0,3,[6]
0,222,x7f1bd20e69b0,53,-250.0,0.0,3,[6]
0,222,x7f1bd20e69b0,54,-250.0,0.0,2,[5]
0,222,x7f1bd20e69b0,55,-250.0,0.0,2,[5]
0,222,x7f1bd20e69b0,56,-250.0,0.0,3,[6]
0,222,x7f1bd20e69b0,57,466.9100061945121,2.0,4,[6]
0,222,x7f1bd20e69b0,58,50.0,0.0,2,[5]
0,222,x7f1bd20e69b0,59,-250.0,0.0,2,[5]
0,222,x7f1bd20e69b0,60,-400.0,0.0,4,[0]
0,222,x7f1bd20e69b0,61,50.005663153750504,1.0,3,[6]
0,222,x7f1bd20e69b0,62,16.910006194510103,1.0,3,[0]
0,222,x7f1bd20e69b0,63,-250.0,0.0,2,[5]
0,222,x7f1bd20e69b0,64,350.0,2.0,3,[5]
0,222,x7f1bd20e69b0,65,-301.72934944075655,0.0,4,[7]
0,222,x7f1bd20e69b0,66,-247.16830380107393,0.0,3,[6]
0,222,x7f1bd20e69b0,67,-250.00121609403578,0.0,3,[6]
0,222,x7f1bd20e69b0,68,-100.0,1.0,2,[5]
0,222,x7f1bd20e69b0,69,-400.0,0.0,2,[5]
0,222,x7f1bd20e69b0,70,-400.0,0.0,2,[4]
0,222,x7f1bd20e69b0,71,-850.0,0.0,2,[5]
0,222,x7f1bd20e69b0,72,-699.8668231701865,0.0,3,[5]
0,222,x7f1bd20e69b0,73,-400.0,0.0,5,[8]
0,222,x7f1bd20e69b0,74,-247.1683038010737,0.0,4,[7]
0,222,x7f1bd20e69b0,75,-250.00121609403578,0.0,4,[7]
0,222,x7f1bd20e69b0,76,-400.0,0.0,3,[6]
0,222,x7f1bd20e69b0,77,-400.0,0.0,3,[6]
0,222,x7f1bd20e69b0,78,-100.0,1.0,3,[0]
0,222,x7f1bd20e69b0,79,200.0,1.0,2,[5]
0,222,x7f1bd20e69b0,80,-250.0,0.0,2,[5]
0,222,x7f1bd20e69b0,81,46.16538444772152,1.0,6,[0]
0,222,x7f1bd20e69b0,82,-183.6497932117813,0.0,5,[8]
0,222,x7f1bd20e69b0,83,-250.0,0.0,7,[1]
0,222,x7f1bd20e69b0,84,-100.9753445877201,0.0,6,[0]
0,222,x7f1bd20e69b0,85,-112.13712353216243,0.0,6,[0]
0,222,x7f1bd20e69b0,86,-250.0,0.0,5,[8]
0,222,x7f1bd20e69b0,87,-250.0,0.0,5,[8]
0,222,x7f1bd20e69b0,88,435.6417144130596,2.0,6,[8]
0,222,x7f1bd20e69b0,89,-100.01854253587558,0.0,4,[7]
0,222,x7f1bd20e69b0,90,-250.0,0.0,4,[7]
0,222,x7f1bd20e69b0,91,-250.0,0.0,3,[6]
0,222,x7f1bd20e69b0,92,-250.0,0.0,3,[6]
0,222,x7f1bd20e69b0,93,-812.0433532273257,0.0,5,[8]
0,222,x7f1bd20e69b0,94,-731.6956284404071,0.0,5,[8]
0,222,x7f1bd20e69b0,95,490.90710751405595,2.0,4,[7]
0,222,x7f1bd20e69b0,96,-250.0,0.0,4,[7]
0,222,x7f1bd20e69b0,97,-250.0,0.0,3,[6]
0,222,x7f1bd20e69b0,98,-250.0,0.0,3,[6]
0,222,x7f1bd20e69b0,99,-100.0,1.0,4,[6]
0,222,x7f1bd20e69b0,100,-250.0,0.0,2,[5]
0,222,x7f1bd20e69b0,101,-250.0,0.0,2,[5]
0,222,x7f1bd20e69b0,102,200.0,1.0,2,[5]
0,222,x7f1bd20e69b0,103,350.0,2.0,3,[5]
0,222,x7f1bd20e69b0,104,-850.0,0.0,6,[0]
0,222,x7f1bd20e69b0,105,-549.9919944112253,1.0,5,[8]
0,222,x7f1bd20e69b0,106,-550.3093822097624,1.0,5,[8]
0,222,x7f1bd20e69b0,107,350.0,2.0,4,[7]
0,222,x7f1bd20e69b0,108,-400.0,0.0,4,[7]
0,222,x7f1bd20e69b0,109,50.005663153750504,1.0,3,[6]
0,222,x7f1bd20e69b0,110,-250.0,0.0,3,[6]
0,222,x7f1bd20e69b0,111,-100.0,1.0,4,[6]
0,222,x7f1bd20e69b0,112,-250.0,0.0,2,[5]
0,222,x7f1bd20e69b0,113,-101.30687712675973,0.0,4,[7]
0,222,x7f1bd20e69b0,114,-198.3663065890336,0.0,4,[7]
0,222,x7f1bd20e69b0,115,-250.0,0.0,3,[6]
0,222,x7f1bd20e69b0,116,-250.0,0.0,3,[6]
0,222,x7f1bd20e69b0,117,-250.0,0.0,3,[0]
0,222,x7f1bd20e69b0,118,-810.0353497301612,0.0,6,[0]
0,222,x7f1bd20e69b0,119,-728.3722651379101,0.0,6,[0]
0,222,x7f1bd20e69b0,120,-707.2165605303451,0.0,5,[8]
0,222,x7f1bd20e69b0,121,350.0,2.0,5,[8]
0,222,x7f1bd20e69b0,122,350.0,2.0,4,[7]
0,222,x7f1bd20e69b0,123,34.115952030011584,1.0,6,[0]
0,222,x7f1bd20e69b0,124,-67.4286785372024,1.0,6,[0]
0,222,x7f1bd20e69b0,125,8.131978043355716,1.0,6,[0]
0,222,x7f1bd20e69b0,126,-100.0,1.0,5,[8]
0,222,x7f1bd20e69b0,127,-400.0,0.0,6,[8]
0,222,x7f1bd20e69b0,128,-250.0,0.0,4,[7]
0,222,x7f1bd20e69b0,129,-250.0,0.0,4,[7]
0,222,x7f1bd20e69b0,130,-250.0,0.0,3,[6]
0,222,x7f1bd20e69b0,131,-250.0,0.0,3,[6]
0,222,x7f1bd20e69b0,132,-250.0,0.0,2,[5]
0,222,x7f1bd20e69b0,133,-250.0,0.0,2,[5]
0,222,x7f1bd20e69b0,134,-250.0,0.0,2,[0]
0,222,x7f1bd20e69b0,135,650.0,2.0,2,[4]
0,222,x7f1bd20e69b0,136,-249.99199441122525,0.0,6,[0]
0,222,x7f1bd20e69b0,137,-400.0,0.0,5,[8]
0,222,x7f1bd20e69b0,138,-400.0,0.0,7,[1]
0,222,x7f1bd20e69b0,139,-320.7550759516555,0.0,7,[1]
0,222,x7f1bd20e69b0,140,-251.44875046394435,0.0,6,[0]
0,222,x7f1bd20e69b0,141,350.0,2.0,6,[0]
0,222,x7f1bd20e69b0,142,-100.0,1.0,5,[8]
0,222,x7f1bd20e69b0,143,-400.0,0.0,5,[8]
0,222,x7f1bd20e69b0,144,-400.0,0.0,5,[0]
0,222,x7f1bd20e69b0,145,-702.791907189724,0.0,7,[1]
0,222,x7f1bd20e69b0,146,-718.5064585480513,0.0,7,[1]
0,222,x7f1bd20e69b0,147,-850.0,0.0,7,[1]
0,222,x7f1bd20e69b0,148,-850.0,0.0,7,[1]
0,222,x7f1bd20e69b0,149,350.0,2.0,7,[1]
0,222,x7f1bd20e69b0,150,-850.0,0.0,7,[1]
0,222,x7f1bd20e69b0,151,-850.0,0.0,7,[1]
0,222,x7f1bd20e69b0,152,-850.0,0.0,7,[1]
0,222,x7f1bd20e69b0,153,-700.0,1.0,7,[1]
0,222,x7f1bd20e69b0,154,-850.0,0.0,7,[1]
0,222,x7f1bd20e69b0,155,-850.0,0.0,7,[1]
0,222,x7f1bd20e69b0,156,-850.0,0.0,7,[1]
0,222,x7f1bd20e69b0,157,350.0,2.0,7,[1]
0,222,x7f1bd20e69b0,158,-850.0,0.0,7,[1]
0,222,x7f1bd20e69b0,159,-700.0,1.0,7,[1]
0,222,x7f1bd20e69b0,160,-850.0,0.0,7,[1]
0,222,x7f1bd20e69b0,161,-700.0,1.0,7,[1]
0,222,x7f1bd20e69b0,162,-700.0,1.0,7,[1]
0,222,x7f1bd20e69b0,163,-850.0,0.0,7,[1]
0,222,x7f1bd20e69b0,164,-700.0,1.0,7,[1]
0,222,x7f1bd20e69b0,165,350.0,2.0,7,[1]
0,222,x7f1bd20e69b0,166,350.0,2.0,7,[1]
0,222,x7f1bd20e69b0,167,-850.0,0.0,7,[1]
0,222,x7f1bd20e69b0,168,-850.0,0.0,7,[1]
0,222,x7f1bd20e69b0,169,-850.0,0.0,7,[1]
0,222,x7f1bd20e69b0,170,-700.0,1.0,7,[1]
0,222,x7f1bd20e69b0,171,-850.0,0.0,7,[1]
0,222,x7f1bd20e69b0,172,-850.0,0.0,7,[1]
0,222,x7f1bd20e69b0,173,-850.0,0.0,7,[1]
0,222,x7f1bd20e69b0,174,350.0,2.0,7,[1]
0,222,x7f1bd20e69b0,175,-850.0,0.0,7,[1]
0,222,x7f1bd20e69b0,176,-850.0,0.0,7,[1]
0,222,x7f1bd20e69b0,177,-850.0,0.0,7,[1]
0,222,x7f1bd20e69b0,178,-850.0,0.0,7,[1]
0,222,x7f1bd20e69b0,179,-850.0,0.0,7,[1]
0,222,x7f1bd20e69b0,180,-700.0,1.0,7,[1]
0,222,x7f1bd20e69b0,181,-850.0,0.0,7,[1]
0,222,x7f1bd20e69b0,182,-850.0,0.0,7,[1]
0,222,x7f1bd20e69b0,183,-850.0,0.0,7,[1]
0,222,x7f1bd20e69b0,184,-850.0,0.0,7,[1]
0,222,x7f1bd20e69b0,185,-850.0,0.0,7,[1]
0,222,x7f1bd20e69b0,186,-850.0,0.0,7,[1]
0,222,x7f1bd20e69b0,187,-700.0,1.0,7,[1]
0,222,x7f1bd20e69b0,188,-850.0,0.0,7,[1]
0,222,x7f1bd20e69b0,189,-850.0,0.0,7,[1]
0,222,x7f1bd20e69b0,190,-850.0,0.0,7,[1]
0,222,x7f1bd20e69b0,191,-850.0,0.0,7,[1]
0,222,x7f1bd20e69b0,192,-850.0,0.0,7,[1]
0,222,x7f1bd20e69b0,193,-850.0,0.0,7,[1]
0,222,x7f1bd20e69b0,194,-700.0,1.0,7,[1]
0,222,x7f1bd20e69b0,195,-850.0,0.0,7,[1]
0,222,x7f1bd20e69b0,196,-850.0,0.0,7,[1]
0,222,x7f1bd20e69b0,197,-850.0,0.0,7,[1]
0,222,x7f1bd20e69b0,198,-850.0,0.0,7,[1]
0,222,x7f1bd20e69b0,199,350.0,2.0,7,[1]
0,222,x7f1bd20e69b0,200,-850.0,0.0,7,[1]
0,222,x7f1bd20e69b0,201,-700.0,1.0,7,[1]
0,222,x7f1bd20e69b0,202,350.0,2.0,7,[1]
0,222,x7f1bd20e69b0,203,-850.0,0.0,7,[1]
0,222,x7f1bd20e69b0,204,350.0,2.0,7,[1]
0,222,x7f1bd20e69b0,205,-850.0,0.0,7,[1]
0,222,x7f1bd20e69b0,206,-700.0,1.0,7,[1]
0,222,x7f1bd20e69b0,207,-700.0,1.0,7,[1]
0,222,x7f1bd20e69b0,208,-850.0,0.0,7,[1]
0,222,x7f1bd20e69b0,209,-850.0,0.0,7,[1]
0,222,x7f1bd20e69b0,210,-850.0,0.0,7,[1]
0,222,x7f1bd20e69b0,211,-850.0,0.0,7,[1]
0,222,x7f1bd20e69b0,212,-850.0,0.0,7,[1]
0,222,x7f1bd20e69b0,213,-850.0,0.0,7,[1]
0,222,x7f1bd20e69b0,214,-850.0,0.0,7,[1]
0,222,x7f1bd20e69b0,215,-850.0,0.0,7,[1]
0,222,x7f1bd20e69b0,216,-850.0,0.0,7,[1]
0,222,x7f1bd20e69b0,217,-850.0,0.0,7,[1]
0,222,x7f1bd20e69b0,218,-850.0,0.0,7,[1]
0,222,x7f1bd20e69b0,219,-850.0,0.0,7,[1]
0,222,x7f1bd20e69b0,220,-850.0,0.0,7,[1]
0,222,x7f1bd20e69b0,221,-850.0,0.0,7,[1]
0,222,x7f1bd20e69b0,222,-850.0,0.0,7,[1]
0,222,x7f1bd20e69b0,223,-850.0,0.0,7,[1]
0,222,x7f1bd20e69b0,224,-850.0,0.0,7,[1]
0,222,x7f1bd20e69b0,225,-850.0,0.0,7,[1]
0,222,x7f1bd20e69b0,226,-700.0,1.0,7,[1]
0,222,x7f1bd20e69b0,227,-850.0,0.0,7,[1]
0,222,x7f1bd20e69b0,228,350.0,2.0,7,[1]
0,222,x7f1bd20e69b0,229,-850.0,0.0,7,[1]
0,222,x7f1bd20e69b0,230,-850.0,0.0,7,[1]
0,222,x7f1bd20e69b0,231,-850.0,0.0,7,[1]
0,222,x7f1bd20e69b0,232,-850.0,0.0,7,[1]
0,222,x7f1bd20e69b0,233,-850.0,0.0,7,[1]
0,222,x7f1bd20e69b0,234,-850.0,0.0,7,[1]
0,222,x7f1bd20e69b0,235,-850.0,0.0,7,[1]
0,222,x7f1bd20e69b0,236,-850.0,0.0,7,[1]
0,222,x7f1bd20e69b0,237,-700.0,1.0,7,[1]
0,222,x7f1bd20e69b0,238,-850.0,0.0,7,[1]
0,222,x7f1bd20e69b0,239,-850.0,0.0,7,[1]
0,222,x7f1bd20e69b0,240,-700.0,1.0,7,[1]
0,222,x7f1bd20e69b0,241,-850.0,0.0,7,[1]
0,222,x7f1bd20e69b0,242,-850.0,0.0,7,[1]
0,222,x7f1bd20e69b0,243,-850.0,0.0,7,[1]
0,222,x7f1bd20e69b0,244,-850.0,0.0,7,[1]
0,222,x7f1bd20e69b0,245,-850.0,0.0,7,[1]
0,222,x7f1bd20e69b0,246,-850.0,0.0,7,[1]
0,222,x7f1bd20e69b0,247,-700.0,1.0,7,[1]
0,222,x7f1bd20e69b0,248,-700.0,1.0,7,[1]
0,222,x7f1bd20e69b0,249,-850.0,0.0,7,[1]
0,222,x7f1bd20e69b0,250,-850.0,0.0,7,[1]
0,222,x7f1bd20e69b0,251,-850.0,0.0,7,[1]
0,222,x7f1bd20e69b0,252,-850.0,0.0,7,[1]
0,222,x7f1bd20e69b0,253,-850.0,0.0,7,[1]
0,222,x7f1bd20e69b0,254,-850.0,0.0,7,[1]
0,222,x7f1bd20e69b0,255,-850.0,0.0,7,[1]
0,222,x7f1bd20e69b0,256,-850.0,0.0,7,[1]
0,222,x7f1bd20e69b0,257,-700.0,1.0,7,[1]
0,222,x7f1bd20e69b0,258,-850.0,0.0,7,[1]
0,222,x7f1bd20e69b0,259,-850.0,0.0,7,[1]
0,222,x7f1bd20e69b0,260,350.0,2.0,7,[1]
0,222,x7f1bd20e69b0,261,-850.0,0.0,7,[1]
0,222,x7f1bd20e69b0,262,-850.0,0.0,7,[1]
0,222,x7f1bd20e69b0,263,350.0,2.0,7,[1]
0,222,x7f1bd20e69b0,264,-850.0,0.0,7,[1]
0,222,x7f1bd20e69b0,265,-850.0,0.0,7,[1]
0,222,x7f1bd20e69b0,266,-850.0,0.0,7,[1]
0,222,x7f1bd20e69b0,267,-850.0,0.0,7,[1]
0,222,x7f1bd20e69b0,268,-772.7590583465873,0.0,7,[1]
0,222,x7f1bd20e69b0,269,350.0,2.0,7,[1]
0,222,x7f1bd20e69b0,270,-850.0,0.0,7,[1]
0,222,x7f1bd20e69b0,271,-850.0,0.0,7,[1]
0,222,x7f1bd20e69b0,272,-850.0,0.0,7,[1]
0,222,x7f1bd20e69b0,273,-850.0,0.0,6,[0]
0,222,x7f1bd20e69b0,274,-850.0,0.0,6,[0]
0,222,x7f1bd20e69b0,275,350.0,2.0,5,[8]
0,222,x7f1bd20e69b0,276,-400.0,0.0,5,[8]
0,222,x7f1bd20e69b0,277,-247.1683038010737,0.0,4,[7]
0,222,x7f1bd20e69b0,278,-400.0,0.0,4,[7]
0,222,x7f1bd20e69b0,279,-400.0,0.0,4,[0]
0,222,x7f1bd20e69b0,280,-400.0,0.0,3,[6]
0,222,x7f1bd20e69b0,281,-400.0,0.0,3,[6]
0,222,x7f1bd20e69b0,282,-100.0,0.0,2,[5]
0,222,x7f1bd20e69b0,283,350.0,2.0,2,[5]
0,222,x7f1bd20e69b0,284,50.0,0.0,2,[5]
0,222,x7f1bd20e69b0,285,-250.0,0.0,3,[5]
0,222,x7f1bd20e69b0,286,-99.99199441122524,0.0,6,[0]
0,222,x7f1bd20e69b0,287,-250.0,0.0,5,[8]
0,222,x7f1bd20e69b0,288,-250.0,0.0,6,[8]
0,222,x7f1bd20e69b0,289,-99.9943368462495,0.0,4,[7]
0,222,x7f1bd20e69b0,290,-250.0,0.0,4,[7]
0,222,x7f1bd20e69b0,291,-250.0,0.0,3,[6]
0,222,x7f1bd20e69b0,292,350.0,2.0,3,[6]
0,222,x7f1bd20e69b0,293,50.0,0.0,2,[5]
0,222,x7f1bd20e69b0,294,-250.0,0.0,2,[5]
0,222,x7f1bd20e69b0,295,-250.0,0.0,4,[7]
0,222,x7f1bd20e69b0,296,-100.00324209104939,0.0,3,[6]
0,222,x7f1bd20e69b0,297,350.0,2.0,6,[0]
0,222,x7f1bd20e69b0,298,-343.48886898987143,0.0,6,[0]
0,222,x7f1bd20e69b0,299,-262.56776781332644,0.0,5,[8]
0,222,x7f1bd20e69b0,300,-100.0,1.0,5,[8]
0,222,x7f1bd20e69b0,301,-400.0,0.0,5,[0]
0,222,x7f1bd20e69b0,302,-100.0,1.0,4,[7]
0,222,x7f1bd20e69b0,303,-100.0,1.0,5,[7]
0,222,x7f1bd20e69b0,304,-102.76792187499981,0.0,3,[6]
0,222,x7f1bd20e69b0,305,-250.0,0.0,3,[6]
0,222,x7f1bd20e69b0,306,-250.0,0.0,2,[5]
0,222,x7f1bd20e69b0,307,-250.0,0.0,2,[5]
0,222,x7f1bd20e69b0,308,-100.0,1.0,3,[6]
0,222,x7f1bd20e69b0,309,-106.78992062872027,0.0,3,[6]
0,222,x7f1bd20e69b0,310,50.0,0.0,2,[5]
0,222,x7f1bd20e69b0,311,350.0,2.0,2,[5]
0,222,x7f1bd20e69b0,312,-97.16830380107406,0.0,3,[6]
0,222,x7f1bd20e69b0,313,-250.0,0.0,2,[5]
0,222,x7f1bd20e69b0,314,350.0,2.0,2,[5]
0,222,x7f1bd20e69b0,315,-100.00013683249367,0.0,4,[7]
0,222,x7f1bd20e69b0,316,-250.0,0.0,4,[7]
0,222,x7f1bd20e69b0,317,-250.0,0.0,3,[6]
0,222,x7f1bd20e69b0,318,-250.0,0.0,3,[6]
0,222,x7f1bd20e69b0,319,-250.0,0.0,2,[5]
0,222,x7f1bd20e69b0,320,-850.0,0.0,6,[0]
0,222,x7f1bd20e69b0,321,-701.3068771267598,0.0,5,[8]
0,222,x7f1bd20e69b0,322,-729.1105579720669,0.0,7,[1]
0,222,x7f1bd20e69b0,323,-807.4664194547702,0.0,7,[1]
0,222,x7f1bd20e69b0,324,-850.0,0.0,7,[1]
0,222,x7f1bd20e69b0,325,-850.0,0.0,7,[1]
0,222,x7f1bd20e69b0,326,-850.0,0.0,7,[1]
0,222,x7f1bd20e69b0,327,-850.0,0.0,7,[1]
0,222,x7f1bd20e69b0,328,-850.0,0.0,6,[0]
0,222,x7f1bd20e69b0,329,-700.0,1.0,7,[1]
0,222,x7f1bd20e69b0,330,-850.0,0.0,7,[1]
0,222,x7f1bd20e69b0,331,350.0,2.0,7,[1]
0,222,x7f1bd20e69b0,332,-850.0,0.0,7,[1]
0,222,x7f1bd20e69b0,333,-850.0,0.0,7,[1]
0,222,x7f1bd20e69b0,334,-850.0,0.0,7,[1]
0,222,x7f1bd20e69b0,335,-850.0,0.0,7,[1]
0,222,x7f1bd20e69b0,336,-850.0,0.0,7,[1]
0,222,x7f1bd20e69b0,337,-850.0,0.0,7,[1]
0,222,x7f1bd20e69b0,338,-850.0,0.0,7,[1]
0,222,x7f1bd20e69b0,339,-850.0,0.0,7,[1]
0,222,x7f1bd20e69b0,340,-850.0,0.0,7,[1]
0,222,x7f1bd20e69b0,341,-850.0,0.0,7,[1]
0,222,x7f1bd20e69b0,342,-850.0,0.0,7,[1]
0,222,x7f1bd20e69b0,343,-850.0,0.0,7,[1]
0,222,x7f1bd20e69b0,344,-700.0,1.0,7,[1]
0,222,x7f1bd20e69b0,345,-700.0,1.0,7,[1]
0,222,x7f1bd20e69b0,346,-700.0,1.0,7,[1]
0,222,x7f1bd20e69b0,347,-850.0,0.0,7,[1]
0,222,x7f1bd20e69b0,348,350.0,2.0,7,[1]
0,222,x7f1bd20e69b0,349,-850.0,0.0,7,[1]
0,222,x7f1bd20e69b0,350,-850.0,0.0,7,[1]
0,222,x7f1bd20e69b0,351,-850.0,0.0,7,[1]
0,222,x7f1bd20e69b0,352,-850.0,0.0,7,[1]
0,222,x7f1bd20e69b0,353,-850.0,0.0,7,[1]
0,222,x7f1bd20e69b0,354,-850.0,0.0,7,[1]
0,222,x7f1bd20e69b0,355,-850.0,0.0,7,[1]
0,222,x7f1bd20e69b0,356,-700.0,1.0,7,[1]
0,222,x7f1bd20e69b0,357,-850.0,0.0,7,[1]
0,222,x7f1bd20e69b0,358,350.0,2.0,7,[1]
0,222,x7f1bd20e69b0,359,-850.0,0.0,7,[1]
0,222,x7f1bd20e69b0,360,-850.0,0.0,7,[1]
0,222,x7f1bd20e69b0,361,-850.0,0.0,7,[1]
0,222,x7f1bd20e69b0,362,-700.0,1.0,7,[1]
0,222,x7f1bd20e69b0,363,-850.0,0.0,7,[1]
0,222,x7f1bd20e69b0,364,-850.0,0.0,7,[1]
0,222,x7f1bd20e69b0,365,350.0,2.0,7,[1]
0,222,x7f1bd20e69b0,366,-850.0,0.0,7,[1]
0,222,x7f1bd20e69b0,367,-700.0,1.0,7,[1]
0,222,x7f1bd20e69b0,368,-850.0,0.0,7,[1]
0,222,x7f1bd20e69b0,369,-850.0,0.0,7,[1]
0,222,x7f1bd20e69b0,370,-850.0,0.0,7,[1]
0,222,x7f1bd20e69b0,371,-850.0,0.0,7,[1]
0,222,x7f1bd20e69b0,372,-850.0,0.0,7,[1]
0,222,x7f1bd20e69b0,373,-850.0,0.0,7,[1]
0,222,x7f1bd20e69b0,374,-850.0,0.0,7,[1]
0,222,x7f1bd20e69b0,375,-850.0,0.0,7,[1]
0,222,x7f1bd20e69b0,376,-850.0,0.0,7,[1]
0,222,x7f1bd20e69b0,377,-850.0,0.0,7,[1]
0,222,x7f1bd20e69b0,378,-850.0,0.0,7,[1]
0,222,x7f1bd20e69b0,379,-850.0,0.0,7,[1]
0,222,x7f1bd20e69b0,380,350.0,2.0,7,[1]
0,222,x7f1bd20e69b0,381,-850.0,0.0,7,[1]
0,222,x7f1bd20e69b0,382,-850.0,0.0,7,[1]
0,222,x7f1bd20e69b0,383,-850.0,0.0,7,[1]
0,222,x7f1bd20e69b0,384,-700.0,1.0,7,[1]
0,222,x7f1bd20e69b0,385,-850.0,0.0,7,[1]
0,222,x7f1bd20e69b0,386,-850.0,0.0,7,[1]
0,222,x7f1bd20e69b0,387,-850.0,0.0,7,[1]
0,222,x7f1bd20e69b0,388,-850.0,0.0,7,[1]
0,222,x7f1bd20e69b0,389,-850.0,0.0,7,[1]
0,222,x7f1bd20e69b0,390,-850.0,0.0,7,[1]
0,222,x7f1bd20e69b0,391,-850.0,0.0,6,[0]
0,222,x7f1bd20e69b0,392,-850.0,0.0,6,[0]
0,222,x7f1bd20e69b0,393,-563.5762439084026,1.0,5,[8]
0,222,x7f1bd20e69b0,394,-850.0,0.0,5,[8]
0,222,x7f1bd20e69b0,395,-850.0,0.0,4,[7]
0,222,x7f1bd20e69b0,396,-850.0,0.0,4,[7]
0,222,x7f1bd20e69b0,397,-710.4808651226784,0.0,3,[6]
0,222,x7f1bd20e69b0,398,-700.0,1.0,3,[6]
0,222,x7f1bd20e69b0,399,-700.0,1.0,3,[0]
0,222,x7f1bd20e69b0,400,350.0,2.0,2,[5]
0,222,x7f1bd20e69b0,401,-333.18476757925555,0.0,3,[5]
0,222,x7f1bd20e69b0,402,-400.0,0.0,4,[7]
0,222,x7f1bd20e69b0,403,-247.16830380107336,0.0,3,[6]
0,222,x7f1bd20e69b0,404,-250.00121609403578,0.0,3,[6]
0,222,x7f1bd20e69b0,405,-100.0,1.0,2,[5]
0,222,x7f1bd20e69b0,406,350.0,2.0,2,[5]
0,222,x7f1bd20e69b0,407,-100.0,1.0,2,[0]
0,222,x7f1bd20e69b0,408,499.94828079089166,2.0,3,[6]
0,222,x7f1bd20e69b0,409,-700.0,1.0,3,[6]
0,222,x7f1bd20e69b0,410,350.0,2.0,2,[5]
0,222,x7f1bd20e69b0,411,-250.0,0.0,2,[5]
0,222,x7f1bd20e69b0,412,497.20809281027596,2.0,5,[8]
0,222,x7f1bd20e69b0,413,-100.0,1.0,5,[8]
0,222,x7f1bd20e69b0,414,-250.0,0.0,4,[7]
0,222,x7f1bd20e69b0,415,-100.0,1.0,4,[7]
0,222,x7f1bd20e69b0,416,-250.0,0.0,4,[0]
0,222,x7f1bd20e69b0,417,-116.59457935083499,0.0,3,[6]
0,222,x7f1bd20e69b0,418,-135.02343686890163,0.0,4,[6]
0,222,x7f1bd20e69b0,419,-250.0,0.0,2,[5]
0,222,x7f1bd20e69b0,420,-250.0,0.0,2,[5]
0,222,x7f1bd20e69b0,421,500.0080055887747,2.0,4,[6]
0,222,x7f1bd20e69b0,422,-250.0,0.0,2,[5]
0,222,x7f1bd20e69b0,423,-850.0,0.0,3,[5]
0,222,x7f1bd20e69b0,424,-250.0,0.0,3,[6]
0,222,x7f1bd20e69b0,425,50.0,0.0,2,[5]
0,222,x7f1bd20e69b0,426,200.0,1.0,2,[5]
0,222,x7f1bd20e69b0,427,-247.16830380107407,0.0,5,[8]
0,222,x7f1bd20e69b0,428,350.0,2.0,5,[8]
0,222,x7f1bd20e69b0,429,-100.0,1.0,4,[7]
0,222,x7f1bd20e69b0,430,-250.0,0.0,4,[7]
0,222,x7f1bd20e69b0,431,-250.05171920910834,0.0,7,[1]
0,222,x7f1bd20e69b0,432,-400.0,0.0,7,[1]
0,222,x7f1bd20e69b0,433,45.13360824407397,1.0,7,[1]
0,222,x7f1bd20e69b0,434,-400.0,0.0,7,[1]
0,222,x7f1bd20e69b0,435,-400.0,0.0,7,[1]
0,222,x7f1bd20e69b0,436,-400.0,0.0,7,[1]
0,222,x7f1bd20e69b0,437,-400.0,0.0,7,[1]
0,222,x7f1bd20e69b0,438,-300.55358310241377,0.0,7,[1]
0,222,x7f1bd20e69b0,439,-400.0,0.0,7,[1]
0,222,x7f1bd20e69b0,440,-400.0,0.0,7,[1]
0,222,x7f1bd20e69b0,441,-100.0,1.0,6,[0]
0,222,x7f1bd20e69b0,442,-400.0,0.0,6,[0]
0,222,x7f1bd20e69b0,443,-251.44875046394452,0.0,5,[8]
0,222,x7f1bd20e69b0,444,350.0,2.0,5,[8]
0,222,x7f1bd20e69b0,445,-100.0,1.0,4,[7]
0,222,x7f1bd20e69b0,446,-215.28607253138534,0.0,7,[1]
0,222,x7f1bd20e69b0,447,-190.94164174686205,0.0,7,[1]
0,222,x7f1bd20e69b0,448,-250.0,0.0,7,[1]
0,222,x7f1bd20e69b0,449,-250.0,0.0,7,[1]
0,222,x7f1bd20e69b0,450,-100.0,1.0,7,[1]
0,222,x7f1bd20e69b0,451,-250.0,0.0,7,[1]
0,222,x7f1bd20e69b0,452,-100.0,1.0,7,[1]
0,222,x7f1bd20e69b0,453,350.0,2.0,7,[1]
0,222,x7f1bd20e69b0,454,-250.0,0.0,7,[1]
0,222,x7f1bd20e69b0,455,-250.0,0.0,7,[1]
0,222,x7f1bd20e69b0,456,-250.0,0.0,7,[1]
0,222,x7f1bd20e69b0,457,-100.0,1.0,7,[1]
0,222,x7f1bd20e69b0,458,-100.0,1.0,7,[1]
0,222,x7f1bd20e69b0,459,-100.0,1.0,7,[1]
0,222,x7f1bd20e69b0,460,-250.0,0.0,7,[1]
0,222,x7f1bd20e69b0,461,-250.0,0.0,7,[1]
0,222,x7f1bd20e69b0,462,-100.0,1.0,7,[1]
0,222,x7f1bd20e69b0,463,-100.0,1.0,7,[1]
0,222,x7f1bd20e69b0,464,-250.0,0.0,7,[1]
0,222,x7f1bd20e69b0,465,-250.0,0.0,7,[1]
0,222,x7f1bd20e69b0,466,-250.0,0.0,7,[1]
0,222,x7f1bd20e69b0,467,-137.59497073863253,0.0,7,[1]
0,222,x7f1bd20e69b0,468,-250.0,0.0,7,[1]
0,222,x7f1bd20e69b0,469,-100.0,1.0,7,[1]
0,222,x7f1bd20e69b0,470,-250.0,0.0,7,[1]
0,222,x7f1bd20e69b0,471,-250.0,0.0,7,[1]
0,222,x7f1bd20e69b0,472,-250.0,0.0,7,[1]
0,222,x7f1bd20e69b0,473,350.0,2.0,7,[1]
0,222,x7f1bd20e69b0,474,-250.0,0.0,7,[1]
0,222,x7f1bd20e69b0,475,-250.0,0.0,7,[1]
0,222,x7f1bd20e69b0,476,-250.0,0.0,7,[1]
0,222,x7f1bd20e69b0,477,-100.0,1.0,7,[1]
0,222,x7f1bd20e69b0,478,-250.0,0.0,7,[1]
0,222,x7f1bd20e69b0,479,-250.0,0.0,7,[1]
0,222,x7f1bd20e69b0,480,-100.0,1.0,7,[1]
0,222,x7f1bd20e69b0,481,-250.0,0.0,7,[1]
0,222,x7f1bd20e69b0,482,-112.84873522279277,0.0,6,[0]
0,222,x7f1bd20e69b0,483,-100.0,1.0,6,[0]
0,222,x7f1bd20e69b0,484,-250.0,0.0,5,[8]
0,222,x7f1bd20e69b0,485,-250.0,0.0,5,[8]
0,222,x7f1bd20e69b0,486,-100.0,1.0,5,[0]
0,222,x7f1bd20e69b0,487,-250.0,0.0,4,[7]
0,222,x7f1bd20e69b0,488,-250.0,0.0,4,[7]
0,222,x7f1bd20e69b0,489,50.0,0.0,3,[6]
0,222,x7f1bd20e69b0,490,-250.0,0.0,3,[6]
0,222,x7f1bd20e69b0,491,-250.0,0.0,2,[5]
0,222,x7f1bd20e69b0,492,-100.0,1.0,2,[5]
0,222,x7f1bd20e69b0,493,-250.0,0.0,2,[4]
0,222,x7f1bd20e69b0,494,-132.36196964466373,0.0,3,[6]
0,222,x7f1bd20e69b0,495,50.0,0.0,2,[5]
0,222,x7f1bd20e69b0,496,50.0,0.0,2,[5]
0,222,x7f1bd20e69b0,497,-250.00121609403578,0.0,5,[8]
0,222,x7f1bd20e69b0,498,350.0,2.0,5,[0]
0,222,x7f1bd20e69b0,499,-301.7293494407585,0.0,4,[7]
0,222,x7f1bd20e69b0,500,-700.0001368324937,0.0,5,[7]
0,222,x7f1bd20e69b0,501,-247.16830380107407,0.0,3,[6]
0,222,x7f1bd20e69b0,502,-100.0,1.0,3,[6]
0,222,x7f1bd20e69b0,503,-400.0,0.0,2,[5]
0,222,x7f1bd20e69b0,504,-400.0,0.0,5,[8]
0,222,x7f1bd20e69b0,505,-260.48086512267844,0.0,4,[7]
0,222,x7f1bd20e69b0,506,409.05835825313386,2.0,4,[7]
0,222,x7f1bd20e69b0,507,-400.0,0.0,5,[7]
0,222,x7f1bd20e69b0,508,-100.0,1.0,3,[6]
0,222,x7f1bd20e69b0,509,-400.0,0.0,3,[6]
0,222,x7f1bd20e69b0,510,-400.0,0.0,2,[5]
0,222,x7f1bd20e69b0,511,-400.0,0.0,2,[5]
0,222,x7f1bd20e69b0,512,-582.3619696446638,1.0,3,[6]
0,222,x7f1bd20e69b0,513,650.0,2.0,2,[5]
0,222,x7f1bd20e69b0,514,200.0,1.0,2,[5]
0,222,x7f1bd20e69b0,515,350.0,2.0,2,[0]
0,222,x7f1bd20e69b0,516,-550.0,0.0,2,[4]
0,222,x7f1bd20e69b0,517,467.6380303553499,2.0,3,[0]
0,222,x7f1bd20e69b0,518,50.0,0.0,2,[5]
0,222,x7f1bd20e69b0,519,650.0,2.0,3,[5]
0,222,x7f1bd20e69b0,520,-132.36196964466373,0.0,3,[6]
0,222,x7f1bd20e69b0,521,-250.00121609403578,0.0,4,[6]
0,222,x7f1bd20e69b0,522,50.0,0.0,2,[5]
0,222,x7f1bd20e69b0,523,-250.0,0.0,2,[5]
0,222,x7f1bd20e69b0,524,-250.00121609403578,0.0,5,[8]
0,222,x7f1bd20e69b0,525,-400.0,0.0,5,[8]
0,222,x7f1bd20e69b0,526,-301.7293494407585,0.0,4,[7]
0,222,x7f1bd20e69b0,527,33.40542064916187,1.0,4,[7]
0,222,x7f1bd20e69b0,528,-247.16830380107407,0.0,3,[6]
0,222,x7f1bd20e69b0,529,-400.0,0.0,3,[6]
0,222,x7f1bd20e69b0,530,-400.0,0.0,2,[5]
0,222,x7f1bd20e69b0,531,-400.0,0.0,2,[5]
0,222,x7f1bd20e69b0,532,-400.0,0.0,3,[5]
0,222,x7f1bd20e69b0,533,-732.3619696446638,0.0,3,[6]
0,222,x7f1bd20e69b0,534,-549.8668231701866,1.0,3,[6]
0,222,x7f1bd20e69b0,535,-550.0,0.0,2,[5]
0,222,x7f1bd20e69b0,536,-850.0,0.0,2,[5]
0,222,x7f1bd20e69b0,537,-400.0,0.0,3,[6]
0,222,x7f1bd20e69b0,538,-100.0,0.0,2,[5]
0,222,x7f1bd20e69b0,539,-100.0,0.0,2,[5]
0,222,x7f1bd20e69b0,540,-247.16830380107265,0.0,4,[7]
0,222,x7f1bd20e69b0,541,-400.0,0.0,4,[7]
0,222,x7f1bd20e69b0,542,-400.0,0.0,3,[6]
0,222,x7f1bd20e69b0,543,-400.0,0.0,3,[6]
0,222,x7f1bd20e69b0,544,200.0,1.0,2,[5]
0,222,x7f1bd20e69b0,545,350.0,2.0,2,[5]
0,222,x7f1bd20e69b0,546,-100.0,1.0,2,[0]
0,222,x7f1bd20e69b0,547,-100.0,1.0,2,[4]
0,222,x7f1bd20e69b0,548,-400.0,0.0,3,[0]
0,222,x7f1bd20e69b0,549,500.0080055887747,2.0,5,[8]
0,222,x7f1bd20e69b0,550,-16.34557658545343,1.0,5,[8]
0,222,x7f1bd20e69b0,551,-400.0,0.0,4,[7]
0,222,x7f1bd20e69b0,552,-400.0,0.0,4,[7]
0,222,x7f1bd20e69b0,553,-400.0,0.0,4,[0]
0,222,x7f1bd20e69b0,554,-256.78992062872425,0.0,3,[6]
0,222,x7f1bd20e69b0,555,-250.41032066947272,0.0,5,[8]
0,222,x7f1bd20e69b0,556,-400.0,0.0,4,[7]
0,222,x7f1bd20e69b0,557,-400.0,0.0,4,[7]
0,222,x7f1bd20e69b0,558,-400.0,0.0,3,[6]
0,222,x7f1bd20e69b0,559,-400.0,0.0,3,[6]
0,222,x7f1bd20e69b0,560,200.0,1.0,2,[5]
0,222,x7f1bd20e69b0,561,-400.0,0.0,2,[5]
0,222,x7f1bd20e69b0,562,-400.0,0.0,3,[5]
0,222,x7f1bd20e69b0,563,350.0,2.0,4,[7]
0,222,x7f1bd20e69b0,564,-697.1683038010726,0.0,3,[6]
0,222,x7f1bd20e69b0,565,-700.0012160940357,0.0,3,[6]
0,222,x7f1bd20e69b0,566,-850.0,0.0,2,[5]
0,222,x7f1bd20e69b0,567,-850.0,0.0,2,[5]
0,222,x7f1bd20e69b0,568,-700.0,1.0,3,[6]
0,222,x7f1bd20e69b0,569,-700.0001368324937,0.0,7,[1]
0,222,x7f1bd20e69b0,570,-850.0,0.0,6,[0]
0,222,x7f1bd20e69b0,571,350.0,2.0,6,[0]
0,222,x7f1bd20e69b0,572,-700.0644186708436,0.0,5,[8]
0,222,x7f1bd20e69b0,573,-850.0,0.0,5,[8]
0,222,x7f1bd20e69b0,574,-700.0,1.0,4,[7]
0,222,x7f1bd20e69b0,575,-850.0,0.0,4,[7]
0,222,x7f1bd20e69b0,576,-549.8668231701866,1.0,3,[6]
0,222,x7f1bd20e69b0,577,-850.0,0.0,3,[6]
0,222,x7f1bd20e69b0,578,-850.0,0.0,4,[6]
0,222,x7f1bd20e69b0,579,650.0,2.0,2,[5]
0,222,x7f1bd20e69b0,580,-400.0,0.0,2,[5]
0,222,x7f1bd20e69b0,581,-250.0,0.0,2,[5]
0,222,x7f1bd20e69b0,582,-400.0,0.0,6,[8]
0,222,x7f1bd20e69b0,583,-249.86682317018662,0.0,4,[7]
0,222,x7f1bd20e69b0,584,-255.1467222531721,0.0,4,[7]
0,222,x7f1bd20e69b0,585,17.63803035533627,1.0,3,[6]
0,222,x7f1bd20e69b0,586,-251.86718921981682,0.0,6,[0]
0,222,x7f1bd20e69b0,587,-327.4238947929779,0.0,5,[8]
0,222,x7f1bd20e69b0,588,-100.0,1.0,5,[8]
0,222,x7f1bd20e69b0,589,-290.5784360529916,0.0,6,[8]
0,222,x7f1bd20e69b0,590,-348.3663065890261,0.0,7,[1]
0,222,x7f1bd20e69b0,591,-400.0,0.0,7,[1]
0,222,x7f1bd20e69b0,592,-263.57624390840164,0.0,7,[1]
0,222,x7f1bd20e69b0,593,-316.442722152786,0.0,7,[1]
0,222,x7f1bd20e69b0,594,-400.0,0.0,7,[1]
0,222,x7f1bd20e69b0,595,-251.30687712675976,0.0,6,[0]
0,222,x7f1bd20e69b0,596,-400.0,0.0,6,[0]
0,222,x7f1bd20e69b0,597,-400.0,0.0,5,[8]
0,222,x7f1bd20e69b0,598,-400.0,0.0,5,[8]
0,222,x7f1bd20e69b0,599,-400.0,0.0,5,[0]
0,222,x7f1bd20e69b0,600,-250.00013683249367,0.0,4,[7]
0,222,x7f1bd20e69b0,601,-400.0,0.0,5,[7]
0,222,x7f1bd20e69b0,602,-667.4286785372041,1.0,7,[1]
0,222,x7f1bd20e69b0,603,-850.0,0.0,7,[1]
0,222,x7f1bd20e69b0,604,-794.2560995563379,0.0,7,[1]
0,222,x7f1bd20e69b0,605,-850.0,0.0,7,[1]
0,222,x7f1bd20e69b0,606,-850.0,0.0,7,[1]
0,222,x7f1bd20e69b0,607,-850.0,0.0,7,[1]
0,222,x7f1bd20e69b0,608,-850.0,0.0,7,[1]
0,222,x7f1bd20e69b0,609,-850.0,0.0,7,[1]
0,222,x7f1bd20e69b0,610,-850.0,0.0,7,[1]
0,222,x7f1bd20e69b0,611,-850.0,0.0,7,[1]
0,222,x7f1bd20e69b0,612,-850.0,0.0,7,[1]
0,222,x7f1bd20e69b0,613,-850.0,0.0,7,[1]
0,222,x7f1bd20e69b0,614,-850.0,0.0,7,[1]
0,222,x7f1bd20e69b0,615,-850.0,0.0,7,[1]
0,222,x7f1bd20e69b0,616,-700.0,1.0,7,[1]
0,222,x7f1bd20e69b0,617,350.0,2.0,7,[1]
0,222,x7f1bd20e69b0,618,-850.0,0.0,7,[1]
0,222,x7f1bd20e69b0,619,-850.0,0.0,7,[1]
0,222,x7f1bd20e69b0,620,-850.0,0.0,7,[1]
0,222,x7f1bd20e69b0,621,-850.0,0.0,7,[1]
0,222,x7f1bd20e69b0,622,-850.0,0.0,7,[1]
0,222,x7f1bd20e69b0,623,-850.0,0.0,7,[1]
0,222,x7f1bd20e69b0,624,350.0,2.0,7,[1]
0,222,x7f1bd20e69b0,625,-850.0,0.0,7,[1]
0,222,x7f1bd20e69b0,626,-850.0,0.0,7,[1]
0,222,x7f1bd20e69b0,627,-850.0,0.0,7,[1]
0,222,x7f1bd20e69b0,628,350.0,2.0,7,[1]
0,222,x7f1bd20e69b0,629,-700.0,1.0,7,[1]
0,222,x7f1bd20e69b0,630,-850.0,0.0,7,[1]
0,222,x7f1bd20e69b0,631,-850.0,0.0,7,[1]
0,222,x7f1bd20e69b0,632,-850.0,0.0,7,[1]
0,222,x7f1bd20e69b0,633,350.0,2.0,7,[1]
0,222,x7f1bd20e69b0,634,-700.0,1.0,7,[1]
0,222,x7f1bd20e69b0,635,350.0,2.0,7,[1]
0,222,x7f1bd20e69b0,636,-850.0,0.0,7,[1]
0,222,x7f1bd20e69b0,637,-850.0,0.0,7,[1]
0,222,x7f1bd20e69b0,638,-850.0,0.0,7,[1]
0,222,x7f1bd20e69b0,639,-850.0,0.0,7,[1]
0,222,x7f1bd20e69b0,640,-850.0,0.0,7,[1]
0,222,x7f1bd20e69b0,641,-700.0,1.0,7,[1]
0,222,x7f1bd20e69b0,642,-850.0,0.0,7,[1]
0,222,x7f1bd20e69b0,643,-850.0,0.0,7,[1]
0,222,x7f1bd20e69b0,644,-850.0,0.0,7,[1]
0,222,x7f1bd20e69b0,645,-850.0,0.0,7,[1]
0,222,x7f1bd20e69b0,646,-850.0,0.0,7,[1]
0,222,x7f1bd20e69b0,647,-850.0,0.0,7,[1]
0,222,x7f1bd20e69b0,648,-850.0,0.0,7,[1]
0,222,x7f1bd20e69b0,649,-700.0,1.0,7,[1]
0,222,x7f1bd20e69b0,650,-850.0,0.0,7,[1]
0,222,x7f1bd20e69b0,651,350.0,2.0,7,[1]
0,222,x7f1bd20e69b0,652,-850.0,0.0,7,[1]
0,222,x7f1bd20e69b0,653,-850.0,0.0,7,[1]
0,222,x7f1bd20e69b0,654,-850.0,0.0,7,[1]
0,222,x7f1bd20e69b0,655,-850.0,0.0,7,[1]
0,222,x7f1bd20e69b0,656,-850.0,0.0,7,[1]
0,222,x7f1bd20e69b0,657,-850.0,0.0,7,[1]
0,222,x7f1bd20e69b0,658,-700.0,1.0,7,[1]
0,222,x7f1bd20e69b0,659,-850.0,0.0,7,[1]
0,222,x7f1bd20e69b0,660,350.0,2.0,7,[1]
0,222,x7f1bd20e69b0,661,-850.0,0.0,7,[1]
0,222,x7f1bd20e69b0,662,-850.0,0.0,7,[1]
0,222,x7f1bd20e69b0,663,-700.0,1.0,7,[1]
0,222,x7f1bd20e69b0,664,-700.0,1.0,7,[1]
0,222,x7f1bd20e69b0,665,-850.0,0.0,7,[1]
0,222,x7f1bd20e69b0,666,-850.0,0.0,7,[1]
0,222,x7f1bd20e69b0,667,-850.0,0.0,7,[1]
0,222,x7f1bd20e69b0,668,-850.0,0.0,7,[1]
0,222,x7f1bd20e69b0,669,-850.0,0.0,7,[1]
0,222,x7f1bd20e69b0,670,-850.0,0.0,7,[1]
0,222,x7f1bd20e69b0,671,-850.0,0.0,7,[1]
0,222,x7f1bd20e69b0,672,350.0,2.0,7,[1]
0,222,x7f1bd20e69b0,673,-700.0,1.0,7,[1]
0,222,x7f1bd20e69b0,674,-700.0,1.0,7,[1]
0,222,x7f1bd20e69b0,675,-700.0,1.0,7,[1]
0,222,x7f1bd20e69b0,676,-700.0,1.0,7,[1]
0,222,x7f1bd20e69b0,677,-850.0,0.0,7,[1]
0,222,x7f1bd20e69b0,678,-850.0,0.0,7,[1]
0,222,x7f1bd20e69b0,679,-700.0,1.0,7,[1]
0,222,x7f1bd20e69b0,680,-850.0,0.0,7,[1]
0,222,x7f1bd20e69b0,681,-850.0,0.0,7,[1]
0,222,x7f1bd20e69b0,682,-850.0,0.0,7,[1]
0,222,x7f1bd20e69b0,683,-850.0,0.0,7,[1]
0,222,x7f1bd20e69b0,684,-850.0,0.0,7,[1]
0,222,x7f1bd20e69b0,685,-850.0,0.0,7,[1]
0,222,x7f1bd20e69b0,686,-850.0,0.0,7,[1]
0,222,x7f1bd20e69b0,687,-850.0,0.0,7,[1]
0,222,x7f1bd20e69b0,688,-850.0,0.0,7,[1]
0,222,x7f1bd20e69b0,689,-850.0,0.0,7,[1]
0,222,x7f1bd20e69b0,690,-850.0,0.0,7,[1]
0,222,x7f1bd20e69b0,691,-850.0,0.0,7,[1]
0,222,x7f1bd20e69b0,692,-850.0,0.0,7,[1]
0,222,x7f1bd20e69b0,693,-700.0,1.0,7,[1]
0,222,x7f1bd20e69b0,694,-850.0,0.0,7,[1]
0,222,x7f1bd20e69b0,695,-850.0,0.0,7,[1]
0,222,x7f1bd20e69b0,696,-850.0,0.0,7,[1]
0,222,x7f1bd20e69b0,697,-850.0,0.0,7,[1]
0,222,x7f1bd20e69b0,698,-850.0,0.0,7,[1]
0,222,x7f1bd20e69b0,699,-850.0,0.0,7,[1]
0,222,x7f1bd20e69b0,700,-700.0,1.0,7,[1]
0,222,x7f1bd20e69b0,701,-700.0,1.0,7,[1]
0,222,x7f1bd20e69b0,702,-850.0,0.0,7,[1]
0,222,x7f1bd20e69b0,703,-850.0,0.0,7,[1]
0,222,x7f1bd20e69b0,704,-700.0,1.0,7,[1]
0,222,x7f1bd20e69b0,705,-741.8680219566448,0.0,7,[1]
0,222,x7f1bd20e69b0,706,-850.0,0.0,7,[1]
0,222,x7f1bd20e69b0,707,-850.0,0.0,7,[1]
0,222,x7f1bd20e69b0,708,484.1159520300117,2.0,6,[0]
0,222,x7f1bd20e69b0,709,-100.0,1.0,6,[0]
0,222,x7f1bd20e69b0,710,-400.0,0.0,5,[8]
0,222,x7f1bd20e69b0,711,-100.0,1.0,5,[8]
0,222,x7f1bd20e69b0,712,-400.0,0.0,6,[8]
0,222,x7f1bd20e69b0,713,-100.0,1.0,4,[7]
0,222,x7f1bd20e69b0,714,-400.0,0.0,4,[7]
0,222,x7f1bd20e69b0,715,-400.0,0.0,3,[6]
0,222,x7f1bd20e69b0,716,-100.0,1.0,3,[6]
0,222,x7f1bd20e69b0,717,200.0,1.0,2,[5]
0,222,x7f1bd20e69b0,718,-250.0,0.0,2,[5]
0,222,x7f1bd20e69b0,719,-242.544125440968,0.0,4,[0]
0,222,x7f1bd20e69b0,720,-250.0,0.0,7,[1]
0,222,x7f1bd20e69b0,721,-250.0,0.0,7,[1]
0,222,x7f1bd20e69b0,722,350.0,2.0,7,[1]
0,222,x7f1bd20e69b0,723,-250.0,0.0,7,[1]
0,222,x7f1bd20e69b0,724,-250.0,0.0,7,[1]
0,222,x7f1bd20e69b0,725,-250.0,0.0,7,[1]
0,222,x7f1bd20e69b0,726,-250.0,0.0,7,[1]
0,222,x7f1bd20e69b0,727,350.0,2.0,7,[1]
0,222,x7f1bd20e69b0,728,-250.0,0.0,7,[1]
0,222,x7f1bd20e69b0,729,-250.0,0.0,7,[1]
0,222,x7f1bd20e69b0,730,-250.0,0.0,7,[1]
0,222,x7f1bd20e69b0,731,-250.0,0.0,7,[1]
0,222,x7f1bd20e69b0,732,-236.76135843712203,0.0,7,[1]
0,222,x7f1bd20e69b0,733,-250.0,0.0,7,[1]
0,222,x7f1bd20e69b0,734,-250.0,0.0,7,[1]
0,222,x7f1bd20e69b0,735,-250.0,0.0,7,[1]
0,222,x7f1bd20e69b0,736,-250.0,0.0,7,[1]
0,222,x7f1bd20e69b0,737,350.0,2.0,7,[1]
0,222,x7f1bd20e69b0,738,350.0,2.0,7,[1]
0,222,x7f1bd20e69b0,739,-250.0,0.0,7,[1]
0,222,x7f1bd20e69b0,740,-250.0,0.0,7,[1]
0,222,x7f1bd20e69b0,741,-250.0,0.0,7,[1]
0,222,x7f1bd20e69b0,742,381.7658703188139,2.0,7,[1]
0,222,x7f1bd20e69b0,743,-100.0,1.0,7,[1]
0,222,x7f1bd20e69b0,744,-250.0,0.0,7,[1]
0,222,x7f1bd20e69b0,745,-250.0,0.0,7,[1]
0,222,x7f1bd20e69b0,746,-250.0,0.0,7,[1]
0,222,x7f1bd20e69b0,747,-250.0,0.0,7,[1]
0,222,x7f1bd20e69b0,748,-250.0,0.0,7,[1]
0,222,x7f1bd20e69b0,749,-250.0,0.0,7,[1]
0,222,x7f1bd20e69b0,750,-250.0,0.0,7,[1]
0,222,x7f1bd20e69b0,751,-250.0,0.0,7,[1]
0,222,x7f1bd20e69b0,752,350.0,2.0,7,[1]
0,222,x7f1bd20e69b0,753,-250.0,0.0,7,[1]
0,222,x7f1bd20e69b0,754,-250.0,0.0,7,[1]
0,222,x7f1bd20e69b0,755,-100.0,1.0,7,[1]
0,222,x7f1bd20e69b0,756,350.0,2.0,7,[1]
0,222,x7f1bd20e69b0,757,-250.0,0.0,7,[1]
0,222,x7f1bd20e69b0,758,-250.0,0.0,7,[1]
0,222,x7f1bd20e69b0,759,-250.0,0.0,7,[1]
0,222,x7f1bd20e69b0,760,-250.0,0.0,7,[1]
0,222,x7f1bd20e69b0,761,-100.0,1.0,7,[1]
0,222,x7f1bd20e69b0,762,-250.0,0.0,7,[1]
0,222,x7f1bd20e69b0,763,-250.0,0.0,7,[1]
0,222,x7f1bd20e69b0,764,350.0,2.0,7,[1]
0,222,x7f1bd20e69b0,765,-250.0,0.0,7,[1]
0,222,x7f1bd20e69b0,766,-250.0,0.0,7,[1]
0,222,x7f1bd20e69b0,767,-250.0,0.0,7,[1]
0,222,x7f1bd20e69b0,768,-250.0,0.0,7,[1]
0,222,x7f1bd20e69b0,769,-250.0,0.0,7,[1]
0,222,x7f1bd20e69b0,770,-250.0,0.0,7,[1]
0,222,x7f1bd20e69b0,771,-250.0,0.0,7,[1]
0,222,x7f1bd20e69b0,772,-100.0,1.0,7,[1]
0,222,x7f1bd20e69b0,773,-250.0,0.0,7,[1]
0,222,x7f1bd20e69b0,774,-250.0,0.0,7,[1]
0,222,x7f1bd20e69b0,775,-250.0,0.0,7,[1]
0,222,x7f1bd20e69b0,776,-100.0,1.0,7,[1]
0,222,x7f1bd20e69b0,777,-250.0,0.0,7,[1]
0,222,x7f1bd20e69b0,778,-250.0,0.0,7,[1]
0,222,x7f1bd20e69b0,779,-250.0,0.0,7,[1]
0,222,x7f1bd20e69b0,780,-100.0,1.0,7,[1]
0,222,x7f1bd20e69b0,781,-250.0,0.0,7,[1]
0,222,x7f1bd20e69b0,782,-100.0,1.0,7,[1]
0,222,x7f1bd20e69b0,783,-100.0,1.0,7,[1]
0,222,x7f1bd20e69b0,784,-250.0,0.0,7,[1]
0,222,x7f1bd20e69b0,785,-250.0,0.0,7,[1]
0,222,x7f1bd20e69b0,786,-250.0,0.0,7,[1]
0,222,x7f1bd20e69b0,787,-250.0,0.0,7,[1]
0,222,x7f1bd20e69b0,788,-250.0,0.0,7,[1]
0,222,x7f1bd20e69b0,789,-250.0,0.0,7,[1]
0,222,x7f1bd20e69b0,790,-250.0,0.0,7,[1]
0,222,x7f1bd20e69b0,791,-250.0,0.0,7,[1]
0,222,x7f1bd20e69b0,792,-250.0,0.0,7,[1]
0,222,x7f1bd20e69b0,793,350.0,2.0,7,[1]
0,222,x7f1bd20e69b0,794,-250.0,0.0,7,[1]
0,222,x7f1bd20e69b0,795,-250.0,0.0,7,[1]
0,222,x7f1bd20e69b0,796,-250.0,0.0,7,[1]
0,222,x7f1bd20e69b0,797,-250.0,0.0,7,[1]
0,222,x7f1bd20e69b0,798,-201.77154397849375,0.0,6,[0]
0,222,x7f1bd20e69b0,799,-250.0,0.0,6,[0]
0,222,x7f1bd20e69b0,800,-250.0,0.0,5,[8]
0,222,x7f1bd20e69b0,801,-383.185830707141,0.0,7,[1]
0,222,x7f1bd20e69b0,802,-95.97698925921415,1.0,7,[1]
0,222,x7f1bd20e69b0,803,-400.0,0.0,7,[1]
0,222,x7f1bd20e69b0,804,-400.0,0.0,7,[1]
0,222,x7f1bd20e69b0,805,-400.0,0.0,7,[1]
0,222,x7f1bd20e69b0,806,-100.0,1.0,6,[0]
0,222,x7f1bd20e69b0,807,-250.0,0.0,6,[0]
0,222,x7f1bd20e69b0,808,-250.0,0.0,5,[8]
0,222,x7f1bd20e69b0,809,-250.0,0.0,5,[8]
0,222,x7f1bd20e69b0,810,-217.4012316696754,0.0,4,[7]
0,222,x7f1bd20e69b0,811,350.0,2.0,4,[7]
0,222,x7f1bd20e69b0,812,-250.0,0.0,5,[7]
0,222,x7f1bd20e69b0,813,-200.58725743638257,0.0,3,[6]
0,222,x7f1bd20e69b0,814,350.0,2.0,7,[1]
0,222,x7f1bd20e69b0,815,-230.00626269731168,0.0,6,[0]
0,222,x7f1bd20e69b0,816,-241.8498056444643,0.0,6,[0]
0,222,x7f1bd20e69b0,817,-219.67463685682554,0.0,7,[1]
0,222,x7f1bd20e69b0,818,-242.0491448564523,0.0,7,[1]
0,222,x7f1bd20e69b0,819,-250.0,0.0,7,[1]
0,222,x7f1bd20e69b0,820,-250.0,0.0,7,[1]
0,222,x7f1bd20e69b0,821,-250.0,0.0,7,[1]
0,222,x7f1bd20e69b0,822,350.0,2.0,7,[1]
0,222,x7f1bd20e69b0,823,-250.0,0.0,7,[1]
0,222,x7f1bd20e69b0,824,350.0,2.0,7,[1]
0,222,x7f1bd20e69b0,825,-250.0,0.0,7,[1]
0,222,x7f1bd20e69b0,826,-250.0,0.0,7,[1]
0,222,x7f1bd20e69b0,827,-100.0,1.0,7,[1]
0,222,x7f1bd20e69b0,828,-250.0,0.0,7,[1]
0,222,x7f1bd20e69b0,829,-250.0,0.0,7,[1]
0,222,x7f1bd20e69b0,830,-230.4786062639017,0.0,7,[1]
0,222,x7f1bd20e69b0,831,-100.0,1.0,7,[1]
0,222,x7f1bd20e69b0,832,-245.67574479101543,0.0,7,[1]
0,222,x7f1bd20e69b0,833,-100.0,1.0,7,[1]
0,222,x7f1bd20e69b0,834,-100.0,1.0,7,[1]
0,222,x7f1bd20e69b0,835,-250.0,0.0,7,[1]
0,222,x7f1bd20e69b0,836,-250.0,0.0,7,[1]
0,222,x7f1bd20e69b0,837,-250.0,0.0,7,[1]
0,222,x7f1bd20e69b0,838,-100.0,1.0,7,[1]
0,222,x7f1bd20e69b0,839,-250.0,0.0,7,[1]
0,222,x7f1bd20e69b0,840,-250.0,0.0,7,[1]
0,222,x7f1bd20e69b0,841,-250.0,0.0,7,[1]
0,222,x7f1bd20e69b0,842,-250.0,0.0,7,[1]
0,222,x7f1bd20e69b0,843,-100.0,1.0,7,[1]
0,222,x7f1bd20e69b0,844,-250.0,0.0,7,[1]
0,222,x7f1bd20e69b0,845,-250.0,0.0,7,[1]
0,222,x7f1bd20e69b0,846,350.0,2.0,7,[1]
0,222,x7f1bd20e69b0,847,-250.0,0.0,7,[1]
0,222,x7f1bd20e69b0,848,-100.0,1.0,7,[1]
0,222,x7f1bd20e69b0,849,-250.0,0.0,7,[1]
0,222,x7f1bd20e69b0,850,-250.0,0.0,7,[1]
0,222,x7f1bd20e69b0,851,-250.0,0.0,7,[1]
0,222,x7f1bd20e69b0,852,-250.0,0.0,7,[1]
0,222,x7f1bd20e69b0,853,-100.0,1.0,7,[1]
0,222,x7f1bd20e69b0,854,-250.0,0.0,7,[1]
0,222,x7f1bd20e69b0,855,350.0,2.0,7,[1]
0,222,x7f1bd20e69b0,856,-250.0,0.0,7,[1]
0,222,x7f1bd20e69b0,857,-250.0,0.0,7,[1]
0,222,x7f1bd20e69b0,858,-100.0,1.0,7,[1]
0,222,x7f1bd20e69b0,859,-250.0,0.0,7,[1]
0,222,x7f1bd20e69b0,860,-250.0,0.0,7,[1]
0,222,x7f1bd20e69b0,861,-250.0,0.0,7,[1]
0,222,x7f1bd20e69b0,862,-250.0,0.0,7,[1]
0,222,x7f1bd20e69b0,863,-250.0,0.0,7,[1]
0,222,x7f1bd20e69b0,864,-250.0,0.0,7,[1]
0,222,x7f1bd20e69b0,865,-250.0,0.0,7,[1]
0,222,x7f1bd20e69b0,866,350.0,2.0,7,[1]
0,222,x7f1bd20e69b0,867,-250.0,0.0,7,[1]
0,222,x7f1bd20e69b0,868,-100.0,1.0,7,[1]
0,222,x7f1bd20e69b0,869,-250.0,0.0,7,[1]
0,222,x7f1bd20e69b0,870,-250.0,0.0,7,[1]
0,222,x7f1bd20e69b0,871,-250.0,0.0,7,[1]
0,222,x7f1bd20e69b0,872,-100.0,1.0,7,[1]
0,222,x7f1bd20e69b0,873,-250.0,0.0,7,[1]
0,222,x7f1bd20e69b0,874,-250.0,0.0,7,[1]
0,222,x7f1bd20e69b0,875,-250.0,0.0,7,[1]
0,222,x7f1bd20e69b0,876,-250.0,0.0,7,[1]
0,222,x7f1bd20e69b0,877,-250.0,0.0,7,[1]
0,222,x7f1bd20e69b0,878,-250.0,0.0,7,[1]
0,222,x7f1bd20e69b0,879,-250.0,0.0,7,[1]
0,222,x7f1bd20e69b0,880,-250.0,0.0,7,[1]
0,222,x7f1bd20e69b0,881,-250.0,0.0,7,[1]
0,222,x7f1bd20e69b0,882,-250.0,0.0,7,[1]
0,222,x7f1bd20e69b0,883,-250.0,0.0,7,[1]
0,222,x7f1bd20e69b0,884,-100.0,1.0,7,[1]
0,222,x7f1bd20e69b0,885,-250.0,0.0,7,[1]
0,222,x7f1bd20e69b0,886,350.0,2.0,7,[1]
0,222,x7f1bd20e69b0,887,-250.0,0.0,6,[0]
0,222,x7f1bd20e69b0,888,350.0,2.0,6,[0]
0,222,x7f1bd20e69b0,889,-245.56619297999038,0.0,5,[8]
0,222,x7f1bd20e69b0,890,-250.0,0.0,5,[8]
0,222,x7f1bd20e69b0,891,-218.96735770502613,0.0,4,[7]
0,222,x7f1bd20e69b0,892,-250.0,0.0,4,[7]
0,222,x7f1bd20e69b0,893,-250.0,0.0,4,[0]
0,222,x7f1bd20e69b0,894,-850.0,0.0,7,[1]
0,222,x7f1bd20e69b0,895,373.52607125055675,2.0,6,[0]
0,222,x7f1bd20e69b0,896,-400.0,0.0,7,[1]
0,222,x7f1bd20e69b0,897,350.0,2.0,7,[1]
0,222,x7f1bd20e69b0,898,-400.0,0.0,7,[1]
0,222,x7f1bd20e69b0,899,-400.0,0.0,7,[1]
0,222,x7f1bd20e69b0,900,-393.929828075245,0.0,7,[1]
0,222,x7f1bd20e69b0,901,-400.0,0.0,7,[1]
0,222,x7f1bd20e69b0,902,350.0,2.0,7,[1]
0,222,x7f1bd20e69b0,903,-384.97626077391305,0.0,6,[0]
0,222,x7f1bd20e69b0,904,-400.0,0.0,6,[0]
0,222,x7f1bd20e69b0,905,-400.0,0.0,5,[8]
0,222,x7f1bd20e69b0,906,-400.0,0.0,5,[8]
0,222,x7f1bd20e69b0,907,-100.0,1.0,4,[7]
0,222,x7f1bd20e69b0,908,-250.0,0.0,4,[7]
0,222,x7f1bd20e69b0,909,-250.0,0.0,3,[6]
0,222,x7f1bd20e69b0,910,-250.0,0.0,3,[6]
0,222,x7f1bd20e69b0,911,-250.0,0.0,4,[6]
0,222,x7f1bd20e69b0,912,-250.0,0.0,2,[5]
0,222,x7f1bd20e69b0,913,-250.0,0.0,2,[5]
0,222,x7f1bd20e69b0,914,-700.0012160940357,0.0,5,[8]
0,222,x7f1bd20e69b0,915,-700.0001368324937,0.0,6,[0]
0,222,x7f1bd20e69b0,916,-850.0,0.0,6,[0]
0,222,x7f1bd20e69b0,917,-700.0,1.0,5,[8]
0,222,x7f1bd20e69b0,918,-700.0517192091083,0.0,6,[8]
0,222,x7f1bd20e69b0,919,-751.7293494407442,0.0,4,[7]
0,222,x7f1bd20e69b0,920,-700.0,1.0,4,[7]
0,222,x7f1bd20e69b0,921,-697.1683038010741,0.0,3,[6]
0,222,x7f1bd20e69b0,922,-850.0,0.0,3,[6]
0,222,x7f1bd20e69b0,923,350.0,2.0,2,[5]
0,222,x7f1bd20e69b0,924,-400.0,0.0,2,[5]
0,222,x7f1bd20e69b0,925,-400.0,0.0,2,[0]
0,222,x7f1bd20e69b0,926,-352.93661173944463,0.0,4,[7]
0,222,x7f1bd20e69b0,927,47.20809281027604,1.0,3,[6]
0,222,x7f1bd20e69b0,928,-268.50645854805174,0.0,3,[6]
0,222,x7f1bd20e69b0,929,-400.0,0.0,2,[5]
0,222,x7f1bd20e69b0,930,-400.0,0.0,2,[5]
0,222,x7f1bd20e69b0,931,350.0,2.0,2,[0]
0,222,x7f1bd20e69b0,932,-699.8668231701866,0.0,4,[7]
0,222,x7f1bd20e69b0,933,467.63803035533624,2.0,3,[6]
0,222,x7f1bd20e69b0,934,-250.0,0.0,3,[6]
0,222,x7f1bd20e69b0,935,50.0,0.0,2,[5]
0,222,x7f1bd20e69b0,936,50.0,0.0,2,[5]
0,222,x7f1bd20e69b0,937,-250.0,0.0,2,[0]
0,222,x7f1bd20e69b0,938,-400.0,0.0,5,[8]
0,222,x7f1bd20e69b0,939,-291.5557566757474,0.0,5,[0]
0,222,x7f1bd20e69b0,940,-250.00000035868393,0.0,4,[7]
0,222,x7f1bd20e69b0,941,-400.0,0.0,5,[7]
0,222,x7f1bd20e69b0,942,-400.0,0.0,3,[6]
0,222,x7f1bd20e69b0,943,-400.0,0.0,3,[6]
0,222,x7f1bd20e69b0,944,-100.0,1.0,2,[5]
0,222,x7f1bd20e69b0,945,350.0,2.0,2,[5]
0,222,x7f1bd20e69b0,946,-850.0,0.0,3,[0]
0,222,x7f1bd20e69b0,947,650.0,2.0,2,[5]
0,222,x7f1bd20e69b0,948,-400.0,0.0,5,[8]
0,222,x7f1bd20e69b0,949,-283.08999380547823,0.0,5,[8]
0,222,x7f1bd20e69b0,950,50.005663153750504,1.0,4,[7]
0,222,x7f1bd20e69b0,951,-400.0,0.0,4,[7]
0,222,x7f1bd20e69b0,952,-100.0,1.0,5,[7]
0,222,x7f1bd20e69b0,953,-400.0,0.0,3,[6]
0,222,x7f1bd20e69b0,954,-100.0,1.0,3,[6]
0,222,x7f1bd20e69b0,955,-100.0,0.0,2,[5]
0,222,x7f1bd20e69b0,956,-400.0,0.0,2,[5]
0,222,x7f1bd20e69b0,957,-697.1683038010741,0.0,4,[7]
0,222,x7f1bd20e69b0,958,-850.0,0.0,3,[6]
0,222,x7f1bd20e69b0,959,-850.0,0.0,3,[6]
0,222,x7f1bd20e69b0,960,650.0,2.0,2,[5]
0,222,x7f1bd20e69b0,961,-250.0,0.0,2,[5]
0,222,x7f1bd20e69b0,962,-250.0,0.0,2,[0]
0,222,x7f1bd20e69b0,963,650.0,2.0,2,[4]
0,222,x7f1bd20e69b0,964,-700.0,1.0,3,[6]
0,222,x7f1bd20e69b0,965,-699.8668231701866,0.0,3,[6]
0,222,x7f1bd20e69b0,966,-400.0,1.0,2,[5]
0,222,x7f1bd20e69b0,967,-850.0,0.0,2,[5]
0,222,x7f1bd20e69b0,968,650.0,2.0,2,[5]
0,222,x7f1bd20e69b0,969,-400.0,0.0,6,[0]
0,222,x7f1bd20e69b0,970,-247.16830380107407,0.0,5,[8]
0,222,x7f1bd20e69b0,971,49.99878390596422,1.0,5,[0]
0,222,x7f1bd20e69b0,972,-400.0,0.0,4,[7]
0,222,x7f1bd20e69b0,973,-400.0,0.0,4,[7]
0,222,x7f1bd20e69b0,974,-100.0,0.0,3,[6]
0,222,x7f1bd20e69b0,975,-400.0,0.0,3,[6]
0,222,x7f1bd20e69b0,976,-100.0,0.0,2,[5]
0,222,x7f1bd20e69b0,977,-400.0,0.0,2,[5]
0,222,x7f1bd20e69b0,978,-702.7679218750001,0.0,6,[0]
0,222,x7f1bd20e69b0,979,419.3295731095657,2.0,5,[8]
0,222,x7f1bd20e69b0,980,-850.0,0.0,6,[8]
0,222,x7f1bd20e69b0,981,-700.0032420910494,0.0,4,[7]
0,222,x7f1bd20e69b0,982,-744.2409349922876,0.0,4,[7]
0,222,x7f1bd20e69b0,983,350.0,2.0,3,[6]
0,222,x7f1bd20e69b0,984,-100.0,1.0,3,[6]
0,222,x7f1bd20e69b0,985,-400.0,0.0,2,[5]
0,222,x7f1bd20e69b0,986,-400.0,0.0,2,[5]
0,222,x7f1bd20e69b0,987,-400.0,0.0,2,[0]
0,222,x7f1bd20e69b0,988,-250.0,0.0,4,[7]
0,222,x7f1bd20e69b0,989,-100.00121609403578,0.0,4,[7]
0,222,x7f1bd20e69b0,990,-97.16830380107406,0.0,3,[6]
0,222,x7f1bd20e69b0,991,-250.0,0.0,3,[6]
0,222,x7f1bd20e69b0,992,-250.0,0.0,2,[5]
0,222,x7f1bd20e69b0,993,-250.0,0.0,2,[5]
0,222,x7f1bd20e69b0,994,-100.0,1.0,3,[5]
0,222,x7f1bd20e69b0,995,50.0,0.0,2,[5]
0,222,x7f1bd20e69b0,996,50.0,0.0,2,[5]
0,222,x7f1bd20e69b0,997,-697.1683038010741,0.0,3,[0]
0,222,x7f1bd20e69b0,998,-850.0,0.0,5,[8]
0,222,x7f1bd20e69b0,999,-716.5945793508381,0.0,6,[8]
0,222,x7f1bd20e69b0,1000,-700.0012160940358,0.0,4,[7]
0,222,x7f1bd20e69b0,1001,-850.0,0.0,4,[7]
0,222,x7f1bd20e69b0,1002,-601.7293494407586,1.0,3,[6]
0,222,x7f1bd20e69b0,1003,-850.0,0.0,3,[6]
0,222,x7f1bd20e69b0,1004,350.0,2.0,2,[5]
0,222,x7f1bd20e69b0,1005,-100.0,1.0,2,[5]
0,222,x7f1bd20e69b0,1006,-400.0,0.0,2,[0]
0,222,x7f1bd20e69b0,1007,-251.30687712675976,0.0,3,[6]
0,222,x7f1bd20e69b0,1008,-400.0,0.0,4,[6]
0,222,x7f1bd20e69b0,1009,-400.0,0.0,2,[5]
0,222,x7f1bd20e69b0,1010,-400.0,0.0,2,[5]
0,222,x7f1bd20e69b0,1011,-97.16830380107265,0.0,3,[6]
0,222,x7f1bd20e69b0,1012,-151.72934944074416,0.0,3,[6]
0,222,x7f1bd20e69b0,1013,-250.0,0.0,2,[5]
0,222,x7f1bd20e69b0,1014,-250.0,0.0,2,[5]
0,222,x7f1bd20e69b0,1015,-100.0,1.0,3,[5]
0,222,x7f1bd20e69b0,1016,52.831696198925926,1.0,3,[6]
0,222,x7f1bd20e69b0,1017,-186.01374581549697,0.0,4,[6]
0,222,x7f1bd20e69b0,1018,-250.0,0.0,2,[5]
0,222,x7f1bd20e69b0,1019,-100.0,1.0,2,[5]
0,222,x7f1bd20e69b0,1020,-249.86682317018662,0.0,4,[7]
0,222,x7f1bd20e69b0,1021,-400.0,0.0,5,[7]
0,222,x7f1bd20e69b0,1022,-250.00013683249367,0.0,6,[0]
0,222,x7f1bd20e69b0,1023,422.57610520703406,2.0,6,[0]
0,222,x7f1bd20e69b0,1024,-100.0,1.0,5,[8]
0,222,x7f1bd20e69b0,1025,-400.0,0.0,5,[8]
0,222,x7f1bd20e69b0,1026,-255.14672225317523,0.0,4,[7]
0,222,x7f1bd20e69b0,1027,-251.30687712675976,0.0,7,[1]
0,222,x7f1bd20e69b0,1028,-400.0,0.0,6,[0]
0,222,x7f1bd20e69b0,1029,350.0,2.0,6,[0]
0,222,x7f1bd20e69b0,1030,-250.41032066947272,0.0,5,[8]
0,222,x7f1bd20e69b0,1031,-309.108877192028,0.0,5,[8]
0,222,x7f1bd20e69b0,1032,-400.0,0.0,4,[7]
0,222,x7f1bd20e69b0,1033,-400.0,0.0,4,[7]
0,222,x7f1bd20e69b0,1034,-810.0353497301633,0.0,7,[1]
0,222,x7f1bd20e69b0,1035,-728.3722651379113,0.0,7,[1]
0,222,x7f1bd20e69b0,1036,-700.0,1.0,7,[1]
0,222,x7f1bd20e69b0,1037,-707.2165605303452,0.0,6,[0]
0,222,x7f1bd20e69b0,1038,-633.0163015388724,1.0,6,[0]
0,222,x7f1bd20e69b0,1039,-850.0,0.0,5,[8]
0,222,x7f1bd20e69b0,1040,-850.0,0.0,5,[8]
0,222,x7f1bd20e69b0,1041,-754.9971748079804,0.0,7,[1]
0,222,x7f1bd20e69b0,1042,-700.0,1.0,6,[0]
0,222,x7f1bd20e69b0,1043,-850.0,0.0,6,[0]
0,222,x7f1bd20e69b0,1044,-850.0,0.0,7,[1]
0,222,x7f1bd20e69b0,1045,-850.0,0.0,7,[1]
0,222,x7f1bd20e69b0,1046,-850.0,0.0,7,[1]
0,222,x7f1bd20e69b0,1047,-700.0,1.0,7,[1]
0,222,x7f1bd20e69b0,1048,-850.0,0.0,7,[1]
0,222,x7f1bd20e69b0,1049,350.0,2.0,7,[1]
0,222,x7f1bd20e69b0,1050,-700.0,1.0,7,[1]
0,222,x7f1bd20e69b0,1051,350.0,2.0,7,[1]
0,222,x7f1bd20e69b0,1052,-700.0,1.0,7,[1]
0,222,x7f1bd20e69b0,1053,-850.0,0.0,7,[1]
0,222,x7f1bd20e69b0,1054,-850.0,0.0,7,[1]
0,222,x7f1bd20e69b0,1055,-700.0,1.0,7,[1]
0,222,x7f1bd20e69b0,1056,-700.0,1.0,7,[1]
0,222,x7f1bd20e69b0,1057,-850.0,0.0,7,[1]
0,222,x7f1bd20e69b0,1058,350.0,2.0,7,[1]
0,222,x7f1bd20e69b0,1059,-850.0,0.0,7,[1]
0,222,x7f1bd20e69b0,1060,-700.0,1.0,7,[1]
0,222,x7f1bd20e69b0,1061,-850.0,0.0,7,[1]
0,222,x7f1bd20e69b0,1062,-850.0,0.0,7,[1]
0,222,x7f1bd20e69b0,1063,-850.0,0.0,7,[1]
0,222,x7f1bd20e69b0,1064,-850.0,0.0,6,[0]
0,222,x7f1bd20e69b0,1065,-639.1362269053004,1.0,7,[1]
0,222,x7f1bd20e69b0,1066,-850.0,0.0,7,[1]
0,222,x7f1bd20e69b0,1067,-833.6528220627196,0.0,7,[1]
0,222,x7f1bd20e69b0,1068,-850.0,0.0,7,[1]
0,222,x7f1bd20e69b0,1069,-850.0,0.0,7,[1]
0,222,x7f1bd20e69b0,1070,-850.0,0.0,7,[1]
0,222,x7f1bd20e69b0,1071,-700.0,1.0,7,[1]
0,222,x7f1bd20e69b0,1072,350.0,2.0,7,[1]
0,222,x7f1bd20e69b0,1073,-850.0,0.0,7,[1]
0,222,x7f1bd20e69b0,1074,-700.0,1.0,7,[1]
0,222,x7f1bd20e69b0,1075,-850.0,0.0,7,[1]
0,222,x7f1bd20e69b0,1076,-850.0,0.0,7,[1]
0,222,x7f1bd20e69b0,1077,-850.0,0.0,6,[0]
0,222,x7f1bd20e69b0,1078,-700.0,1.0,6,[0]
0,222,x7f1bd20e69b0,1079,-850.0,0.0,5,[8]
0,222,x7f1bd20e69b0,1080,-850.0,0.0,5,[8]
0,222,x7f1bd20e69b0,1081,350.0,2.0,4,[7]
0,222,x7f1bd20e69b0,1082,-400.0,0.0,4,[7]
0,222,x7f1bd20e69b0,1083,-400.0,0.0,4,[0]
0,222,x7f1bd20e69b0,1084,-100.0,1.0,7,[1]
0,222,x7f1bd20e69b0,1085,-352.31904910837886,0.0,6,[0]
0,222,x7f1bd20e69b0,1086,-87.67817675173498,1.0,6,[0]
0,222,x7f1bd20e69b0,1087,-400.0,0.0,5,[8]
0,222,x7f1bd20e69b0,1088,-100.0,1.0,5,[8]
0,222,x7f1bd20e69b0,1089,-400.0,0.0,4,[7]
0,222,x7f1bd20e69b0,1090,-400.0,0.0,4,[7]
0,222,x7f1bd20e69b0,1091,-400.0,0.0,5,[7]
0,222,x7f1bd20e69b0,1092,17.63803035533627,1.0,3,[6]
0,222,x7f1bd20e69b0,1093,-325.9518411937015,0.0,7,[1]
0,222,x7f1bd20e69b0,1094,350.0,2.0,7,[1]
0,222,x7f1bd20e69b0,1095,-378.00706076333813,0.0,7,[1]
0,222,x7f1bd20e69b0,1096,400.72427399122546,2.0,7,[1]
0,222,x7f1bd20e69b0,1097,-400.0,0.0,7,[1]
0,222,x7f1bd20e69b0,1098,-387.81159552385145,0.0,7,[1]
0,222,x7f1bd20e69b0,1099,-400.0,0.0,7,[1]
0,222,x7f1bd20e69b0,1100,-400.0,0.0,7,[1]
0,222,x7f1bd20e69b0,1101,-400.0,0.0,6,[0]
0,222,x7f1bd20e69b0,1102,-400.0,0.0,6,[0]
0,222,x7f1bd20e69b0,1103,-324.59944562188593,0.0,5,[8]
0,222,x7f1bd20e69b0,1104,350.0,2.0,5,[8]
0,222,x7f1bd20e69b0,1105,-100.0,1.0,5,[0]
0,222,x7f1bd20e69b0,1106,-389.30115495234384,0.0,7,[1]
0,222,x7f1bd20e69b0,1107,-333.1847675792548,0.0,6,[0]
0,222,x7f1bd20e69b0,1108,-100.0,1.0,7,[1]
0,222,x7f1bd20e69b0,1109,-400.0,0.0,7,[1]
0,222,x7f1bd20e69b0,1110,-400.0,0.0,7,[1]
0,222,x7f1bd20e69b0,1111,-400.0,0.0,7,[1]
0,222,x7f1bd20e69b0,1112,-400.0,0.0,7,[1]
0,222,x7f1bd20e69b0,1113,-400.0,0.0,7,[1]
0,222,x7f1bd20e69b0,1114,350.0,2.0,7,[1]
0,222,x7f1bd20e69b0,1115,-400.0,0.0,7,[1]
0,222,x7f1bd20e69b0,1116,-400.0,0.0,7,[1]
0,222,x7f1bd20e69b0,1117,369.3752637400422,2.0,7,[1]
0,222,x7f1bd20e69b0,1118,-400.0,0.0,7,[1]
0,222,x7f1bd20e69b0,1119,-354.7719085085678,0.0,6,[0]
0,222,x7f1bd20e69b0,1120,-400.0,0.0,6,[0]
0,222,x7f1bd20e69b0,1121,-400.0,0.0,6,[0]
0,222,x7f1bd20e69b0,1122,-400.0,0.0,5,[8]
0,222,x7f1bd20e69b0,1123,-340.9416417468605,0.0,6,[8]
0,222,x7f1bd20e69b0,1124,-400.0,0.0,4,[7]
0,222,x7f1bd20e69b0,1125,-400.0,0.0,4,[7]
0,222,x7f1bd20e69b0,1126,-400.0,0.0,3,[6]
0,222,x7f1bd20e69b0,1127,-400.0,0.0,3,[6]
0,222,x7f1bd20e69b0,1128,-100.0,0.0,2,[5]
0,222,x7f1bd20e69b0,1129,-400.0,0.0,2,[5]
0,222,x7f1bd20e69b0,1130,-400.0,0.0,2,[0]
0,222,x7f1bd20e69b0,1131,-132.36196964466194,0.0,3,[6]
0,222,x7f1bd20e69b0,1132,500.13317682981335,2.0,3,[6]
0,222,x7f1bd20e69b0,1133,49.999863167506334,1.0,6,[0]
0,222,x7f1bd20e69b0,1134,-250.0,0.0,5,[8]
0,222,x7f1bd20e69b0,1135,-250.0,0.0,5,[8]
0,222,x7f1bd20e69b0,1136,-99.99199441122522,0.0,4,[7]
0,222,x7f1bd20e69b0,1137,-129.11055797206262,0.0,4,[7]
0,222,x7f1bd20e69b0,1138,-250.0,0.0,3,[6]
0,222,x7f1bd20e69b0,1139,-100.0,1.0,3,[6]
0,222,x7f1bd20e69b0,1140,-250.0,0.0,4,[6]
0,222,x7f1bd20e69b0,1141,50.0,0.0,2,[5]
0,222,x7f1bd20e69b0,1142,-250.0,0.0,2,[5]
0,222,x7f1bd20e69b0,1143,467.63803035533806,2.0,3,[6]
0,222,x7f1bd20e69b0,1144,200.0,1.0,2,[5]
0,222,x7f1bd20e69b0,1145,50.0,0.0,2,[5]
0,222,x7f1bd20e69b0,1146,-250.0,0.0,2,[5]
0,222,x7f1bd20e69b0,1147,-250.0,0.0,2,[5]
0,222,x7f1bd20e69b0,1148,-100.0,1.0,2,[4]
0,222,x7f1bd20e69b0,1149,-400.0,0.0,2,[0]
0,222,x7f1bd20e69b0,1150,-850.0,0.0,4,[7]
0,222,x7f1bd20e69b0,1151,499.99878390596416,2.0,4,[7]
0,222,x7f1bd20e69b0,1152,502.83169619892556,2.0,3,[6]
0,222,x7f1bd20e69b0,1153,350.0,2.0,3,[6]
0,222,x7f1bd20e69b0,1154,-116.59457935084288,0.0,3,[0]
0,222,x7f1bd20e69b0,1155,-250.0,0.0,2,[5]
0,222,x7f1bd20e69b0,1156,350.0,2.0,2,[5]
0,222,x7f1bd20e69b0,1157,-250.0,0.0,2,[5]
0,222,x7f1bd20e69b0,1158,-100.0,1.0,2,[5]
0,222,x7f1bd20e69b0,1159,-250.0,0.0,2,[5]
0,222,x7f1bd20e69b0,1160,-751.7293494407312,0.0,5,[7]
0,222,x7f1bd20e69b0,1161,502.83169619892635,2.0,3,[6]
0,222,x7f1bd20e69b0,1162,499.9998631675063,2.0,5,[8]
0,222,x7f1bd20e69b0,1163,-786.0137458154969,0.0,7,[1]
0,222,x7f1bd20e69b0,1164,-704.8663917559277,0.0,7,[1]
0,222,x7f1bd20e69b0,1165,-850.0,0.0,7,[1]
0,222,x7f1bd20e69b0,1166,-750.5535831024134,0.0,7,[1]
0,222,x7f1bd20e69b0,1167,350.0,2.0,7,[1]
0,222,x7f1bd20e69b0,1168,-850.0,0.0,7,[1]
0,222,x7f1bd20e69b0,1169,-850.0,0.0,7,[1]
0,222,x7f1bd20e69b0,1170,-700.0,1.0,7,[1]
0,222,x7f1bd20e69b0,1171,-700.0517192091083,0.0,6,[0]
0,222,x7f1bd20e69b0,1172,-850.0,0.0,6,[0]
0,222,x7f1bd20e69b0,1173,350.0,2.0,6,[0]
0,222,x7f1bd20e69b0,1174,-850.0,0.0,5,[8]
0,222,x7f1bd20e69b0,1175,-700.0,1.0,5,[8]
0,222,x7f1bd20e69b0,1176,-700.0,1.0,4,[7]
0,222,x7f1bd20e69b0,1177,-850.0,0.0,4,[7]
0,222,x7f1bd20e69b0,1178,499.99878390596416,2.0,3,[6]
0,222,x7f1bd20e69b0,1179,-250.0,0.0,3,[6]
0,222,x7f1bd20e69b0,1180,-700.0,1.0,4,[7]
0,222,x7f1bd20e69b0,1181,-850.0,0.0,4,[7]
0,222,x7f1bd20e69b0,1182,350.0,2.0,3,[6]
0,222,x7f1bd20e69b0,1183,350.0,2.0,3,[6]
0,222,x7f1bd20e69b0,1184,-400.0,0.0,6,[0]
0,222,x7f1bd20e69b0,1185,-309.108877192028,0.0,5,[8]
0,222,x7f1bd20e69b0,1186,-372.80633729616045,0.0,5,[8]
0,222,x7f1bd20e69b0,1187,-400.0,0.0,5,[0]
0,222,x7f1bd20e69b0,1188,-100.0,1.0,4,[7]
0,222,x7f1bd20e69b0,1189,-100.0,1.0,4,[7]
0,222,x7f1bd20e69b0,1190,-250.0,0.0,3,[6]
0,222,x7f1bd20e69b0,1191,-250.0,0.0,3,[6]
0,222,x7f1bd20e69b0,1192,-250.0,0.0,2,[5]
0,222,x7f1bd20e69b0,1193,-250.0,0.0,2,[5]
0,222,x7f1bd20e69b0,1194,-250.0,0.0,2,[4]
0,222,x7f1bd20e69b0,1195,-400.0,0.0,3,[5]
0,222,x7f1bd20e69b0,1196,650.0,2.0,2,[4]
0,222,x7f1bd20e69b0,1197,-132.36196964466194,0.0,3,[6]
0,222,x7f1bd20e69b0,1198,-249.99199441122522,0.0,5,[8]
0,222,x7f1bd20e69b0,1199,350.0,2.0,5,[8]
0,222,x7f1bd20e69b0,1200,-400.0,0.0,4,[7]
0,222,x7f1bd20e69b0,1201,-400.0,0.0,7,[1]
0,222,x7f1bd20e69b0,1202,417.7376331743586,2.0,7,[1]
0,222,x7f1bd20e69b0,1203,-255.1467222531721,0.0,6,[0]
0,222,x7f1bd20e69b0,1204,-400.0,0.0,6,[0]
0,222,x7f1bd20e69b0,1205,-400.0,0.0,5,[8]
0,222,x7f1bd20e69b0,1206,-400.0,0.0,5,[8]
0,222,x7f1bd20e69b0,1207,-400.0,0.0,4,[7]
0,222,x7f1bd20e69b0,1208,-400.0,0.0,4,[7]
0,222,x7f1bd20e69b0,1209,-400.0,0.0,7,[1]
0,222,x7f1bd20e69b0,1210,-273.48442415401394,0.0,7,[1]
0,222,x7f1bd20e69b0,1211,-400.0,0.0,7,[1]
0,222,x7f1bd20e69b0,1212,-400.0,0.0,7,[1]
0,222,x7f1bd20e69b0,1213,-100.0,1.0,7,[1]
0,222,x7f1bd20e69b0,1214,-400.0,0.0,7,[1]
0,222,x7f1bd20e69b0,1215,-100.0,1.0,7,[1]
0,222,x7f1bd20e69b0,1216,-328.2350338028607,0.0,7,[1]
0,222,x7f1bd20e69b0,1217,-400.0,0.0,7,[1]
0,222,x7f1bd20e69b0,1218,-400.0,0.0,7,[1]
0,222,x7f1bd20e69b0,1219,-254.7985732678157,0.0,6,[0]
0,222,x7f1bd20e69b0,1220,-100.0,1.0,6,[0]
0,222,x7f1bd20e69b0,1221,-400.0,0.0,5,[8]
0,222,x7f1bd20e69b0,1222,-100.0,1.0,5,[8]
0,222,x7f1bd20e69b0,1223,-100.0,1.0,4,[7]
0,222,x7f1bd20e69b0,1224,-400.0,0.0,4,[7]
0,222,x7f1bd20e69b0,1225,-400.0,0.0,4,[0]
0,222,x7f1bd20e69b0,1226,50.13317682981332,1.0,3,[6]
0,222,x7f1bd20e69b0,1227,-250.0,0.0,4,[6]
0,222,x7f1bd20e69b0,1228,50.0,0.0,2,[5]
0,222,x7f1bd20e69b0,1229,-250.0,0.0,2,[5]
0,222,x7f1bd20e69b0,1230,-547.1683038010738,1.0,3,[6]
0,222,x7f1bd20e69b0,1231,350.0,2.0,2,[5]
0,222,x7f1bd20e69b0,1232,-250.0,0.0,2,[5]
0,222,x7f1bd20e69b0,1233,-250.0,0.0,3,[6]
0,222,x7f1bd20e69b0,1234,-106.78992062873034,0.0,3,[6]
0,222,x7f1bd20e69b0,1235,50.0,0.0,2,[5]
0,222,x7f1bd20e69b0,1236,-250.0,0.0,2,[5]
0,222,x7f1bd20e69b0,1237,-700.0,1.0,2,[5]
0,222,x7f1bd20e69b0,1238,500.0080055887747,2.0,5,[8]
0,222,x7f1bd20e69b0,1239,-250.0,0.0,4,[7]
0,222,x7f1bd20e69b0,1240,-250.0,0.0,4,[7]
0,222,x7f1bd20e69b0,1241,-99.9943368462495,0.0,3,[6]
0,222,x7f1bd20e69b0,1242,494.8532777468248,2.0,5,[8]
0,222,x7f1bd20e69b0,1243,-250.0,0.0,7,[1]
0,222,x7f1bd20e69b0,1244,-250.0,0.0,7,[1]
0,222,x7f1bd20e69b0,1245,41.08276179473131,1.0,7,[1]
0,222,x7f1bd20e69b0,1246,-159.10887719202037,0.0,7,[1]
0,222,x7f1bd20e69b0,1247,-250.0,0.0,7,[1]
0,222,x7f1bd20e69b0,1248,-100.41032066947258,0.0,6,[0]
0,222,x7f1bd20e69b0,1249,-250.0,0.0,6,[0]
0,222,x7f1bd20e69b0,1250,-250.0,0.0,5,[8]
0,222,x7f1bd20e69b0,1251,-100.0,1.0,5,[8]
0,222,x7f1bd20e69b0,1252,-250.0,0.0,4,[7]
0,222,x7f1bd20e69b0,1253,-250.0,0.0,4,[7]
0,222,x7f1bd20e69b0,1254,-250.0,0.0,5,[7]
0,222,x7f1bd20e69b0,1255,-250.0,0.0,3,[6]
0,222,x7f1bd20e69b0,1256,-250.0,0.0,3,[6]
0,222,x7f1bd20e69b0,1257,-250.0,0.0,2,[5]
0,222,x7f1bd20e69b0,1258,-115.8840479699897,0.0,5,[8]
0,222,x7f1bd20e69b0,1259,-250.0,0.0,4,[7]
0,222,x7f1bd20e69b0,1260,477.9199843189531,2.0,7,[1]
0,222,x7f1bd20e69b0,1261,-799.8991904611817,0.0,7,[1]
0,222,x7f1bd20e69b0,1262,-850.0,0.0,7,[1]
0,222,x7f1bd20e69b0,1263,-850.0,0.0,7,[1]
0,222,x7f1bd20e69b0,1264,-850.0,0.0,7,[1]
0,222,x7f1bd20e69b0,1265,-599.7080124395029,1.0,7,[1]
0,222,x7f1bd20e69b0,1266,-850.0,0.0,7,[1]
0,222,x7f1bd20e69b0,1267,350.0,2.0,7,[1]
0,222,x7f1bd20e69b0,1268,-850.0,0.0,7,[1]
0,222,x7f1bd20e69b0,1269,-850.0,0.0,7,[1]
0,222,x7f1bd20e69b0,1270,-850.0,0.0,7,[1]
0,222,x7f1bd20e69b0,1271,-850.0,0.0,7,[1]
0,222,x7f1bd20e69b0,1272,-700.0,1.0,7,[1]
0,222,x7f1bd20e69b0,1273,-850.0,0.0,7,[1]
0,222,x7f1bd20e69b0,1274,-850.0,0.0,7,[1]
0,222,x7f1bd20e69b0,1275,-700.0,1.0,7,[1]
0,222,x7f1bd20e69b0,1276,-850.0,0.0,6,[0]
0,222,x7f1bd20e69b0,1277,-850.0,0.0,6,[0]
0,222,x7f1bd20e69b0,1278,445.00282519201573,2.0,5,[8]
0,222,x7f1bd20e69b0,1279,-850.0,0.0,5,[8]
0,222,x7f1bd20e69b0,1280,350.0,2.0,4,[7]
0,222,x7f1bd20e69b0,1281,-250.0,0.0,4,[7]
0,222,x7f1bd20e69b0,1282,-112.8487352227939,0.0,3,[6]
0,222,x7f1bd20e69b0,1283,350.0,2.0,3,[6]
0,222,x7f1bd20e69b0,1284,-250.0,0.0,4,[6]
0,222,x7f1bd20e69b0,1285,-250.0,0.0,2,[5]
0,222,x7f1bd20e69b0,1286,-250.0,0.0,2,[5]
0,222,x7f1bd20e69b0,1287,-697.1683038010736,0.0,4,[7]
0,222,x7f1bd20e69b0,1288,-751.7293494407312,0.0,4,[7]
0,222,x7f1bd20e69b0,1289,-850.0,0.0,7,[1]
0,222,x7f1bd20e69b0,1290,-701.8671892198175,0.0,7,[1]
0,222,x7f1bd20e69b0,1291,-550.0001368324936,1.0,6,[0]
0,222,x7f1bd20e69b0,1292,-850.0,0.0,6,[0]
0,222,x7f1bd20e69b0,1293,-700.0,1.0,5,[8]
0,222,x7f1bd20e69b0,1294,-850.0,0.0,5,[8]
0,222,x7f1bd20e69b0,1295,-850.0,0.0,5,[0]
0,222,x7f1bd20e69b0,1296,-700.0012160940358,0.0,4,[7]
0,222,x7f1bd20e69b0,1297,-850.0,0.0,4,[7]
0,222,x7f1bd20e69b0,1298,-850.0,0.0,3,[6]
0,222,x7f1bd20e69b0,1299,-850.0,0.0,3,[6]
0,222,x7f1bd20e69b0,1300,650.0,2.0,2,[5]
0,222,x7f1bd20e69b0,1301,-850.0,0.0,2,[5]
0,222,x7f1bd20e69b0,1302,-850.0,0.0,2,[4]
0,222,x7f1bd20e69b0,1303,-697.1683038010736,0.0,5,[7]
0,222,x7f1bd20e69b0,1304,-850.0,0.0,3,[6]
0,222,x7f1bd20e69b0,1305,-850.0,0.0,6,[8]
0,222,x7f1bd20e69b0,1306,-550.0644186708437,1.0,4,[7]
0,222,x7f1bd20e69b0,1307,-700.0001368324937,0.0,5,[7]
0,222,x7f1bd20e69b0,1308,-704.8663917559277,0.0,7,[1]
0,222,x7f1bd20e69b0,1309,-700.0,1.0,7,[1]
0,222,x7f1bd20e69b0,1310,-600.5535831024134,1.0,7,[1]
0,222,x7f1bd20e69b0,1311,-700.0,1.0,7,[1]
0,222,x7f1bd20e69b0,1312,-850.0,0.0,7,[1]
0,222,x7f1bd20e69b0,1313,-850.0,0.0,7,[1]
0,222,x7f1bd20e69b0,1314,-850.0,0.0,7,[1]
0,222,x7f1bd20e69b0,1315,-700.0,1.0,7,[1]
0,222,x7f1bd20e69b0,1316,-850.0,0.0,7,[1]
0,222,x7f1bd20e69b0,1317,-700.0,1.0,7,[1]
0,222,x7f1bd20e69b0,1318,350.0,2.0,7,[1]
0,222,x7f1bd20e69b0,1319,-850.0,0.0,7,[1]
0,222,x7f1bd20e69b0,1320,-850.0,0.0,7,[1]
0,222,x7f1bd20e69b0,1321,-700.0,1.0,7,[1]
0,222,x7f1bd20e69b0,1322,-850.0,0.0,7,[1]
0,222,x7f1bd20e69b0,1323,-850.0,0.0,7,[1]
0,222,x7f1bd20e69b0,1324,-850.0,0.0,7,[1]
0,222,x7f1bd20e69b0,1325,-850.0,0.0,7,[1]
0,222,x7f1bd20e69b0,1326,-850.0,0.0,7,[1]
0,222,x7f1bd20e69b0,1327,-850.0,0.0,7,[1]
0,222,x7f1bd20e69b0,1328,-850.0,0.0,7,[1]
0,222,x7f1bd20e69b0,1329,350.0,2.0,7,[1]
0,222,x7f1bd20e69b0,1330,-850.0,0.0,7,[1]
0,222,x7f1bd20e69b0,1331,-850.0,0.0,7,[1]
0,222,x7f1bd20e69b0,1332,-850.0,0.0,7,[1]
0,222,x7f1bd20e69b0,1333,-850.0,0.0,7,[1]
0,222,x7f1bd20e69b0,1334,-850.0,0.0,7,[1]
0,222,x7f1bd20e69b0,1335,-850.0,0.0,7,[1]
0,222,x7f1bd20e69b0,1336,-850.0,0.0,7,[1]
0,222,x7f1bd20e69b0,1337,-850.0,0.0,7,[1]
0,222,x7f1bd20e69b0,1338,350.0,2.0,7,[1]
0,222,x7f1bd20e69b0,1339,350.0,2.0,7,[1]
0,222,x7f1bd20e69b0,1340,-700.0,1.0,7,[1]
0,222,x7f1bd20e69b0,1341,-850.0,0.0,7,[1]
0,222,x7f1bd20e69b0,1342,-700.0,1.0,7,[1]
0,222,x7f1bd20e69b0,1343,-850.0,0.0,7,[1]
0,222,x7f1bd20e69b0,1344,-850.0,0.0,7,[1]
0,222,x7f1bd20e69b0,1345,-700.0,1.0,7,[1]
0,222,x7f1bd20e69b0,1346,-850.0,0.0,7,[1]
0,222,x7f1bd20e69b0,1347,-850.0,0.0,7,[1]
0,222,x7f1bd20e69b0,1348,-700.0,1.0,7,[1]
0,222,x7f1bd20e69b0,1349,350.0,2.0,7,[1]
0,222,x7f1bd20e69b0,1350,-850.0,0.0,7,[1]
0,222,x7f1bd20e69b0,1351,-700.0,1.0,7,[1]
0,222,x7f1bd20e69b0,1352,-700.0,1.0,7,[1]
0,222,x7f1bd20e69b0,1353,-850.0,0.0,7,[1]
0,222,x7f1bd20e69b0,1354,-700.0,1.0,7,[1]
0,222,x7f1bd20e69b0,1355,-700.0,1.0,7,[1]
0,222,x7f1bd20e69b0,1356,-850.0,0.0,7,[1]
0,222,x7f1bd20e69b0,1357,-850.0,0.0,7,[1]
0,222,x7f1bd20e69b0,1358,-850.0,0.0,7,[1]
0,222,x7f1bd20e69b0,1359,350.0,2.0,7,[1]
0,222,x7f1bd20e69b0,1360,-850.0,0.0,7,[1]
0,222,x7f1bd20e69b0,1361,-850.0,0.0,7,[1]
0,222,x7f1bd20e69b0,1362,-700.0,1.0,7,[1]
0,222,x7f1bd20e69b0,1363,-850.0,0.0,7,[1]
0,222,x7f1bd20e69b0,1364,-700.0,1.0,7,[1]
0,222,x7f1bd20e69b0,1365,-850.0,0.0,7,[1]
0,222,x7f1bd20e69b0,1366,-850.0,0.0,7,[1]
0,222,x7f1bd20e69b0,1367,-850.0,0.0,7,[1]
0,222,x7f1bd20e69b0,1368,-636.0137458154969,1.0,6,[0]
0,222,x7f1bd20e69b0,1369,-700.0,1.0,6,[0]
0,222,x7f1bd20e69b0,1370,428.24982592729225,2.0,7,[1]
0,222,x7f1bd20e69b0,1371,-796.0043382587396,0.0,7,[1]
0,222,x7f1bd20e69b0,1372,-850.0,0.0,7,[1]
0,222,x7f1bd20e69b0,1373,350.0,2.0,7,[1]
0,222,x7f1bd20e69b0,1374,-826.4144730104916,0.0,7,[1]
0,222,x7f1bd20e69b0,1375,-850.0,0.0,6,[0]
0,222,x7f1bd20e69b0,1376,-850.0,0.0,6,[0]
0,222,x7f1bd20e69b0,1377,-850.0,0.0,6,[0]
0,222,x7f1bd20e69b0,1378,-700.0517192091083,0.0,5,[8]
0,222,x7f1bd20e69b0,1379,-850.0,0.0,5,[8]
0,222,x7f1bd20e69b0,1380,-850.0,0.0,4,[7]
0,222,x7f1bd20e69b0,1381,-850.0,0.0,4,[7]
0,222,x7f1bd20e69b0,1382,-850.0,0.0,3,[6]
0,222,x7f1bd20e69b0,1383,-700.0,1.0,3,[6]
0,222,x7f1bd20e69b0,1384,-550.0,0.0,2,[5]
0,222,x7f1bd20e69b0,1385,-850.0,0.0,2,[5]
0,222,x7f1bd20e69b0,1386,-850.0,0.0,3,[5]
0,222,x7f1bd20e69b0,1387,-97.16830380107368,0.0,3,[6]
0,222,x7f1bd20e69b0,1388,-250.0,0.0,2,[5]
0,222,x7f1bd20e69b0,1389,-250.0,0.0,2,[5]
0,222,x7f1bd20e69b0,1390,-700.3093822097621,0.0,7,[1]
0,222,x7f1bd20e69b0,1391,-850.0,0.0,7,[1]
0,222,x7f1bd20e69b0,1392,-766.3455765854524,0.0,6,[0]
0,222,x7f1bd20e69b0,1393,350.0,2.0,7,[1]
0,222,x7f1bd20e69b0,1394,350.0,2.0,7,[1]
0,222,x7f1bd20e69b0,1395,-700.0,1.0,7,[1]
0,222,x7f1bd20e69b0,1396,-729.1105579720626,0.0,6,[0]
0,222,x7f1bd20e69b0,1397,-850.0,0.0,6,[0]
0,222,x7f1bd20e69b0,1398,500.0080055887747,2.0,5,[8]
0,222,x7f1bd20e69b0,1399,-250.0,0.0,5,[8]
0,222,x7f1bd20e69b0,1400,-850.0,0.0,6,[8]
0,222,x7f1bd20e69b0,1401,-250.0,0.0,4,[7]
0,222,x7f1bd20e69b0,1402,350.0,2.0,4,[7]
0,222,x7f1bd20e69b0,1403,-97.16830380107163,0.0,3,[6]
0,222,x7f1bd20e69b0,1404,-100.0,1.0,3,[6]
0,222,x7f1bd20e69b0,1405,-250.0,0.0,2,[5]
0,222,x7f1bd20e69b0,1406,-100.0,1.0,2,[5]
0,222,x7f1bd20e69b0,1407,-250.0,0.0,2,[4]
0,222,x7f1bd20e69b0,1408,-850.0,0.0,2,[5]
0,222,x7f1bd20e69b0,1409,-850.0,0.0,5,[8]
0,222,x7f1bd20e69b0,1410,-699.9919944112253,0.0,4,[7]
0,222,x7f1bd20e69b0,1411,-700.3093822097626,0.0,4,[7]
0,222,x7f1bd20e69b0,1412,-700.0,1.0,5,[7]
0,222,x7f1bd20e69b0,1413,-850.0,0.0,3,[6]
0,222,x7f1bd20e69b0,1414,-850.0,0.0,3,[6]
0,222,x7f1bd20e69b0,1415,-850.0,0.0,2,[5]
0,222,x7f1bd20e69b0,1416,-850.0,0.0,2,[5]
0,222,x7f1bd20e69b0,1417,-701.3068771267594,0.0,4,[0]
0,222,x7f1bd20e69b0,1418,-850.0,0.0,3,[6]
0,222,x7f1bd20e69b0,1419,350.0,2.0,4,[6]
0,222,x7f1bd20e69b0,1420,-850.0,0.0,2,[5]
0,222,x7f1bd20e69b0,1421,-850.0,0.0,2,[5]
0,222,x7f1bd20e69b0,1422,-247.16830380107444,0.0,3,[6]
0,222,x7f1bd20e69b0,1423,-400.0,0.0,3,[0]
0,222,x7f1bd20e69b0,1424,-400.0,0.0,2,[5]
0,222,x7f1bd20e69b0,1425,-249.99199441122525,0.0,3,[5]
0,222,x7f1bd20e69b0,1426,-850.0,0.0,6,[0]
0,222,x7f1bd20e69b0,1427,499.94828079089166,2.0,5,[8]
0,222,x7f1bd20e69b0,1428,49.58967933052742,1.0,6,[8]
0,222,x7f1bd20e69b0,1429,-400.0,0.0,4,[7]
0,222,x7f1bd20e69b0,1430,-252.7919071897236,0.0,7,[1]
0,222,x7f1bd20e69b0,1431,350.0,2.0,7,[1]
0,222,x7f1bd20e69b0,1432,-268.50645854804975,0.0,7,[1]
0,222,x7f1bd20e69b0,1433,-400.0,0.0,7,[1]
0,222,x7f1bd20e69b0,1434,-400.0,0.0,6,[0]
0,222,x7f1bd20e69b0,1435,-400.0,0.0,7,[1]
0,222,x7f1bd20e69b0,1436,-400.0,0.0,7,[1]
0,222,x7f1bd20e69b0,1437,-400.0,0.0,7,[1]
0,222,x7f1bd20e69b0,1438,350.0,2.0,7,[1]
0,222,x7f1bd20e69b0,1439,-400.0,0.0,7,[1]
0,222,x7f1bd20e69b0,1440,-400.0,0.0,7,[1]
0,222,x7f1bd20e69b0,1441,-400.0,0.0,7,[1]
0,222,x7f1bd20e69b0,1442,-400.0,0.0,7,[1]
0,222,x7f1bd20e69b0,1443,-400.0,0.0,7,[1]
0,222,x7f1bd20e69b0,1444,-400.0,0.0,7,[1]
0,222,x7f1bd20e69b0,1445,-100.0,1.0,7,[1]
0,222,x7f1bd20e69b0,1446,-100.0,1.0,6,[0]
0,222,x7f1bd20e69b0,1447,350.0,2.0,6,[0]
0,222,x7f1bd20e69b0,1448,-266.59457935083236,0.0,5,[8]
0,222,x7f1bd20e69b0,1449,350.0,2.0,7,[1]
0,222,x7f1bd20e69b0,1450,-278.1905407669755,0.0,6,[0]
0,222,x7f1bd20e69b0,1451,-306.6550956892768,0.0,6,[0]
0,222,x7f1bd20e69b0,1452,-400.0,0.0,5,[8]
0,222,x7f1bd20e69b0,1453,350.0,2.0,5,[8]
0,222,x7f1bd20e69b0,1454,-286.84601635943625,0.0,7,[1]
0,222,x7f1bd20e69b0,1455,-400.0,0.0,7,[1]
0,222,x7f1bd20e69b0,1456,-315.6118220806057,0.0,7,[1]
0,222,x7f1bd20e69b0,1457,-400.0,0.0,7,[1]
0,222,x7f1bd20e69b0,1458,-400.0,0.0,7,[1]
0,222,x7f1bd20e69b0,1459,-400.0,0.0,7,[1]
0,222,x7f1bd20e69b0,1460,-400.0,0.0,7,[1]
0,222,x7f1bd20e69b0,1461,-400.0,0.0,7,[1]
0,222,x7f1bd20e69b0,1462,-400.0,0.0,7,[1]
0,222,x7f1bd20e69b0,1463,-400.0,0.0,7,[1]
0,222,x7f1bd20e69b0,1464,-400.0,0.0,7,[1]
0,222,x7f1bd20e69b0,1465,-400.0,0.0,7,[1]
0,222,x7f1bd20e69b0,1466,-400.0,0.0,7,[1]
0,222,x7f1bd20e69b0,1467,350.0,2.0,7,[1]
0,222,x7f1bd20e69b0,1468,-360.05855928718495,0.0,7,[1]
0,222,x7f1bd20e69b0,1469,-400.0,0.0,7,[1]
0,222,x7f1bd20e69b0,1470,-400.0,0.0,7,[1]
0,222,x7f1bd20e69b0,1471,-400.0,0.0,7,[1]
0,222,x7f1bd20e69b0,1472,-400.0,0.0,7,[1]
0,222,x7f1bd20e69b0,1473,350.0,2.0,7,[1]
0,222,x7f1bd20e69b0,1474,-100.0,1.0,7,[1]
0,222,x7f1bd20e69b0,1475,-400.0,0.0,7,[1]
0,222,x7f1bd20e69b0,1476,-400.0,0.0,7,[1]
0,222,x7f1bd20e69b0,1477,-400.0,0.0,7,[1]
0,222,x7f1bd20e69b0,1478,-400.0,0.0,7,[1]
0,222,x7f1bd20e69b0,1479,350.0,2.0,7,[1]
0,222,x7f1bd20e69b0,1480,-400.0,0.0,7,[1]
0,222,x7f1bd20e69b0,1481,-100.0,1.0,7,[1]
0,222,x7f1bd20e69b0,1482,-400.0,0.0,6,[0]
0,222,x7f1bd20e69b0,1483,-100.0,1.0,7,[1]
0,222,x7f1bd20e69b0,1484,-400.0,0.0,7,[1]
0,222,x7f1bd20e69b0,1485,-400.0,0.0,7,[1]
0,222,x7f1bd20e69b0,1486,-100.0,1.0,7,[1]
0,222,x7f1bd20e69b0,1487,-400.0,0.0,7,[1]
0,222,x7f1bd20e69b0,1488,-400.0,0.0,7,[1]
0,222,x7f1bd20e69b0,1489,-400.0,0.0,7,[1]
0,222,x7f1bd20e69b0,1490,-100.0,1.0,7,[1]
0,222,x7f1bd20e69b0,1491,-400.0,0.0,7,[1]
0,222,x7f1bd20e69b0,1492,350.0,2.0,7,[1]
0,222,x7f1bd20e69b0,1493,-400.0,0.0,7,[1]
0,222,x7f1bd20e69b0,1494,-400.0,0.0,7,[1]
0,222,x7f1bd20e69b0,1495,-400.0,0.0,7,[1]
0,222,x7f1bd20e69b0,1496,350.0,2.0,7,[1]
0,222,x7f1bd20e69b0,1497,-400.0,0.0,7,[1]
0,222,x7f1bd20e69b0,1498,-100.0,1.0,7,[1]
0,222,x7f1bd20e69b0,1499,-100.0,1.0,7,[1]
0,222,x7f1bd20e69b0,1500,-400.0,0.0,7,[1]
0,222,x7f1bd20e69b0,1501,-400.0,0.0,7,[1]
0,222,x7f1bd20e69b0,1502,-400.0,0.0,7,[1]
0,222,x7f1bd20e69b0,1503,-400.0,0.0,7,[1]
0,222,x7f1bd20e69b0,1504,-400.0,0.0,7,[1]
0,222,x7f1bd20e69b0,1505,-100.0,1.0,7,[1]
0,222,x7f1bd20e69b0,1506,-400.0,0.0,7,[1]
0,222,x7f1bd20e69b0,1507,-400.0,0.0,7,[1]
0,222,x7f1bd20e69b0,1508,-400.0,0.0,7,[1]
0,222,x7f1bd20e69b0,1509,-400.0,0.0,7,[1]
0,222,x7f1bd20e69b0,1510,-400.0,0.0,7,[1]
0,222,x7f1bd20e69b0,1511,-100.0,1.0,7,[1]
0,222,x7f1bd20e69b0,1512,-400.0,0.0,7,[1]
0,222,x7f1bd20e69b0,1513,-400.0,0.0,7,[1]
0,222,x7f1bd20e69b0,1514,-100.0,1.0,7,[1]
0,222,x7f1bd20e69b0,1515,-400.0,0.0,7,[1]
0,222,x7f1bd20e69b0,1516,-400.0,0.0,7,[1]
0,222,x7f1bd20e69b0,1517,-400.0,0.0,7,[1]
0,222,x7f1bd20e69b0,1518,-100.0,1.0,7,[1]
0,222,x7f1bd20e69b0,1519,-400.0,0.0,7,[1]
0,222,x7f1bd20e69b0,1520,-400.0,0.0,7,[1]
0,222,x7f1bd20e69b0,1521,-400.0,0.0,7,[1]
0,222,x7f1bd20e69b0,1522,-400.0,0.0,7,[1]
0,222,x7f1bd20e69b0,1523,-400.0,0.0,7,[1]
0,222,x7f1bd20e69b0,1524,-400.0,0.0,7,[1]
0,222,x7f1bd20e69b0,1525,-400.0,0.0,7,[1]
0,222,x7f1bd20e69b0,1526,350.0,2.0,7,[1]
0,222,x7f1bd20e69b0,1527,-400.0,0.0,7,[1]
0,222,x7f1bd20e69b0,1528,-400.0,0.0,7,[1]
0,222,x7f1bd20e69b0,1529,-400.0,0.0,7,[1]
0,222,x7f1bd20e69b0,1530,-400.0,0.0,7,[1]
0,222,x7f1bd20e69b0,1531,-400.0,0.0,7,[1]
0,222,x7f1bd20e69b0,1532,-400.0,0.0,7,[1]
0,222,x7f1bd20e69b0,1533,-400.0,0.0,7,[1]
0,222,x7f1bd20e69b0,1534,-400.0,0.0,7,[1]
0,222,x7f1bd20e69b0,1535,-100.0,1.0,7,[1]
0,222,x7f1bd20e69b0,1536,-400.0,0.0,7,[1]
0,222,x7f1bd20e69b0,1537,-400.0,0.0,7,[1]
0,222,x7f1bd20e69b0,1538,-100.0,1.0,7,[1]
0,222,x7f1bd20e69b0,1539,350.0,2.0,7,[1]
0,222,x7f1bd20e69b0,1540,-400.0,0.0,7,[1]
0,222,x7f1bd20e69b0,1541,-400.0,0.0,7,[1]
0,222,x7f1bd20e69b0,1542,350.0,2.0,7,[1]
0,222,x7f1bd20e69b0,1543,-400.0,0.0,7,[1]
0,222,x7f1bd20e69b0,1544,-400.0,0.0,7,[1]
0,222,x7f1bd20e69b0,1545,-400.0,0.0,7,[1]
0,222,x7f1bd20e69b0,1546,-400.0,0.0,7,[1]
0,222,x7f1bd20e69b0,1547,-400.0,0.0,7,[1]
0,222,x7f1bd20e69b0,1548,-400.0,0.0,7,[1]
0,222,x7f1bd20e69b0,1549,350.0,2.0,7,[1]
0,222,x7f1bd20e69b0,1550,-400.0,0.0,7,[1]
0,222,x7f1bd20e69b0,1551,-400.0,0.0,7,[1]
0,222,x7f1bd20e69b0,1552,-100.0,1.0,7,[1]
0,222,x7f1bd20e69b0,1553,-400.0,0.0,7,[1]
0,222,x7f1bd20e69b0,1554,-400.0,0.0,7,[1]
0,222,x7f1bd20e69b0,1555,-400.0,0.0,7,[1]
0,222,x7f1bd20e69b0,1556,-400.0,0.0,7,[1]
0,222,x7f1bd20e69b0,1557,-100.0,1.0,7,[1]
0,222,x7f1bd20e69b0,1558,-100.0,1.0,7,[1]
0,222,x7f1bd20e69b0,1559,350.0,2.0,7,[1]
0,222,x7f1bd20e69b0,1560,-400.0,0.0,7,[1]
0,222,x7f1bd20e69b0,1561,-400.0,0.0,7,[1]
0,222,x7f1bd20e69b0,1562,-400.0,0.0,7,[1]
0,222,x7f1bd20e69b0,1563,-400.0,0.0,7,[1]
0,222,x7f1bd20e69b0,1564,-400.0,0.0,7,[1]
0,222,x7f1bd20e69b0,1565,-400.0,0.0,7,[1]
0,222,x7f1bd20e69b0,1566,350.0,2.0,7,[1]
0,222,x7f1bd20e69b0,1567,-400.0,0.0,7,[1]
0,222,x7f1bd20e69b0,1568,-100.0,1.0,7,[1]
0,222,x7f1bd20e69b0,1569,-400.0,0.0,7,[1]
0,222,x7f1bd20e69b0,1570,-400.0,0.0,7,[1]
0,222,x7f1bd20e69b0,1571,-400.0,0.0,7,[1]
0,222,x7f1bd20e69b0,1572,-400.0,0.0,7,[1]
0,222,x7f1bd20e69b0,1573,-400.0,0.0,7,[1]
0,222,x7f1bd20e69b0,1574,-100.0,1.0,7,[1]
0,222,x7f1bd20e69b0,1575,-100.0,1.0,7,[1]
0,222,x7f1bd20e69b0,1576,-400.0,0.0,7,[1]
0,222,x7f1bd20e69b0,1577,-400.0,0.0,7,[1]
0,222,x7f1bd20e69b0,1578,-400.0,0.0,7,[1]
0,222,x7f1bd20e69b0,1579,350.0,2.0,7,[1]
0,222,x7f1bd20e69b0,1580,-400.0,0.0,7,[1]
0,222,x7f1bd20e69b0,1581,-400.0,0.0,7,[1]
0,222,x7f1bd20e69b0,1582,-400.0,0.0,7,[1]
0,222,x7f1bd20e69b0,1583,350.0,2.0,7,[1]
0,222,x7f1bd20e69b0,1584,-400.0,0.0,7,[1]
0,222,x7f1bd20e69b0,1585,-400.0,0.0,7,[1]
0,222,x7f1bd20e69b0,1586,-400.0,0.0,7,[1]
0,222,x7f1bd20e69b0,1587,350.0,2.0,7,[1]
0,222,x7f1bd20e69b0,1588,-400.0,0.0,7,[1]
0,222,x7f1bd20e69b0,1589,350.0,2.0,7,[1]
0,222,x7f1bd20e69b0,1590,-400.0,0.0,7,[1]
0,222,x7f1bd20e69b0,1591,-400.0,0.0,7,[1]
0,222,x7f1bd20e69b0,1592,-100.0,1.0,7,[1]
0,222,x7f1bd20e69b0,1593,-400.0,0.0,7,[1]
0,222,x7f1bd20e69b0,1594,-400.0,0.0,7,[1]
0,222,x7f1bd20e69b0,1595,-100.0,1.0,7,[1]
0,222,x7f1bd20e69b0,1596,-400.0,0.0,7,[1]
0,222,x7f1bd20e69b0,1597,-400.0,0.0,7,[1]
0,222,x7f1bd20e69b0,1598,-400.0,0.0,7,[1]
0,222,x7f1bd20e69b0,1599,-100.0,1.0,7,[1]
0,222,x7f1bd20e69b0,1600,-400.0,0.0,7,[1]
0,222,x7f1bd20e69b0,1601,350.0,2.0,7,[1]
0,222,x7f1bd20e69b0,1602,350.0,2.0,7,[1]
0,222,x7f1bd20e69b0,1603,-100.0,1.0,7,[1]
0,222,x7f1bd20e69b0,1604,-400.0,0.0,7,[1]
0,222,x7f1bd20e69b0,1605,-400.0,0.0,7,[1]
0,222,x7f1bd20e69b0,1606,-400.0,0.0,7,[1]
0,222,x7f1bd20e69b0,1607,-400.0,0.0,7,[1]
0,222,x7f1bd20e69b0,1608,-400.0,0.0,7,[1]
0,222,x7f1bd20e69b0,1609,350.0,2.0,7,[1]
0,222,x7f1bd20e69b0,1610,-400.0,0.0,7,[1]
0,222,x7f1bd20e69b0,1611,350.0,2.0,7,[1]
0,222,x7f1bd20e69b0,1612,-400.0,0.0,7,[1]
0,222,x7f1bd20e69b0,1613,-400.0,0.0,7,[1]
0,222,x7f1bd20e69b0,1614,-400.0,0.0,7,[1]
0,222,x7f1bd20e69b0,1615,-400.0,0.0,7,[1]
0,222,x7f1bd20e69b0,1616,350.0,2.0,7,[1]
0,222,x7f1bd20e69b0,1617,-100.0,1.0,7,[1]
0,222,x7f1bd20e69b0,1618,-400.0,0.0,7,[1]
0,222,x7f1bd20e69b0,1619,-400.0,0.0,7,[1]
0,222,x7f1bd20e69b0,1620,-400.0,0.0,7,[1]
0,222,x7f1bd20e69b0,1621,-400.0,0.0,7,[1]
0,222,x7f1bd20e69b0,1622,-400.0,0.0,7,[1]
0,222,x7f1bd20e69b0,1623,-100.0,1.0,7,[1]
0,222,x7f1bd20e69b0,1624,-400.0,0.0,7,[1]
0,222,x7f1bd20e69b0,1625,-400.0,0.0,7,[1]
0,222,x7f1bd20e69b0,1626,-400.0,0.0,7,[1]
0,222,x7f1bd20e69b0,1627,-400.0,0.0,7,[1]
0,222,x7f1bd20e69b0,1628,-400.0,0.0,7,[1]
0,222,x7f1bd20e69b0,1629,-400.0,0.0,7,[1]
0,222,x7f1bd20e69b0,1630,-400.0,0.0,7,[1]
0,222,x7f1bd20e69b0,1631,-400.0,0.0,7,[1]
0,222,x7f1bd20e69b0,1632,-400.0,0.0,7,[1]
0,222,x7f1bd20e69b0,1633,-400.0,0.0,7,[1]
0,222,x7f1bd20e69b0,1634,-100.0,1.0,7,[1]
0,222,x7f1bd20e69b0,1635,-400.0,0.0,7,[1]
0,222,x7f1bd20e69b0,1636,-400.0,0.0,7,[1]
0,222,x7f1bd20e69b0,1637,-400.0,0.0,7,[1]
0,222,x7f1bd20e69b0,1638,-400.0,0.0,7,[1]
0,222,x7f1bd20e69b0,1639,-400.0,0.0,7,[1]
0,222,x7f1bd20e69b0,1640,350.0,2.0,7,[1]
0,222,x7f1bd20e69b0,1641,-400.0,0.0,7,[1]
0,222,x7f1bd20e69b0,1642,-400.0,0.0,7,[1]
0,222,x7f1bd20e69b0,1643,-400.0,0.0,7,[1]
0,222,x7f1bd20e69b0,1644,-400.0,0.0,7,[1]
0,222,x7f1bd20e69b0,1645,-400.0,0.0,7,[1]
0,222,x7f1bd20e69b0,1646,-400.0,0.0,7,[1]
0,222,x7f1bd20e69b0,1647,-400.0,0.0,7,[1]
0,222,x7f1bd20e69b0,1648,-400.0,0.0,7,[1]
0,222,x7f1bd20e69b0,1649,-400.0,0.0,7,[1]
0,222,x7f1bd20e69b0,1650,-400.0,0.0,7,[1]
0,222,x7f1bd20e69b0,1651,-400.0,0.0,7,[1]
0,222,x7f1bd20e69b0,1652,-400.0,0.0,7,[1]
0,222,x7f1bd20e69b0,1653,-400.0,0.0,7,[1]
0,222,x7f1bd20e69b0,1654,-400.0,0.0,7,[1]
0,222,x7f1bd20e69b0,1655,-400.0,0.0,7,[1]
0,222,x7f1bd20e69b0,1656,-400.0,0.0,7,[1]
