1,13,x7f8a4869a560,1,-50.0,0.0,2,[4],2
1,13,x7f8a4869a560,2,449.5884773662552,2.0,4,[6],2
1,13,x7f8a4869a560,3,150.4115226337448,0.0,3,[5],1
1,13,x7f8a4869a560,4,161.11194884816658,0.0,3,[4],0
1,13,x7f8a4869a560,5,599.9798410899784,2.0,7,[7],2
1,13,x7f8a4869a560,6,50.0,0.0,2,[1],1
1,13,x7f8a4869a560,7,250.0,0.0,7,[4],1
1,13,x7f8a4869a560,8,250.0,0.0,2,[0],2
1,13,x7f8a4869a560,9,83.59125704507159,0.0,7,[5],1
1,13,x7f8a4869a560,10,350.0,1.0,2,[1],2
1,13,x7f8a4869a560,11,240.43427439684422,1.0,7,[8],2
1,13,x7f8a4869a560,12,50.0,0.0,2,[1],1
1,13,x7f8a4869a560,13,152.2914930389142,0.0,7,[5],1
1,13,x7f8a4869a560,14,50.0,0.0,2,[1],1
1,13,x7f8a4869a560,15,150.00985888035757,0.0,7,[5],1
1,13,x7f8a4869a560,16,250.0,0.0,2,[0],2
1,13,x7f8a4869a560,17,-150.0,0.0,7,[4],1
1,13,x7f8a4869a560,18,650.0,2.0,2,[1],2
1,13,x7f8a4869a560,19,557.4604615246626,2.0,7,[8],2
1,13,x7f8a4869a560,20,250.0,0.0,2,[0],2
1,13,x7f8a4869a560,21,45.71379775830266,0.0,7,[6],1
1,13,x7f8a4869a560,22,350.0,1.0,2,[1],2
1,13,x7f8a4869a560,23,244.82748214705381,1.0,7,[8],2
1,13,x7f8a4869a560,24,50.0,0.0,2,[1],1
1,13,x7f8a4869a560,25,150.0,0.0,7,[4],1
1,13,x7f8a4869a560,26,350.0,1.0,2,[1],2
1,13,x7f8a4869a560,27,50.0,1.0,7,[1],2
1,13,x7f8a4869a560,28,299.99793001439,1.0,7,[8],2
1,13,x7f8a4869a560,29,50.0,0.0,2,[1],1
1,13,x7f8a4869a560,30,180.57143419460527,0.0,7,[4],1
1,13,x7f8a4869a560,31,250.0,0.0,2,[0],1
1,13,x7f8a4869a560,32,-150.0,0.0,7,[4],1
1,13,x7f8a4869a560,33,650.0,2.0,2,[1],2
1,13,x7f8a4869a560,34,442.6727641601565,2.0,7,[1],2
1,13,x7f8a4869a560,35,599.0930148119163,2.0,7,[8],2
1,13,x7f8a4869a560,36,50.0,0.0,2,[1],1
1,13,x7f8a4869a560,37,250.0,0.0,7,[4],1
1,13,x7f8a4869a560,38,250.0,0.0,2,[0],1
1,13,x7f8a4869a560,39,150.1562214979018,0.0,7,[5],1
1,13,x7f8a4869a560,40,50.0,0.0,2,[1],1
1,13,x7f8a4869a560,41,101.16549771977128,0.0,7,[4],1
1,13,x7f8a4869a560,42,150.0,0.0,2,[0],1
1,13,x7f8a4869a560,43,150.0,0.0,7,[4],0
1,13,x7f8a4869a560,44,250.0,1.0,2,[0],2
1,13,x7f8a4869a560,45,115.35906231619589,1.0,7,[8],2
1,13,x7f8a4869a560,46,250.0,0.0,2,[0],1
1,13,x7f8a4869a560,47,149.9957740180222,0.0,7,[4],1
1,13,x7f8a4869a560,48,50.0,0.0,2,[1],1
1,13,x7f8a4869a560,49,-256.01024531511166,0.0,7,[5],1
1,13,x7f8a4869a560,50,350.0,2.0,2,[1],2
1,13,x7f8a4869a560,51,443.7093578670527,2.0,7,[8],2
1,13,x7f8a4869a560,52,50.0,0.0,2,[1],1
1,13,x7f8a4869a560,53,250.0,0.0,7,[4],1
1,13,x7f8a4869a560,54,250.0,0.0,2,[0],1
1,13,x7f8a4869a560,55,153.0381468472221,0.0,7,[5],1
1,13,x7f8a4869a560,56,50.0,0.0,2,[1],1
1,13,x7f8a4869a560,57,150.65518661709368,0.0,7,[5],1
1,13,x7f8a4869a560,58,50.0,0.0,2,[1],1
1,13,x7f8a4869a560,59,250.0,0.0,7,[4],1
1,13,x7f8a4869a560,60,50.0,0.0,2,[1],1
1,13,x7f8a4869a560,61,150.05120454595652,0.0,7,[4],1
1,13,x7f8a4869a560,62,250.0,0.0,2,[0],1
1,13,x7f8a4869a560,63,250.0,0.0,7,[4],0
1,13,x7f8a4869a560,64,50.0,0.0,2,[1],1
1,13,x7f8a4869a560,65,149.80349138891253,0.0,7,[4],1
1,13,x7f8a4869a560,66,250.0,0.0,2,[0],1
1,13,x7f8a4869a560,67,147.7566339563823,0.0,7,[5],1
1,13,x7f8a4869a560,68,50.0,0.0,2,[1],1
1,13,x7f8a4869a560,69,140.3995899470006,0.0,7,[6],1
1,13,x7f8a4869a560,70,50.0,0.0,2,[1],1
1,13,x7f8a4869a560,71,149.98499914885025,0.0,7,[4],1
1,13,x7f8a4869a560,72,50.0,0.0,2,[1],1
1,13,x7f8a4869a560,73,250.0,0.0,7,[4],1
1,13,x7f8a4869a560,74,250.0,0.0,2,[0],1
1,13,x7f8a4869a560,75,151.9915907266446,0.0,7,[5],1
1,13,x7f8a4869a560,76,50.0,0.0,2,[1],1
1,13,x7f8a4869a560,77,150.99659822037893,0.0,7,[6],1
1,13,x7f8a4869a560,78,250.0,0.0,2,[0],1
1,13,x7f8a4869a560,79,250.0,0.0,7,[4],1
1,13,x7f8a4869a560,80,50.0,0.0,2,[1],1
1,13,x7f8a4869a560,81,150.08324578503127,0.0,7,[6],1
1,13,x7f8a4869a560,82,50.0,0.0,2,[1],1
1,13,x7f8a4869a560,83,191.62641291440988,0.0,7,[4],1
1,13,x7f8a4869a560,84,50.0,0.0,2,[1],1
1,13,x7f8a4869a560,85,250.0,0.0,7,[4],1
1,13,x7f8a4869a560,86,250.0,0.0,2,[0],1
1,13,x7f8a4869a560,87,143.70650137870896,0.0,7,[5],1
1,13,x7f8a4869a560,88,50.0,0.0,2,[1],1
1,13,x7f8a4869a560,89,133.4994605480228,0.0,7,[6],1
1,13,x7f8a4869a560,90,250.0,0.0,2,[0],1
1,13,x7f8a4869a560,91,250.0,0.0,7,[4],1
1,13,x7f8a4869a560,92,50.0,0.0,2,[1],1
1,13,x7f8a4869a560,93,149.9940680712524,0.0,7,[6],1
1,13,x7f8a4869a560,94,50.0,0.0,2,[1],1
1,13,x7f8a4869a560,95,150.01642157633924,0.0,7,[4],1
1,13,x7f8a4869a560,96,50.0,0.0,2,[1],1
1,13,x7f8a4869a560,97,250.0,0.0,7,[4],1
1,13,x7f8a4869a560,98,250.0,0.0,2,[0],1
1,13,x7f8a4869a560,99,-245.1638971715741,0.0,7,[5],1
1,13,x7f8a4869a560,100,650.0,2.0,2,[1],2
1,13,x7f8a4869a560,101,562.1909905863604,2.0,7,[8],2
1,13,x7f8a4869a560,102,250.0,0.0,2,[0],1
1,13,x7f8a4869a560,103,147.6107685857217,0.0,7,[6],1
1,13,x7f8a4869a560,104,50.0,0.0,2,[1],1
1,13,x7f8a4869a560,105,-150.0,0.0,7,[4],1
1,13,x7f8a4869a560,106,650.0,2.0,2,[1],2
1,13,x7f8a4869a560,107,502.21923860375745,2.0,7,[8],2
1,13,x7f8a4869a560,108,50.0,0.0,2,[1],1
1,13,x7f8a4869a560,109,-250.000000032499,0.0,7,[4],1
1,13,x7f8a4869a560,110,350.0,2.0,2,[1],2
1,13,x7f8a4869a560,111,396.09104978913,2.0,7,[8],2
1,13,x7f8a4869a560,112,50.0,0.0,2,[1],1
1,13,x7f8a4869a560,113,150.0,0.0,7,[4],1
1,13,x7f8a4869a560,114,150.0,0.0,2,[0],1
1,13,x7f8a4869a560,115,50.41152263374486,0.0,7,[5],1
1,13,x7f8a4869a560,116,250.0,1.0,2,[0],2
1,13,x7f8a4869a560,117,265.19829401667283,1.0,7,[0],2
1,13,x7f8a4869a560,118,147.8970515596494,1.0,7,[8],2
1,13,x7f8a4869a560,119,50.0,0.0,2,[1],1
1,13,x7f8a4869a560,120,150.0206987586032,0.0,7,[5],1
1,13,x7f8a4869a560,121,250.0,0.0,2,[0],1
1,13,x7f8a4869a560,122,250.0,0.0,7,[4],1
1,13,x7f8a4869a560,123,50.0,0.0,2,[1],1
1,13,x7f8a4869a560,124,150.0128600823045,0.0,7,[4],1
1,13,x7f8a4869a560,125,250.0,0.0,2,[0],1
1,13,x7f8a4869a560,126,250.0,0.0,7,[4],1
1,13,x7f8a4869a560,127,50.0,0.0,2,[1],1
1,13,x7f8a4869a560,128,166.1562964251845,0.0,7,[4],1
1,13,x7f8a4869a560,129,50.0,0.0,2,[1],1
1,13,x7f8a4869a560,130,150.0043440434837,0.0,7,[5],1
1,13,x7f8a4869a560,131,50.0,0.0,2,[1],1
1,13,x7f8a4869a560,132,250.0,0.0,7,[4],1
1,13,x7f8a4869a560,133,250.0,0.0,2,[0],1
1,13,x7f8a4869a560,134,150.0174736501918,0.0,7,[5],1
1,13,x7f8a4869a560,135,50.0,0.0,2,[1],1
1,13,x7f8a4869a560,136,149.92158755189635,0.0,7,[6],1
1,13,x7f8a4869a560,137,250.0,0.0,2,[0],1
1,13,x7f8a4869a560,138,250.0,0.0,7,[4],1
1,13,x7f8a4869a560,139,50.0,0.0,2,[1],1
1,13,x7f8a4869a560,140,149.90234375,0.0,7,[6],1
1,13,x7f8a4869a560,141,50.0,0.0,2,[1],1
1,13,x7f8a4869a560,142,155.29221494013447,0.0,7,[4],1
1,13,x7f8a4869a560,143,50.0,0.0,2,[1],1
1,13,x7f8a4869a560,144,250.0,0.0,7,[4],1
1,13,x7f8a4869a560,145,250.0,0.0,2,[0],1
1,13,x7f8a4869a560,146,150.00594990182663,0.0,7,[5],1
1,13,x7f8a4869a560,147,50.0,0.0,2,[1],1
1,13,x7f8a4869a560,148,149.90234375,0.0,7,[6],1
1,13,x7f8a4869a560,149,250.0,0.0,2,[0],1
1,13,x7f8a4869a560,150,250.0,0.0,7,[4],1
1,13,x7f8a4869a560,151,50.0,0.0,2,[1],1
1,13,x7f8a4869a560,152,50.0640860247166,0.0,7,[6],1
1,13,x7f8a4869a560,153,350.0,1.0,2,[1],2
1,13,x7f8a4869a560,154,207.31672633606377,1.0,7,[8],2
1,13,x7f8a4869a560,155,50.0,0.0,2,[1],1
1,13,x7f8a4869a560,156,-228.8336449851427,0.0,7,[4],1
1,13,x7f8a4869a560,157,350.0,2.0,2,[1],2
1,13,x7f8a4869a560,158,398.746539043133,2.0,7,[8],2
1,13,x7f8a4869a560,159,50.0,0.0,2,[1],1
1,13,x7f8a4869a560,160,250.0,0.0,7,[4],1
1,13,x7f8a4869a560,161,250.0,0.0,2,[0],1
1,13,x7f8a4869a560,162,150.00540944369422,0.0,7,[5],1
1,13,x7f8a4869a560,163,50.0,0.0,2,[1],1
1,13,x7f8a4869a560,164,149.9999993415041,0.0,7,[5],1
1,13,x7f8a4869a560,165,50.0,0.0,2,[1],1
1,13,x7f8a4869a560,166,250.0,0.0,7,[4],1
1,13,x7f8a4869a560,167,50.0,0.0,2,[1],1
1,13,x7f8a4869a560,168,149.99999965573105,0.0,7,[4],1
1,13,x7f8a4869a560,169,250.0,0.0,2,[0],1
1,13,x7f8a4869a560,170,250.0,0.0,7,[4],0
1,13,x7f8a4869a560,171,50.0,0.0,2,[1],1
1,13,x7f8a4869a560,172,149.99994781260312,0.0,7,[4],1
1,13,x7f8a4869a560,173,250.0,0.0,2,[0],2
1,13,x7f8a4869a560,174,49.715821407302066,0.0,7,[5],1
1,13,x7f8a4869a560,175,350.0,1.0,2,[1],2
1,13,x7f8a4869a560,176,260.7360682263726,1.0,7,[8],2
1,13,x7f8a4869a560,177,50.0,0.0,2,[1],1
1,13,x7f8a4869a560,178,148.82466887866306,0.0,7,[6],1
1,13,x7f8a4869a560,179,50.0,0.0,2,[1],1
1,13,x7f8a4869a560,180,50.00123291907871,0.0,7,[4],1
1,13,x7f8a4869a560,181,50.0,1.0,2,[1],2
1,13,x7f8a4869a560,182,150.0,0.0,7,[4],0
1,13,x7f8a4869a560,183,50.0,0.0,2,[1],1
1,13,x7f8a4869a560,184,287.8581288378282,1.0,7,[7],2
1,13,x7f8a4869a560,185,250.0,0.0,2,[0],2
1,13,x7f8a4869a560,186,149.9999832750707,0.0,7,[6],1
1,13,x7f8a4869a560,187,50.0,0.0,2,[1],1
1,13,x7f8a4869a560,188,250.0,0.0,6,[4],1
1,13,x7f8a4869a560,189,149.99986203831236,0.0,6,[5],1
1,13,x7f8a4869a560,190,146.4618601822684,0.0,5,[5],0
1,13,x7f8a4869a560,191,150.0,0.0,7,[4],1
1,13,x7f8a4869a560,192,350.0,1.0,2,[1],2
1,13,x7f8a4869a560,193,300.10464547216674,1.0,7,[8],2
1,13,x7f8a4869a560,194,250.0,0.0,2,[0],2
1,13,x7f8a4869a560,195,179.41811693723434,0.0,7,[4],1
1,13,x7f8a4869a560,196,50.0,0.0,2,[1],1
1,13,x7f8a4869a560,197,150.42459519452242,0.0,7,[6],1
1,13,x7f8a4869a560,198,50.0,0.0,2,[1],1
1,13,x7f8a4869a560,199,157.29608714633426,0.0,7,[5],1
1,13,x7f8a4869a560,200,50.0,0.0,2,[1],1
1,13,x7f8a4869a560,201,250.0,0.0,7,[4],1
1,13,x7f8a4869a560,202,250.0,0.0,2,[0],2
1,13,x7f8a4869a560,203,149.96064311944846,0.0,7,[5],1
1,13,x7f8a4869a560,204,50.0,0.0,2,[1],1
1,13,x7f8a4869a560,205,149.99723289198903,0.0,7,[6],1
1,13,x7f8a4869a560,206,250.0,0.0,2,[0],2
1,13,x7f8a4869a560,207,250.0,0.0,7,[4],1
1,13,x7f8a4869a560,208,50.0,0.0,2,[1],1
1,13,x7f8a4869a560,209,150.00001780943043,0.0,7,[6],1
1,13,x7f8a4869a560,210,50.0,0.0,2,[1],1
1,13,x7f8a4869a560,211,167.2235292434214,0.0,7,[4],1
1,13,x7f8a4869a560,212,50.0,0.0,2,[1],1
1,13,x7f8a4869a560,213,250.0,0.0,7,[4],1
1,13,x7f8a4869a560,214,250.0,0.0,2,[0],2
1,13,x7f8a4869a560,215,149.39036089579855,0.0,6,[5],1
1,13,x7f8a4869a560,216,502.83169619892647,2.0,6,[0],2
1,13,x7f8a4869a560,217,116.59457935083472,0.0,5,[4],0
1,13,x7f8a4869a560,218,150.1017239176619,0.0,5,[5],1
1,13,x7f8a4869a560,219,153.1679169431515,0.0,4,[4],1
1,13,x7f8a4869a560,220,250.0,0.0,4,[4],2
1,13,x7f8a4869a560,221,146.87499999999903,0.0,4,[6],1
1,13,x7f8a4869a560,222,250.0,0.0,3,[4],2
1,13,x7f8a4869a560,223,50.0,0.0,4,[12],1
1,13,x7f8a4869a560,224,-50.0,0.0,3,[4],2
1,13,x7f8a4869a560,225,-50.0,0.0,2,[4],2
1,13,x7f8a4869a560,226,350.0,2.0,2,[5],2
1,13,x7f8a4869a560,227,-50.0,0.0,2,[4],2
1,13,x7f8a4869a560,228,250.0,0.0,2,[4],1
1,13,x7f8a4869a560,229,250.0,0.0,3,[4],1
1,13,x7f8a4869a560,230,467.63803035534306,2.0,3,[6],2
1,13,x7f8a4869a560,231,-50.0,0.0,2,[4],2
1,13,x7f8a4869a560,232,250.0,0.0,4,[4],0
1,13,x7f8a4869a560,233,250.0,0.0,4,[4],1
1,13,x7f8a4869a560,234,97.16830380107406,0.0,3,[4],2
1,13,x7f8a4869a560,235,250.0,0.0,7,[4],1
1,13,x7f8a4869a560,236,50.0,0.0,2,[1],1
1,13,x7f8a4869a560,237,157.77600000000126,0.0,6,[5],1
1,13,x7f8a4869a560,238,250.0,0.0,2,[0],2
1,13,x7f8a4869a560,239,150.0,0.0,6,[6],1
1,13,x7f8a4869a560,240,149.90234375000003,0.0,7,[6],1
1,13,x7f8a4869a560,241,250.0,0.0,2,[0],2
1,13,x7f8a4869a560,242,155.92316881072264,0.0,7,[5],1
1,13,x7f8a4869a560,243,50.0,0.0,2,[1],1
1,13,x7f8a4869a560,244,250.0,0.0,7,[4],1
1,13,x7f8a4869a560,245,250.0,0.0,2,[0],1
1,13,x7f8a4869a560,246,151.17097823149638,0.0,7,[6],1
1,13,x7f8a4869a560,247,50.0,0.0,2,[1],1
1,13,x7f8a4869a560,248,150.00000032082184,0.0,7,[6],1
1,13,x7f8a4869a560,249,250.0,0.0,2,[0],2
1,13,x7f8a4869a560,250,150.0,0.0,7,[4],1
1,13,x7f8a4869a560,251,350.0,1.0,2,[1],2
1,13,x7f8a4869a560,252,148.27065055924865,1.0,7,[1],2
1,13,x7f8a4869a560,253,270.4397134115959,1.0,7,[8],2
1,13,x7f8a4869a560,254,50.0,0.0,2,[1],1
1,13,x7f8a4869a560,255,147.3702539096676,0.0,7,[6],1
1,13,x7f8a4869a560,256,250.0,0.0,2,[0],2
1,13,x7f8a4869a560,257,-238.11256811940032,0.0,7,[5],1
1,13,x7f8a4869a560,258,650.0,2.0,2,[1],2
1,13,x7f8a4869a560,259,536.8265529305535,2.0,7,[8],2
1,13,x7f8a4869a560,260,250.0,0.0,2,[0],2
1,13,x7f8a4869a560,261,250.0,0.0,6,[4],0
1,13,x7f8a4869a560,262,50.0,0.0,2,[1],1
1,13,x7f8a4869a560,263,149.99999997854613,0.0,6,[5],1
1,13,x7f8a4869a560,264,250.0,0.0,6,[4],0
1,13,x7f8a4869a560,265,250.0,0.0,5,[4],0
1,13,x7f8a4869a560,266,99.86682317018659,0.0,5,[4],2
1,13,x7f8a4869a560,267,150.61158258742654,0.0,4,[4],1
1,13,x7f8a4869a560,268,50.0,1.0,4,[7],2
1,13,x7f8a4869a560,269,50.0,0.0,3,[6],1
1,13,x7f8a4869a560,270,499.99878390596416,2.0,7,[1],2
1,13,x7f8a4869a560,271,279.40156210491625,1.0,6,[8],2
1,13,x7f8a4869a560,272,250.0,0.0,2,[0],2
1,13,x7f8a4869a560,273,150.00000000084225,0.0,6,[6],1
1,13,x7f8a4869a560,274,174.40242888076085,0.0,6,[4],0
1,13,x7f8a4869a560,275,250.0,0.0,5,[4],0
1,13,x7f8a4869a560,276,50.0,0.0,6,[12],1
1,13,x7f8a4869a560,277,116.59457935083525,0.0,5,[4],2
1,13,x7f8a4869a560,278,146.8750000000003,0.0,4,[6],1
1,13,x7f8a4869a560,279,510.02398205901943,2.0,4,[7],2
1,13,x7f8a4869a560,280,250.0,0.0,3,[4],1
1,13,x7f8a4869a560,281,199.6355000000002,1.0,3,[6],2
1,13,x7f8a4869a560,282,250.0,0.0,2,[4],2
1,13,x7f8a4869a560,283,100.30938220976235,0.0,6,[4],0
1,13,x7f8a4869a560,284,250.0,0.0,6,[4],1
1,13,x7f8a4869a560,285,97.16830380107406,0.0,5,[4],2
1,13,x7f8a4869a560,286,250.0,0.0,5,[4],1
1,13,x7f8a4869a560,287,-50.0,0.0,4,[4],2
1,13,x7f8a4869a560,288,250.0,0.0,4,[4],1
1,13,x7f8a4869a560,289,102.49801935994512,0.0,7,[4],0
1,13,x7f8a4869a560,290,250.0,0.0,2,[0],2
1,13,x7f8a4869a560,291,250.0,0.0,6,[4],1
1,13,x7f8a4869a560,292,50.0,0.0,2,[1],1
1,13,x7f8a4869a560,293,157.7760000000017,0.0,6,[5],1
1,13,x7f8a4869a560,294,150.0,0.0,6,[6],1
1,13,x7f8a4869a560,295,136.8312757201628,0.0,5,[6],1
1,13,x7f8a4869a560,296,539.7305123456816,2.0,5,[8],2
1,13,x7f8a4869a560,297,250.0,0.0,4,[4],1
1,13,x7f8a4869a560,298,150.4115226337448,0.0,4,[5],1
1,13,x7f8a4869a560,299,250.0,0.0,3,[4],2
1,13,x7f8a4869a560,300,350.0,1.0,3,[6],2
1,13,x7f8a4869a560,301,250.0,0.0,3,[4],1
1,13,x7f8a4869a560,302,-50.0,0.0,2,[4],2
1,13,x7f8a4869a560,303,50.0,0.0,2,[0],2
1,13,x7f8a4869a560,304,250.0,0.0,2,[4],1
1,13,x7f8a4869a560,305,-50.0,0.0,2,[4],2
1,13,x7f8a4869a560,306,250.0,0.0,2,[4],1
1,13,x7f8a4869a560,307,250.0,0.0,3,[4],1
1,13,x7f8a4869a560,308,97.16830380107336,0.0,3,[4],2
1,13,x7f8a4869a560,309,302.83169619892595,1.0,5,[6],2
1,13,x7f8a4869a560,310,245.14565055924052,1.0,4,[6],2
1,13,x7f8a4869a560,311,250.0,0.0,7,[4],1
1,13,x7f8a4869a560,312,50.0,0.0,2,[1],1
1,13,x7f8a4869a560,313,150.4214163884336,0.0,7,[5],1
1,13,x7f8a4869a560,314,50.0,0.0,2,[1],1
1,13,x7f8a4869a560,315,-250.000023369705,0.0,7,[6],1
1,13,x7f8a4869a560,316,650.0,2.0,2,[1],2
1,13,x7f8a4869a560,317,549.1074720253335,2.0,7,[8],2
1,13,x7f8a4869a560,318,250.0,0.0,2,[0],2
1,13,x7f8a4869a560,319,250.0,0.0,7,[4],1
1,13,x7f8a4869a560,320,50.0,0.0,2,[1],1
1,13,x7f8a4869a560,321,150.00594990182663,0.0,6,[5],1
1,13,x7f8a4869a560,322,150.0,0.0,6,[4],1
1,13,x7f8a4869a560,323,50.0,1.0,5,[8],2
1,13,x7f8a4869a560,324,200.13317682981335,1.0,5,[8],2
1,13,x7f8a4869a560,325,50.0,0.0,4,[6],1
1,13,x7f8a4869a560,326,150.0876073270014,0.0,4,[4],1
1,13,x7f8a4869a560,327,150.0,0.0,4,[4],0
1,13,x7f8a4869a560,328,350.0,1.0,3,[6],2
1,13,x7f8a4869a560,329,250.0,0.0,3,[4],1
1,13,x7f8a4869a560,330,250.0,0.0,2,[4],1
1,13,x7f8a4869a560,331,-50.0,0.0,2,[4],2
1,13,x7f8a4869a560,332,-250.0,0.0,3,[5],1
1,13,x7f8a4869a560,333,550.0,2.0,3,[4],2
1,13,x7f8a4869a560,334,300.0013382887562,1.0,4,[5],2
1,13,x7f8a4869a560,335,250.0,0.0,2,[4],1
1,13,x7f8a4869a560,336,-50.0,0.0,2,[4],2
1,13,x7f8a4869a560,337,-50.0,0.0,5,[12],1
1,13,x7f8a4869a560,338,450.4115226337449,1.0,4,[5],2
1,13,x7f8a4869a560,339,-50.0,0.0,3,[4],2
1,13,x7f8a4869a560,340,100.29551085069548,0.0,3,[4],2
1,13,x7f8a4869a560,341,250.0,0.0,2,[4],1
1,13,x7f8a4869a560,342,-50.0,0.0,2,[4],2
1,13,x7f8a4869a560,343,250.0,0.0,2,[4],1
1,13,x7f8a4869a560,344,250.0,0.0,2,[4],1
1,13,x7f8a4869a560,345,-50.0,0.0,2,[4],2
1,13,x7f8a4869a560,346,250.0,0.0,7,[4],1
1,13,x7f8a4869a560,347,50.0,0.0,2,[1],1
1,13,x7f8a4869a560,348,166.22572291811966,0.0,7,[5],1
1,13,x7f8a4869a560,349,250.0,0.0,2,[0],2
1,13,x7f8a4869a560,350,150.0095341132849,0.0,7,[6],1
1,13,x7f8a4869a560,351,50.0,0.0,2,[1],1
1,13,x7f8a4869a560,352,149.90234375000003,0.0,7,[6],1
1,13,x7f8a4869a560,353,50.0,0.0,2,[1],1
1,13,x7f8a4869a560,354,163.0205223519996,0.0,7,[5],1
1,13,x7f8a4869a560,355,50.0,0.0,2,[1],1
1,13,x7f8a4869a560,356,250.0,0.0,7,[4],1
1,13,x7f8a4869a560,357,250.0,0.0,2,[0],1
1,13,x7f8a4869a560,358,152.82191007205833,0.0,7,[5],1
1,13,x7f8a4869a560,359,50.0,0.0,2,[1],1
1,13,x7f8a4869a560,360,149.91445331944195,0.0,7,[6],1
1,13,x7f8a4869a560,361,250.0,0.0,2,[0],1
1,13,x7f8a4869a560,362,250.0,0.0,7,[4],1
1,13,x7f8a4869a560,363,50.0,0.0,2,[1],1
1,13,x7f8a4869a560,364,132.62295951735263,0.0,7,[6],1
1,13,x7f8a4869a560,365,50.0,0.0,2,[1],1
1,13,x7f8a4869a560,366,174.9847299535202,0.0,7,[4],1
1,13,x7f8a4869a560,367,50.0,0.0,2,[1],1
1,13,x7f8a4869a560,368,150.0,0.0,7,[4],1
1,13,x7f8a4869a560,369,50.0,1.0,2,[1],2
1,13,x7f8a4869a560,370,500.0080055887747,2.0,7,[1],2
1,13,x7f8a4869a560,371,263.2940044979479,1.0,7,[8],2
1,13,x7f8a4869a560,372,250.0,0.0,2,[0],1
1,13,x7f8a4869a560,373,149.9846696837517,0.0,7,[5],1
1,13,x7f8a4869a560,374,50.0,0.0,2,[1],1
1,13,x7f8a4869a560,375,149.3407856884234,0.0,7,[6],1
1,13,x7f8a4869a560,376,50.0,0.0,2,[1],1
1,13,x7f8a4869a560,377,250.0,0.0,7,[4],1
1,13,x7f8a4869a560,378,50.0,0.0,2,[1],1
1,13,x7f8a4869a560,379,166.9442017604404,0.0,7,[4],1
1,13,x7f8a4869a560,380,250.0,0.0,2,[0],1
1,13,x7f8a4869a560,381,250.0,0.0,7,[4],1
1,13,x7f8a4869a560,382,50.0,0.0,2,[1],1
1,13,x7f8a4869a560,383,350.0,2.0,7,[1],2
1,13,x7f8a4869a560,384,175.48929090679937,0.0,7,[4],1
1,13,x7f8a4869a560,385,50.0,0.0,2,[1],1
1,13,x7f8a4869a560,386,150.06990332389628,0.0,7,[5],1
1,13,x7f8a4869a560,387,250.0,0.0,2,[0],1
1,13,x7f8a4869a560,388,150.13752584096628,0.0,7,[6],1
1,13,x7f8a4869a560,389,50.0,0.0,2,[1],1
1,13,x7f8a4869a560,390,-210.79192367461545,0.0,7,[4],1
1,13,x7f8a4869a560,391,350.0,2.0,2,[1],2
1,13,x7f8a4869a560,392,383.7458849948855,2.0,7,[8],2
1,13,x7f8a4869a560,393,350.0,1.0,2,[1],2
1,13,x7f8a4869a560,394,232.72967088283065,1.0,7,[8],2
1,13,x7f8a4869a560,395,250.0,0.0,2,[0],1
1,13,x7f8a4869a560,396,250.0,0.0,7,[4],1
1,13,x7f8a4869a560,397,50.0,0.0,2,[1],1
1,13,x7f8a4869a560,398,177.5638266684888,0.0,7,[4],1
1,13,x7f8a4869a560,399,50.0,0.0,2,[1],1
1,13,x7f8a4869a560,400,-250.0286271459221,0.0,7,[5],1
1,13,x7f8a4869a560,401,650.0,2.0,2,[1],2
1,13,x7f8a4869a560,402,531.6873908473455,2.0,7,[8],2
1,13,x7f8a4869a560,403,250.0,0.0,2,[0],1
1,13,x7f8a4869a560,404,-150.0,0.0,7,[4],1
1,13,x7f8a4869a560,405,650.0,2.0,2,[1],2
1,13,x7f8a4869a560,406,541.2300127317052,2.0,7,[8],2
1,13,x7f8a4869a560,407,250.0,0.0,2,[0],2
1,13,x7f8a4869a560,408,250.0,0.0,7,[4],1
1,13,x7f8a4869a560,409,50.0,0.0,2,[1],1
1,13,x7f8a4869a560,410,150.32789031905085,0.0,7,[4],1
1,13,x7f8a4869a560,411,50.0,0.0,2,[1],1
1,13,x7f8a4869a560,412,150.0899932669796,0.0,7,[4],1
1,13,x7f8a4869a560,413,50.0,0.0,2,[1],1
1,13,x7f8a4869a560,414,250.0,0.0,7,[4],1
1,13,x7f8a4869a560,415,250.0,0.0,2,[0],1
1,13,x7f8a4869a560,416,151.84036100013543,0.0,7,[5],1
1,13,x7f8a4869a560,417,50.0,0.0,2,[1],1
1,13,x7f8a4869a560,418,147.4945020593791,0.0,7,[6],1
1,13,x7f8a4869a560,419,250.0,0.0,2,[0],2
1,13,x7f8a4869a560,420,250.0,0.0,7,[4],1
1,13,x7f8a4869a560,421,50.0,0.0,2,[1],1
1,13,x7f8a4869a560,422,147.2446064225788,0.0,7,[6],1
1,13,x7f8a4869a560,423,50.0,0.0,2,[1],1
1,13,x7f8a4869a560,424,150.00108203442977,0.0,7,[4],1
1,13,x7f8a4869a560,425,50.0,0.0,2,[1],1
1,13,x7f8a4869a560,426,250.0,0.0,7,[4],1
1,13,x7f8a4869a560,427,250.0,0.0,2,[0],1
1,13,x7f8a4869a560,428,154.408785420605,0.0,7,[5],1
1,13,x7f8a4869a560,429,50.0,0.0,2,[1],1
1,13,x7f8a4869a560,430,150.17721893358834,0.0,7,[6],1
1,13,x7f8a4869a560,431,250.0,0.0,2,[0],1
1,13,x7f8a4869a560,432,250.0,0.0,7,[4],1
1,13,x7f8a4869a560,433,50.0,0.0,2,[1],1
1,13,x7f8a4869a560,434,144.03635631982576,0.0,7,[6],1
1,13,x7f8a4869a560,435,50.0,0.0,2,[1],1
1,13,x7f8a4869a560,436,-228.9958047114084,0.0,7,[4],1
1,13,x7f8a4869a560,437,650.0,2.0,2,[1],2
1,13,x7f8a4869a560,438,551.9807898442107,2.0,7,[8],2
1,13,x7f8a4869a560,439,250.0,0.0,2,[0],1
1,13,x7f8a4869a560,440,250.0,0.0,7,[4],1
1,13,x7f8a4869a560,441,50.0,0.0,2,[1],1
1,13,x7f8a4869a560,442,150.0148499060901,0.0,7,[5],1
1,13,x7f8a4869a560,443,250.0,0.0,2,[0],1
1,13,x7f8a4869a560,444,250.0,0.0,7,[4],1
1,13,x7f8a4869a560,445,50.0,0.0,2,[1],1
1,13,x7f8a4869a560,446,141.14863237691364,0.0,7,[6],1
1,13,x7f8a4869a560,447,50.0,0.0,2,[1],1
1,13,x7f8a4869a560,448,175.2302801109221,0.0,7,[4],1
1,13,x7f8a4869a560,449,50.0,0.0,2,[1],1
1,13,x7f8a4869a560,450,250.0,0.0,7,[4],1
1,13,x7f8a4869a560,451,250.0,0.0,2,[0],1
1,13,x7f8a4869a560,452,148.25010457975583,0.0,7,[5],1
1,13,x7f8a4869a560,453,50.0,0.0,2,[1],1
1,13,x7f8a4869a560,454,-258.85136762308633,0.0,7,[6],1
1,13,x7f8a4869a560,455,350.0,2.0,2,[1],2
1,13,x7f8a4869a560,456,449.8159067098828,2.0,7,[8],2
1,13,x7f8a4869a560,457,50.0,0.0,2,[1],1
1,13,x7f8a4869a560,458,250.0,0.0,7,[4],1
1,13,x7f8a4869a560,459,250.0,0.0,2,[0],1
1,13,x7f8a4869a560,460,51.0445888868726,0.0,7,[6],1
1,13,x7f8a4869a560,461,350.0,1.0,2,[1],2
1,13,x7f8a4869a560,462,50.0,1.0,7,[1],2
1,13,x7f8a4869a560,463,297.0299924043845,1.0,7,[8],2
1,13,x7f8a4869a560,464,50.0,0.0,2,[1],1
1,13,x7f8a4869a560,465,189.5146362003371,0.0,7,[4],1
1,13,x7f8a4869a560,466,250.0,0.0,2,[0],1
1,13,x7f8a4869a560,467,250.0,0.0,7,[4],1
1,13,x7f8a4869a560,468,50.0,0.0,2,[1],1
1,13,x7f8a4869a560,469,150.0,0.0,7,[4],1
1,13,x7f8a4869a560,470,50.0,0.0,2,[1],1
1,13,x7f8a4869a560,471,250.0,0.0,7,[4],1
1,13,x7f8a4869a560,472,50.0,0.0,2,[1],1
1,13,x7f8a4869a560,473,149.99642103787076,0.0,7,[4],1
1,13,x7f8a4869a560,474,250.0,0.0,2,[0],1
1,13,x7f8a4869a560,475,250.0,0.0,7,[4],1
1,13,x7f8a4869a560,476,50.0,0.0,2,[1],1
1,13,x7f8a4869a560,477,350.0,2.0,7,[1],2
1,13,x7f8a4869a560,478,71.81334570672959,0.0,7,[4],1
1,13,x7f8a4869a560,479,350.0,1.0,2,[1],2
1,13,x7f8a4869a560,480,284.4146974035615,1.0,7,[8],2
1,13,x7f8a4869a560,481,250.0,0.0,2,[0],1
1,13,x7f8a4869a560,482,55.048669880860565,0.0,7,[5],1
1,13,x7f8a4869a560,483,350.0,1.0,2,[1],2
1,13,x7f8a4869a560,484,50.0,1.0,7,[1],2
1,13,x7f8a4869a560,485,277.84958242765583,1.0,7,[8],2
1,13,x7f8a4869a560,486,50.0,0.0,2,[1],1
1,13,x7f8a4869a560,487,150.89556126097867,0.0,7,[6],1
1,13,x7f8a4869a560,488,250.0,0.0,2,[0],1
1,13,x7f8a4869a560,489,79.42662667561427,0.0,7,[4],1
1,13,x7f8a4869a560,490,350.0,1.0,2,[1],2
1,13,x7f8a4869a560,491,242.91298370311648,1.0,7,[8],2
1,13,x7f8a4869a560,492,50.0,0.0,2,[1],1
1,13,x7f8a4869a560,493,250.0,0.0,7,[4],1
1,13,x7f8a4869a560,494,50.0,0.0,2,[1],1
1,13,x7f8a4869a560,495,250.0,0.0,7,[4],1
1,13,x7f8a4869a560,496,250.0,0.0,2,[0],2
1,13,x7f8a4869a560,497,149.999954929249,0.0,7,[4],1
1,13,x7f8a4869a560,498,50.0,0.0,2,[1],1
1,13,x7f8a4869a560,499,250.0,0.0,7,[4],0
1,13,x7f8a4869a560,500,250.0,0.0,2,[0],2
1,13,x7f8a4869a560,501,150.01101808398792,0.0,7,[5],1
1,13,x7f8a4869a560,502,50.0,0.0,2,[1],1
1,13,x7f8a4869a560,503,149.94152241893434,0.0,7,[6],1
1,13,x7f8a4869a560,504,50.0,0.0,2,[1],1
1,13,x7f8a4869a560,505,156.99410071221814,0.0,7,[4],1
1,13,x7f8a4869a560,506,50.0,0.0,2,[1],1
1,13,x7f8a4869a560,507,250.0,0.0,7,[4],1
1,13,x7f8a4869a560,508,250.0,0.0,2,[0],2
1,13,x7f8a4869a560,509,150.00000218897765,0.0,6,[5],1
1,13,x7f8a4869a560,510,149.89403066243986,0.0,6,[6],1
1,13,x7f8a4869a560,511,250.0,0.0,5,[4],1
1,13,x7f8a4869a560,512,63.793389817165675,0.0,5,[4],2
1,13,x7f8a4869a560,513,49.90234169640777,0.0,5,[6],1
1,13,x7f8a4869a560,514,239.73051234566913,1.0,4,[7],2
1,13,x7f8a4869a560,515,50.0,0.0,5,[12],1
1,13,x7f8a4869a560,516,250.0,0.0,4,[4],1
1,13,x7f8a4869a560,517,250.0,0.0,3,[4],2
1,13,x7f8a4869a560,518,-50.0,0.0,3,[4],2
1,13,x7f8a4869a560,519,-50.0,0.0,2,[4],2
1,13,x7f8a4869a560,520,250.0,0.0,2,[4],1
1,13,x7f8a4869a560,521,149.70852579263985,1.0,5,[6],2
1,13,x7f8a4869a560,522,-50.0,0.0,3,[4],2
1,13,x7f8a4869a560,523,250.0,0.0,3,[4],0
1,13,x7f8a4869a560,524,250.0,0.0,2,[4],0
1,13,x7f8a4869a560,525,-50.0,0.0,2,[4],2
1,13,x7f8a4869a560,526,250.0,0.0,2,[4],1
1,13,x7f8a4869a560,527,850.0,2.0,5,[4],0
1,13,x7f8a4869a560,528,363.3025903502446,2.0,6,[8],2
1,13,x7f8a4869a560,529,150.41152263374462,0.0,4,[5],1
1,13,x7f8a4869a560,530,149.96800000000002,0.0,4,[6],1
1,13,x7f8a4869a560,531,250.0,0.0,7,[4],1
1,13,x7f8a4869a560,532,50.0,0.0,2,[1],1
1,13,x7f8a4869a560,533,150.00594990182663,0.0,6,[5],1
1,13,x7f8a4869a560,534,-270.8894420279364,0.0,6,[4],0
1,13,x7f8a4869a560,535,350.0,2.0,5,[8],2
1,13,x7f8a4869a560,536,157.776,0.0,5,[5],1
1,13,x7f8a4869a560,537,141.5557566757474,0.0,4,[4],0
1,13,x7f8a4869a560,538,153.12499999999937,0.0,4,[4],1
1,13,x7f8a4869a560,539,-99.99433684624948,0.0,4,[0],2
1,13,x7f8a4869a560,540,97.66948405328868,0.0,3,[4],2
1,13,x7f8a4869a560,541,250.0,0.0,3,[4],1
1,13,x7f8a4869a560,542,250.0,0.0,2,[4],1
1,13,x7f8a4869a560,543,-50.0,0.0,2,[4],2
1,13,x7f8a4869a560,544,502.8316961989259,2.0,3,[6],2
1,13,x7f8a4869a560,545,448.2706505592415,2.0,3,[6],2
1,13,x7f8a4869a560,546,250.0,0.0,3,[4],0
1,13,x7f8a4869a560,547,-50.0,0.0,2,[4],2
1,13,x7f8a4869a560,548,250.0,0.0,2,[4],1
1,13,x7f8a4869a560,549,250.0,0.0,2,[4],0
1,13,x7f8a4869a560,550,750.4115226337447,2.0,4,[5],2
1,13,x7f8a4869a560,551,600.2955108506955,2.0,4,[5],2
1,13,x7f8a4869a560,552,100.00121609403578,0.0,3,[4],2
1,13,x7f8a4869a560,553,600.3186168510076,2.0,6,[6],2
1,13,x7f8a4869a560,554,250.0,0.0,4,[4],0
1,13,x7f8a4869a560,555,167.6380303553363,1.0,4,[7],2
1,13,x7f8a4869a560,556,50.0,0.0,3,[6],1
1,13,x7f8a4869a560,557,148.5541738561308,0.0,5,[6],1
1,13,x7f8a4869a560,558,250.0,0.0,5,[4],0
1,13,x7f8a4869a560,559,148.5541738561316,0.0,5,[6],1
1,13,x7f8a4869a560,560,250.0,0.0,4,[4],2
1,13,x7f8a4869a560,561,607.5710450183037,2.0,7,[8],2
1,13,x7f8a4869a560,562,350.0,1.0,2,[1],2
1,13,x7f8a4869a560,563,200.00800558877478,1.0,6,[8],2
1,13,x7f8a4869a560,564,150.09765625000006,0.0,6,[6],1
1,13,x7f8a4869a560,565,250.0,0.0,5,[4],1
1,13,x7f8a4869a560,566,151.44582614386863,0.0,5,[5],1
1,13,x7f8a4869a560,567,250.0,0.0,4,[4],1
1,13,x7f8a4869a560,568,146.8749999999981,0.0,4,[6],1
1,13,x7f8a4869a560,569,50.0,0.0,4,[0],2
1,13,x7f8a4869a560,570,250.0,0.0,3,[4],2
1,13,x7f8a4869a560,571,449.90234375000006,1.0,7,[7],2
1,13,x7f8a4869a560,572,250.0,0.0,2,[0],1
1,13,x7f8a4869a560,573,149.9999874480174,1.0,7,[7],2
1,13,x7f8a4869a560,574,50.0,0.0,2,[1],1
1,13,x7f8a4869a560,575,163.38284630445497,0.0,7,[5],1
1,13,x7f8a4869a560,576,250.0,0.0,2,[0],1
1,13,x7f8a4869a560,577,250.0,0.0,7,[4],1
1,13,x7f8a4869a560,578,50.0,0.0,2,[1],1
1,13,x7f8a4869a560,579,150.50602718998076,0.0,7,[5],1
1,13,x7f8a4869a560,580,250.0,0.0,2,[0],2
1,13,x7f8a4869a560,581,145.10252005742544,0.0,7,[5],1
1,13,x7f8a4869a560,582,50.0,0.0,2,[1],1
1,13,x7f8a4869a560,583,250.0,0.0,7,[4],1
1,13,x7f8a4869a560,584,50.0,0.0,2,[1],1
1,13,x7f8a4869a560,585,161.11194884815424,0.0,7,[4],0
1,13,x7f8a4869a560,586,50.0,0.0,2,[1],1
1,13,x7f8a4869a560,587,159.0191397563197,0.0,6,[4],1
1,13,x7f8a4869a560,588,150.0110348721969,0.0,6,[5],1
1,13,x7f8a4869a560,589,147.17381444468666,0.0,5,[6],1
1,13,x7f8a4869a560,590,250.0,0.0,5,[4],1
1,13,x7f8a4869a560,591,43.21572125170765,0.0,5,[7],1
1,13,x7f8a4869a560,592,50.0,1.0,4,[7],2
1,13,x7f8a4869a560,593,139.73051234568157,0.0,6,[5],0
1,13,x7f8a4869a560,594,250.0,0.0,6,[4],1
1,13,x7f8a4869a560,595,100.30938220976238,0.0,5,[4],0
1,13,x7f8a4869a560,596,250.0,0.0,5,[4],1
1,13,x7f8a4869a560,597,150.41152263374485,0.0,4,[5],1
1,13,x7f8a4869a560,598,146.875,0.0,4,[6],1
1,13,x7f8a4869a560,599,250.0,0.0,3,[4],2
1,13,x7f8a4869a560,600,99.86682317018662,0.0,3,[4],2
1,13,x7f8a4869a560,601,150.0,0.0,3,[5],1
1,13,x7f8a4869a560,602,-50.0,0.0,2,[4],2
1,13,x7f8a4869a560,603,50.0,0.0,3,[12],1
1,13,x7f8a4869a560,604,-50.0,0.0,2,[4],2
1,13,x7f8a4869a560,605,-50.0,0.0,2,[4],2
1,13,x7f8a4869a560,606,149.58847736625515,1.0,4,[6],2
1,13,x7f8a4869a560,607,168.5934432081862,0.0,7,[5],1
1,13,x7f8a4869a560,608,50.0,0.0,2,[1],1
1,13,x7f8a4869a560,609,150.00594990182663,0.0,6,[5],1
1,13,x7f8a4869a560,610,250.0,0.0,2,[0],2
1,13,x7f8a4869a560,611,250.0,0.0,6,[4],1
1,13,x7f8a4869a560,612,500.0080055887747,2.0,6,[0],2
1,13,x7f8a4869a560,613,153.12499999999937,0.0,5,[5],1
1,13,x7f8a4869a560,614,350.0,2.0,5,[8],2
1,13,x7f8a4869a560,615,146.87500000000063,0.0,4,[5],1
1,13,x7f8a4869a560,616,151.4458261438692,0.0,4,[5],1
1,13,x7f8a4869a560,617,250.0,0.0,3,[4],0
1,13,x7f8a4869a560,618,97.66948405329005,0.0,3,[4],2
1,13,x7f8a4869a560,619,250.0,0.0,3,[4],0
1,13,x7f8a4869a560,620,-50.0,0.0,2,[4],2
1,13,x7f8a4869a560,621,150.0,0.0,2,[4],1
1,13,x7f8a4869a560,622,250.0,0.0,2,[4],0
1,13,x7f8a4869a560,623,100.29551085069548,0.0,4,[4],2
1,13,x7f8a4869a560,624,250.0,0.0,3,[4],1
1,13,x7f8a4869a560,625,50.0,1.0,3,[6],2
1,13,x7f8a4869a560,626,-99.86682317018662,0.0,3,[0],2
1,13,x7f8a4869a560,627,-50.0,0.0,2,[4],2
1,13,x7f8a4869a560,628,50.0,0.0,3,[12],1
1,13,x7f8a4869a560,629,250.0,0.0,2,[4],0
1,13,x7f8a4869a560,630,550.0,1.0,5,[4],0
1,13,x7f8a4869a560,631,299.70669619892595,1.0,5,[7],2
1,13,x7f8a4869a560,632,97.16830380107406,0.0,4,[4],2
1,13,x7f8a4869a560,633,-150.0,0.0,7,[4],1
1,13,x7f8a4869a560,634,350.0,2.0,2,[1],2
1,13,x7f8a4869a560,635,442.2273008490635,2.0,7,[8],2
1,13,x7f8a4869a560,636,250.0,0.0,2,[0],1
1,13,x7f8a4869a560,637,50.10871216820619,0.0,7,[6],1
1,13,x7f8a4869a560,638,50.0,1.0,2,[1],2
1,13,x7f8a4869a560,639,50.0,1.0,6,[8],2
1,13,x7f8a4869a560,640,250.0,0.0,2,[0],1
1,13,x7f8a4869a560,641,149.99830649121915,0.0,6,[7],1
1,13,x7f8a4869a560,642,157.77599999999958,0.0,6,[5],1
1,13,x7f8a4869a560,643,250.0,0.0,5,[4],0
1,13,x7f8a4869a560,644,150.0,0.0,5,[5],1
1,13,x7f8a4869a560,645,116.59457935083236,0.0,4,[4],0
1,13,x7f8a4869a560,646,350.0,2.0,4,[7],2
1,13,x7f8a4869a560,647,250.0,0.0,3,[4],1
1,13,x7f8a4869a560,648,-50.0,0.0,3,[4],2
1,13,x7f8a4869a560,649,250.0,0.0,3,[4],1
1,13,x7f8a4869a560,650,250.0,0.0,2,[4],0
1,13,x7f8a4869a560,651,50.0,0.0,2,[0],2
1,13,x7f8a4869a560,652,597.1683038010741,2.0,4,[5],2
1,13,x7f8a4869a560,653,161.11194884817064,0.0,4,[4],0
1,13,x7f8a4869a560,654,250.0,0.0,4,[4],1
1,13,x7f8a4869a560,655,-50.0,0.0,3,[4],2
1,13,x7f8a4869a560,656,250.0,0.0,3,[4],0
1,13,x7f8a4869a560,657,-50.0,0.0,2,[4],2
1,13,x7f8a4869a560,658,250.0,0.0,6,[4],1
1,13,x7f8a4869a560,659,63.16872427983988,0.0,7,[5],1
1,13,x7f8a4869a560,660,50.0,1.0,2,[1],2
1,13,x7f8a4869a560,661,147.12178595089225,1.0,7,[8],2
1,13,x7f8a4869a560,662,250.0,0.0,2,[0],1
1,13,x7f8a4869a560,663,150.25316034232145,0.0,7,[6],1
1,13,x7f8a4869a560,664,250.0,0.0,2,[0],2
1,13,x7f8a4869a560,665,149.9993504462303,0.0,7,[7],1
1,13,x7f8a4869a560,666,50.0,0.0,2,[1],1
1,13,x7f8a4869a560,667,150.0,0.0,7,[4],1
1,13,x7f8a4869a560,668,350.0,1.0,2,[1],2
1,13,x7f8a4869a560,669,16.59457935083813,0.0,6,[4],0
1,13,x7f8a4869a560,670,229.67720735106965,1.0,6,[7],2
1,13,x7f8a4869a560,671,161.11194884817064,0.0,5,[4],0
1,13,x7f8a4869a560,672,250.0,0.0,5,[4],0
1,13,x7f8a4869a560,673,163.662759079815,0.0,4,[4],1
1,13,x7f8a4869a560,674,100.00121609403578,0.0,4,[4],2
1,13,x7f8a4869a560,675,250.0,0.0,4,[4],1
1,13,x7f8a4869a560,676,97.16830380107406,0.0,3,[4],2
1,13,x7f8a4869a560,677,250.0,0.0,3,[4],1
1,13,x7f8a4869a560,678,-50.0,0.0,2,[4],2
1,13,x7f8a4869a560,679,250.0,0.0,2,[4],0
1,13,x7f8a4869a560,680,450.0,2.0,3,[5],2
1,13,x7f8a4869a560,681,250.0,0.0,2,[4],0
1,13,x7f8a4869a560,682,50.0,0.0,3,[12],1
1,13,x7f8a4869a560,683,250.0,0.0,2,[4],1
1,13,x7f8a4869a560,684,146.87500000000063,1.0,5,[7],2
1,13,x7f8a4869a560,685,250.0,0.0,5,[4],1
1,13,x7f8a4869a560,686,153.12499999999937,0.0,4,[5],1
1,13,x7f8a4869a560,687,276.588148100995,1.0,7,[0],2
1,13,x7f8a4869a560,688,499.9998631675063,2.0,7,[1],2
1,13,x7f8a4869a560,689,316.7800468270832,1.0,6,[7],2
1,13,x7f8a4869a560,690,350.0,2.0,2,[1],2
1,13,x7f8a4869a560,691,350.0,2.0,6,[8],2
1,13,x7f8a4869a560,692,185.5669221290484,0.0,5,[4],0
1,13,x7f8a4869a560,693,250.0,0.0,5,[4],1
1,13,x7f8a4869a560,694,350.0,2.0,6,[12],2
1,13,x7f8a4869a560,695,139.73051234565494,0.0,5,[4],0
1,13,x7f8a4869a560,696,250.0,0.0,4,[4],0
1,13,x7f8a4869a560,697,200.0056631537505,1.0,4,[7],2
1,13,x7f8a4869a560,698,146.87499999999744,0.0,3,[5],1
1,13,x7f8a4869a560,699,350.0,2.0,3,[6],2
1,13,x7f8a4869a560,700,250.0,0.0,2,[4],0
1,13,x7f8a4869a560,701,350.0,1.0,2,[5],2
1,13,x7f8a4869a560,702,250.0,0.0,2,[4],1
1,13,x7f8a4869a560,703,350.0,1.0,2,[12],1
1,13,x7f8a4869a560,704,97.16830380107368,0.0,3,[4],2
1,13,x7f8a4869a560,705,250.0,0.0,2,[4],1
1,13,x7f8a4869a560,706,-50.0,0.0,2,[4],2
1,13,x7f8a4869a560,707,-50.0,0.0,3,[12],1
1,13,x7f8a4869a560,708,550.0,1.0,2,[4],0
1,13,x7f8a4869a560,709,750.0,2.0,3,[5],2
1,13,x7f8a4869a560,710,-350.0,0.0,4,[12],1
1,13,x7f8a4869a560,711,449.5884773662556,2.0,3,[5],2
1,13,x7f8a4869a560,712,-50.0,0.0,2,[4],0
1,13,x7f8a4869a560,713,250.0,0.0,2,[4],1
1,13,x7f8a4869a560,714,-350.0,0.0,6,[12],1
1,13,x7f8a4869a560,715,850.0,2.0,5,[4],0
1,13,x7f8a4869a560,716,-249.5884773662556,0.0,4,[5],1
1,13,x7f8a4869a560,717,-253.12500000000256,0.0,4,[6],1
1,13,x7f8a4869a560,718,725.5959744961909,2.0,3,[4],0
1,13,x7f8a4869a560,719,50.0,0.0,3,[6],1
1,13,x7f8a4869a560,720,250.0,0.0,2,[4],1
1,13,x7f8a4869a560,721,250.0,0.0,2,[4],2
1,13,x7f8a4869a560,722,50.0,0.0,2,[0],2
1,13,x7f8a4869a560,723,50.0,0.0,2,[12],1
1,13,x7f8a4869a560,724,650.0,2.0,2,[12],1
1,13,x7f8a4869a560,725,650.0,2.0,2,[5],2
1,13,x7f8a4869a560,726,50.0,0.0,2,[0],1
1,13,x7f8a4869a560,727,250.0,0.0,3,[4],1
1,13,x7f8a4869a560,728,50.0,0.0,3,[5],1
1,13,x7f8a4869a560,729,50.0,1.0,2,[5],2
1,13,x7f8a4869a560,730,350.0,1.0,2,[5],2
1,13,x7f8a4869a560,731,550.0,1.0,2,[4],0
1,13,x7f8a4869a560,732,-50.0,0.0,4,[4],2
1,13,x7f8a4869a560,733,250.0,0.0,4,[4],1
1,13,x7f8a4869a560,734,100.29551085069534,0.0,3,[4],2
1,13,x7f8a4869a560,735,250.0,0.0,3,[4],1
1,13,x7f8a4869a560,736,-50.0,0.0,2,[4],2
1,13,x7f8a4869a560,737,250.0,0.0,4,[4],1
1,13,x7f8a4869a560,738,500.13317682981346,2.0,4,[7],2
1,13,x7f8a4869a560,739,153.12500000000128,0.0,4,[5],1
1,13,x7f8a4869a560,740,125.59597449616561,0.0,3,[4],2
1,13,x7f8a4869a560,741,50.0,0.0,3,[0],1
1,13,x7f8a4869a560,742,250.0,0.0,2,[4],1
1,13,x7f8a4869a560,743,50.0,1.0,2,[5],2
1,13,x7f8a4869a560,744,-50.0,0.0,2,[4],2
1,13,x7f8a4869a560,745,250.0,0.0,2,[4],0
1,13,x7f8a4869a560,746,50.0,0.0,2,[0],2
1,13,x7f8a4869a560,747,529.6772073510887,2.0,7,[0],2
1,13,x7f8a4869a560,748,599.6820987154656,2.0,7,[7],2
1,13,x7f8a4869a560,749,50.0,1.0,2,[1],2
1,13,x7f8a4869a560,750,104.47249038041215,1.0,7,[8],2
1,13,x7f8a4869a560,751,250.0,0.0,2,[0],1
1,13,x7f8a4869a560,752,151.02400000000017,0.0,7,[6],1
1,13,x7f8a4869a560,753,250.0,0.0,2,[0],2
1,13,x7f8a4869a560,754,250.0,0.0,6,[4],1
1,13,x7f8a4869a560,755,50.0,0.0,2,[1],1
1,13,x7f8a4869a560,756,150.411522633745,0.0,6,[5],1
1,13,x7f8a4869a560,757,129.11055797206262,0.0,6,[4],0
1,13,x7f8a4869a560,758,150.0,0.0,7,[4],1
1,13,x7f8a4869a560,759,50.0,1.0,2,[1],2
1,13,x7f8a4869a560,760,147.79255382170965,1.0,7,[8],2
1,13,x7f8a4869a560,761,250.0,0.0,2,[0],1
1,13,x7f8a4869a560,762,250.0,0.0,7,[4],1
1,13,x7f8a4869a560,763,250.0,0.0,2,[0],2
1,13,x7f8a4869a560,764,168.5934432081801,0.0,7,[4],1
1,13,x7f8a4869a560,765,50.0,0.0,2,[1],1
1,13,x7f8a4869a560,766,150.0059499018266,0.0,6,[6],1
1,13,x7f8a4869a560,767,148.8739276811137,0.0,6,[6],1
1,13,x7f8a4869a560,768,146.4618601822692,0.0,5,[4],0
1,13,x7f8a4869a560,769,250.0,0.0,5,[4],0
1,13,x7f8a4869a560,770,151.3515039378265,0.0,4,[4],1
1,13,x7f8a4869a560,771,147.57568970328228,0.0,4,[6],1
1,13,x7f8a4869a560,772,50.0,0.0,4,[0],2
1,13,x7f8a4869a560,773,125.59597449619099,0.0,3,[4],2
1,13,x7f8a4869a560,774,50.0,0.0,4,[12],1
1,13,x7f8a4869a560,775,250.0,0.0,3,[4],2
1,13,x7f8a4869a560,776,250.0,0.0,2,[4],2
1,13,x7f8a4869a560,777,-50.0,0.0,2,[4],2
1,13,x7f8a4869a560,778,586.839281308934,2.0,7,[0],2
1,13,x7f8a4869a560,779,499.6906177902374,2.0,7,[1],2
1,13,x7f8a4869a560,780,609.0168711621715,2.0,6,[7],2
1,13,x7f8a4869a560,781,50.0,1.0,2,[1],2
1,13,x7f8a4869a560,782,50.0,1.0,6,[8],2
1,13,x7f8a4869a560,783,163.16872427983,0.0,5,[5],1
1,13,x7f8a4869a560,784,150.0,0.0,7,[4],1
1,13,x7f8a4869a560,785,350.0,1.0,2,[1],2
1,13,x7f8a4869a560,786,150.0,0.0,7,[4],1
1,13,x7f8a4869a560,787,50.0,0.0,2,[1],1
1,13,x7f8a4869a560,788,302.00479386654507,1.0,7,[7],2
1,13,x7f8a4869a560,789,50.0,0.0,2,[1],1
1,13,x7f8a4869a560,790,50.0001039447377,0.0,7,[6],1
1,13,x7f8a4869a560,791,50.0,1.0,2,[1],2
1,13,x7f8a4869a560,792,145.7081029652248,1.0,7,[8],2
1,13,x7f8a4869a560,793,50.0,0.0,2,[1],1
1,13,x7f8a4869a560,794,169.89175085271145,0.0,7,[5],1
1,13,x7f8a4869a560,795,250.0,0.0,2,[0],1
1,13,x7f8a4869a560,796,150.0,0.0,7,[4],1
1,13,x7f8a4869a560,797,350.0,1.0,2,[1],2
1,13,x7f8a4869a560,798,433.654423414573,2.0,7,[1],2
1,13,x7f8a4869a560,799,268.618516989575,1.0,7,[8],2
1,13,x7f8a4869a560,800,50.0,0.0,2,[1],1
1,13,x7f8a4869a560,801,50.07313746269884,0.0,7,[5],1
1,13,x7f8a4869a560,802,50.0,1.0,2,[1],2
1,13,x7f8a4869a560,803,85.03525675320827,1.0,7,[8],2
1,13,x7f8a4869a560,804,50.0,0.0,2,[1],1
1,13,x7f8a4869a560,805,149.65167663160932,0.0,7,[5],1
1,13,x7f8a4869a560,806,250.0,0.0,2,[0],2
1,13,x7f8a4869a560,807,151.10532421490367,0.0,6,[4],1
1,13,x7f8a4869a560,808,250.0,0.0,6,[4],0
1,13,x7f8a4869a560,809,150.20229588766304,0.0,5,[4],1
1,13,x7f8a4869a560,810,116.59457935083132,0.0,5,[5],0
1,13,x7f8a4869a560,811,250.0,0.0,5,[4],1
1,13,x7f8a4869a560,812,-50.0,0.0,4,[4],2
1,13,x7f8a4869a560,813,250.0,0.0,4,[4],1
1,13,x7f8a4869a560,814,100.29551085069563,0.0,3,[4],2
1,13,x7f8a4869a560,815,250.0,0.0,3,[4],1
1,13,x7f8a4869a560,816,-50.0,0.0,2,[4],2
1,13,x7f8a4869a560,817,50.0,1.0,2,[5],2
1,13,x7f8a4869a560,818,-350.0,0.0,2,[5],1
1,13,x7f8a4869a560,819,-350.0,0.0,2,[0],1
1,13,x7f8a4869a560,820,350.0,1.0,2,[12],1
1,13,x7f8a4869a560,821,250.0,0.0,4,[4],1
1,13,x7f8a4869a560,822,-50.0,0.0,4,[4],2
1,13,x7f8a4869a560,823,-150.0,0.0,4,[4],0
1,13,x7f8a4869a560,824,350.0,2.0,3,[6],2
1,13,x7f8a4869a560,825,50.0,0.0,4,[12],1
1,13,x7f8a4869a560,826,150.41152263374397,0.0,3,[5],1
1,13,x7f8a4869a560,827,-50.0,0.0,2,[4],0
1,13,x7f8a4869a560,828,250.0,0.0,2,[4],1
1,13,x7f8a4869a560,829,100.29551085069563,0.0,3,[4],2
1,13,x7f8a4869a560,830,250.0,0.0,3,[4],1
1,13,x7f8a4869a560,831,157.7760000000034,0.0,6,[5],1
1,13,x7f8a4869a560,832,150.0,0.0,6,[6],1
1,13,x7f8a4869a560,833,116.59457935083338,0.0,5,[4],2
1,13,x7f8a4869a560,834,149.96800000000002,0.0,5,[6],1
1,13,x7f8a4869a560,835,136.83127572017,0.0,5,[7],1
1,13,x7f8a4869a560,836,150.41152263374485,0.0,4,[5],1
1,13,x7f8a4869a560,837,50.0,0.0,5,[12],1
1,13,x7f8a4869a560,838,250.0,0.0,4,[4],2
1,13,x7f8a4869a560,839,99.86682317018656,0.0,3,[4],2
1,13,x7f8a4869a560,840,467.6380303553616,2.0,3,[6],2
1,13,x7f8a4869a560,841,-50.0,0.0,2,[4],2
1,13,x7f8a4869a560,842,250.0,0.0,2,[4],0
1,13,x7f8a4869a560,843,850.0,2.0,4,[4],1
1,13,x7f8a4869a560,844,50.0,1.0,3,[6],2
1,13,x7f8a4869a560,845,150.41152263374397,0.0,3,[5],1
1,13,x7f8a4869a560,846,-50.0,0.0,2,[4],0
1,13,x7f8a4869a560,847,250.0,0.0,2,[4],1
1,13,x7f8a4869a560,848,250.0,0.0,3,[4],1
1,13,x7f8a4869a560,849,-50.0,0.0,3,[4],2
1,13,x7f8a4869a560,850,150.0,0.0,3,[4],0
1,13,x7f8a4869a560,851,350.0,1.0,2,[5],2
1,13,x7f8a4869a560,852,250.0,0.0,2,[4],1
1,13,x7f8a4869a560,853,567.2265077215936,2.0,4,[6],2
1,13,x7f8a4869a560,854,-50.0,0.0,3,[4],2
1,13,x7f8a4869a560,855,250.0,0.0,7,[4],0
1,13,x7f8a4869a560,856,250.0,0.0,2,[0],2
1,13,x7f8a4869a560,857,250.0,0.0,7,[4],1
1,13,x7f8a4869a560,858,50.0,0.0,2,[1],1
1,13,x7f8a4869a560,859,172.97029252255837,0.0,7,[5],1
1,13,x7f8a4869a560,860,250.0,0.0,2,[0],1
1,13,x7f8a4869a560,861,-249.80812501171,0.0,7,[6],1
1,13,x7f8a4869a560,862,650.0,2.0,2,[1],2
1,13,x7f8a4869a560,863,557.5819221601188,2.0,7,[8],2
1,13,x7f8a4869a560,864,250.0,0.0,2,[0],2
1,13,x7f8a4869a560,865,50.09228465635931,0.0,7,[6],1
1,13,x7f8a4869a560,866,350.0,1.0,2,[1],2
1,13,x7f8a4869a560,867,142.6727641601804,1.0,7,[1],2
1,13,x7f8a4869a560,868,254.00305330102069,1.0,7,[8],2
1,13,x7f8a4869a560,869,50.0,0.0,2,[1],1
1,13,x7f8a4869a560,870,250.0,0.0,7,[4],1
1,13,x7f8a4869a560,871,250.0,0.0,2,[0],1
1,13,x7f8a4869a560,872,167.29810117000125,0.0,7,[5],1
1,13,x7f8a4869a560,873,50.0,0.0,2,[1],1
1,13,x7f8a4869a560,874,250.0,0.0,7,[4],0
1,13,x7f8a4869a560,875,250.0,0.0,2,[0],2
1,13,x7f8a4869a560,876,147.74055337810336,0.0,7,[5],1
1,13,x7f8a4869a560,877,50.0,0.0,2,[1],1
1,13,x7f8a4869a560,878,150.0,0.0,7,[4],1
1,13,x7f8a4869a560,879,350.0,1.0,2,[1],2
1,13,x7f8a4869a560,880,16.594579350831324,0.0,7,[4],0
1,13,x7f8a4869a560,881,50.0,0.0,2,[1],1
1,13,x7f8a4869a560,882,299.641414103765,1.0,7,[7],2
1,13,x7f8a4869a560,883,250.0,0.0,2,[0],1
1,13,x7f8a4869a560,884,201.8740067339669,0.0,7,[4],1
1,13,x7f8a4869a560,885,50.0,0.0,2,[1],1
1,13,x7f8a4869a560,886,166.10359231811648,0.0,7,[5],1
1,13,x7f8a4869a560,887,250.0,0.0,2,[0],1
1,13,x7f8a4869a560,888,161.1384637307604,0.0,7,[5],1
1,13,x7f8a4869a560,889,50.0,0.0,2,[1],1
1,13,x7f8a4869a560,890,150.0,0.0,7,[4],1
1,13,x7f8a4869a560,891,350.0,1.0,2,[1],2
1,13,x7f8a4869a560,892,50.000601009586696,0.0,7,[5],1
1,13,x7f8a4869a560,893,50.0,0.0,2,[1],1
1,13,x7f8a4869a560,894,252.81577250267938,1.0,7,[7],2
1,13,x7f8a4869a560,895,250.0,0.0,2,[0],1
1,13,x7f8a4869a560,896,150.0,0.0,7,[4],1
1,13,x7f8a4869a560,897,350.0,1.0,2,[1],2
1,13,x7f8a4869a560,898,232.6444669332812,1.0,7,[8],2
1,13,x7f8a4869a560,899,250.0,0.0,2,[0],1
1,13,x7f8a4869a560,900,144.21244964035623,0.0,7,[5],1
1,13,x7f8a4869a560,901,50.0,0.0,2,[1],1
1,13,x7f8a4869a560,902,138.34021428216536,0.0,7,[5],1
1,13,x7f8a4869a560,903,50.0,0.0,2,[1],1
1,13,x7f8a4869a560,904,150.0,0.0,7,[4],1
1,13,x7f8a4869a560,905,350.0,1.0,2,[1],2
1,13,x7f8a4869a560,906,250.16219356400148,1.0,7,[8],2
1,13,x7f8a4869a560,907,250.0,0.0,2,[0],1
1,13,x7f8a4869a560,908,250.0,0.0,7,[4],1
1,13,x7f8a4869a560,909,50.0,0.0,2,[1],1
1,13,x7f8a4869a560,910,150.09765625,0.0,7,[5],1
1,13,x7f8a4869a560,911,250.0,0.0,2,[0],1
1,13,x7f8a4869a560,912,250.0,0.0,7,[4],1
1,13,x7f8a4869a560,913,50.0,0.0,2,[1],1
1,13,x7f8a4869a560,914,152.39325735732223,0.0,7,[6],1
1,13,x7f8a4869a560,915,50.0,0.0,2,[1],1
1,13,x7f8a4869a560,916,182.79293225090558,0.0,7,[4],1
1,13,x7f8a4869a560,917,50.0,0.0,2,[1],1
1,13,x7f8a4869a560,918,250.0,0.0,7,[4],1
1,13,x7f8a4869a560,919,250.0,0.0,2,[0],1
1,13,x7f8a4869a560,920,-249.97194506231122,0.0,7,[5],1
1,13,x7f8a4869a560,921,650.0,2.0,2,[1],2
1,13,x7f8a4869a560,922,602.4884139356802,2.0,7,[8],2
1,13,x7f8a4869a560,923,250.0,0.0,2,[0],1
1,13,x7f8a4869a560,924,149.5109489985609,0.0,7,[6],1
1,13,x7f8a4869a560,925,50.0,0.0,2,[1],1
1,13,x7f8a4869a560,926,250.0,0.0,7,[4],1
1,13,x7f8a4869a560,927,50.0,0.0,2,[1],1
1,13,x7f8a4869a560,928,149.99920516403606,0.0,7,[4],1
1,13,x7f8a4869a560,929,50.0,0.0,2,[1],1
1,13,x7f8a4869a560,930,250.0,0.0,7,[4],1
1,13,x7f8a4869a560,931,250.0,0.0,2,[0],1
1,13,x7f8a4869a560,932,150.05224360400587,0.0,7,[5],1
1,13,x7f8a4869a560,933,50.0,0.0,2,[1],1
1,13,x7f8a4869a560,934,150.0000372743997,0.0,7,[6],1
1,13,x7f8a4869a560,935,250.0,0.0,2,[0],1
1,13,x7f8a4869a560,936,250.0,0.0,7,[4],1
1,13,x7f8a4869a560,937,50.0,0.0,2,[1],1
1,13,x7f8a4869a560,938,42.83288423209183,0.0,7,[6],1
1,13,x7f8a4869a560,939,350.0,1.0,2,[1],2
1,13,x7f8a4869a560,940,203.07396189957913,1.0,7,[8],2
1,13,x7f8a4869a560,941,50.0,0.0,2,[1],1
1,13,x7f8a4869a560,942,175.30239675831848,0.0,7,[4],1
1,13,x7f8a4869a560,943,250.0,0.0,2,[0],1
1,13,x7f8a4869a560,944,150.0,0.0,7,[4],1
1,13,x7f8a4869a560,945,350.0,1.0,2,[1],2
1,13,x7f8a4869a560,946,350.0,2.0,7,[1],2
1,13,x7f8a4869a560,947,300.0080056207578,1.0,7,[8],2
1,13,x7f8a4869a560,948,50.0,0.0,2,[1],1
1,13,x7f8a4869a560,949,158.5095810587412,0.0,7,[5],1
1,13,x7f8a4869a560,950,250.0,0.0,2,[0],1
1,13,x7f8a4869a560,951,-249.15661553103618,0.0,7,[5],1
1,13,x7f8a4869a560,952,650.0,2.0,2,[1],2
1,13,x7f8a4869a560,953,595.4760791587647,2.0,7,[8],2
1,13,x7f8a4869a560,954,250.0,0.0,2,[0],1
1,13,x7f8a4869a560,955,250.0,0.0,7,[4],1
1,13,x7f8a4869a560,956,50.0,0.0,2,[1],1
1,13,x7f8a4869a560,957,250.0,0.0,7,[4],1
1,13,x7f8a4869a560,958,250.0,0.0,2,[0],1
1,13,x7f8a4869a560,959,152.04836119158097,0.0,7,[4],1
1,13,x7f8a4869a560,960,50.0,0.0,2,[1],1
1,13,x7f8a4869a560,961,250.0,0.0,7,[4],1
1,13,x7f8a4869a560,962,50.0,0.0,2,[1],1
1,13,x7f8a4869a560,963,150.00000000100468,0.0,7,[5],1
1,13,x7f8a4869a560,964,50.0,0.0,2,[1],1
1,13,x7f8a4869a560,965,-150.0,0.0,7,[4],1
1,13,x7f8a4869a560,966,350.0,2.0,2,[1],2
1,13,x7f8a4869a560,967,384.1311162275179,2.0,7,[8],2
1,13,x7f8a4869a560,968,50.0,0.0,2,[1],1
1,13,x7f8a4869a560,969,149.98686400171124,0.0,7,[5],1
1,13,x7f8a4869a560,970,250.0,0.0,2,[0],1
1,13,x7f8a4869a560,971,49.83865458688761,0.0,7,[6],1
1,13,x7f8a4869a560,972,350.0,1.0,2,[1],2
1,13,x7f8a4869a560,973,230.1488093315814,1.0,7,[8],2
1,13,x7f8a4869a560,974,50.0,0.0,2,[1],1
1,13,x7f8a4869a560,975,250.0,0.0,7,[4],1
1,13,x7f8a4869a560,976,50.0,0.0,2,[1],1
1,13,x7f8a4869a560,977,149.34927238420346,0.0,7,[5],1
1,13,x7f8a4869a560,978,250.0,0.0,2,[0],1
1,13,x7f8a4869a560,979,175.56966668250104,0.0,7,[4],1
1,13,x7f8a4869a560,980,50.0,0.0,2,[1],1
1,13,x7f8a4869a560,981,150.0,0.0,7,[4],1
1,13,x7f8a4869a560,982,50.0,1.0,2,[1],2
1,13,x7f8a4869a560,983,200.00800558877478,1.0,7,[1],2
1,13,x7f8a4869a560,984,433.65442341454764,2.0,7,[1],2
1,13,x7f8a4869a560,985,149.57348721219816,1.0,7,[8],2
1,13,x7f8a4869a560,986,50.0,0.0,2,[1],1
1,13,x7f8a4869a560,987,151.11266185110495,0.0,7,[5],1
1,13,x7f8a4869a560,988,250.0,0.0,2,[0],1
1,13,x7f8a4869a560,989,150.00048269685672,0.0,7,[6],1
1,13,x7f8a4869a560,990,50.0,0.0,2,[1],1
1,13,x7f8a4869a560,991,183.04497509029912,0.0,7,[4],1
1,13,x7f8a4869a560,992,250.0,0.0,2,[0],1
1,13,x7f8a4869a560,993,250.0,0.0,7,[4],1
1,13,x7f8a4869a560,994,50.0,0.0,2,[1],1
1,13,x7f8a4869a560,995,151.53039008005203,0.0,7,[4],1
1,13,x7f8a4869a560,996,50.0,0.0,2,[1],1
1,13,x7f8a4869a560,997,-150.0,0.0,7,[4],1
1,13,x7f8a4869a560,998,650.0,2.0,2,[1],2
1,13,x7f8a4869a560,999,540.2980986666016,2.0,7,[8],2
1,13,x7f8a4869a560,1000,250.0,0.0,2,[0],1
1,13,x7f8a4869a560,1001,116.93968041142732,0.0,7,[4],1
1,13,x7f8a4869a560,1002,350.0,1.0,2,[1],2
1,13,x7f8a4869a560,1003,237.38938343608976,1.0,7,[8],2
1,13,x7f8a4869a560,1004,250.0,0.0,2,[0],1
1,13,x7f8a4869a560,1005,150.00196890766298,0.0,7,[5],1
1,13,x7f8a4869a560,1006,50.0,0.0,2,[1],1
1,13,x7f8a4869a560,1007,250.0,0.0,7,[4],1
1,13,x7f8a4869a560,1008,50.0,0.0,2,[1],1
1,13,x7f8a4869a560,1009,174.03806468657132,0.0,7,[4],1
1,13,x7f8a4869a560,1010,50.0,0.0,2,[1],1
1,13,x7f8a4869a560,1011,250.0,0.0,7,[4],1
1,13,x7f8a4869a560,1012,250.0,0.0,2,[0],1
1,13,x7f8a4869a560,1013,50.009914736592705,0.0,7,[5],1
1,13,x7f8a4869a560,1014,350.0,1.0,2,[1],2
1,13,x7f8a4869a560,1015,50.0,1.0,7,[1],2
1,13,x7f8a4869a560,1016,296.3703627757197,1.0,7,[8],2
1,13,x7f8a4869a560,1017,50.0,0.0,2,[1],1
1,13,x7f8a4869a560,1018,150.00000001734412,0.0,7,[6],1
1,13,x7f8a4869a560,1019,250.0,0.0,2,[0],1
1,13,x7f8a4869a560,1020,250.0,0.0,7,[4],1
1,13,x7f8a4869a560,1021,50.0,0.0,2,[1],1
1,13,x7f8a4869a560,1022,-242.224,0.0,7,[4],1
1,13,x7f8a4869a560,1023,350.0,2.0,2,[1],2
1,13,x7f8a4869a560,1024,411.2901429535342,2.0,7,[8],2
1,13,x7f8a4869a560,1025,50.0,0.0,2,[1],1
1,13,x7f8a4869a560,1026,250.0,0.0,7,[4],1
1,13,x7f8a4869a560,1027,250.0,0.0,2,[0],1
1,13,x7f8a4869a560,1028,150.6217071364062,0.0,7,[4],1
1,13,x7f8a4869a560,1029,50.0,0.0,2,[1],1
1,13,x7f8a4869a560,1030,-250.00000000046145,0.0,7,[5],1
1,13,x7f8a4869a560,1031,650.0,2.0,2,[1],2
1,13,x7f8a4869a560,1032,508.14651667847653,2.0,7,[8],2
1,13,x7f8a4869a560,1033,50.0,0.0,2,[1],1
1,13,x7f8a4869a560,1034,250.0,0.0,7,[4],1
1,13,x7f8a4869a560,1035,250.0,0.0,2,[0],1
1,13,x7f8a4869a560,1036,150.62484146805042,0.0,7,[4],1
1,13,x7f8a4869a560,1037,50.0,0.0,2,[1],1
1,13,x7f8a4869a560,1038,-150.0,0.0,7,[4],1
1,13,x7f8a4869a560,1039,350.0,2.0,2,[1],2
1,13,x7f8a4869a560,1040,433.32169005257504,2.0,7,[8],2
1,13,x7f8a4869a560,1041,50.0,0.0,2,[1],1
1,13,x7f8a4869a560,1042,-226.26953125,0.0,7,[4],1
1,13,x7f8a4869a560,1043,350.0,2.0,2,[1],2
1,13,x7f8a4869a560,1044,449.99003224384666,2.0,7,[8],2
1,13,x7f8a4869a560,1045,50.0,0.0,2,[1],1
1,13,x7f8a4869a560,1046,157.36109222784347,0.0,7,[4],1
1,13,x7f8a4869a560,1047,250.0,0.0,2,[0],1
1,13,x7f8a4869a560,1048,50.67106908119549,0.0,7,[5],1
1,13,x7f8a4869a560,1049,350.0,1.0,2,[1],2
1,13,x7f8a4869a560,1050,245.1428853778736,1.0,7,[8],2
1,13,x7f8a4869a560,1051,250.0,0.0,2,[0],1
1,13,x7f8a4869a560,1052,250.0,0.0,7,[4],1
1,13,x7f8a4869a560,1053,50.0,0.0,2,[1],1
1,13,x7f8a4869a560,1054,169.89218436609784,0.0,7,[4],1
1,13,x7f8a4869a560,1055,50.0,0.0,2,[1],1
1,13,x7f8a4869a560,1056,150.00481854753878,0.0,7,[4],1
1,13,x7f8a4869a560,1057,50.0,0.0,2,[1],1
1,13,x7f8a4869a560,1058,250.0,0.0,7,[4],1
1,13,x7f8a4869a560,1059,250.0,0.0,2,[0],1
1,13,x7f8a4869a560,1060,155.6631448722482,0.0,7,[5],1
1,13,x7f8a4869a560,1061,50.0,0.0,2,[1],1
1,13,x7f8a4869a560,1062,42.25800592033451,0.0,7,[6],1
1,13,x7f8a4869a560,1063,50.0,1.0,2,[1],2
1,13,x7f8a4869a560,1064,150.0,0.0,7,[4],0
1,13,x7f8a4869a560,1065,50.0,0.0,2,[1],1
1,13,x7f8a4869a560,1066,448.27065055924004,2.0,7,[1],2
1,13,x7f8a4869a560,1067,499.99878390596416,2.0,7,[1],2
1,13,x7f8a4869a560,1068,299.67078069453805,1.0,7,[7],2
1,13,x7f8a4869a560,1069,250.0,0.0,2,[0],1
1,13,x7f8a4869a560,1070,149.99999950196698,0.0,7,[6],1
1,13,x7f8a4869a560,1071,50.0,0.0,2,[1],1
1,13,x7f8a4869a560,1072,150.12334628645442,0.0,7,[4],1
1,13,x7f8a4869a560,1073,250.0,0.0,2,[0],1
1,13,x7f8a4869a560,1074,250.0,0.0,7,[4],1
1,13,x7f8a4869a560,1075,50.0,0.0,2,[1],1
1,13,x7f8a4869a560,1076,158.48847218692617,0.0,7,[4],1
1,13,x7f8a4869a560,1077,50.0,0.0,2,[1],1
1,13,x7f8a4869a560,1078,250.0,0.0,7,[4],1
1,13,x7f8a4869a560,1079,50.0,0.0,2,[1],1
1,13,x7f8a4869a560,1080,-239.04798526902002,0.0,7,[4],1
1,13,x7f8a4869a560,1081,350.0,2.0,2,[1],2
1,13,x7f8a4869a560,1082,431.3209123343264,2.0,7,[8],2
1,13,x7f8a4869a560,1083,50.0,0.0,2,[1],1
1,13,x7f8a4869a560,1084,-249.90715818682216,0.0,7,[5],1
1,13,x7f8a4869a560,1085,350.0,2.0,2,[1],2
1,13,x7f8a4869a560,1086,421.46438444583674,2.0,7,[8],2
1,13,x7f8a4869a560,1087,250.0,0.0,2,[0],1
1,13,x7f8a4869a560,1088,149.99999999830044,0.0,7,[6],1
1,13,x7f8a4869a560,1089,250.0,0.0,2,[0],1
1,13,x7f8a4869a560,1090,250.0,0.0,7,[4],1
1,13,x7f8a4869a560,1091,50.0,0.0,2,[1],1
1,13,x7f8a4869a560,1092,149.99999998562575,0.0,7,[5],1
1,13,x7f8a4869a560,1093,250.0,0.0,2,[0],1
1,13,x7f8a4869a560,1094,-240.2006557044005,0.0,7,[4],1
1,13,x7f8a4869a560,1095,650.0,2.0,2,[1],2
1,13,x7f8a4869a560,1096,559.7042960019306,2.0,7,[8],2
1,13,x7f8a4869a560,1097,50.0,1.0,2,[1],2
1,13,x7f8a4869a560,1098,149.75307209124279,1.0,7,[8],2
1,13,x7f8a4869a560,1099,50.0,0.0,2,[1],1
1,13,x7f8a4869a560,1100,250.0,0.0,7,[4],1
1,13,x7f8a4869a560,1101,250.0,0.0,2,[0],1
1,13,x7f8a4869a560,1102,250.0,0.0,7,[4],1
1,13,x7f8a4869a560,1103,50.0,0.0,2,[1],1
1,13,x7f8a4869a560,1104,192.88713184395422,0.0,7,[4],1
1,13,x7f8a4869a560,1105,250.0,0.0,2,[0],1
1,13,x7f8a4869a560,1106,250.0,0.0,7,[4],1
1,13,x7f8a4869a560,1107,50.0,0.0,2,[1],1
1,13,x7f8a4869a560,1108,149.8790463801917,0.0,7,[4],1
1,13,x7f8a4869a560,1109,250.0,0.0,2,[0],1
1,13,x7f8a4869a560,1110,148.31235677330397,0.0,7,[5],1
1,13,x7f8a4869a560,1111,50.0,0.0,2,[1],1
1,13,x7f8a4869a560,1112,250.0,0.0,7,[4],1
1,13,x7f8a4869a560,1113,50.0,0.0,2,[1],1
1,13,x7f8a4869a560,1114,150.00594990182663,0.0,7,[5],1
1,13,x7f8a4869a560,1115,50.0,0.0,2,[1],1
1,13,x7f8a4869a560,1116,250.0,0.0,7,[4],1
1,13,x7f8a4869a560,1117,250.0,0.0,2,[0],1
1,13,x7f8a4869a560,1118,150.00594990182663,0.0,7,[5],1
1,13,x7f8a4869a560,1119,50.0,0.0,2,[1],1
1,13,x7f8a4869a560,1120,149.90234375,0.0,7,[6],1
1,13,x7f8a4869a560,1121,250.0,0.0,2,[0],2
1,13,x7f8a4869a560,1122,250.0,0.0,7,[4],1
1,13,x7f8a4869a560,1123,50.0,0.0,2,[1],1
1,13,x7f8a4869a560,1124,150.49822948877107,0.0,7,[6],1
1,13,x7f8a4869a560,1125,50.0,0.0,2,[1],1
1,13,x7f8a4869a560,1126,174.4628933525323,0.0,7,[4],1
1,13,x7f8a4869a560,1127,50.0,0.0,2,[1],1
1,13,x7f8a4869a560,1128,250.0,0.0,7,[4],1
1,13,x7f8a4869a560,1129,250.0,0.0,2,[0],1
1,13,x7f8a4869a560,1130,168.37278534927987,0.0,7,[5],1
1,13,x7f8a4869a560,1131,50.0,0.0,2,[1],1
1,13,x7f8a4869a560,1132,149.99702370511605,0.0,7,[6],1
1,13,x7f8a4869a560,1133,250.0,0.0,2,[0],1
1,13,x7f8a4869a560,1134,250.0,0.0,7,[4],1
1,13,x7f8a4869a560,1135,50.0,0.0,2,[1],1
1,13,x7f8a4869a560,1136,129.86977982903358,0.0,7,[6],1
1,13,x7f8a4869a560,1137,50.0,0.0,2,[1],1
1,13,x7f8a4869a560,1138,150.02290682837938,0.0,7,[4],1
1,13,x7f8a4869a560,1139,50.0,0.0,2,[1],1
1,13,x7f8a4869a560,1140,250.0,0.0,7,[4],0
1,13,x7f8a4869a560,1141,250.0,0.0,2,[0],1
1,13,x7f8a4869a560,1142,-249.99405009817337,0.0,7,[5],1
1,13,x7f8a4869a560,1143,650.0,2.0,2,[1],2
1,13,x7f8a4869a560,1144,609.0162356280587,2.0,7,[8],2
1,13,x7f8a4869a560,1145,250.0,0.0,2,[0],1
1,13,x7f8a4869a560,1146,150.1626318773483,0.0,7,[6],1
1,13,x7f8a4869a560,1147,50.0,0.0,2,[1],1
1,13,x7f8a4869a560,1148,250.0,0.0,7,[4],1
1,13,x7f8a4869a560,1149,50.0,0.0,2,[1],1
1,13,x7f8a4869a560,1150,167.99281083197533,0.0,7,[4],1
1,13,x7f8a4869a560,1151,50.0,0.0,2,[1],1
1,13,x7f8a4869a560,1152,250.0,0.0,7,[4],1
1,13,x7f8a4869a560,1153,250.0,0.0,2,[0],1
1,13,x7f8a4869a560,1154,149.64482965139112,0.0,7,[5],1
1,13,x7f8a4869a560,1155,50.0,0.0,2,[1],1
1,13,x7f8a4869a560,1156,146.05308232077937,0.0,7,[6],1
1,13,x7f8a4869a560,1157,250.0,0.0,2,[0],1
1,13,x7f8a4869a560,1158,250.0,0.0,7,[4],1
1,13,x7f8a4869a560,1159,50.0,0.0,2,[1],1
1,13,x7f8a4869a560,1160,149.90234375,0.0,7,[6],1
1,13,x7f8a4869a560,1161,50.0,0.0,2,[1],1
1,13,x7f8a4869a560,1162,155.29221494013447,0.0,7,[4],1
1,13,x7f8a4869a560,1163,50.0,0.0,2,[1],1
1,13,x7f8a4869a560,1164,250.0,0.0,7,[4],1
1,13,x7f8a4869a560,1165,250.0,0.0,2,[0],1
1,13,x7f8a4869a560,1166,150.00594990182663,0.0,7,[5],1
1,13,x7f8a4869a560,1167,50.0,0.0,2,[1],1
1,13,x7f8a4869a560,1168,149.90234375,0.0,7,[6],1
1,13,x7f8a4869a560,1169,250.0,0.0,2,[0],1
1,13,x7f8a4869a560,1170,250.0,0.0,7,[4],1
1,13,x7f8a4869a560,1171,50.0,0.0,2,[1],1
1,13,x7f8a4869a560,1172,150.30829560547076,0.0,7,[6],1
1,13,x7f8a4869a560,1173,50.0,0.0,2,[1],1
1,13,x7f8a4869a560,1174,172.7098018233264,0.0,7,[4],1
1,13,x7f8a4869a560,1175,50.0,0.0,2,[1],1
1,13,x7f8a4869a560,1176,-150.0,0.0,7,[4],1
