0,10,x7f00ae099340,1,550.0,0.0,1.0,0.02,2,[0],2
0,10,x7f00ae099340,2,550.0,0.0,1.0,0.02,2,[0],4
0,10,x7f00ae099340,3,50.0,0.0,0.0,0.02,2,[0],1
0,10,x7f00ae099340,4,550.0,0.0,1.0,0.02,2,[0],2
0,10,x7f00ae099340,5,550.0,0.0,1.0,0.02,2,[0],3
0,10,x7f00ae099340,6,550.0,0.0,1.0,0.02,2,[0],2
0,10,x7f00ae099340,7,150.0,0.0,1.0,0.02,2,[0],2
0,10,x7f00ae099340,8,50.0,0.0,0.0,0.02,2,[0],4
0,10,x7f00ae099340,9,50.0,0.0,0.0,0.02,2,[0],4
0,10,x7f00ae099340,10,150.0,1.0,0.0,0.02,2,[0],0
0,10,x7f00ae099340,11,-150.0,0.0,1.0,0.02,2,[1],3
0,10,x7f00ae099340,12,350.0,1.0,0.0,0.02,2,[0],3
0,10,x7f00ae099340,13,350.0,1.0,1.0,0.02,2,[1],4
0,10,x7f00ae099340,14,-19.31,0.0,1.0,0.02,3,[0],3
0,10,x7f00ae099340,15,350.0,1.0,1.0,0.02,3,[1],3
0,10,x7f00ae099340,16,350.0,1.0,0.0,0.01,3,[11],0
0,10,x7f00ae099340,17,199.63,1.0,0.0,0.02,3,[0],3
0,10,x7f00ae099340,18,-50.0,0.0,0.0,0.02,2,[0],0
0,10,x7f00ae099340,19,650.0,1.0,1.0,0.01,3,[11],2
0,10,x7f00ae099340,20,257.84,1.0,0.0,0.02,3,[14],2
0,10,x7f00ae099340,21,650.0,1.0,1.0,0.01,4,[11],3
0,10,x7f00ae099340,22,350.0,1.0,0.0,0.01,3,[11],3
0,10,x7f00ae099340,23,149.93,0.0,0.0,0.02,4,[14],1
0,10,x7f00ae099340,24,-381.64,0.0,0.0,0.01,4,[11],0
0,10,x7f00ae099340,25,257.98,1.0,0.0,0.01,4,[11],4
0,10,x7f00ae099340,26,250.0,0.0,0.0,0.02,4,[14],1
0,10,x7f00ae099340,27,0.52,1.0,0.0,0.02,4,[14],4
0,10,x7f00ae099340,28,250.0,0.0,1.0,0.02,3,[1],3
0,10,x7f00ae099340,29,250.0,0.0,0.0,0.01,4,[11],3
0,10,x7f00ae099340,30,216.53,1.0,0.0,0.01,4,[11],2
0,10,x7f00ae099340,31,400.0,0.0,1.0,0.01,4,[11],0
0,10,x7f00ae099340,32,-15.88,0.0,0.0,0.02,3,[0],4
0,10,x7f00ae099340,33,397.38,0.0,1.0,0.01,4,[11],3
0,10,x7f00ae099340,34,50.0,0.0,0.0,0.02,3,[14],2
0,10,x7f00ae099340,35,550.0,0.0,1.0,0.02,2,[0],4
0,10,x7f00ae099340,36,250.0,0.0,0.0,0.01,4,[14],1
0,10,x7f00ae099340,37,250.0,0.0,0.0,0.01,3,[11],0
0,10,x7f00ae099340,38,-172.3,0.0,0.0,0.01,4,[11],1
0,10,x7f00ae099340,39,-211.23,0.0,0.0,0.02,3,[14],1
0,10,x7f00ae099340,40,277.06,0.0,1.0,0.02,4,[0],4
0,10,x7f00ae099340,41,550.0,0.0,1.0,0.01,4,[11],3
0,10,x7f00ae099340,42,250.0,0.0,0.0,0.01,4,[11],3
0,10,x7f00ae099340,43,250.0,0.0,0.0,0.02,3,[14],1
0,10,x7f00ae099340,44,-305.32,0.0,0.0,0.02,3,[0],1
0,10,x7f00ae099340,45,295.61,1.0,0.0,0.02,3,[14],1
0,10,x7f00ae099340,46,150.0,0.0,1.0,0.01,3,[11],1
0,10,x7f00ae099340,47,456.47,1.0,1.0,0.02,3,[0],0
0,10,x7f00ae099340,48,350.0,1.0,0.0,0.02,3,[14],3
0,10,x7f00ae099340,49,150.0,0.0,1.0,0.01,3,[11],2
0,10,x7f00ae099340,50,150.0,0.0,1.0,0.02,3,[14],3
0,10,x7f00ae099340,51,-150.0,0.0,1.0,0.02,3,[1],3
0,10,x7f00ae099340,52,-150.0,0.0,0.0,0.02,3,[14],2
0,10,x7f00ae099340,53,150.0,1.0,0.0,0.02,2,[0],4
0,10,x7f00ae099340,54,150.77,0.0,0.0,0.02,3,[14],2
0,10,x7f00ae099340,55,-155.41,0.0,0.0,0.02,6,[0],4
0,10,x7f00ae099340,56,250.0,0.0,0.0,0.01,3,[11],3
0,10,x7f00ae099340,57,650.0,1.0,1.0,0.01,4,[11],3
0,10,x7f00ae099340,58,250.0,0.0,0.0,0.02,3,[14],2
0,10,x7f00ae099340,59,-358.16,0.0,0.0,0.01,4,[11],0
0,10,x7f00ae099340,60,243.56,1.0,0.0,0.02,3,[14],2
0,10,x7f00ae099340,61,103.6,0.0,0.0,0.01,4,[11],0
0,10,x7f00ae099340,62,150.29,0.0,0.0,0.01,4,[11],0
0,10,x7f00ae099340,63,250.0,0.0,0.0,0.02,4,[14],2
0,10,x7f00ae099340,64,380.22,0.0,1.0,0.02,3,[0],4
0,10,x7f00ae099340,65,-250.0,0.0,0.0,0.01,4,[11],1
0,10,x7f00ae099340,66,150.0,0.0,1.0,0.01,4,[11],3
0,10,x7f00ae099340,67,-350.0,0.0,0.0,0.02,3,[14],1
0,10,x7f00ae099340,68,0.14,0.0,0.0,0.02,4,[14],1
0,10,x7f00ae099340,69,0.08,0.0,1.0,0.02,4,[14],1
0,10,x7f00ae099340,70,150.0,0.0,1.0,0.01,4,[11],0
0,10,x7f00ae099340,71,250.0,0.0,0.0,0.02,2,[0],3
0,10,x7f00ae099340,72,650.0,1.0,1.0,0.01,3,[14],3
0,10,x7f00ae099340,73,269.77,0.0,1.0,0.02,4,[0],3
0,10,x7f00ae099340,74,250.0,0.0,1.0,0.02,4,[1],3
0,10,x7f00ae099340,75,152.6,0.0,0.0,0.02,4,[14],2
0,10,x7f00ae099340,76,-278.09,0.0,0.0,0.01,4,[11],0
0,10,x7f00ae099340,77,350.0,1.0,0.0,0.02,4,[14],2
0,10,x7f00ae099340,78,550.0,0.0,1.0,0.0,3,[4],3
0,10,x7f00ae099340,79,-0.52,0.0,0.0,0.02,3,[0],4
0,10,x7f00ae099340,80,-150.0,1.0,0.0,0.02,4,[1],4
0,10,x7f00ae099340,81,250.0,0.0,0.0,0.02,4,[14],2
0,10,x7f00ae099340,82,250.0,0.0,0.0,0.01,3,[11],2
0,10,x7f00ae099340,83,550.0,0.0,1.0,0.01,3,[11],3
0,10,x7f00ae099340,84,150.0,0.0,1.0,0.02,3,[14],2
0,10,x7f00ae099340,85,488.93,1.0,1.0,0.02,4,[0],3
0,10,x7f00ae099340,86,250.0,0.0,1.0,0.02,4,[1],3
0,10,x7f00ae099340,87,250.0,0.0,0.0,0.02,4,[14],1
0,10,x7f00ae099340,88,250.0,0.0,0.0,0.01,4,[11],0
0,10,x7f00ae099340,89,-101.35,0.0,0.0,0.02,3,[0],0
0,10,x7f00ae099340,90,40.54,0.0,0.0,0.01,4,[11],0
0,10,x7f00ae099340,91,-128.88,0.0,0.0,0.02,3,[0],4
0,10,x7f00ae099340,92,650.0,1.0,1.0,0.02,4,[14],3
0,10,x7f00ae099340,93,-150.0,0.0,0.0,0.01,4,[11],0
0,10,x7f00ae099340,94,150.0,0.0,1.0,0.01,4,[11],0
0,10,x7f00ae099340,95,-150.0,0.0,0.0,0.02,3,[14],3
0,10,x7f00ae099340,96,0.0,1.0,0.0,0.02,3,[0],4
0,10,x7f00ae099340,97,550.0,0.0,1.0,0.02,3,[14],3
0,10,x7f00ae099340,98,250.0,0.0,0.0,0.01,3,[11],2
0,10,x7f00ae099340,99,250.0,0.0,0.0,0.02,3,[14],3
0,10,x7f00ae099340,100,250.0,0.0,0.0,0.01,3,[11],0
0,10,x7f00ae099340,101,100.03,1.0,0.0,0.01,4,[11],0
0,10,x7f00ae099340,102,250.0,0.0,0.0,0.02,3,[14],3
0,10,x7f00ae099340,103,-350.0,0.0,0.0,0.02,4,[14],1
0,10,x7f00ae099340,104,-300.0,0.0,0.0,0.02,3,[14],3
0,10,x7f00ae099340,105,250.0,0.0,0.0,0.01,4,[11],0
0,10,x7f00ae099340,106,-0.21,0.0,0.0,0.02,4,[0],4
0,10,x7f00ae099340,107,-231.6,0.0,0.0,0.02,4,[0],4
0,10,x7f00ae099340,108,404.25,0.0,1.0,0.01,4,[11],0
0,10,x7f00ae099340,109,-150.0,0.0,0.0,0.02,4,[14],1
0,10,x7f00ae099340,110,497.83,1.0,1.0,0.02,3,[0],3
0,10,x7f00ae099340,111,150.0,0.0,0.0,0.01,4,[11],1
0,10,x7f00ae099340,112,-115.88,0.0,0.0,0.02,3,[0],0
0,10,x7f00ae099340,113,408.12,0.0,1.0,0.02,4,[14],3
0,10,x7f00ae099340,114,53.67,0.0,0.0,0.02,3,[0],3
0,10,x7f00ae099340,115,-150.0,1.0,0.0,0.02,4,[1],4
0,10,x7f00ae099340,116,-150.0,1.0,0.0,0.02,4,[1],4
0,10,x7f00ae099340,117,250.0,0.0,0.0,0.01,4,[11],1
0,10,x7f00ae099340,118,-127.29,0.0,0.0,0.02,3,[0],4
0,10,x7f00ae099340,119,250.0,0.0,0.0,0.02,3,[14],3
0,10,x7f00ae099340,120,350.0,1.0,0.0,0.02,4,[14],3
0,10,x7f00ae099340,121,-250.0,0.0,0.0,0.02,4,[14],1
0,10,x7f00ae099340,122,-150.0,0.0,0.0,0.02,3,[14],1
0,10,x7f00ae099340,123,236.44,1.0,0.0,0.01,3,[11],0
0,10,x7f00ae099340,124,-399.98,0.0,0.0,0.02,3,[0],0
0,10,x7f00ae099340,125,150.0,0.0,0.0,0.01,4,[11],2
0,10,x7f00ae099340,126,550.0,0.0,1.0,0.02,3,[14],3
0,10,x7f00ae099340,127,-248.21,0.0,0.0,0.0,5,[4],2
0,10,x7f00ae099340,128,250.0,0.0,0.0,0.02,4,[14],2
0,10,x7f00ae099340,129,149.98,0.0,0.0,0.01,4,[11],2
0,10,x7f00ae099340,130,152.77,0.0,0.0,0.02,3,[14],1
0,10,x7f00ae099340,131,-249.85,0.0,0.0,0.01,4,[11],2
0,10,x7f00ae099340,132,-450.0,0.0,0.0,0.02,2,[1],1
0,10,x7f00ae099340,133,150.0,0.0,1.0,0.01,3,[14],1
0,10,x7f00ae099340,134,550.0,0.0,1.0,0.02,4,[14],3
0,10,x7f00ae099340,135,-283.1,0.0,0.0,0.01,4,[11],1
0,10,x7f00ae099340,136,250.0,0.0,0.0,0.02,2,[0],4
0,10,x7f00ae099340,137,350.0,1.0,0.0,0.01,3,[14],2
0,10,x7f00ae099340,138,-107.77,0.0,0.0,0.02,4,[0],4
0,10,x7f00ae099340,139,-233.93,0.0,0.0,0.02,4,[0],4
0,10,x7f00ae099340,140,50.0,0.0,0.0,0.02,4,[14],2
0,10,x7f00ae099340,141,-150.0,0.0,0.0,0.01,3,[11],3
0,10,x7f00ae099340,142,-297.59,0.0,0.0,0.0,3,[5],3
0,10,x7f00ae099340,143,150.0,0.0,1.0,0.0,3,[14],2
0,10,x7f00ae099340,144,-50.0,0.0,0.0,0.02,2,[1],1
0,10,x7f00ae099340,145,-607.81,0.0,0.0,0.02,3,[1],1
0,10,x7f00ae099340,146,550.0,0.0,1.0,0.02,3,[14],3
0,10,x7f00ae099340,147,-150.0,0.0,0.0,0.02,3,[14],1
0,10,x7f00ae099340,148,250.0,0.0,0.0,0.02,3,[14],3
0,10,x7f00ae099340,149,-150.0,0.0,0.0,0.0,2,[4],0
0,10,x7f00ae099340,150,-150.0,0.0,0.0,0.0,3,[11],3
0,10,x7f00ae099340,151,-251.18,0.0,0.0,0.02,3,[14],2
0,10,x7f00ae099340,152,65.29,0.0,0.0,0.01,5,[4],4
0,10,x7f00ae099340,153,-599.59,0.0,0.0,0.02,4,[0],1
0,10,x7f00ae099340,154,-17.2,1.0,0.0,0.02,4,[0],4
0,10,x7f00ae099340,155,-399.48,0.0,0.0,0.01,4,[11],0
0,10,x7f00ae099340,156,-400.0,0.0,0.0,0.01,4,[11],0
0,10,x7f00ae099340,157,650.0,1.0,1.0,0.02,3,[14],4
0,10,x7f00ae099340,158,-622.8,0.0,0.0,0.0,4,[5],0
0,10,x7f00ae099340,159,-150.0,0.0,0.0,0.01,3,[11],3
0,10,x7f00ae099340,160,-450.0,0.0,0.0,0.02,2,[1],3
0,10,x7f00ae099340,161,249.57,1.0,0.0,0.01,4,[11],2
0,10,x7f00ae099340,162,650.0,1.0,1.0,0.02,4,[14],3
0,10,x7f00ae099340,163,250.0,0.0,0.0,0.01,4,[11],1
0,10,x7f00ae099340,164,-500.5,0.0,0.0,0.01,4,[11],0
0,10,x7f00ae099340,165,350.0,1.0,0.0,0.02,3,[14],3
0,10,x7f00ae099340,166,550.0,0.0,1.0,0.01,4,[11],1
0,10,x7f00ae099340,167,550.0,0.0,1.0,0.02,2,[0],0
0,10,x7f00ae099340,168,-150.28,0.0,0.0,0.01,3,[1],1
0,10,x7f00ae099340,169,550.0,0.0,1.0,0.02,3,[14],3
0,10,x7f00ae099340,170,250.0,0.0,1.0,0.02,4,[1],3
0,10,x7f00ae099340,171,550.0,0.0,1.0,0.01,4,[11],3
0,10,x7f00ae099340,172,99.6,0.0,0.0,0.02,3,[0],3
0,10,x7f00ae099340,173,-106.34,0.0,0.0,0.02,3,[0],4
0,10,x7f00ae099340,174,409.97,0.0,1.0,0.01,4,[11],3
0,10,x7f00ae099340,175,250.0,0.0,0.0,0.02,4,[14],3
0,10,x7f00ae099340,176,150.0,0.0,1.0,0.02,4,[14],3
0,10,x7f00ae099340,177,250.0,0.0,0.0,0.02,4,[14],2
0,10,x7f00ae099340,178,250.0,0.0,0.0,0.01,3,[11],3
0,10,x7f00ae099340,179,550.0,0.0,1.0,0.02,4,[14],3
0,10,x7f00ae099340,180,-150.0,1.0,0.0,0.01,3,[1],4
0,10,x7f00ae099340,181,250.0,0.0,0.0,0.01,4,[11],3
0,10,x7f00ae099340,182,-150.0,0.0,0.0,0.02,3,[14],3
0,10,x7f00ae099340,183,-250.0,0.0,0.0,0.01,3,[11],1
0,10,x7f00ae099340,184,-150.0,0.0,0.0,0.01,4,[11],3
0,10,x7f00ae099340,185,50.0,1.0,0.0,0.02,3,[1],3
0,10,x7f00ae099340,186,250.0,0.0,0.0,0.02,3,[14],1
0,10,x7f00ae099340,187,-148.84,1.0,0.0,0.02,3,[0],0
0,10,x7f00ae099340,188,150.0,0.0,1.0,0.02,3,[14],1
0,10,x7f00ae099340,189,0.0,0.0,1.0,0.01,3,[11],0
0,10,x7f00ae099340,190,-150.0,0.0,1.0,0.02,3,[1],3
0,10,x7f00ae099340,191,-150.0,0.0,0.0,0.02,3,[14],3
0,10,x7f00ae099340,192,350.0,1.0,0.0,0.02,3,[14],3
0,10,x7f00ae099340,193,550.0,0.0,1.0,0.02,3,[14],3
0,10,x7f00ae099340,194,550.0,0.0,1.0,0.0,3,[4],3
0,10,x7f00ae099340,195,-483.5,0.0,0.0,0.01,3,[0],0
0,10,x7f00ae099340,196,650.0,1.0,1.0,0.02,3,[14],3
0,10,x7f00ae099340,197,-150.0,0.0,0.0,0.0,3,[5],3
0,10,x7f00ae099340,198,-150.0,0.0,0.0,0.0,3,[14],3
0,10,x7f00ae099340,199,251.84,0.0,1.0,0.02,3,[0],3
0,10,x7f00ae099340,200,394.08,0.0,1.0,0.02,3,[0],3
0,10,x7f00ae099340,201,-433.61,0.0,0.0,0.02,3,[0],0
0,10,x7f00ae099340,202,107.42,0.0,0.0,0.01,4,[11],0
0,10,x7f00ae099340,203,550.0,0.0,1.0,0.01,4,[11],3
0,10,x7f00ae099340,204,502.58,0.0,1.0,0.02,3,[14],2
0,10,x7f00ae099340,205,400.0,0.0,1.0,0.02,4,[0],4
0,10,x7f00ae099340,206,-546.47,0.0,0.0,0.02,3,[0],0
0,10,x7f00ae099340,207,416.97,0.0,1.0,0.01,4,[11],3
0,10,x7f00ae099340,208,149.95,0.0,0.0,0.02,4,[14],1
0,10,x7f00ae099340,209,150.0,0.0,1.0,0.02,3,[14],3
0,10,x7f00ae099340,210,-150.0,0.0,0.0,0.0,3,[4],3
0,10,x7f00ae099340,211,150.0,0.0,1.0,0.0,3,[11],0
0,10,x7f00ae099340,212,-150.0,0.0,0.0,0.01,3,[11],0
0,10,x7f00ae099340,213,-157.18,0.0,0.0,0.02,3,[0],0
0,10,x7f00ae099340,214,-150.0,0.0,0.0,0.02,4,[14],3
0,10,x7f00ae099340,215,-257.42,0.0,0.0,0.01,4,[11],3
0,10,x7f00ae099340,216,250.0,1.0,0.0,0.02,3,[14],1
0,10,x7f00ae099340,217,250.0,0.0,0.0,0.0,2,[4],3
0,10,x7f00ae099340,218,250.0,0.0,0.0,0.0,4,[14],1
0,10,x7f00ae099340,219,-150.0,0.0,1.0,0.02,3,[0],3
0,10,x7f00ae099340,220,351.63,0.0,1.0,0.02,3,[0],4
0,10,x7f00ae099340,221,250.0,0.0,0.0,0.02,3,[14],3
0,10,x7f00ae099340,222,250.0,0.0,0.0,0.02,4,[14],3
0,10,x7f00ae099340,223,250.0,0.0,1.0,0.02,3,[1],3
0,10,x7f00ae099340,224,99.1,0.0,0.0,0.01,3,[11],0
0,10,x7f00ae099340,225,-150.0,0.0,0.0,0.02,3,[14],3
0,10,x7f00ae099340,226,150.0,0.0,1.0,0.02,3,[14],2
0,10,x7f00ae099340,227,364.93,0.0,1.0,0.02,3,[0],3
0,10,x7f00ae099340,228,112.71,1.0,0.0,0.02,4,[14],4
0,10,x7f00ae099340,229,150.0,0.0,1.0,0.0,4,[4],3
0,10,x7f00ae099340,230,150.0,0.0,1.0,0.01,4,[11],3
0,10,x7f00ae099340,231,-150.0,0.0,0.0,0.02,3,[14],2
0,10,x7f00ae099340,232,550.0,0.0,1.0,0.0,4,[5],3
0,10,x7f00ae099340,233,550.0,0.0,1.0,0.01,3,[11],3
0,10,x7f00ae099340,234,550.0,0.0,1.0,0.02,3,[14],3
0,10,x7f00ae099340,235,550.0,0.0,1.0,0.02,4,[14],2
0,10,x7f00ae099340,236,250.0,0.0,1.0,0.02,2,[1],3
0,10,x7f00ae099340,237,250.0,0.0,1.0,0.02,2,[1],3
0,10,x7f00ae099340,238,250.0,0.0,0.0,0.02,2,[0],3
0,10,x7f00ae099340,239,406.33,0.0,1.0,0.0,5,[4],3
0,10,x7f00ae099340,240,288.16,0.0,1.0,0.01,3,[0],4
0,10,x7f00ae099340,241,-121.25,0.0,0.0,0.02,3,[0],0
0,10,x7f00ae099340,242,250.0,0.0,0.0,0.01,2,[11],3
0,10,x7f00ae099340,243,550.0,0.0,1.0,0.02,4,[4],3
0,10,x7f00ae099340,244,550.0,0.0,1.0,0.0,3,[11],1
0,10,x7f00ae099340,245,550.0,0.0,1.0,0.02,2,[0],3
0,10,x7f00ae099340,246,550.0,0.0,1.0,0.0,4,[4],0
0,10,x7f00ae099340,247,250.0,0.0,0.0,0.0,3,[11],3
0,10,x7f00ae099340,248,250.0,0.0,0.0,0.0,3,[4],0
0,10,x7f00ae099340,249,550.0,0.0,1.0,0.0,3,[11],2
0,10,x7f00ae099340,250,-150.0,0.0,0.0,0.02,2,[0],0
0,10,x7f00ae099340,251,550.0,0.0,1.0,0.0,3,[4],2
0,10,x7f00ae099340,252,550.0,0.0,1.0,0.0,3,[11],0
0,10,x7f00ae099340,253,-250.0,0.0,0.0,0.02,2,[1],4
0,10,x7f00ae099340,254,550.0,0.0,1.0,0.01,3,[14],3
0,10,x7f00ae099340,255,150.0,0.0,1.0,0.01,4,[11],2
0,10,x7f00ae099340,256,550.0,0.0,1.0,0.02,2,[0],3
0,10,x7f00ae099340,257,-150.0,0.0,0.0,0.01,4,[14],2
0,10,x7f00ae099340,258,-150.0,0.0,0.0,0.02,4,[14],3
0,10,x7f00ae099340,259,-350.0,0.0,0.0,0.02,2,[0],2
0,10,x7f00ae099340,260,350.0,1.0,0.0,0.0,3,[14],2
0,10,x7f00ae099340,261,250.0,0.0,0.0,0.02,3,[14],3
0,10,x7f00ae099340,262,-150.0,0.0,0.0,0.02,4,[14],1
0,10,x7f00ae099340,263,350.0,1.0,0.0,0.02,3,[14],3
0,10,x7f00ae099340,264,250.0,0.0,0.0,0.02,4,[14],3
0,10,x7f00ae099340,265,-447.67,0.0,0.0,0.01,3,[0],0
0,10,x7f00ae099340,266,-150.0,0.0,0.0,0.02,3,[14],3
0,10,x7f00ae099340,267,250.0,0.0,0.0,0.0,2,[5],1
0,10,x7f00ae099340,268,-150.0,0.0,0.0,0.01,3,[11],3
0,10,x7f00ae099340,269,240.05,1.0,0.0,0.02,3,[14],1
0,10,x7f00ae099340,270,350.0,1.0,1.0,0.02,3,[1],4
0,10,x7f00ae099340,271,350.0,1.0,0.0,0.02,3,[14],3
0,10,x7f00ae099340,272,250.0,0.0,1.0,0.02,4,[1],3
0,10,x7f00ae099340,273,550.0,0.0,1.0,0.0,2,[6],0
0,10,x7f00ae099340,274,250.0,0.0,0.0,0.0,3,[11],3
0,10,x7f00ae099340,275,350.0,1.0,0.0,0.01,5,[4],3
0,10,x7f00ae099340,276,0.0,0.0,1.0,0.01,4,[11],3
0,10,x7f00ae099340,277,-450.0,0.0,0.0,0.02,2,[1],3
0,10,x7f00ae099340,278,-10.62,1.0,0.0,0.01,3,[0],4
0,10,x7f00ae099340,279,-150.0,0.0,0.0,0.02,3,[14],3
0,10,x7f00ae099340,280,-150.0,0.0,0.0,0.02,3,[14],1
0,10,x7f00ae099340,281,50.0,1.0,0.0,0.02,2,[1],4
0,10,x7f00ae099340,282,-450.0,0.0,0.0,0.02,2,[1],3
0,10,x7f00ae099340,283,-244.61,0.0,0.0,0.0,3,[4],2
0,10,x7f00ae099340,284,-150.0,0.0,0.0,0.01,4,[11],0
0,10,x7f00ae099340,285,350.0,1.0,0.0,0.02,3,[14],1
0,10,x7f00ae099340,286,250.0,0.0,0.0,0.02,3,[14],3
0,10,x7f00ae099340,287,250.0,0.0,0.0,0.01,4,[11],3
0,10,x7f00ae099340,288,250.0,0.0,0.0,0.02,3,[14],3
0,10,x7f00ae099340,289,264.57,0.0,1.0,0.02,3,[0],4
0,10,x7f00ae099340,290,-10.56,0.0,0.0,0.02,3,[0],4
0,10,x7f00ae099340,291,-250.0,0.0,0.0,0.02,4,[14],2
0,10,x7f00ae099340,292,650.0,1.0,1.0,0.02,3,[14],2
0,10,x7f00ae099340,293,550.0,0.0,1.0,0.0,3,[4],0
0,10,x7f00ae099340,294,550.0,0.0,1.0,0.0,3,[11],2
0,10,x7f00ae099340,295,550.0,0.0,1.0,0.02,2,[0],2
0,10,x7f00ae099340,296,44.8,0.0,0.0,0.02,3,[0],3
0,10,x7f00ae099340,297,-150.0,1.0,0.0,0.02,3,[0],4
0,10,x7f00ae099340,298,250.0,0.0,0.0,0.01,2,[11],3
0,10,x7f00ae099340,299,250.0,0.0,0.0,0.02,2,[14],3
0,10,x7f00ae099340,300,-150.0,1.0,0.0,0.02,4,[0],0
0,10,x7f00ae099340,301,-89.65,1.0,0.0,0.02,5,[0],0
0,10,x7f00ae099340,302,259.06,1.0,1.0,0.01,5,[0],0
0,10,x7f00ae099340,303,150.0,0.0,1.0,0.01,5,[4],3
0,10,x7f00ae099340,304,250.0,0.0,0.0,0.01,4,[11],3
0,10,x7f00ae099340,305,250.0,0.0,0.0,0.02,3,[14],2
0,10,x7f00ae099340,306,100.0,0.0,0.0,0.02,3,[0],0
0,10,x7f00ae099340,307,350.0,1.0,1.0,0.02,3,[1],3
0,10,x7f00ae099340,308,350.0,1.0,0.0,0.0,4,[4],2
0,10,x7f00ae099340,309,150.0,0.0,1.0,0.0,3,[14],3
0,10,x7f00ae099340,310,500.04,1.0,1.0,0.0,3,[5],3
0,10,x7f00ae099340,311,350.0,1.0,0.0,0.0,3,[14],3
0,10,x7f00ae099340,312,-450.0,0.0,0.0,0.02,2,[1],3
0,10,x7f00ae099340,313,250.0,0.0,0.0,0.0,3,[4],3
0,10,x7f00ae099340,314,350.0,1.0,0.0,0.0,3,[14],3
0,10,x7f00ae099340,315,250.0,0.0,0.0,0.0,2,[5],2
0,10,x7f00ae099340,316,-399.85,0.0,0.0,0.01,3,[11],1
0,10,x7f00ae099340,317,650.0,1.0,1.0,0.02,3,[14],1
0,10,x7f00ae099340,318,250.0,0.0,1.0,0.02,2,[1],3
0,10,x7f00ae099340,319,150.0,0.0,1.0,0.0,2,[6],3
0,10,x7f00ae099340,320,-150.0,0.0,0.0,0.0,3,[14],3
0,10,x7f00ae099340,321,-150.0,0.0,0.0,0.0,3,[14],3
0,10,x7f00ae099340,322,550.0,0.0,1.0,0.02,2,[0],3
0,10,x7f00ae099340,323,150.0,0.0,1.0,0.01,3,[14],2
0,10,x7f00ae099340,324,150.0,0.0,1.0,0.02,3,[14],3
0,10,x7f00ae099340,325,250.0,0.0,0.0,0.01,3,[14],3
0,10,x7f00ae099340,326,-250.41,0.0,0.0,0.02,3,[14],2
0,10,x7f00ae099340,327,150.0,0.0,1.0,0.01,4,[11],3
0,10,x7f00ae099340,328,350.0,1.0,0.0,0.02,3,[14],3
0,10,x7f00ae099340,329,150.0,0.0,1.0,0.02,3,[0],4
0,10,x7f00ae099340,330,-150.0,0.0,0.0,0.02,4,[14],3
0,10,x7f00ae099340,331,550.0,0.0,1.0,0.0,2,[5],3
0,10,x7f00ae099340,332,250.0,0.0,0.0,0.0,3,[11],3
0,10,x7f00ae099340,333,-329.05,0.0,0.0,0.01,3,[0],0
0,10,x7f00ae099340,334,250.0,0.0,0.0,0.02,3,[14],3
0,10,x7f00ae099340,335,150.0,0.0,1.0,0.02,3,[14],1
0,10,x7f00ae099340,336,-124.82,0.0,0.0,0.02,3,[0],4
0,10,x7f00ae099340,337,150.0,0.0,1.0,0.02,3,[14],2
0,10,x7f00ae099340,338,650.0,1.0,1.0,0.02,3,[14],3
0,10,x7f00ae099340,339,-150.0,0.0,0.0,0.02,3,[14],3
0,10,x7f00ae099340,340,-150.0,0.0,0.0,0.02,3,[14],3
0,10,x7f00ae099340,341,150.0,0.0,0.0,0.02,3,[14],1
0,10,x7f00ae099340,342,250.0,0.0,0.0,0.02,3,[14],1
0,10,x7f00ae099340,343,350.0,1.0,1.0,0.02,3,[1],3
0,10,x7f00ae099340,344,-150.0,0.0,0.0,0.0,5,[4],2
0,10,x7f00ae099340,345,350.0,1.0,1.0,0.02,3,[1],3
0,10,x7f00ae099340,346,-150.0,0.0,0.0,0.0,4,[4],1
0,10,x7f00ae099340,347,-150.0,1.0,0.0,0.01,3,[1],4
0,10,x7f00ae099340,348,650.0,1.0,1.0,0.0,4,[4],2
0,10,x7f00ae099340,349,191.55,1.0,0.0,0.0,3,[11],2
0,10,x7f00ae099340,350,550.0,0.0,1.0,0.02,2,[0],2
0,10,x7f00ae099340,351,650.0,1.0,1.0,0.0,4,[4],3
0,10,x7f00ae099340,352,250.0,0.0,0.0,0.0,3,[11],3
0,10,x7f00ae099340,353,205.17,1.0,0.0,0.0,3,[4],2
0,10,x7f00ae099340,354,50.0,0.0,0.0,0.01,2,[0],4
0,10,x7f00ae099340,355,-250.0,0.0,0.0,0.02,3,[0],4
0,10,x7f00ae099340,356,550.0,0.0,1.0,0.01,3,[4],2
0,10,x7f00ae099340,357,350.0,1.0,0.0,0.0,3,[11],2
0,10,x7f00ae099340,358,-40.27,0.0,0.0,0.02,3,[0],0
0,10,x7f00ae099340,359,250.0,0.0,0.0,0.0,3,[4],3
0,10,x7f00ae099340,360,250.0,0.0,0.0,0.0,3,[11],3
0,10,x7f00ae099340,361,8.32,0.0,0.0,0.02,3,[0],1
0,10,x7f00ae099340,362,-142.25,0.0,0.0,0.02,3,[0],1
0,10,x7f00ae099340,363,550.0,0.0,1.0,0.02,3,[14],3
0,10,x7f00ae099340,364,99.98,0.0,0.0,0.0,3,[5],3
0,10,x7f00ae099340,365,250.0,0.0,0.0,0.01,4,[14],2
0,10,x7f00ae099340,366,-150.0,0.0,0.0,0.02,3,[14],3
0,10,x7f00ae099340,367,250.0,0.0,0.0,0.0,2,[4],2
0,10,x7f00ae099340,368,-3.3,0.0,0.0,0.02,3,[0],4
0,10,x7f00ae099340,369,250.0,0.0,0.0,0.02,3,[14],3
0,10,x7f00ae099340,370,250.0,0.0,0.0,0.01,4,[11],3
0,10,x7f00ae099340,371,250.0,0.0,0.0,0.02,3,[14],3
0,10,x7f00ae099340,372,250.0,0.0,0.0,0.02,3,[14],2
0,10,x7f00ae099340,373,-150.0,0.0,0.0,0.02,3,[14],3
0,10,x7f00ae099340,374,229.25,0.0,1.0,0.02,3,[0],4
0,10,x7f00ae099340,375,-150.0,0.0,0.0,0.0,3,[14],3
0,10,x7f00ae099340,376,150.0,0.0,1.0,0.02,3,[14],3
0,10,x7f00ae099340,377,550.0,0.0,1.0,0.02,3,[14],2
0,10,x7f00ae099340,378,250.0,0.0,0.0,0.0,2,[4],2
0,10,x7f00ae099340,379,350.0,1.0,0.0,0.0,3,[11],2
0,10,x7f00ae099340,380,350.0,1.0,0.0,0.01,3,[14],2
0,10,x7f00ae099340,381,499.37,1.0,1.0,0.02,3,[0],3
0,10,x7f00ae099340,382,-150.0,0.0,0.0,0.02,3,[14],3
0,10,x7f00ae099340,383,650.0,1.0,1.0,0.02,3,[14],2
0,10,x7f00ae099340,384,150.0,0.0,1.0,0.02,3,[14],3
0,10,x7f00ae099340,385,650.0,1.0,1.0,0.0,3,[4],3
0,10,x7f00ae099340,386,-57.29,0.0,0.0,0.01,3,[0],4
0,10,x7f00ae099340,387,150.0,0.0,1.0,0.02,3,[14],3
0,10,x7f00ae099340,388,-250.0,0.0,0.0,0.02,3,[0],4
0,10,x7f00ae099340,389,350.0,1.0,0.0,0.01,3,[14],2
0,10,x7f00ae099340,390,-150.0,0.0,0.0,0.0,4,[4],3
0,10,x7f00ae099340,391,350.0,1.0,0.0,0.01,4,[11],2
0,10,x7f00ae099340,392,150.2,0.0,0.0,0.02,3,[14],2
0,10,x7f00ae099340,393,196.1,1.0,0.0,0.02,3,[0],3
0,10,x7f00ae099340,394,350.0,1.0,0.0,0.0,4,[4],3
0,10,x7f00ae099340,395,-150.0,0.0,0.0,0.01,3,[14],2
0,10,x7f00ae099340,396,350.0,1.0,0.0,0.0,3,[5],3
0,10,x7f00ae099340,397,350.0,1.0,0.0,0.0,3,[11],4
0,10,x7f00ae099340,398,-10.9,1.0,0.0,0.02,3,[0],4
0,10,x7f00ae099340,399,550.0,0.0,1.0,0.02,3,[14],3
0,10,x7f00ae099340,400,650.0,1.0,1.0,0.02,3,[14],2
0,10,x7f00ae099340,401,250.0,0.0,0.0,0.02,3,[14],2
0,10,x7f00ae099340,402,333.07,1.0,1.0,0.02,3,[0],4
0,10,x7f00ae099340,403,250.0,0.0,0.0,0.02,3,[14],2
0,10,x7f00ae099340,404,-549.45,0.0,0.0,0.02,3,[0],0
0,10,x7f00ae099340,405,350.0,1.0,0.0,0.0,5,[4],3
0,10,x7f00ae099340,406,650.0,1.0,1.0,0.01,4,[4],2
0,10,x7f00ae099340,407,497.56,1.0,1.0,0.01,3,[0],3
0,10,x7f00ae099340,408,-176.04,0.0,0.0,0.0,5,[4],1
0,10,x7f00ae099340,409,350.0,1.0,0.0,0.0,4,[14],3
0,10,x7f00ae099340,410,150.0,0.0,1.0,0.02,3,[14],3
0,10,x7f00ae099340,411,250.0,0.0,0.0,0.02,3,[14],2
0,10,x7f00ae099340,412,350.0,1.0,0.0,0.02,3,[14],3
0,10,x7f00ae099340,413,650.0,1.0,1.0,0.0,3,[4],3
0,10,x7f00ae099340,414,150.0,0.0,1.0,0.0,3,[11],2
0,10,x7f00ae099340,415,350.0,1.0,0.0,0.0,2,[4],3
0,10,x7f00ae099340,416,265.81,1.0,0.0,0.0,3,[11],2
0,10,x7f00ae099340,417,250.0,0.0,0.0,0.02,2,[0],3
0,10,x7f00ae099340,418,-150.0,0.0,0.0,0.0,2,[6],2
0,10,x7f00ae099340,419,650.0,1.0,1.0,0.0,3,[11],1
0,10,x7f00ae099340,420,-258.0,0.0,0.0,0.01,3,[14],2
0,10,x7f00ae099340,421,-150.0,0.0,0.0,0.02,3,[14],2
0,10,x7f00ae099340,422,350.0,1.0,0.0,0.02,3,[14],3
0,10,x7f00ae099340,423,-150.0,0.0,0.0,0.01,3,[14],2
0,10,x7f00ae099340,424,250.0,0.0,0.0,0.02,3,[14],3
0,10,x7f00ae099340,425,250.0,0.0,0.0,0.02,2,[0],2
0,10,x7f00ae099340,426,250.0,0.0,0.0,0.0,3,[14],3
0,10,x7f00ae099340,427,-448.09,0.0,0.0,0.02,3,[0],3
0,10,x7f00ae099340,428,250.0,0.0,0.0,0.0,4,[4],3
0,10,x7f00ae099340,429,150.03,0.0,0.0,0.02,4,[14],2
0,10,x7f00ae099340,430,152.04,0.0,0.0,0.02,3,[14],2
0,10,x7f00ae099340,431,-150.0,0.0,0.0,0.02,2,[0],3
0,10,x7f00ae099340,432,150.0,0.0,1.0,0.01,3,[14],2
0,10,x7f00ae099340,433,250.0,0.0,0.0,0.02,2,[0],3
0,10,x7f00ae099340,434,245.23,0.0,0.0,0.01,3,[14],2
0,10,x7f00ae099340,435,-150.0,0.0,0.0,0.01,3,[14],3
0,10,x7f00ae099340,436,-50.0,0.0,0.0,0.02,2,[1],3
0,10,x7f00ae099340,437,250.0,0.0,0.0,0.0,3,[14],2
0,10,x7f00ae099340,438,250.0,0.0,1.0,0.02,3,[1],3
0,10,x7f00ae099340,439,250.0,0.0,0.0,0.02,3,[14],3
0,10,x7f00ae099340,440,-249.98,0.0,0.0,0.02,3,[14],2
0,10,x7f00ae099340,441,250.01,1.0,0.0,0.02,3,[14],1
0,10,x7f00ae099340,442,150.0,0.0,1.0,0.0,2,[4],2
0,10,x7f00ae099340,443,50.0,0.0,0.0,0.0,3,[14],2
0,10,x7f00ae099340,444,550.0,0.0,1.0,0.02,3,[14],2
0,10,x7f00ae099340,445,250.73,1.0,0.0,0.02,3,[14],2
0,10,x7f00ae099340,446,650.0,1.0,1.0,0.01,3,[14],3
0,10,x7f00ae099340,447,150.0,0.0,1.0,0.0,5,[4],3
0,10,x7f00ae099340,448,255.13,1.0,0.0,0.02,5,[4],2
0,10,x7f00ae099340,449,150.0,0.0,1.0,0.01,3,[11],2
0,10,x7f00ae099340,450,550.0,0.0,1.0,0.0,3,[14],3
0,10,x7f00ae099340,451,350.0,1.0,0.0,0.0,3,[14],2
0,10,x7f00ae099340,452,-150.0,1.0,0.0,0.02,3,[1],4
0,10,x7f00ae099340,453,-150.0,0.0,0.0,0.02,3,[14],3
0,10,x7f00ae099340,454,250.0,0.0,0.0,0.02,3,[14],3
0,10,x7f00ae099340,455,146.26,0.0,0.0,0.02,3,[14],2
0,10,x7f00ae099340,456,350.0,1.0,0.0,0.0,3,[4],2
0,10,x7f00ae099340,457,-299.99,0.0,0.0,0.01,4,[11],1
0,10,x7f00ae099340,458,-450.0,0.0,0.0,0.02,3,[1],1
0,10,x7f00ae099340,459,350.0,1.0,0.0,0.02,3,[14],2
0,10,x7f00ae099340,460,550.0,0.0,1.0,0.02,3,[14],3
0,10,x7f00ae099340,461,150.0,0.0,1.0,0.02,3,[14],3
0,10,x7f00ae099340,462,250.0,0.0,1.0,0.02,3,[1],3
0,10,x7f00ae099340,463,320.97,1.0,1.0,0.02,3,[0],0
0,10,x7f00ae099340,464,-150.0,0.0,0.0,0.0,5,[4],3
0,10,x7f00ae099340,465,350.0,1.0,0.0,0.0,3,[14],3
0,10,x7f00ae099340,466,251.87,0.0,1.0,0.02,3,[0],3
0,10,x7f00ae099340,467,150.0,0.0,1.0,0.0,4,[4],2
0,10,x7f00ae099340,468,650.0,1.0,1.0,0.0,3,[14],1
0,10,x7f00ae099340,469,650.0,1.0,1.0,0.0,3,[4],2
0,10,x7f00ae099340,470,350.0,1.0,0.0,0.0,3,[14],0
0,10,x7f00ae099340,471,-50.0,0.0,0.0,0.02,2,[1],3
0,10,x7f00ae099340,472,150.0,0.0,1.0,0.0,3,[4],0
0,10,x7f00ae099340,473,150.0,0.0,1.0,0.0,3,[14],3
0,10,x7f00ae099340,474,-150.0,0.0,0.0,0.0,2,[4],3
0,10,x7f00ae099340,475,650.0,1.0,1.0,0.0,3,[14],2
0,10,x7f00ae099340,476,350.0,1.0,0.0,0.02,2,[0],0
0,10,x7f00ae099340,477,350.0,1.0,0.0,0.0,2,[6],1
0,10,x7f00ae099340,478,150.0,0.0,1.0,0.0,3,[14],2
0,10,x7f00ae099340,479,250.0,0.0,0.0,0.0,3,[14],1
0,10,x7f00ae099340,480,nan,1.0,1.0,0.02,2,[0],2
0,10,x7f00ae099340,481,350.0,1.0,0.0,0.01,3,[14],2
0,10,x7f00ae099340,482,151.17,0.0,0.0,0.02,3,[14],2
0,10,x7f00ae099340,483,50.0,0.0,0.0,0.02,2,[0],2
0,10,x7f00ae099340,484,250.0,0.0,0.0,0.01,3,[14],2
0,10,x7f00ae099340,485,-54.46,0.0,1.0,0.02,3,[0],0
0,10,x7f00ae099340,486,250.0,0.0,0.0,0.02,3,[14],1
0,10,x7f00ae099340,487,-44.56,1.0,0.0,0.02,3,[0],0
0,10,x7f00ae099340,488,-561.66,0.0,0.0,0.02,3,[0],0
0,10,x7f00ae099340,489,150.0,0.0,1.0,0.0,4,[4],0
0,10,x7f00ae099340,490,-150.0,1.0,0.0,0.01,4,[0],0
0,10,x7f00ae099340,491,-51.96,1.0,0.0,0.01,5,[0],0
0,10,x7f00ae099340,492,-650.0,0.0,0.0,0.02,4,[0],0
0,10,x7f00ae099340,493,350.0,1.0,0.0,0.01,4,[4],3
0,10,x7f00ae099340,494,-237.09,0.0,0.0,0.0,3,[11],0
0,10,x7f00ae099340,495,-596.31,0.0,0.0,0.02,3,[0],0
0,10,x7f00ae099340,496,201.18,0.0,0.0,0.0,5,[4],0
0,10,x7f00ae099340,497,250.0,0.0,0.0,0.0,4,[14],0
0,10,x7f00ae099340,498,-14.14,0.0,0.0,0.02,3,[0],0
0,10,x7f00ae099340,499,250.0,0.0,0.0,0.0,5,[4],0
0,10,x7f00ae099340,500,-249.67,0.0,0.0,0.01,3,[0],0
0,10,x7f00ae099340,501,397.96,0.0,1.0,0.01,4,[11],0
0,10,x7f00ae099340,502,-522.95,0.0,0.0,0.02,3,[0],0
0,10,x7f00ae099340,503,250.0,0.0,0.0,0.01,2,[11],0
0,10,x7f00ae099340,504,-250.0,0.0,0.0,0.02,4,[0],0
0,10,x7f00ae099340,505,150.0,1.0,0.0,0.0,2,[14],0
0,10,x7f00ae099340,506,-250.0,0.0,0.0,0.02,4,[1],0
0,10,x7f00ae099340,507,150.0,1.0,1.0,0.0,2,[14],0
0,10,x7f00ae099340,508,-149.74,1.0,0.0,0.02,5,[0],0
0,10,x7f00ae099340,509,-149.78,1.0,0.0,0.01,5,[0],0
0,10,x7f00ae099340,510,350.0,1.0,0.0,0.0,2,[14],0
0,10,x7f00ae099340,511,-349.84,0.0,1.0,0.02,5,[0],0
0,10,x7f00ae099340,512,150.0,1.0,1.0,0.01,4,[0],4
0,10,x7f00ae099340,513,-249.95,0.0,0.0,0.02,5,[0],0
0,10,x7f00ae099340,514,-250.0,0.0,0.0,0.01,4,[1],0
0,10,x7f00ae099340,515,150.0,1.0,1.0,0.01,4,[1],0
0,10,x7f00ae099340,516,-250.0,0.0,0.0,0.02,4,[1],0
0,10,x7f00ae099340,517,-250.0,0.0,0.0,0.0,2,[14],0
0,10,x7f00ae099340,518,50.0,0.0,0.0,0.01,2,[11],0
0,10,x7f00ae099340,519,50.0,0.0,0.0,0.01,2,[11],0
0,10,x7f00ae099340,520,-150.0,1.0,0.0,0.01,2,[11],0
0,10,x7f00ae099340,521,176.5,0.0,0.0,0.01,3,[11],0
0,10,x7f00ae099340,522,224.42,1.0,1.0,0.01,4,[11],0
0,10,x7f00ae099340,523,101.69,0.0,1.0,0.02,3,[0],0
0,10,x7f00ae099340,524,350.0,1.0,0.0,0.02,2,[14],4
0,10,x7f00ae099340,525,-650.0,0.0,0.0,0.01,2,[11],0
0,10,x7f00ae099340,526,350.0,1.0,0.0,0.0,3,[4],0
0,10,x7f00ae099340,527,250.0,0.0,1.0,0.01,2,[11],0
0,10,x7f00ae099340,528,124.77,0.0,0.0,0.0,4,[4],4
0,10,x7f00ae099340,529,26.44,0.0,0.0,0.01,4,[4],0
0,10,x7f00ae099340,530,-250.0,0.0,0.0,0.01,2,[11],0
0,10,x7f00ae099340,531,150.05,0.0,0.0,0.0,4,[4],0
0,10,x7f00ae099340,532,-250.0,0.0,0.0,0.01,2,[11],0
0,10,x7f00ae099340,533,-404.21,0.0,0.0,0.0,5,[4],0
0,10,x7f00ae099340,534,350.0,1.0,0.0,0.01,2,[11],0
0,10,x7f00ae099340,535,550.0,0.0,1.0,0.0,2,[4],0
0,10,x7f00ae099340,536,50.0,0.0,0.0,0.01,2,[0],0
0,10,x7f00ae099340,537,150.0,0.0,1.0,0.0,5,[4],0
0,10,x7f00ae099340,538,150.0,1.0,0.0,0.01,2,[0],0
0,10,x7f00ae099340,539,-254.29,0.0,0.0,0.0,4,[4],0
0,10,x7f00ae099340,540,50.0,0.0,0.0,0.01,2,[0],0
0,10,x7f00ae099340,541,241.58,1.0,0.0,0.0,5,[4],0
0,10,x7f00ae099340,542,149.81,0.0,0.0,0.0,5,[4],0
0,10,x7f00ae099340,543,150.0,0.0,1.0,0.01,2,[0],0
0,10,x7f00ae099340,544,150.0,0.0,1.0,0.0,4,[4],0
0,10,x7f00ae099340,545,150.0,0.0,1.0,0.01,2,[4],0
0,10,x7f00ae099340,546,-650.0,0.0,0.0,0.01,4,[0],0
0,10,x7f00ae099340,547,650.0,1.0,1.0,0.01,2,[4],0
0,10,x7f00ae099340,548,-249.6,0.0,0.0,0.0,3,[4],0
0,10,x7f00ae099340,549,550.0,0.0,1.0,0.0,2,[4],0
0,10,x7f00ae099340,550,-150.0,0.0,0.0,0.02,3,[4],0
0,10,x7f00ae099340,551,171.39,0.0,1.0,0.02,4,[0],0
0,10,x7f00ae099340,552,550.0,0.0,1.0,0.02,3,[4],0
0,10,x7f00ae099340,553,350.0,1.0,1.0,0.02,4,[0],3
0,10,x7f00ae099340,554,-250.0,0.0,0.0,0.02,4,[0],0
0,10,x7f00ae099340,555,250.0,0.0,1.0,0.02,4,[0],0
0,10,x7f00ae099340,556,-250.0,0.0,0.0,0.02,4,[0],0
0,10,x7f00ae099340,557,250.0,0.0,0.0,0.0,3,[4],0
0,10,x7f00ae099340,558,250.0,0.0,0.0,0.01,2,[11],0
0,10,x7f00ae099340,559,650.0,1.0,1.0,0.0,2,[4],0
0,10,x7f00ae099340,560,-150.0,0.0,0.0,0.02,2,[0],0
0,10,x7f00ae099340,561,350.0,1.0,0.0,0.0,2,[4],0
0,10,x7f00ae099340,562,50.0,0.0,0.0,0.0,2,[4],0
0,10,x7f00ae099340,563,50.0,0.0,0.0,0.02,2,[4],0
0,10,x7f00ae099340,564,140.29,0.0,0.0,0.0,3,[4],0
0,10,x7f00ae099340,565,50.0,0.0,0.0,0.0,2,[4],0
0,10,x7f00ae099340,566,-251.14,0.0,0.0,0.01,4,[11],0
0,10,x7f00ae099340,567,50.0,0.0,1.0,0.02,2,[0],0
0,10,x7f00ae099340,568,150.0,0.0,1.0,0.0,4,[4],0
0,10,x7f00ae099340,569,-350.0,0.0,0.0,0.0,2,[11],0
0,10,x7f00ae099340,570,150.0,0.0,1.0,0.0,4,[4],0
0,10,x7f00ae099340,571,150.0,0.0,1.0,0.02,2,[4],1
0,10,x7f00ae099340,572,-135.1,0.0,0.0,0.01,3,[0],0
0,10,x7f00ae099340,573,-500.18,0.0,0.0,0.01,4,[11],0
0,10,x7f00ae099340,574,59.45,1.0,0.0,0.02,3,[0],0
0,10,x7f00ae099340,575,-88.26,1.0,0.0,0.02,5,[0],0
0,10,x7f00ae099340,576,-650.0,0.0,0.0,0.01,4,[1],0
0,10,x7f00ae099340,577,-150.0,0.0,0.0,0.0,2,[11],0
0,10,x7f00ae099340,578,-650.0,0.0,0.0,0.02,4,[1],0
0,10,x7f00ae099340,579,150.0,1.0,0.0,0.02,3,[4],2
0,10,x7f00ae099340,580,-193.97,0.0,0.0,0.0,3,[4],0
0,10,x7f00ae099340,581,-250.0,0.0,0.0,0.0,2,[11],0
0,10,x7f00ae099340,582,350.0,1.0,0.0,0.0,3,[4],0
0,10,x7f00ae099340,583,350.0,1.0,0.0,0.0,3,[11],0
0,10,x7f00ae099340,584,550.0,0.0,1.0,0.0,2,[4],0
0,10,x7f00ae099340,585,250.0,0.0,0.0,0.0,2,[11],0
0,10,x7f00ae099340,586,550.0,0.0,1.0,0.02,2,[0],0
0,10,x7f00ae099340,587,150.0,0.0,1.0,0.0,2,[6],0
0,10,x7f00ae099340,588,350.0,1.0,0.0,0.0,2,[11],0
0,10,x7f00ae099340,589,-176.79,0.0,0.0,0.0,4,[4],0
0,10,x7f00ae099340,590,-514.2,0.0,0.0,0.01,3,[0],0
0,10,x7f00ae099340,591,350.0,1.0,0.0,0.02,3,[14],2
0,10,x7f00ae099340,592,-172.78,0.0,0.0,0.02,3,[0],0
0,10,x7f00ae099340,593,-158.0,0.0,0.0,0.02,3,[0],0
0,10,x7f00ae099340,594,250.0,0.0,0.0,0.0,4,[4],0
0,10,x7f00ae099340,595,50.0,0.0,0.0,0.0,3,[11],0
0,10,x7f00ae099340,596,250.0,0.0,0.0,0.0,3,[4],0
0,10,x7f00ae099340,597,350.0,1.0,1.0,0.01,3,[1],3
0,10,x7f00ae099340,598,350.0,1.0,0.0,0.02,3,[14],2
0,10,x7f00ae099340,599,28.18,1.0,0.0,0.0,3,[6],0
0,10,x7f00ae099340,600,250.0,0.0,0.0,0.01,4,[11],1
0,10,x7f00ae099340,601,-249.48,0.0,0.0,0.02,3,[0],0
0,10,x7f00ae099340,602,-120.01,0.0,0.0,0.02,3,[0],0
0,10,x7f00ae099340,603,-150.0,1.0,0.0,0.01,2,[11],0
0,10,x7f00ae099340,604,650.0,1.0,1.0,0.02,4,[4],2
0,10,x7f00ae099340,605,185.6,0.0,0.0,0.0,3,[14],0
0,10,x7f00ae099340,606,183.39,0.0,0.0,0.0,3,[4],0
0,10,x7f00ae099340,607,252.9,1.0,0.0,0.0,3,[14],0
0,10,x7f00ae099340,608,150.0,0.0,1.0,0.02,2,[0],2
0,10,x7f00ae099340,609,250.0,0.0,0.0,0.0,3,[4],0
0,10,x7f00ae099340,610,650.0,1.0,1.0,0.0,3,[14],4
0,10,x7f00ae099340,611,550.0,0.0,1.0,0.0,2,[4],0
0,10,x7f00ae099340,612,-150.0,0.0,0.0,0.0,3,[14],0
0,10,x7f00ae099340,613,-150.0,0.0,0.0,0.02,2,[0],0
0,10,x7f00ae099340,614,-150.0,1.0,0.0,0.02,2,[1],4
0,10,x7f00ae099340,615,250.0,0.0,0.0,0.0,3,[14],0
0,10,x7f00ae099340,616,392.28,0.0,1.0,0.02,3,[0],0
0,10,x7f00ae099340,617,-122.49,0.0,0.0,0.02,3,[0],0
0,10,x7f00ae099340,618,-187.2,0.0,0.0,0.0,4,[4],0
0,10,x7f00ae099340,619,-350.0,0.0,0.0,0.0,3,[14],0
0,10,x7f00ae099340,620,150.0,0.0,1.0,0.0,3,[4],0
0,10,x7f00ae099340,621,-250.59,0.0,0.0,0.0,3,[14],0
0,10,x7f00ae099340,622,150.0,1.0,0.0,0.02,2,[0],0
0,10,x7f00ae099340,623,-150.0,0.0,0.0,0.0,3,[4],0
0,10,x7f00ae099340,624,-150.0,0.0,0.0,0.0,3,[14],0
0,10,x7f00ae099340,625,350.0,1.0,0.0,0.0,2,[4],0
0,10,x7f00ae099340,626,550.0,0.0,1.0,0.0,3,[14],0
0,10,x7f00ae099340,627,50.0,0.0,0.0,0.02,2,[0],0
0,10,x7f00ae099340,628,250.0,0.0,0.0,0.0,2,[6],0
0,10,x7f00ae099340,629,-150.0,0.0,0.0,0.0,3,[14],0
0,10,x7f00ae099340,630,250.58,1.0,0.0,0.0,3,[14],0
0,10,x7f00ae099340,631,550.0,0.0,1.0,0.02,2,[0],0
0,10,x7f00ae099340,632,-129.83,0.0,0.0,0.01,3,[0],0
0,10,x7f00ae099340,633,350.0,1.0,1.0,0.02,3,[1],3
0,10,x7f00ae099340,634,-115.57,0.0,0.0,0.01,3,[0],0
0,10,x7f00ae099340,635,-150.0,0.0,0.0,0.02,3,[14],3
0,10,x7f00ae099340,636,149.69,0.0,0.0,0.0,3,[4],2
0,10,x7f00ae099340,637,314.1,1.0,0.0,0.0,3,[14],0
0,10,x7f00ae099340,638,250.0,0.0,0.0,0.0,2,[4],0
0,10,x7f00ae099340,639,550.0,0.0,1.0,0.0,3,[14],0
0,10,x7f00ae099340,640,50.0,0.0,0.0,0.02,2,[0],0
0,10,x7f00ae099340,641,50.0,0.0,0.0,0.0,2,[6],0
0,10,x7f00ae099340,642,150.03,0.0,0.0,0.0,3,[14],0
0,10,x7f00ae099340,643,149.92,0.0,0.0,0.0,3,[14],1
0,10,x7f00ae099340,644,-647.65,0.0,0.0,0.02,3,[0],0
0,10,x7f00ae099340,645,471.42,1.0,1.0,0.02,3,[0],0
0,10,x7f00ae099340,646,-532.96,0.0,0.0,0.02,3,[0],0
0,10,x7f00ae099340,647,-250.1,0.0,0.0,0.0,4,[4],0
0,10,x7f00ae099340,648,150.0,0.0,1.0,0.0,3,[11],0
0,10,x7f00ae099340,649,650.0,1.0,1.0,0.0,3,[4],0
0,10,x7f00ae099340,650,-150.0,1.0,0.0,0.0,3,[11],0
0,10,x7f00ae099340,651,-350.0,0.0,0.0,0.02,2,[0],0
0,10,x7f00ae099340,652,151.21,0.0,0.0,0.0,3,[4],1
0,10,x7f00ae099340,653,50.0,0.0,0.0,0.0,3,[11],2
0,10,x7f00ae099340,654,50.0,0.0,0.0,0.0,2,[4],0
0,10,x7f00ae099340,655,650.0,1.0,1.0,0.0,3,[11],0
0,10,x7f00ae099340,656,350.0,0.0,1.0,0.02,2,[0],0
0,10,x7f00ae099340,657,550.0,0.0,1.0,0.0,2,[6],0
0,10,x7f00ae099340,658,50.0,0.0,0.0,0.0,3,[11],0
0,10,x7f00ae099340,659,-350.0,0.0,0.0,0.01,3,[14],1
0,10,x7f00ae099340,660,-124.78,0.0,0.0,0.02,3,[0],0
0,10,x7f00ae099340,661,-151.59,0.0,0.0,0.02,3,[0],0
0,10,x7f00ae099340,662,-467.16,0.0,0.0,0.02,3,[0],0
0,10,x7f00ae099340,663,250.0,0.0,0.0,0.0,4,[4],3
0,10,x7f00ae099340,664,250.0,0.0,0.0,0.0,3,[14],0
0,10,x7f00ae099340,665,210.38,0.0,0.0,0.0,3,[4],0
0,10,x7f00ae099340,666,150.0,0.0,1.0,0.0,3,[14],0
0,10,x7f00ae099340,667,-150.0,0.0,0.0,0.02,2,[0],0
0,10,x7f00ae099340,668,-150.0,0.0,0.0,0.0,3,[4],0
0,10,x7f00ae099340,669,-150.0,0.0,0.0,0.0,3,[14],0
0,10,x7f00ae099340,670,50.0,0.0,0.0,0.0,2,[4],0
0,10,x7f00ae099340,671,250.0,0.0,0.0,0.0,3,[14],0
0,10,x7f00ae099340,672,250.0,0.0,0.0,0.02,2,[0],0
0,10,x7f00ae099340,673,250.0,0.0,0.0,0.0,2,[6],0
0,10,x7f00ae099340,674,250.0,0.0,0.0,0.0,3,[14],0
0,10,x7f00ae099340,675,250.0,0.0,0.0,0.02,2,[0],0
0,10,x7f00ae099340,676,-150.0,0.0,0.0,0.0,2,[6],0
0,10,x7f00ae099340,677,-150.0,0.0,0.0,0.0,3,[14],0
0,10,x7f00ae099340,678,-150.0,0.0,0.0,0.0,3,[14],0
0,10,x7f00ae099340,679,90.78,0.0,0.0,0.02,3,[0],0
0,10,x7f00ae099340,680,-150.0,0.0,0.0,0.02,3,[14],2
0,10,x7f00ae099340,681,-509.23,0.0,0.0,0.02,3,[0],0
0,10,x7f00ae099340,682,-27.63,0.0,0.0,0.02,3,[0],0
0,10,x7f00ae099340,683,150.0,1.0,0.0,0.01,2,[11],0
0,10,x7f00ae099340,684,-250.0,0.0,0.0,0.02,4,[1],0
0,10,x7f00ae099340,685,150.0,0.0,1.0,0.0,3,[14],0
0,10,x7f00ae099340,686,379.7,1.0,1.0,0.02,3,[0],0
0,10,x7f00ae099340,687,-580.43,0.0,0.0,0.02,5,[0],0
0,10,x7f00ae099340,688,-150.0,1.0,0.0,0.01,4,[0],0
0,10,x7f00ae099340,689,-150.0,1.0,0.0,0.02,4,[0],0
0,10,x7f00ae099340,690,-650.0,0.0,0.0,0.02,4,[0],0
0,10,x7f00ae099340,691,239.56,1.0,0.0,0.0,4,[14],0
0,10,x7f00ae099340,692,391.79,0.0,1.0,0.02,3,[0],0
0,10,x7f00ae099340,693,250.0,0.0,0.0,0.0,4,[4],0
0,10,x7f00ae099340,694,221.74,1.0,0.0,0.0,3,[11],0
0,10,x7f00ae099340,695,-150.0,0.0,0.0,0.0,3,[4],0
0,10,x7f00ae099340,696,-150.0,0.0,0.0,0.0,3,[11],0
0,10,x7f00ae099340,697,350.0,1.0,0.0,0.02,2,[0],0
0,10,x7f00ae099340,698,150.0,0.0,1.0,0.0,3,[4],0
0,10,x7f00ae099340,699,-226.14,0.0,0.0,0.01,3,[0],4
0,10,x7f00ae099340,700,350.0,1.0,0.0,0.0,3,[4],0
0,10,x7f00ae099340,701,-150.0,0.0,0.0,0.0,3,[11],2
0,10,x7f00ae099340,702,-150.0,0.0,0.0,0.0,2,[4],0
0,10,x7f00ae099340,703,150.0,0.0,1.0,0.0,3,[11],0
0,10,x7f00ae099340,704,150.0,1.0,0.0,0.02,2,[0],0
0,10,x7f00ae099340,705,99.51,0.0,0.0,0.02,3,[0],0
0,10,x7f00ae099340,706,-350.0,0.0,0.0,0.02,3,[14],2
0,10,x7f00ae099340,707,32.0,1.0,0.0,0.02,3,[0],0
0,10,x7f00ae099340,708,250.0,1.0,0.0,0.0,4,[4],0
0,10,x7f00ae099340,709,-385.85,0.0,0.0,0.0,3,[11],0
0,10,x7f00ae099340,710,-150.0,0.0,0.0,0.0,3,[4],0
0,10,x7f00ae099340,711,204.8,1.0,0.0,0.0,3,[11],0
0,10,x7f00ae099340,712,-150.0,0.0,0.0,0.02,2,[0],3
0,10,x7f00ae099340,713,350.0,1.0,0.0,0.0,3,[4],0
0,10,x7f00ae099340,714,350.0,1.0,0.0,0.0,3,[11],0
0,10,x7f00ae099340,715,-150.0,0.0,0.0,0.0,2,[5],0
0,10,x7f00ae099340,716,-150.0,0.0,0.0,0.0,3,[11],0
0,10,x7f00ae099340,717,150.0,1.0,0.0,0.02,2,[0],0
0,10,x7f00ae099340,718,350.0,1.0,0.0,0.0,2,[6],0
0,10,x7f00ae099340,719,350.0,1.0,0.0,0.0,3,[11],0
0,10,x7f00ae099340,720,250.0,0.0,0.0,0.01,2,[0],0
0,10,x7f00ae099340,721,-249.87,0.0,0.0,0.0,3,[14],0
0,10,x7f00ae099340,722,265.2,0.0,1.0,0.02,3,[0],0
0,10,x7f00ae099340,723,550.0,0.0,1.0,0.0,3,[6],0
0,10,x7f00ae099340,724,250.0,0.0,0.0,0.01,3,[14],1
0,10,x7f00ae099340,725,-350.0,0.0,0.0,0.02,2,[0],0
0,10,x7f00ae099340,726,-502.2,0.0,0.0,0.02,3,[0],0
0,10,x7f00ae099340,727,-16.56,0.0,1.0,0.02,3,[0],0
0,10,x7f00ae099340,728,350.0,1.0,0.0,0.01,2,[11],2
0,10,x7f00ae099340,729,-228.98,0.0,0.0,0.02,5,[0],0
0,10,x7f00ae099340,730,-137.81,1.0,0.0,0.02,5,[0],0
0,10,x7f00ae099340,731,-250.0,0.0,0.0,0.02,4,[1],0
0,10,x7f00ae099340,732,50.0,0.0,1.0,0.02,4,[0],0
0,10,x7f00ae099340,733,-250.0,0.0,0.0,0.02,4,[0],0
0,10,x7f00ae099340,734,-229.15,0.0,0.0,0.02,5,[0],0
0,10,x7f00ae099340,735,50.0,0.0,0.0,0.0,2,[11],0
0,10,x7f00ae099340,736,-150.0,1.0,0.0,0.02,4,[1],0
0,10,x7f00ae099340,737,-142.88,1.0,0.0,0.01,5,[0],0
0,10,x7f00ae099340,738,-250.0,0.0,0.0,0.01,4,[1],0
0,10,x7f00ae099340,739,-150.0,0.0,0.0,0.02,5,[4],2
0,10,x7f00ae099340,740,-333.19,0.0,1.0,0.01,4,[1],0
0,10,x7f00ae099340,741,-150.0,1.0,0.0,0.02,4,[1],0
0,10,x7f00ae099340,742,150.0,1.0,1.0,0.02,4,[0],0
0,10,x7f00ae099340,743,-650.0,0.0,0.0,0.02,4,[1],0
0,10,x7f00ae099340,744,-650.0,0.0,0.0,0.02,4,[0],0
0,10,x7f00ae099340,745,-650.0,0.0,0.0,0.02,4,[0],0
0,10,x7f00ae099340,746,-350.0,0.0,1.0,0.02,4,[1],0
0,10,x7f00ae099340,747,-318.55,0.0,1.0,0.01,5,[0],0
0,10,x7f00ae099340,748,150.0,1.0,1.0,0.02,4,[1],0
0,10,x7f00ae099340,749,250.0,0.0,1.0,0.0,2,[11],0
0,10,x7f00ae099340,750,-176.88,0.0,0.0,0.02,4,[4],2
0,10,x7f00ae099340,751,528.16,0.0,1.0,0.0,3,[11],0
0,10,x7f00ae099340,752,150.0,0.0,1.0,0.0,3,[4],0
0,10,x7f00ae099340,753,5.01,1.0,0.0,0.0,3,[11],0
0,10,x7f00ae099340,754,150.0,1.0,0.0,0.02,2,[0],0
0,10,x7f00ae099340,755,350.0,1.0,0.0,0.0,3,[4],0
0,10,x7f00ae099340,756,250.0,0.0,0.0,0.0,3,[11],0
0,10,x7f00ae099340,757,350.0,1.0,0.0,0.0,2,[5],0
0,10,x7f00ae099340,758,550.0,0.0,1.0,0.0,3,[11],0
0,10,x7f00ae099340,759,-150.0,0.0,0.0,0.02,2,[0],0
0,10,x7f00ae099340,760,-150.0,0.0,0.0,0.0,2,[6],0
0,10,x7f00ae099340,761,350.0,1.0,0.0,0.0,3,[11],0
0,10,x7f00ae099340,762,-418.93,0.0,0.0,0.01,3,[0],0
0,10,x7f00ae099340,763,350.0,1.0,0.0,0.02,3,[14],2
0,10,x7f00ae099340,764,379.94,0.0,1.0,0.02,3,[0],4
0,10,x7f00ae099340,765,-75.02,0.0,0.0,0.02,3,[0],0
0,10,x7f00ae099340,766,-250.0,0.0,0.0,0.02,4,[1],0
0,10,x7f00ae099340,767,-194.24,0.0,1.0,0.02,5,[0],0
0,10,x7f00ae099340,768,-350.0,0.0,0.0,0.0,2,[14],0
0,10,x7f00ae099340,769,150.0,1.0,0.0,0.01,2,[11],0
0,10,x7f00ae099340,770,-233.63,0.0,0.0,0.02,5,[0],0
0,10,x7f00ae099340,771,-249.89,0.0,0.0,0.02,5,[0],0
0,10,x7f00ae099340,772,-150.0,1.0,0.0,0.02,4,[0],0
0,10,x7f00ae099340,773,-250.0,0.0,0.0,0.02,4,[1],0
0,10,x7f00ae099340,774,-614.32,0.0,0.0,0.01,5,[0],0
0,10,x7f00ae099340,775,150.0,1.0,1.0,0.01,4,[0],0
0,10,x7f00ae099340,776,-150.0,1.0,0.0,0.01,4,[1],0
0,10,x7f00ae099340,777,150.0,1.0,1.0,0.01,4,[0],0
0,10,x7f00ae099340,778,-220.06,0.0,0.0,0.01,5,[0],0
0,10,x7f00ae099340,779,-250.0,0.0,0.0,0.01,4,[1],0
0,10,x7f00ae099340,780,-250.0,0.0,0.0,0.01,4,[0],0
0,10,x7f00ae099340,781,-220.19,0.0,0.0,0.02,5,[0],0
0,10,x7f00ae099340,782,250.0,0.0,1.0,0.0,2,[14],0
0,10,x7f00ae099340,783,-237.25,0.0,0.0,0.02,5,[0],0
0,10,x7f00ae099340,784,50.0,0.0,1.0,0.01,4,[1],0
0,10,x7f00ae099340,785,-250.0,0.0,0.0,0.02,4,[1],0
0,10,x7f00ae099340,786,-237.13,0.0,0.0,0.02,5,[0],0
0,10,x7f00ae099340,787,-161.28,0.0,0.0,0.01,5,[4],2
0,10,x7f00ae099340,788,150.0,1.0,0.0,0.01,2,[0],0
0,10,x7f00ae099340,789,150.0,0.0,1.0,0.0,5,[4],0
0,10,x7f00ae099340,790,-422.74,0.0,0.0,0.01,3,[0],0
0,10,x7f00ae099340,791,-299.69,0.0,1.0,0.02,5,[0],0
0,10,x7f00ae099340,792,-150.0,0.0,0.0,0.02,4,[4],3
0,10,x7f00ae099340,793,217.2,1.0,0.0,0.0,3,[11],0
0,10,x7f00ae099340,794,286.97,1.0,0.0,0.0,3,[4],0
0,10,x7f00ae099340,795,250.0,0.0,0.0,0.0,3,[11],0
0,10,x7f00ae099340,796,250.0,0.0,0.0,0.0,2,[4],0
0,10,x7f00ae099340,797,250.0,0.0,0.0,0.0,4,[11],0
0,10,x7f00ae099340,798,50.0,0.0,0.0,0.02,2,[0],0
0,10,x7f00ae099340,799,50.0,0.0,0.0,0.0,2,[6],0
0,10,x7f00ae099340,800,350.0,1.0,0.0,0.0,3,[11],0
0,10,x7f00ae099340,801,-19.93,0.0,0.0,0.01,3,[0],0
0,10,x7f00ae099340,802,-42.11,0.0,0.0,0.02,3,[0],0
0,10,x7f00ae099340,803,-70.28,1.0,0.0,0.02,3,[0],0
0,10,x7f00ae099340,804,-402.28,0.0,0.0,0.01,4,[11],0
0,10,x7f00ae099340,805,-79.94,0.0,1.0,0.02,3,[0],0
0,10,x7f00ae099340,806,233.44,0.0,0.0,0.0,5,[4],0
0,10,x7f00ae099340,807,350.0,1.0,0.0,0.01,3,[14],2
0,10,x7f00ae099340,808,478.89,1.0,1.0,0.02,3,[0],0
0,10,x7f00ae099340,809,300.42,0.0,1.0,0.01,4,[11],0
0,10,x7f00ae099340,810,550.0,0.0,1.0,0.0,2,[6],0
0,10,x7f00ae099340,811,250.0,0.0,0.0,0.01,4,[11],0
0,10,x7f00ae099340,812,-170.16,0.0,0.0,0.0,3,[5],0
0,10,x7f00ae099340,813,150.0,1.0,0.0,0.02,2,[0],0
0,10,x7f00ae099340,814,650.0,1.0,1.0,0.0,5,[4],0
0,10,x7f00ae099340,815,250.0,0.0,0.0,0.01,2,[0],0
0,10,x7f00ae099340,816,650.0,1.0,1.0,0.01,2,[11],0
0,10,x7f00ae099340,817,-199.05,0.0,0.0,0.02,5,[0],0
0,10,x7f00ae099340,818,-150.0,1.0,0.0,0.01,4,[1],0
0,10,x7f00ae099340,819,-350.0,0.0,1.0,0.0,2,[11],0
0,10,x7f00ae099340,820,-350.0,0.0,1.0,0.01,2,[11],0
0,10,x7f00ae099340,821,-150.0,1.0,0.0,0.01,2,[11],0
0,10,x7f00ae099340,822,50.0,0.0,0.0,0.01,2,[11],0
0,10,x7f00ae099340,823,250.0,0.0,0.0,0.01,2,[11],0
0,10,x7f00ae099340,824,250.0,0.0,0.0,0.01,2,[11],0
0,10,x7f00ae099340,825,250.0,0.0,1.0,0.01,2,[11],0
0,10,x7f00ae099340,826,650.0,1.0,1.0,0.01,2,[11],0
0,10,x7f00ae099340,827,-592.94,0.0,0.0,0.0,4,[4],0
0,10,x7f00ae099340,828,50.0,0.0,0.0,0.02,2,[4],0
0,10,x7f00ae099340,829,-236.12,0.0,1.0,0.02,4,[0],0
0,10,x7f00ae099340,830,150.0,1.0,0.0,0.02,2,[4],0
0,10,x7f00ae099340,831,150.0,1.0,0.0,0.02,2,[0],0
0,10,x7f00ae099340,832,150.0,0.0,1.0,0.02,3,[4],0
0,10,x7f00ae099340,833,-150.0,0.0,1.0,0.02,4,[0],0
0,10,x7f00ae099340,834,350.0,1.0,0.0,0.02,3,[4],0
0,10,x7f00ae099340,835,-650.0,0.0,0.0,0.02,4,[0],0
0,10,x7f00ae099340,836,150.0,1.0,0.0,0.02,2,[4],0
0,10,x7f00ae099340,837,150.01,0.0,0.0,0.02,4,[4],1
0,10,x7f00ae099340,838,50.0,0.0,0.0,0.02,2,[4],0
0,10,x7f00ae099340,839,-250.0,0.0,0.0,0.02,4,[0],0
0,10,x7f00ae099340,840,550.0,0.0,1.0,0.02,3,[4],0
0,10,x7f00ae099340,841,50.0,0.0,0.0,0.02,2,[0],0
0,10,x7f00ae099340,842,-262.04,0.0,0.0,0.0,4,[4],0
0,10,x7f00ae099340,843,-550.06,0.0,0.0,0.02,4,[0],0
0,10,x7f00ae099340,844,50.0,0.0,0.0,0.02,2,[4],0
0,10,x7f00ae099340,845,-176.97,0.0,0.0,0.02,4,[0],4
0,10,x7f00ae099340,846,550.0,0.0,1.0,0.02,3,[4],1
0,10,x7f00ae099340,847,550.0,0.0,1.0,0.02,2,[4],0
0,10,x7f00ae099340,848,550.0,0.0,1.0,0.01,2,[4],0
0,10,x7f00ae099340,849,-350.0,0.0,0.0,0.02,2,[0],0
0,10,x7f00ae099340,850,550.0,0.0,1.0,0.02,2,[0],0
