0,12,x7f8fd2282850,1,150.0,0.0,3,[5],1
0,12,x7f8fd2282850,2,-50.0,0.0,3,[4],2
0,12,x7f8fd2282850,3,151.151932486807,0.0,5,[5],1
0,12,x7f8fd2282850,4,250.0,0.0,2,[0],2
0,12,x7f8fd2282850,5,146.875,0.0,4,[6],1
0,12,x7f8fd2282850,6,250.0,0.0,5,[4],0
0,12,x7f8fd2282850,7,250.0,0.0,2,[0],0
0,12,x7f8fd2282850,8,99.86682317018658,0.0,5,[4],0
0,12,x7f8fd2282850,9,-50.0,0.0,2,[0],2
0,12,x7f8fd2282850,10,153.47323519229877,0.0,5,[5],1
0,12,x7f8fd2282850,11,250.0,0.0,2,[0],1
0,12,x7f8fd2282850,12,114.34983172061696,1.0,5,[0],2
0,12,x7f8fd2282850,13,100.30938220976235,0.0,5,[4],0
0,12,x7f8fd2282850,14,250.0,0.0,2,[0],2
0,12,x7f8fd2282850,15,149.99184122367458,0.0,4,[5],1
0,12,x7f8fd2282850,16,149.74300670190541,0.0,4,[5],1
0,12,x7f8fd2282850,17,250.0,0.0,5,[4],0
0,12,x7f8fd2282850,18,-50.0,0.0,2,[0],2
0,12,x7f8fd2282850,19,153.12500000000003,0.0,5,[5],1
0,12,x7f8fd2282850,20,250.0,0.0,2,[0],2
0,12,x7f8fd2282850,21,147.95153957243562,0.0,4,[6],1
0,12,x7f8fd2282850,22,350.0,1.0,4,[0],2
0,12,x7f8fd2282850,23,150.0,0.0,3,[5],1
0,12,x7f8fd2282850,24,250.0,0.0,3,[4],1
0,12,x7f8fd2282850,25,250.0,0.0,2,[4],2
0,12,x7f8fd2282850,26,-50.0,0.0,2,[4],2
0,12,x7f8fd2282850,27,250.0,0.0,2,[10],0
0,12,x7f8fd2282850,28,50.0,0.0,2,[0],2
0,12,x7f8fd2282850,29,600.0056631537506,2.0,3,[6],2
0,12,x7f8fd2282850,30,450.0,2.0,3,[6],2
0,12,x7f8fd2282850,31,699.7111505421977,2.0,5,[6],2
0,12,x7f8fd2282850,32,-50.0,0.0,2,[0],2
0,12,x7f8fd2282850,33,250.0,0.0,5,[4],0
0,12,x7f8fd2282850,34,250.0,0.0,2,[0],1
0,12,x7f8fd2282850,35,250.0,0.0,5,[4],0
0,12,x7f8fd2282850,36,250.0,1.0,2,[0],2
0,12,x7f8fd2282850,37,99.99199441122524,0.0,5,[4],0
0,12,x7f8fd2282850,38,250.0,0.0,2,[0],0
0,12,x7f8fd2282850,39,250.0,0.0,5,[4],1
0,12,x7f8fd2282850,40,750.0,2.0,2,[1],2
0,12,x7f8fd2282850,41,666.9414403937395,2.0,5,[6],2
0,12,x7f8fd2282850,42,-50.0,0.0,2,[0],2
0,12,x7f8fd2282850,43,401.4487504639444,1.0,5,[4],0
0,12,x7f8fd2282850,44,250.0,0.0,2,[0],0
0,12,x7f8fd2282850,45,250.0,0.0,5,[4],0
0,12,x7f8fd2282850,46,-50.0,0.0,2,[0],2
0,12,x7f8fd2282850,47,99.86682317018658,0.0,5,[4],0
0,12,x7f8fd2282850,48,250.0,0.0,2,[0],2
0,12,x7f8fd2282850,49,250.0,0.0,5,[4],0
0,12,x7f8fd2282850,50,250.0,0.0,2,[0],2
0,12,x7f8fd2282850,51,155.68118612887005,0.0,5,[5],1
0,12,x7f8fd2282850,52,-50.0,0.0,2,[0],2
0,12,x7f8fd2282850,53,50.0,0.0,4,[0],1
0,12,x7f8fd2282850,54,250.0,0.0,4,[4],1
0,12,x7f8fd2282850,55,250.0,0.0,4,[4],0
0,12,x7f8fd2282850,56,350.0,1.0,3,[6],2
0,12,x7f8fd2282850,57,250.0,0.0,4,[10],1
0,12,x7f8fd2282850,58,250.0,0.0,3,[4],2
0,12,x7f8fd2282850,59,-50.0,0.0,2,[4],2
0,12,x7f8fd2282850,60,-50.0,0.0,2,[4],2
0,12,x7f8fd2282850,61,150.0,0.0,3,[5],1
0,12,x7f8fd2282850,62,250.0,0.0,4,[10],1
0,12,x7f8fd2282850,63,99.86682317018658,0.0,3,[4],2
0,12,x7f8fd2282850,64,-50.0,0.0,2,[4],2
0,12,x7f8fd2282850,65,250.0,0.0,2,[4],0
0,12,x7f8fd2282850,66,250.0,0.0,4,[4],0
0,12,x7f8fd2282850,67,150.0,0.0,3,[5],1
0,12,x7f8fd2282850,68,100.00121609403578,0.0,5,[4],0
0,12,x7f8fd2282850,69,-50.0,0.0,2,[0],2
0,12,x7f8fd2282850,70,102.49801935994502,0.0,5,[4],0
0,12,x7f8fd2282850,71,250.0,0.0,2,[0],1
0,12,x7f8fd2282850,72,250.0,0.0,5,[4],0
0,12,x7f8fd2282850,73,250.0,1.0,2,[0],2
0,12,x7f8fd2282850,74,148.27065055924524,1.0,5,[1],2
0,12,x7f8fd2282850,75,149.69450495829122,1.0,5,[6],2
0,12,x7f8fd2282850,76,250.0,0.0,2,[0],0
0,12,x7f8fd2282850,77,-50.0,0.0,4,[4],0
0,12,x7f8fd2282850,78,250.0,0.0,4,[4],0
0,12,x7f8fd2282850,79,250.0,0.0,3,[4],0
0,12,x7f8fd2282850,80,602.8316961989262,2.0,3,[6],2
0,12,x7f8fd2282850,81,250.0,0.0,3,[4],0
0,12,x7f8fd2282850,82,50.0,1.0,2,[5],2
0,12,x7f8fd2282850,83,750.0,2.0,2,[5],2
0,12,x7f8fd2282850,84,150.00003726751837,0.0,3,[5],1
0,12,x7f8fd2282850,85,141.55575667574143,0.0,3,[4],0
0,12,x7f8fd2282850,86,-50.0,0.0,2,[4],2
0,12,x7f8fd2282850,87,50.0,1.0,2,[5],2
0,12,x7f8fd2282850,88,150.00001339831613,0.0,3,[5],1
0,12,x7f8fd2282850,89,849.9487440417812,2.0,5,[6],2
0,12,x7f8fd2282850,90,-50.0,0.0,2,[0],2
0,12,x7f8fd2282850,91,250.0,0.0,5,[4],0
0,12,x7f8fd2282850,92,250.0,0.0,2,[0],2
0,12,x7f8fd2282850,93,147.70098449729304,0.0,4,[6],1
0,12,x7f8fd2282850,94,50.0,0.0,4,[0],1
0,12,x7f8fd2282850,95,250.0,0.0,3,[4],1
0,12,x7f8fd2282850,96,149.99999969197063,0.0,3,[5],1
0,12,x7f8fd2282850,97,250.0,0.0,2,[4],2
0,12,x7f8fd2282850,98,-50.0,0.0,2,[4],2
0,12,x7f8fd2282850,99,450.0,2.0,2,[0],2
0,12,x7f8fd2282850,100,450.4115226337448,1.0,4,[5],2
0,12,x7f8fd2282850,101,141.55575667574323,0.0,3,[4],0
0,12,x7f8fd2282850,102,150.00000893438562,0.0,3,[5],1
0,12,x7f8fd2282850,103,50.0,0.0,3,[0],2
0,12,x7f8fd2282850,104,250.0,0.0,2,[4],2
0,12,x7f8fd2282850,105,-50.0,0.0,3,[4],2
0,12,x7f8fd2282850,106,800.2955108506955,2.0,3,[4],2
0,12,x7f8fd2282850,107,250.0,0.0,2,[4],0
0,12,x7f8fd2282850,108,-50.0,0.0,2,[4],2
0,12,x7f8fd2282850,109,250.0,0.0,2,[10],0
0,12,x7f8fd2282850,110,250.0,0.0,4,[4],0
0,12,x7f8fd2282850,111,150.0,0.0,3,[5],1
0,12,x7f8fd2282850,112,750.0,2.0,3,[6],2
0,12,x7f8fd2282850,113,250.0,0.0,3,[4],1
0,12,x7f8fd2282850,114,250.0,0.0,2,[4],2
0,12,x7f8fd2282850,115,700.0000003987415,2.0,5,[6],2
0,12,x7f8fd2282850,116,250.0,0.0,2,[0],2
0,12,x7f8fd2282850,117,161.19568522516283,0.0,5,[5],1
0,12,x7f8fd2282850,118,350.0,1.0,2,[1],2
0,12,x7f8fd2282850,119,450.0,2.0,5,[1],2
0,12,x7f8fd2282850,120,294.2920987644516,1.0,5,[6],2
0,12,x7f8fd2282850,121,-50.0,0.0,2,[0],2
0,12,x7f8fd2282850,122,100.00121609403578,0.0,4,[4],0
0,12,x7f8fd2282850,123,250.0,0.0,4,[4],0
0,12,x7f8fd2282850,124,146.55231620804236,0.0,3,[5],1
0,12,x7f8fd2282850,125,350.0,1.0,3,[6],2
0,12,x7f8fd2282850,126,250.0,0.0,2,[4],0
0,12,x7f8fd2282850,127,450.0,2.0,2,[5],2
0,12,x7f8fd2282850,128,449.9999999520064,1.0,5,[5],1
0,12,x7f8fd2282850,129,250.0,0.0,2,[0],2
0,12,x7f8fd2282850,130,250.0,0.0,5,[4],0
0,12,x7f8fd2282850,131,-50.0,0.0,2,[0],2
0,12,x7f8fd2282850,132,150.7932203615453,0.0,4,[5],1
0,12,x7f8fd2282850,133,143.3738074313552,0.0,4,[6],1
0,12,x7f8fd2282850,134,50.0,0.0,4,[0],1
0,12,x7f8fd2282850,135,150.00000030802937,0.0,3,[5],1
0,12,x7f8fd2282850,136,136.38687109944067,0.0,4,[10],1
0,12,x7f8fd2282850,137,250.0,0.0,3,[4],1
0,12,x7f8fd2282850,138,250.0,0.0,2,[4],2
0,12,x7f8fd2282850,139,-50.0,0.0,2,[4],2
0,12,x7f8fd2282850,140,-50.0,0.0,2,[4],2
0,12,x7f8fd2282850,141,450.0,2.0,2,[5],2
0,12,x7f8fd2282850,142,549.690680654911,2.0,4,[6],2
0,12,x7f8fd2282850,143,155.17874563513448,0.0,4,[5],1
0,12,x7f8fd2282850,144,148.70375709130306,0.0,3,[5],1
0,12,x7f8fd2282850,145,250.0,0.0,3,[4],0
0,12,x7f8fd2282850,146,-50.0,0.0,2,[4],2
0,12,x7f8fd2282850,147,50.0,1.0,2,[5],2
0,12,x7f8fd2282850,148,-50.0,0.0,3,[10],0
0,12,x7f8fd2282850,149,50.0,1.0,2,[5],2
0,12,x7f8fd2282850,150,250.0,0.0,4,[4],0
0,12,x7f8fd2282850,151,150.00001339831613,0.0,3,[5],1
0,12,x7f8fd2282850,152,149.94874404178117,0.0,5,[6],1
0,12,x7f8fd2282850,153,750.0,2.0,2,[1],1
0,12,x7f8fd2282850,154,849.084729175532,2.0,5,[6],2
0,12,x7f8fd2282850,155,250.0,0.0,2,[0],1
0,12,x7f8fd2282850,156,250.0,0.0,5,[4],1
0,12,x7f8fd2282850,157,250.0,1.0,2,[0],2
0,12,x7f8fd2282850,158,413.7290090576108,1.0,5,[0],2
0,12,x7f8fd2282850,159,610.0239820590195,2.0,5,[1],2
0,12,x7f8fd2282850,160,288.1367781368412,1.0,4,[6],2
0,12,x7f8fd2282850,161,153.2847887153103,0.0,4,[5],1
0,12,x7f8fd2282850,162,250.0,0.0,3,[4],0
0,12,x7f8fd2282850,163,-50.0,0.0,3,[4],2
0,12,x7f8fd2282850,164,-50.0,0.0,2,[4],2
0,12,x7f8fd2282850,165,709.0168711239916,2.0,5,[6],2
0,12,x7f8fd2282850,166,350.0,1.0,2,[1],2
0,12,x7f8fd2282850,167,294.7087756131456,1.0,5,[6],2
0,12,x7f8fd2282850,168,-50.0,0.0,2,[0],2
0,12,x7f8fd2282850,169,250.0,0.0,4,[4],0
0,12,x7f8fd2282850,170,350.0,1.0,4,[0],2
0,12,x7f8fd2282850,171,250.0,0.0,3,[4],1
0,12,x7f8fd2282850,172,149.99999520669638,0.0,3,[5],1
0,12,x7f8fd2282850,173,250.0,0.0,2,[4],2
0,12,x7f8fd2282850,174,-50.0,0.0,2,[4],2
0,12,x7f8fd2282850,175,116.59457935083499,0.0,3,[10],0
0,12,x7f8fd2282850,176,250.0,0.0,2,[4],0
0,12,x7f8fd2282850,177,250.0,0.0,2,[4],0
0,12,x7f8fd2282850,178,50.0,0.0,3,[5],1
0,12,x7f8fd2282850,179,799.9919944112253,2.0,5,[4],0
0,12,x7f8fd2282850,180,950.0,2.0,2,[0],2
0,12,x7f8fd2282850,181,710.7844054544595,2.0,5,[6],2
0,12,x7f8fd2282850,182,-50.0,0.0,2,[0],2
0,12,x7f8fd2282850,183,250.0,0.0,5,[4],0
0,12,x7f8fd2282850,184,250.0,0.0,2,[0],0
0,12,x7f8fd2282850,185,141.55575667574323,0.0,5,[4],0
0,12,x7f8fd2282850,186,250.0,0.0,2,[0],0
0,12,x7f8fd2282850,187,87.73488744574497,0.0,5,[4],0
0,12,x7f8fd2282850,188,250.0,0.0,2,[0],0
0,12,x7f8fd2282850,189,250.0,0.0,5,[4],1
0,12,x7f8fd2282850,190,250.0,0.0,2,[0],1
0,12,x7f8fd2282850,191,250.0,0.0,5,[4],0
0,12,x7f8fd2282850,192,650.0,2.0,2,[0],2
0,12,x7f8fd2282850,193,550.000001558796,2.0,5,[6],2
0,12,x7f8fd2282850,194,250.0,0.0,2,[0],0
0,12,x7f8fd2282850,195,250.0,0.0,5,[4],0
0,12,x7f8fd2282850,196,250.0,0.0,2,[0],2
0,12,x7f8fd2282850,197,161.11194884816658,0.0,5,[4],0
0,12,x7f8fd2282850,198,-50.0,0.0,2,[0],2
0,12,x7f8fd2282850,199,250.0,0.0,5,[4],0
0,12,x7f8fd2282850,200,250.0,0.0,2,[0],1
0,12,x7f8fd2282850,201,250.0,0.0,5,[4],0
0,12,x7f8fd2282850,202,650.0,2.0,2,[0],2
0,12,x7f8fd2282850,203,657.4469027918195,2.0,5,[6],2
0,12,x7f8fd2282850,204,250.0,0.0,2,[0],0
0,12,x7f8fd2282850,205,99.99199441122524,0.0,5,[4],0
0,12,x7f8fd2282850,206,250.0,0.0,2,[0],2
0,12,x7f8fd2282850,207,250.0,0.0,5,[4],0
0,12,x7f8fd2282850,208,350.0,1.0,2,[1],2
0,12,x7f8fd2282850,209,250.0,0.0,5,[4],0
0,12,x7f8fd2282850,210,250.0,0.0,2,[0],0
0,12,x7f8fd2282850,211,250.0,0.0,5,[4],0
0,12,x7f8fd2282850,212,-50.0,0.0,2,[0],2
0,12,x7f8fd2282850,213,97.6694840532891,0.0,5,[5],0
0,12,x7f8fd2282850,214,250.0,0.0,2,[0],1
0,12,x7f8fd2282850,215,550.0,1.0,5,[4],0
0,12,x7f8fd2282850,216,950.0,2.0,2,[0],2
0,12,x7f8fd2282850,217,692.0097831242056,2.0,5,[6],2
0,12,x7f8fd2282850,218,250.0,0.0,2,[0],1
0,12,x7f8fd2282850,219,100.00632098765432,0.0,5,[4],0
0,12,x7f8fd2282850,220,550.0,1.0,2,[0],0
0,12,x7f8fd2282850,221,250.0,0.0,5,[4],0
0,12,x7f8fd2282850,222,550.0,1.0,2,[0],2
0,12,x7f8fd2282850,223,50.0,1.0,5,[1],2
0,12,x7f8fd2282850,224,360.15391342937204,1.0,5,[5],2
0,12,x7f8fd2282850,225,250.0,0.0,2,[0],0
0,12,x7f8fd2282850,226,250.0,0.0,5,[4],1
0,12,x7f8fd2282850,227,250.0,0.0,2,[0],1
0,12,x7f8fd2282850,228,550.0,1.0,5,[4],0
0,12,x7f8fd2282850,229,650.0,2.0,2,[0],2
0,12,x7f8fd2282850,230,450.0,2.0,5,[1],2
0,12,x7f8fd2282850,231,550.0000979770243,2.0,5,[6],2
0,12,x7f8fd2282850,232,250.0,0.0,2,[0],0
0,12,x7f8fd2282850,233,250.0,0.0,5,[4],0
0,12,x7f8fd2282850,234,250.0,0.0,2,[0],0
0,12,x7f8fd2282850,235,250.0,0.0,5,[4],0
0,12,x7f8fd2282850,236,250.0,0.0,2,[0],0
0,12,x7f8fd2282850,237,250.0,0.0,5,[4],0
0,12,x7f8fd2282850,238,250.0,0.0,2,[0],2
0,12,x7f8fd2282850,239,250.0,0.0,5,[4],0
0,12,x7f8fd2282850,240,-50.0,0.0,2,[0],2
0,12,x7f8fd2282850,241,250.0,0.0,5,[4],1
0,12,x7f8fd2282850,242,250.0,0.0,2,[0],1
0,12,x7f8fd2282850,243,116.59457935083378,0.0,4,[4],0
0,12,x7f8fd2282850,244,149.9999817554564,1.0,4,[6],2
0,12,x7f8fd2282850,245,155.07970416905408,0.0,3,[5],1
0,12,x7f8fd2282850,246,148.83734324517977,0.0,3,[5],1
0,12,x7f8fd2282850,247,250.0,0.0,2,[4],2
0,12,x7f8fd2282850,248,-50.0,0.0,2,[4],2
0,12,x7f8fd2282850,249,450.0,2.0,3,[5],2
0,12,x7f8fd2282850,250,450.0,2.0,4,[0],2
0,12,x7f8fd2282850,251,550.0,2.0,3,[5],2
0,12,x7f8fd2282850,252,250.0,0.0,5,[4],0
0,12,x7f8fd2282850,253,250.0,1.0,2,[0],2
0,12,x7f8fd2282850,254,250.0,0.0,5,[4],0
0,12,x7f8fd2282850,255,550.0,1.0,2,[0],2
0,12,x7f8fd2282850,256,157.04583191412874,1.0,5,[5],2
0,12,x7f8fd2282850,257,250.0,0.0,2,[0],0
0,12,x7f8fd2282850,258,317.0591614480621,1.0,5,[5],2
0,12,x7f8fd2282850,259,250.0,0.0,2,[0],2
0,12,x7f8fd2282850,260,250.0,0.0,5,[4],0
0,12,x7f8fd2282850,261,-50.0,0.0,2,[0],2
0,12,x7f8fd2282850,262,250.0,0.0,4,[4],0
0,12,x7f8fd2282850,263,149.9999817554564,0.0,4,[6],1
0,12,x7f8fd2282850,264,250.0,0.0,5,[4],0
0,12,x7f8fd2282850,265,250.0,0.0,2,[0],0
0,12,x7f8fd2282850,266,99.86682317018659,0.0,5,[4],0
0,12,x7f8fd2282850,267,-50.0,0.0,2,[0],2
0,12,x7f8fd2282850,268,99.99199441122524,0.0,5,[4],0
0,12,x7f8fd2282850,269,250.0,0.0,2,[0],0
0,12,x7f8fd2282850,270,250.0,0.0,5,[4],0
0,12,x7f8fd2282850,271,-50.0,0.0,2,[0],2
0,12,x7f8fd2282850,272,100.29551085069548,0.0,5,[4],0
0,12,x7f8fd2282850,273,250.0,0.0,2,[0],0
0,12,x7f8fd2282850,274,250.0,0.0,5,[4],0
0,12,x7f8fd2282850,275,250.0,0.0,2,[0],2
0,12,x7f8fd2282850,276,87.73488744574448,0.0,5,[4],0
0,12,x7f8fd2282850,277,-50.0,0.0,2,[0],2
0,12,x7f8fd2282850,278,250.0,0.0,5,[4],0
0,12,x7f8fd2282850,279,250.0,0.0,2,[0],0
0,12,x7f8fd2282850,280,250.0,0.0,5,[4],0
0,12,x7f8fd2282850,281,250.0,0.0,2,[0],0
0,12,x7f8fd2282850,282,99.63550000000004,0.0,5,[4],0
0,12,x7f8fd2282850,283,250.0,0.0,2,[0],0
0,12,x7f8fd2282850,284,250.0,0.0,5,[4],0
0,12,x7f8fd2282850,285,250.0,0.0,2,[0],1
0,12,x7f8fd2282850,286,250.0,0.0,5,[4],0
0,12,x7f8fd2282850,287,250.0,1.0,2,[0],2
0,12,x7f8fd2282850,288,250.0,0.0,5,[4],0
0,12,x7f8fd2282850,289,-50.0,0.0,2,[0],2
0,12,x7f8fd2282850,290,250.0,0.0,5,[4],0
0,12,x7f8fd2282850,291,250.0,0.0,2,[0],2
0,12,x7f8fd2282850,292,150.00000024076257,0.0,5,[6],1
0,12,x7f8fd2282850,293,250.0,0.0,2,[0],1
0,12,x7f8fd2282850,294,545.4692209955349,2.0,5,[0],2
0,12,x7f8fd2282850,295,421.018906738282,1.0,5,[4],0
0,12,x7f8fd2282850,296,250.0,0.0,2,[0],0
0,12,x7f8fd2282850,297,250.0,0.0,5,[4],0
0,12,x7f8fd2282850,298,-50.0,0.0,2,[0],2
0,12,x7f8fd2282850,299,116.59457935083525,0.0,5,[4],0
0,12,x7f8fd2282850,300,250.0,0.0,2,[0],0
0,12,x7f8fd2282850,301,250.0,0.0,5,[4],0
0,12,x7f8fd2282850,302,250.0,0.0,2,[0],0
0,12,x7f8fd2282850,303,-50.0,0.0,5,[4],0
0,12,x7f8fd2282850,304,250.0,0.0,2,[0],0
0,12,x7f8fd2282850,305,250.0,0.0,5,[4],0
0,12,x7f8fd2282850,306,250.0,0.0,2,[0],1
0,12,x7f8fd2282850,307,250.0,0.0,5,[4],0
0,12,x7f8fd2282850,308,550.0,1.0,2,[0],2
0,12,x7f8fd2282850,309,250.0,0.0,5,[4],0
0,12,x7f8fd2282850,310,250.0,0.0,2,[0],0
0,12,x7f8fd2282850,311,250.0,0.0,5,[4],0
0,12,x7f8fd2282850,312,250.0,0.0,2,[0],0
0,12,x7f8fd2282850,313,550.0,1.0,5,[4],0
0,12,x7f8fd2282850,314,250.0,0.0,2,[0],0
0,12,x7f8fd2282850,315,250.0,0.0,5,[4],0
0,12,x7f8fd2282850,316,250.0,0.0,2,[0],0
0,12,x7f8fd2282850,317,250.0,0.0,5,[4],0
0,12,x7f8fd2282850,318,250.0,0.0,2,[0],0
0,12,x7f8fd2282850,319,250.0,0.0,5,[4],0
0,12,x7f8fd2282850,320,250.0,0.0,2,[0],0
0,12,x7f8fd2282850,321,250.0,0.0,5,[4],0
0,12,x7f8fd2282850,322,250.0,0.0,2,[0],1
0,12,x7f8fd2282850,323,250.0,0.0,5,[4],0
0,12,x7f8fd2282850,324,550.0,1.0,2,[0],0
0,12,x7f8fd2282850,325,250.0,0.0,5,[4],0
0,12,x7f8fd2282850,326,550.0,1.0,2,[0],0
0,12,x7f8fd2282850,327,352.60408869322015,1.0,5,[5],2
0,12,x7f8fd2282850,328,250.0,0.0,2,[0],0
0,12,x7f8fd2282850,329,250.0,0.0,5,[4],0
0,12,x7f8fd2282850,330,250.0,0.0,2,[0],0
0,12,x7f8fd2282850,331,550.0,1.0,5,[4],0
0,12,x7f8fd2282850,332,250.0,0.0,2,[0],0
0,12,x7f8fd2282850,333,250.0,0.0,5,[4],0
0,12,x7f8fd2282850,334,250.0,0.0,2,[0],0
0,12,x7f8fd2282850,335,250.0,0.0,5,[4],0
0,12,x7f8fd2282850,336,250.0,0.0,2,[0],0
0,12,x7f8fd2282850,337,250.0,0.0,5,[4],0
0,12,x7f8fd2282850,338,250.0,0.0,2,[0],0
0,12,x7f8fd2282850,339,250.0,0.0,5,[4],0
0,12,x7f8fd2282850,340,250.0,0.0,2,[0],0
0,12,x7f8fd2282850,341,250.0,0.0,5,[4],0
0,12,x7f8fd2282850,342,250.0,0.0,2,[0],0
0,12,x7f8fd2282850,343,250.0,0.0,5,[4],0
0,12,x7f8fd2282850,344,250.0,0.0,2,[0],0
0,12,x7f8fd2282850,345,250.0,0.0,5,[4],0
0,12,x7f8fd2282850,346,250.0,0.0,2,[0],0
0,12,x7f8fd2282850,347,250.0,0.0,5,[4],0
0,12,x7f8fd2282850,348,250.0,0.0,2,[0],1
0,12,x7f8fd2282850,349,250.0,0.0,5,[4],0
0,12,x7f8fd2282850,350,950.0,2.0,2,[0],2
0,12,x7f8fd2282850,351,699.9357034206469,2.0,5,[6],2
0,12,x7f8fd2282850,352,250.0,0.0,2,[0],0
0,12,x7f8fd2282850,353,250.0,0.0,5,[4],0
0,12,x7f8fd2282850,354,250.0,0.0,2,[0],0
0,12,x7f8fd2282850,355,250.0,0.0,5,[4],0
0,12,x7f8fd2282850,356,250.0,0.0,2,[0],0
0,12,x7f8fd2282850,357,250.0,0.0,5,[4],0
0,12,x7f8fd2282850,358,250.0,0.0,2,[0],0
0,12,x7f8fd2282850,359,250.0,0.0,5,[4],0
0,12,x7f8fd2282850,360,250.0,0.0,2,[0],1
0,12,x7f8fd2282850,361,250.0,0.0,5,[4],0
0,12,x7f8fd2282850,362,650.0,2.0,2,[0],2
0,12,x7f8fd2282850,363,554.551238428826,2.0,5,[6],2
0,12,x7f8fd2282850,364,250.0,0.0,2,[0],0
0,12,x7f8fd2282850,365,250.0,0.0,5,[4],0
0,12,x7f8fd2282850,366,250.0,0.0,2,[0],0
0,12,x7f8fd2282850,367,250.0,0.0,5,[4],0
0,12,x7f8fd2282850,368,250.0,0.0,2,[0],0
0,12,x7f8fd2282850,369,250.0,0.0,5,[4],0
0,12,x7f8fd2282850,370,250.0,0.0,2,[0],0
0,12,x7f8fd2282850,371,250.0,0.0,5,[4],0
0,12,x7f8fd2282850,372,250.0,0.0,2,[0],0
0,12,x7f8fd2282850,373,250.0,0.0,5,[4],0
0,12,x7f8fd2282850,374,250.0,0.0,2,[0],0
0,12,x7f8fd2282850,375,250.0,0.0,5,[4],0
0,12,x7f8fd2282850,376,250.0,0.0,2,[0],1
0,12,x7f8fd2282850,377,250.0,0.0,5,[4],0
0,12,x7f8fd2282850,378,650.0,2.0,2,[0],2
0,12,x7f8fd2282850,379,550.0,2.0,5,[6],2
0,12,x7f8fd2282850,380,250.0,0.0,2,[0],0
0,12,x7f8fd2282850,381,250.0,0.0,5,[4],0
0,12,x7f8fd2282850,382,250.0,0.0,2,[0],0
0,12,x7f8fd2282850,383,250.0,0.0,5,[4],0
0,12,x7f8fd2282850,384,250.0,0.0,2,[0],0
0,12,x7f8fd2282850,385,250.0,0.0,5,[4],0
0,12,x7f8fd2282850,386,250.0,0.0,2,[0],0
0,12,x7f8fd2282850,387,250.0,0.0,5,[4],0
0,12,x7f8fd2282850,388,250.0,0.0,2,[0],0
0,12,x7f8fd2282850,389,250.0,0.0,5,[4],0
0,12,x7f8fd2282850,390,250.0,0.0,2,[0],0
0,12,x7f8fd2282850,391,250.0,0.0,5,[4],0
0,12,x7f8fd2282850,392,250.0,0.0,2,[0],0
0,12,x7f8fd2282850,393,250.0,0.0,5,[4],0
0,12,x7f8fd2282850,394,250.0,0.0,2,[0],0
0,12,x7f8fd2282850,395,250.0,0.0,5,[4],0
0,12,x7f8fd2282850,396,250.0,0.0,2,[0],0
0,12,x7f8fd2282850,397,250.0,0.0,5,[4],0
0,12,x7f8fd2282850,398,250.0,0.0,2,[0],1
0,12,x7f8fd2282850,399,250.0,0.0,5,[4],0
0,12,x7f8fd2282850,400,550.0,1.0,2,[0],0
0,12,x7f8fd2282850,401,250.0,0.0,5,[4],0
0,12,x7f8fd2282850,402,650.0,2.0,2,[0],2
0,12,x7f8fd2282850,403,697.4966642091289,2.0,5,[0],2
0,12,x7f8fd2282850,404,550.0160383737541,2.0,5,[6],2
0,12,x7f8fd2282850,405,250.0,0.0,2,[0],0
0,12,x7f8fd2282850,406,250.0,0.0,5,[4],0
0,12,x7f8fd2282850,407,250.0,0.0,2,[0],1
0,12,x7f8fd2282850,408,550.0,1.0,5,[4],0
0,12,x7f8fd2282850,409,250.0,1.0,2,[0],0
0,12,x7f8fd2282850,410,250.0,0.0,5,[4],0
0,12,x7f8fd2282850,411,250.0,0.0,2,[0],1
0,12,x7f8fd2282850,412,250.0,0.0,5,[4],0
0,12,x7f8fd2282850,413,550.0,1.0,2,[0],2
0,12,x7f8fd2282850,414,416.59457935083526,1.0,5,[4],0
0,12,x7f8fd2282850,415,250.0,0.0,2,[0],1
0,12,x7f8fd2282850,416,250.0,0.0,5,[4],0
0,12,x7f8fd2282850,417,250.0,1.0,2,[0],2
0,12,x7f8fd2282850,418,550.0,1.0,5,[4],0
0,12,x7f8fd2282850,419,250.0,0.0,2,[0],0
0,12,x7f8fd2282850,420,250.0,0.0,5,[4],0
0,12,x7f8fd2282850,421,250.0,0.0,2,[0],0
0,12,x7f8fd2282850,422,390.5094897092244,1.0,5,[4],0
0,12,x7f8fd2282850,423,250.0,0.0,2,[0],0
0,12,x7f8fd2282850,424,250.0,0.0,5,[4],0
0,12,x7f8fd2282850,425,250.0,0.0,2,[0],1
0,12,x7f8fd2282850,426,250.0,0.0,5,[4],0
0,12,x7f8fd2282850,427,650.0,2.0,2,[0],2
0,12,x7f8fd2282850,428,550.0,2.0,5,[6],2
0,12,x7f8fd2282850,429,250.0,0.0,2,[0],0
0,12,x7f8fd2282850,430,250.0,0.0,5,[4],0
0,12,x7f8fd2282850,431,250.0,0.0,2,[0],0
0,12,x7f8fd2282850,432,250.0,0.0,5,[4],0
0,12,x7f8fd2282850,433,250.0,0.0,2,[0],0
0,12,x7f8fd2282850,434,250.0,0.0,5,[4],0
0,12,x7f8fd2282850,435,250.0,0.0,2,[0],0
0,12,x7f8fd2282850,436,250.0,0.0,5,[4],0
0,12,x7f8fd2282850,437,250.0,0.0,2,[0],0
0,12,x7f8fd2282850,438,250.0,0.0,5,[4],0
0,12,x7f8fd2282850,439,250.0,0.0,2,[0],0
0,12,x7f8fd2282850,440,250.0,0.0,5,[4],0
0,12,x7f8fd2282850,441,250.0,0.0,2,[0],0
0,12,x7f8fd2282850,442,250.0,0.0,5,[4],0
0,12,x7f8fd2282850,443,250.0,0.0,2,[0],0
0,12,x7f8fd2282850,444,250.0,0.0,5,[4],0
0,12,x7f8fd2282850,445,250.0,0.0,2,[0],0
0,12,x7f8fd2282850,446,250.0,0.0,5,[4],0
0,12,x7f8fd2282850,447,250.0,0.0,2,[0],0
0,12,x7f8fd2282850,448,250.0,0.0,5,[4],0
0,12,x7f8fd2282850,449,250.0,0.0,2,[0],0
0,12,x7f8fd2282850,450,250.0,0.0,5,[4],0
0,12,x7f8fd2282850,451,250.0,0.0,2,[0],0
0,12,x7f8fd2282850,452,250.0,0.0,5,[4],0
0,12,x7f8fd2282850,453,250.0,0.0,2,[0],0
0,12,x7f8fd2282850,454,250.0,0.0,5,[4],0
0,12,x7f8fd2282850,455,250.0,0.0,2,[0],0
0,12,x7f8fd2282850,456,250.0,0.0,5,[4],0
0,12,x7f8fd2282850,457,250.0,0.0,2,[0],0
0,12,x7f8fd2282850,458,250.0,0.0,5,[4],0
0,12,x7f8fd2282850,459,250.0,0.0,2,[0],0
0,12,x7f8fd2282850,460,250.0,0.0,5,[4],0
0,12,x7f8fd2282850,461,250.0,0.0,2,[0],1
0,12,x7f8fd2282850,462,250.0,0.0,5,[4],0
0,12,x7f8fd2282850,463,650.0,2.0,2,[0],2
0,12,x7f8fd2282850,464,550.0,2.0,5,[6],2
0,12,x7f8fd2282850,465,250.0,0.0,2,[0],0
0,12,x7f8fd2282850,466,250.0,0.0,5,[4],0
0,12,x7f8fd2282850,467,250.0,0.0,2,[0],0
0,12,x7f8fd2282850,468,250.0,0.0,5,[4],0
0,12,x7f8fd2282850,469,250.0,0.0,2,[0],0
0,12,x7f8fd2282850,470,250.0,0.0,5,[4],0
0,12,x7f8fd2282850,471,250.0,0.0,2,[0],0
0,12,x7f8fd2282850,472,250.0,0.0,5,[4],0
0,12,x7f8fd2282850,473,250.0,0.0,2,[0],0
0,12,x7f8fd2282850,474,250.0,0.0,5,[4],0
0,12,x7f8fd2282850,475,250.0,0.0,2,[0],0
0,12,x7f8fd2282850,476,250.0,0.0,5,[4],0
0,12,x7f8fd2282850,477,250.0,0.0,2,[0],0
0,12,x7f8fd2282850,478,250.0,0.0,5,[4],0
0,12,x7f8fd2282850,479,250.0,0.0,2,[0],1
0,12,x7f8fd2282850,480,250.0,0.0,5,[4],0
0,12,x7f8fd2282850,481,650.0,2.0,2,[0],2
0,12,x7f8fd2282850,482,688.5541651266767,2.0,5,[6],2
0,12,x7f8fd2282850,483,250.0,0.0,2,[0],1
0,12,x7f8fd2282850,484,250.0,0.0,5,[4],0
0,12,x7f8fd2282850,485,250.0,1.0,2,[0],2
0,12,x7f8fd2282850,486,250.0,0.0,5,[4],0
0,12,x7f8fd2282850,487,250.0,0.0,2,[0],1
0,12,x7f8fd2282850,488,250.0,0.0,5,[4],0
0,12,x7f8fd2282850,489,250.0,1.0,2,[0],2
0,12,x7f8fd2282850,490,250.0,1.0,5,[4],2
0,12,x7f8fd2282850,491,250.0,0.0,2,[0],0
0,12,x7f8fd2282850,492,250.0,0.0,5,[4],0
0,12,x7f8fd2282850,493,250.0,0.0,2,[0],0
0,12,x7f8fd2282850,494,250.0,1.0,5,[4],0
0,12,x7f8fd2282850,495,250.0,0.0,2,[0],0
0,12,x7f8fd2282850,496,250.0,0.0,5,[4],0
0,12,x7f8fd2282850,497,250.0,0.0,2,[0],2
0,12,x7f8fd2282850,498,250.0,0.0,5,[4],0
0,12,x7f8fd2282850,499,250.0,0.0,2,[0],2
0,12,x7f8fd2282850,500,250.0,0.0,4,[4],1
0,12,x7f8fd2282850,501,-50.0,0.0,2,[0],2
0,12,x7f8fd2282850,502,250.0,0.0,4,[4],0
0,12,x7f8fd2282850,503,149.982960599077,0.0,4,[6],1
0,12,x7f8fd2282850,504,250.0,0.0,3,[4],1
0,12,x7f8fd2282850,505,151.17812741990357,0.0,4,[10],1
0,12,x7f8fd2282850,506,-50.0,0.0,3,[4],2
0,12,x7f8fd2282850,507,-50.0,0.0,2,[4],2
0,12,x7f8fd2282850,508,50.0,1.0,2,[5],2
0,12,x7f8fd2282850,509,-50.0,0.0,2,[4],2
0,12,x7f8fd2282850,510,550.0,1.0,3,[10],0
0,12,x7f8fd2282850,511,250.0,0.0,2,[4],0
0,12,x7f8fd2282850,512,50.0,1.0,2,[5],2
0,12,x7f8fd2282850,513,250.0,0.0,4,[4],0
0,12,x7f8fd2282850,514,667.4679657954339,2.0,4,[6],2
0,12,x7f8fd2282850,515,150.87181505958014,0.0,3,[5],1
0,12,x7f8fd2282850,516,146.8750000000003,0.0,3,[5],1
0,12,x7f8fd2282850,517,250.0,0.0,2,[4],2
0,12,x7f8fd2282850,518,-50.0,0.0,2,[4],2
0,12,x7f8fd2282850,519,150.00001339831613,0.0,3,[5],1
0,12,x7f8fd2282850,520,250.0,0.0,2,[4],0
0,12,x7f8fd2282850,521,150.1700645599093,0.0,4,[5],1
0,12,x7f8fd2282850,522,-132.36196964466373,0.0,4,[0],2
0,12,x7f8fd2282850,523,99.86682317018654,0.0,3,[4],0
0,12,x7f8fd2282850,524,-50.0,0.0,3,[4],2
0,12,x7f8fd2282850,525,250.0,0.0,2,[4],0
0,12,x7f8fd2282850,526,250.0,0.0,2,[4],0
0,12,x7f8fd2282850,527,250.0,0.0,2,[10],1
0,12,x7f8fd2282850,528,701.0115868773818,2.0,3,[4],2
0,12,x7f8fd2282850,529,950.0,2.0,2,[10],0
0,12,x7f8fd2282850,530,550.0,1.0,5,[4],0
0,12,x7f8fd2282850,531,-50.0,0.0,2,[0],2
0,12,x7f8fd2282850,532,150.41152263374485,0.0,4,[5],1
0,12,x7f8fd2282850,533,147.70098449729267,0.0,4,[6],1
0,12,x7f8fd2282850,534,250.0,0.0,3,[4],1
0,12,x7f8fd2282850,535,150.53170406202926,0.0,4,[10],1
0,12,x7f8fd2282850,536,99.86682317018659,0.0,3,[4],2
0,12,x7f8fd2282850,537,99.99199441122524,0.0,5,[4],0
0,12,x7f8fd2282850,538,550.0,1.0,2,[0],2
0,12,x7f8fd2282850,539,250.0,0.0,5,[4],0
0,12,x7f8fd2282850,540,-50.0,0.0,2,[0],2
0,12,x7f8fd2282850,541,102.49801935994512,0.0,5,[4],0
0,12,x7f8fd2282850,542,250.0,0.0,2,[0],0
0,12,x7f8fd2282850,543,550.0,1.0,5,[4],0
0,12,x7f8fd2282850,544,750.0,2.0,2,[1],2
0,12,x7f8fd2282850,545,601.4828876791055,2.0,5,[6],2
0,12,x7f8fd2282850,546,-50.0,0.0,2,[0],2
0,12,x7f8fd2282850,547,100.00013683249367,0.0,5,[4],0
0,12,x7f8fd2282850,548,250.0,0.0,2,[0],1
0,12,x7f8fd2282850,549,250.0,0.0,5,[4],0
0,12,x7f8fd2282850,550,250.0,1.0,2,[0],2
0,12,x7f8fd2282850,551,200.00800558877478,1.0,5,[1],2
0,12,x7f8fd2282850,552,144.5590718584313,1.0,5,[6],2
0,12,x7f8fd2282850,553,250.0,0.0,2,[0],0
0,12,x7f8fd2282850,554,100.0,0.0,5,[4],0
0,12,x7f8fd2282850,555,250.0,0.0,2,[0],0
0,12,x7f8fd2282850,556,250.0,0.0,5,[4],0
0,12,x7f8fd2282850,557,-50.0,0.0,2,[0],2
0,12,x7f8fd2282850,558,250.0,0.0,5,[4],0
0,12,x7f8fd2282850,559,250.0,0.0,2,[0],0
0,12,x7f8fd2282850,560,250.0,0.0,5,[4],0
0,12,x7f8fd2282850,561,250.0,0.0,2,[0],1
0,12,x7f8fd2282850,562,99.63550000000004,0.0,5,[4],0
0,12,x7f8fd2282850,563,650.0,2.0,2,[0],2
0,12,x7f8fd2282850,564,707.5387711664971,2.0,5,[6],2
0,12,x7f8fd2282850,565,250.0,0.0,2,[0],0
0,12,x7f8fd2282850,566,250.0,0.0,5,[4],0
0,12,x7f8fd2282850,567,250.0,0.0,2,[0],0
0,12,x7f8fd2282850,568,250.0,0.0,5,[4],0
0,12,x7f8fd2282850,569,250.0,0.0,2,[0],1
0,12,x7f8fd2282850,570,250.0,0.0,5,[4],0
0,12,x7f8fd2282850,571,250.0,1.0,2,[0],2
0,12,x7f8fd2282850,572,250.0,0.0,5,[4],0
0,12,x7f8fd2282850,573,250.0,0.0,2,[0],1
0,12,x7f8fd2282850,574,250.0,0.0,5,[4],0
0,12,x7f8fd2282850,575,550.0,1.0,2,[0],0
0,12,x7f8fd2282850,576,387.73488744574445,1.0,5,[4],0
0,12,x7f8fd2282850,577,650.0,2.0,2,[0],2
0,12,x7f8fd2282850,578,550.0007741149434,2.0,5,[6],2
0,12,x7f8fd2282850,579,250.0,0.0,2,[0],0
0,12,x7f8fd2282850,580,250.0,0.0,5,[4],0
0,12,x7f8fd2282850,581,250.0,0.0,2,[0],1
0,12,x7f8fd2282850,582,550.0,1.0,5,[4],0
0,12,x7f8fd2282850,583,650.0,2.0,2,[0],2
0,12,x7f8fd2282850,584,694.6650846502022,2.0,5,[0],2
0,12,x7f8fd2282850,585,550.0160383737541,2.0,5,[6],2
0,12,x7f8fd2282850,586,550.0,1.0,2,[0],2
0,12,x7f8fd2282850,587,250.0,0.0,5,[4],0
0,12,x7f8fd2282850,588,250.0,0.0,2,[0],0
0,12,x7f8fd2282850,589,250.0,0.0,5,[4],0
0,12,x7f8fd2282850,590,250.0,0.0,2,[0],0
0,12,x7f8fd2282850,591,550.0,1.0,5,[4],0
0,12,x7f8fd2282850,592,250.0,0.0,2,[0],1
0,12,x7f8fd2282850,593,250.0,0.0,5,[4],0
0,12,x7f8fd2282850,594,950.0,2.0,2,[0],2
0,12,x7f8fd2282850,595,694.8532777057924,2.0,5,[6],2
0,12,x7f8fd2282850,596,250.0,0.0,2,[0],1
0,12,x7f8fd2282850,597,250.0,0.0,5,[4],0
0,12,x7f8fd2282850,598,550.0,1.0,2,[0],0
0,12,x7f8fd2282850,599,250.0,0.0,5,[4],0
0,12,x7f8fd2282850,600,550.0,1.0,2,[0],2
0,12,x7f8fd2282850,601,328.7209744961846,1.0,5,[5],2
0,12,x7f8fd2282850,602,250.0,0.0,2,[0],0
0,12,x7f8fd2282850,603,250.0,0.0,5,[4],0
0,12,x7f8fd2282850,604,250.0,0.0,2,[0],1
0,12,x7f8fd2282850,605,550.0,1.0,5,[4],0
0,12,x7f8fd2282850,606,550.0,1.0,2,[0],0
0,12,x7f8fd2282850,607,250.0,0.0,5,[4],0
0,12,x7f8fd2282850,608,250.0,0.0,2,[0],0
0,12,x7f8fd2282850,609,250.0,0.0,5,[4],0
0,12,x7f8fd2282850,610,250.0,0.0,2,[0],1
0,12,x7f8fd2282850,611,550.0,1.0,5,[4],0
0,12,x7f8fd2282850,612,550.0,1.0,2,[0],2
0,12,x7f8fd2282850,613,250.0,0.0,5,[4],0
0,12,x7f8fd2282850,614,250.0,0.0,2,[0],0
0,12,x7f8fd2282850,615,250.0,0.0,5,[4],1
0,12,x7f8fd2282850,616,250.0,0.0,2,[0],1
0,12,x7f8fd2282850,617,550.0,1.0,5,[4],0
0,12,x7f8fd2282850,618,650.0,2.0,2,[0],2
0,12,x7f8fd2282850,619,450.0,2.0,5,[1],2
0,12,x7f8fd2282850,620,599.9987839059642,2.0,5,[1],2
0,12,x7f8fd2282850,621,550.3756360091285,2.0,5,[6],2
0,12,x7f8fd2282850,622,250.0,0.0,2,[0],0
0,12,x7f8fd2282850,623,250.0,0.0,5,[4],0
0,12,x7f8fd2282850,624,250.0,0.0,2,[0],0
0,12,x7f8fd2282850,625,250.0,0.0,5,[4],0
0,12,x7f8fd2282850,626,250.0,0.0,2,[0],1
0,12,x7f8fd2282850,627,250.0,0.0,5,[4],0
0,12,x7f8fd2282850,628,250.0,1.0,2,[0],2
0,12,x7f8fd2282850,629,250.0,0.0,5,[4],0
0,12,x7f8fd2282850,630,250.0,0.0,2,[0],1
0,12,x7f8fd2282850,631,250.0,0.0,5,[4],0
0,12,x7f8fd2282850,632,250.0,1.0,2,[0],2
0,12,x7f8fd2282850,633,400.0012160940358,1.0,5,[4],0
0,12,x7f8fd2282850,634,250.0,0.0,2,[0],0
0,12,x7f8fd2282850,635,250.0,0.0,5,[4],0
0,12,x7f8fd2282850,636,250.0,0.0,2,[0],0
0,12,x7f8fd2282850,637,360.26948765431837,1.0,5,[4],0
0,12,x7f8fd2282850,638,250.0,0.0,2,[0],0
0,12,x7f8fd2282850,639,250.0,0.0,5,[4],0
0,12,x7f8fd2282850,640,250.0,0.0,2,[0],0
0,12,x7f8fd2282850,641,250.0,0.0,5,[4],0
0,12,x7f8fd2282850,642,250.0,0.0,2,[0],1
0,12,x7f8fd2282850,643,250.0,0.0,5,[4],0
0,12,x7f8fd2282850,644,650.0,2.0,2,[0],2
0,12,x7f8fd2282850,645,712.3336898552817,2.0,5,[6],2
0,12,x7f8fd2282850,646,250.0,0.0,2,[0],0
0,12,x7f8fd2282850,647,250.0,0.0,5,[4],0
0,12,x7f8fd2282850,648,250.0,0.0,2,[0],0
0,12,x7f8fd2282850,649,250.0,0.0,5,[4],0
0,12,x7f8fd2282850,650,250.0,0.0,2,[0],0
0,12,x7f8fd2282850,651,250.0,0.0,5,[4],0
0,12,x7f8fd2282850,652,250.0,0.0,2,[0],0
0,12,x7f8fd2282850,653,250.0,0.0,5,[4],0
0,12,x7f8fd2282850,654,250.0,0.0,2,[0],0
0,12,x7f8fd2282850,655,250.0,0.0,5,[4],0
0,12,x7f8fd2282850,656,250.0,0.0,2,[0],0
0,12,x7f8fd2282850,657,250.0,0.0,5,[4],0
0,12,x7f8fd2282850,658,250.0,0.0,2,[0],0
0,12,x7f8fd2282850,659,250.0,0.0,5,[4],0
0,12,x7f8fd2282850,660,250.0,0.0,2,[0],0
0,12,x7f8fd2282850,661,250.0,0.0,5,[4],0
0,12,x7f8fd2282850,662,250.0,0.0,2,[0],0
0,12,x7f8fd2282850,663,250.0,0.0,5,[4],0
0,12,x7f8fd2282850,664,250.0,0.0,2,[0],1
0,12,x7f8fd2282850,665,250.0,0.0,5,[4],0
0,12,x7f8fd2282850,666,650.0,2.0,2,[0],2
0,12,x7f8fd2282850,667,549.9999965070567,2.0,5,[6],2
0,12,x7f8fd2282850,668,250.0,0.0,2,[0],0
0,12,x7f8fd2282850,669,250.0,0.0,5,[4],0
0,12,x7f8fd2282850,670,250.0,0.0,2,[0],1
0,12,x7f8fd2282850,671,250.0,0.0,5,[4],0
0,12,x7f8fd2282850,672,250.0,1.0,2,[0],2
0,12,x7f8fd2282850,673,250.0,0.0,5,[4],0
0,12,x7f8fd2282850,674,250.0,1.0,2,[0],2
0,12,x7f8fd2282850,675,152.23888373864187,1.0,5,[5],2
0,12,x7f8fd2282850,676,250.0,0.0,2,[0],0
0,12,x7f8fd2282850,677,250.0,0.0,5,[4],0
0,12,x7f8fd2282850,678,250.0,0.0,2,[0],0
0,12,x7f8fd2282850,679,397.6694840532891,1.0,5,[4],0
0,12,x7f8fd2282850,680,250.0,0.0,2,[0],1
0,12,x7f8fd2282850,681,250.0,0.0,5,[4],0
0,12,x7f8fd2282850,682,550.0,1.0,2,[0],0
0,12,x7f8fd2282850,683,250.0,0.0,5,[4],0
0,12,x7f8fd2282850,684,550.0,1.0,2,[0],2
0,12,x7f8fd2282850,685,363.1453750086846,1.0,5,[5],2
0,12,x7f8fd2282850,686,250.0,0.0,2,[0],2
0,12,x7f8fd2282850,687,302.8931954245918,1.0,5,[5],2
0,12,x7f8fd2282850,688,-50.0,0.0,2,[0],2
0,12,x7f8fd2282850,689,250.0,0.0,4,[4],0
0,12,x7f8fd2282850,690,250.0,0.0,2,[0],2
0,12,x7f8fd2282850,691,149.9804983389477,0.0,4,[6],1
0,12,x7f8fd2282850,692,50.0,0.0,4,[0],1
0,12,x7f8fd2282850,693,250.0,0.0,3,[4],1
0,12,x7f8fd2282850,694,250.0,0.0,3,[4],1
0,12,x7f8fd2282850,695,250.0,0.0,2,[4],2
0,12,x7f8fd2282850,696,-50.0,0.0,2,[4],2
0,12,x7f8fd2282850,697,250.0,0.0,3,[4],0
0,12,x7f8fd2282850,698,97.16830380107386,0.0,3,[4],2
0,12,x7f8fd2282850,699,250.0,0.0,2,[4],0
0,12,x7f8fd2282850,700,-50.0,0.0,2,[4],2
0,12,x7f8fd2282850,701,950.0,2.0,5,[4],0
0,12,x7f8fd2282850,702,250.0,1.0,2,[0],2
0,12,x7f8fd2282850,703,300.5326806962186,1.0,5,[0],2
0,12,x7f8fd2282850,704,150.00000030802937,1.0,4,[6],2
0,12,x7f8fd2282850,705,100.00013683249367,0.0,5,[4],0
0,12,x7f8fd2282850,706,550.0,1.0,2,[0],2
0,12,x7f8fd2282850,707,250.0,0.0,5,[4],1
0,12,x7f8fd2282850,708,250.0,0.0,2,[0],1
0,12,x7f8fd2282850,709,511.53108285902925,2.0,5,[0],2
0,12,x7f8fd2282850,710,100.29551085069525,0.0,5,[4],0
0,12,x7f8fd2282850,711,250.0,0.0,2,[0],0
0,12,x7f8fd2282850,712,550.0,1.0,5,[4],0
0,12,x7f8fd2282850,713,250.0,0.0,2,[0],1
0,12,x7f8fd2282850,714,87.73488744574698,0.0,5,[4],0
0,12,x7f8fd2282850,715,550.0,1.0,2,[0],2
0,12,x7f8fd2282850,716,250.0,0.0,5,[4],0
0,12,x7f8fd2282850,717,250.0,0.0,2,[0],2
0,12,x7f8fd2282850,718,250.0,0.0,5,[4],1
0,12,x7f8fd2282850,719,-50.0,0.0,2,[0],2
0,12,x7f8fd2282850,720,550.0,1.0,5,[4],0
0,12,x7f8fd2282850,721,250.0,0.0,2,[0],2
0,12,x7f8fd2282850,722,149.95470331594714,0.0,4,[6],1
0,12,x7f8fd2282850,723,250.0,0.0,4,[4],0
0,12,x7f8fd2282850,724,350.0,1.0,3,[6],2
0,12,x7f8fd2282850,725,250.0,0.0,3,[4],2
0,12,x7f8fd2282850,726,-50.0,0.0,2,[4],2
0,12,x7f8fd2282850,727,-50.0,0.0,2,[4],2
0,12,x7f8fd2282850,728,-50.0,0.0,2,[4],2
0,12,x7f8fd2282850,729,550.0000133983161,2.0,3,[5],2
0,12,x7f8fd2282850,730,250.0,0.0,3,[4],0
0,12,x7f8fd2282850,731,250.0,0.0,2,[4],0
0,12,x7f8fd2282850,732,-50.0,0.0,2,[4],2
0,12,x7f8fd2282850,733,250.0,0.0,5,[4],0
0,12,x7f8fd2282850,734,-50.0,0.0,2,[0],2
0,12,x7f8fd2282850,735,150.69655913931368,0.0,4,[5],1
0,12,x7f8fd2282850,736,149.97723888966013,0.0,5,[6],1
0,12,x7f8fd2282850,737,350.0,1.0,2,[1],2
0,12,x7f8fd2282850,738,445.85756368141836,1.0,5,[6],2
0,12,x7f8fd2282850,739,250.0,0.0,2,[0],2
0,12,x7f8fd2282850,740,152.03230577356743,0.0,5,[5],1
0,12,x7f8fd2282850,741,-50.0,0.0,2,[0],2
0,12,x7f8fd2282850,742,250.0,0.0,4,[4],0
0,12,x7f8fd2282850,743,-132.36196964466373,0.0,4,[0],2
0,12,x7f8fd2282850,744,99.86682317018646,0.0,3,[4],0
0,12,x7f8fd2282850,745,152.76361380334018,0.0,3,[5],1
0,12,x7f8fd2282850,746,450.0,2.0,3,[0],2
0,12,x7f8fd2282850,747,-50.0,0.0,2,[4],2
0,12,x7f8fd2282850,748,250.0,0.0,2,[4],0
0,12,x7f8fd2282850,749,100.29551085069548,0.0,4,[4],0
0,12,x7f8fd2282850,750,602.8316961989259,2.0,3,[6],2
0,12,x7f8fd2282850,751,250.0,0.0,5,[4],0
0,12,x7f8fd2282850,752,250.0,0.0,2,[0],0
0,12,x7f8fd2282850,753,99.86682317018662,0.0,5,[4],0
0,12,x7f8fd2282850,754,-50.0,0.0,2,[0],2
0,12,x7f8fd2282850,755,99.99199441122524,0.0,5,[4],0
0,12,x7f8fd2282850,756,250.0,0.0,2,[0],1
0,12,x7f8fd2282850,757,250.0,0.0,5,[4],0
0,12,x7f8fd2282850,758,750.0,2.0,2,[1],2
0,12,x7f8fd2282850,759,653.733987339425,2.0,5,[6],2
0,12,x7f8fd2282850,760,250.0,1.0,2,[0],2
0,12,x7f8fd2282850,761,153.44589693311897,0.0,5,[5],1
0,12,x7f8fd2282850,762,250.0,0.0,2,[0],1
0,12,x7f8fd2282850,763,500.19654925244424,2.0,5,[0],2
0,12,x7f8fd2282850,764,154.99717480796946,0.0,5,[4],0
0,12,x7f8fd2282850,765,550.0,1.0,2,[0],0
0,12,x7f8fd2282850,766,107.79700949823837,1.0,5,[0],2
0,12,x7f8fd2282850,767,450.0,2.0,5,[1],2
0,12,x7f8fd2282850,768,397.1683038010727,1.0,5,[4],2
0,12,x7f8fd2282850,769,250.0,0.0,2,[0],0
0,12,x7f8fd2282850,770,250.0,0.0,5,[4],0
0,12,x7f8fd2282850,771,250.0,0.0,2,[0],0
0,12,x7f8fd2282850,772,550.0,1.0,5,[4],0
0,12,x7f8fd2282850,773,250.0,0.0,2,[0],1
0,12,x7f8fd2282850,774,250.0,0.0,5,[4],0
0,12,x7f8fd2282850,775,250.0,1.0,2,[0],2
0,12,x7f8fd2282850,776,250.0,0.0,4,[4],0
0,12,x7f8fd2282850,777,302.63650171583004,1.0,4,[5],2
0,12,x7f8fd2282850,778,250.0,0.0,3,[4],0
0,12,x7f8fd2282850,779,602.8316961989259,2.0,3,[6],2
0,12,x7f8fd2282850,780,250.0,0.0,2,[4],0
0,12,x7f8fd2282850,781,99.86682317018662,0.0,5,[4],0
0,12,x7f8fd2282850,782,-50.0,0.0,2,[0],2
0,12,x7f8fd2282850,783,157.4022941771273,0.0,5,[5],1
0,12,x7f8fd2282850,784,250.0,0.0,2,[0],2
0,12,x7f8fd2282850,785,148.90795932259627,0.0,4,[6],1
0,12,x7f8fd2282850,786,50.0,0.0,4,[0],1
0,12,x7f8fd2282850,787,150.0007524157888,0.0,3,[5],1
0,12,x7f8fd2282850,788,50.0,1.0,3,[6],2
0,12,x7f8fd2282850,789,601.6194590623905,2.0,4,[6],2
0,12,x7f8fd2282850,790,691.6325776551682,2.0,5,[6],2
0,12,x7f8fd2282850,791,250.0,0.0,2,[0],2
0,12,x7f8fd2282850,792,250.0,0.0,5,[4],1
0,12,x7f8fd2282850,793,350.0,1.0,2,[1],2
0,12,x7f8fd2282850,794,272.4433241989017,1.0,5,[6],2
0,12,x7f8fd2282850,795,250.0,0.0,2,[0],2
0,12,x7f8fd2282850,796,149.94955149230512,0.0,4,[5],1
0,12,x7f8fd2282850,797,250.0,0.0,4,[4],0
0,12,x7f8fd2282850,798,50.0,0.0,3,[6],1
0,12,x7f8fd2282850,799,599.6355000000007,2.0,3,[6],2
0,12,x7f8fd2282850,800,250.0,0.0,2,[4],2
0,12,x7f8fd2282850,801,750.0,2.0,2,[5],2
0,12,x7f8fd2282850,802,-250.0,0.0,2,[0],2
0,12,x7f8fd2282850,803,-50.0,0.0,2,[10],0
0,12,x7f8fd2282850,804,350.0,1.0,2,[0],2
0,12,x7f8fd2282850,805,250.0,0.0,2,[4],1
0,12,x7f8fd2282850,806,250.0,0.0,2,[10],0
0,12,x7f8fd2282850,807,150.0,0.0,3,[5],1
0,12,x7f8fd2282850,808,-50.0,0.0,3,[4],2
0,12,x7f8fd2282850,809,-50.0,0.0,2,[4],2
0,12,x7f8fd2282850,810,250.0,0.0,2,[4],0
0,12,x7f8fd2282850,811,167.63803035534988,1.0,3,[6],2
0,12,x7f8fd2282850,812,-50.0,0.0,3,[4],2
0,12,x7f8fd2282850,813,250.0,0.0,2,[4],0
0,12,x7f8fd2282850,814,250.0,0.0,2,[4],0
0,12,x7f8fd2282850,815,250.0,1.0,3,[4],2
0,12,x7f8fd2282850,816,250.0,0.0,3,[4],0
0,12,x7f8fd2282850,817,750.0,2.0,2,[5],2
0,12,x7f8fd2282850,818,250.0,0.0,3,[10],0
0,12,x7f8fd2282850,819,250.0,0.0,2,[4],2
0,12,x7f8fd2282850,820,650.0,2.0,4,[4],2
0,12,x7f8fd2282850,821,250.0,0.0,3,[4],0
0,12,x7f8fd2282850,822,150.00000893438562,0.0,3,[5],1
0,12,x7f8fd2282850,823,200.00800558877478,1.0,4,[6],2
0,12,x7f8fd2282850,824,250.0,0.0,2,[4],0
0,12,x7f8fd2282850,825,149.97723888966013,0.0,5,[6],1
0,12,x7f8fd2282850,826,-50.0,0.0,2,[0],2
0,12,x7f8fd2282850,827,100.06441867084352,0.0,4,[4],0
0,12,x7f8fd2282850,828,50.0,1.0,4,[0],2
0,12,x7f8fd2282850,829,-50.0,0.0,3,[4],0
0,12,x7f8fd2282850,830,593.2100793712758,2.0,3,[6],2
0,12,x7f8fd2282850,831,50.0,1.0,3,[0],2
0,12,x7f8fd2282850,832,-50.0,0.0,2,[4],0
0,12,x7f8fd2282850,833,250.0,0.0,3,[4],0
0,12,x7f8fd2282850,834,550.0000003771801,2.0,4,[4],2
0,12,x7f8fd2282850,835,250.0,0.0,2,[4],0
0,12,x7f8fd2282850,836,650.0,2.0,3,[10],2
0,12,x7f8fd2282850,837,-50.0,0.0,2,[4],2
0,12,x7f8fd2282850,838,-50.0,0.0,2,[4],2
0,12,x7f8fd2282850,839,250.0,0.0,2,[4],0
0,12,x7f8fd2282850,840,-50.0,0.0,2,[4],2
0,12,x7f8fd2282850,841,50.0,1.0,2,[5],2
0,12,x7f8fd2282850,842,-50.0,0.0,2,[4],2
0,12,x7f8fd2282850,843,250.0,0.0,4,[4],0
0,12,x7f8fd2282850,844,602.8316961989259,2.0,4,[0],2
0,12,x7f8fd2282850,845,150.00001339831613,0.0,3,[5],1
0,12,x7f8fd2282850,846,846.8750000000007,2.0,4,[10],2
0,12,x7f8fd2282850,847,199.63550000000004,1.0,3,[6],2
0,12,x7f8fd2282850,848,250.0,0.0,2,[4],2
0,12,x7f8fd2282850,849,-50.0,0.0,2,[4],2
0,12,x7f8fd2282850,850,152.81513065685616,0.0,5,[5],1
0,12,x7f8fd2282850,851,250.0,0.0,2,[0],2
0,12,x7f8fd2282850,852,149.99212544109182,0.0,5,[6],1
0,12,x7f8fd2282850,853,-50.0,0.0,2,[0],2
0,12,x7f8fd2282850,854,100.06441867084352,0.0,4,[4],0
0,12,x7f8fd2282850,855,145.18904246093885,0.0,4,[6],1
0,12,x7f8fd2282850,856,150.00000030802937,0.0,3,[5],1
0,12,x7f8fd2282850,857,105.14672225317211,0.0,3,[4],0
0,12,x7f8fd2282850,858,-250.0,0.0,3,[0],2
0,12,x7f8fd2282850,859,-50.0,0.0,2,[4],2
0,12,x7f8fd2282850,860,250.0,0.0,3,[4],0
0,12,x7f8fd2282850,861,50.0,1.0,2,[5],2
0,12,x7f8fd2282850,862,450.0,2.0,2,[5],2
0,12,x7f8fd2282850,863,797.1683038010726,2.0,3,[4],2
0,12,x7f8fd2282850,864,550.0,1.0,5,[4],0
0,12,x7f8fd2282850,865,750.0,2.0,2,[1],1
0,12,x7f8fd2282850,866,594.8532777468248,2.0,5,[1],2
0,12,x7f8fd2282850,867,701.0271947183078,2.0,5,[6],2
0,12,x7f8fd2282850,868,250.0,0.0,2,[0],0
0,12,x7f8fd2282850,869,99.45611376953126,0.0,5,[4],0
0,12,x7f8fd2282850,870,250.0,0.0,2,[0],0
0,12,x7f8fd2282850,871,250.0,0.0,5,[4],0
0,12,x7f8fd2282850,872,250.0,0.0,2,[0],0
0,12,x7f8fd2282850,873,250.0,0.0,5,[4],0
0,12,x7f8fd2282850,874,250.0,0.0,2,[0],0
0,12,x7f8fd2282850,875,250.0,0.0,5,[4],0
0,12,x7f8fd2282850,876,-50.0,0.0,2,[0],2
0,12,x7f8fd2282850,877,250.0,0.0,5,[4],0
0,12,x7f8fd2282850,878,250.0,0.0,2,[0],0
0,12,x7f8fd2282850,879,250.0,0.0,5,[4],0
0,12,x7f8fd2282850,880,250.0,0.0,2,[0],2
0,12,x7f8fd2282850,881,151.7679177400455,0.0,5,[5],1
0,12,x7f8fd2282850,882,250.0,0.0,2,[0],2
0,12,x7f8fd2282850,883,250.0,0.0,5,[4],1
0,12,x7f8fd2282850,884,-50.0,0.0,2,[0],2
0,12,x7f8fd2282850,885,250.0,0.0,5,[4],0
0,12,x7f8fd2282850,886,250.0,0.0,2,[0],2
0,12,x7f8fd2282850,887,149.8837160569701,0.0,4,[6],1
0,12,x7f8fd2282850,888,50.0,0.0,4,[0],1
0,12,x7f8fd2282850,889,250.0,0.0,3,[4],1
0,12,x7f8fd2282850,890,116.59457935083236,0.0,5,[4],0
0,12,x7f8fd2282850,891,250.0,0.0,2,[0],2
0,12,x7f8fd2282850,892,161.11194884815424,0.0,5,[4],0
0,12,x7f8fd2282850,893,-50.0,0.0,2,[0],2
0,12,x7f8fd2282850,894,154.05057343520082,0.0,5,[5],1
0,12,x7f8fd2282850,895,250.0,0.0,2,[0],2
0,12,x7f8fd2282850,896,134.11619125026004,0.0,4,[6],1
0,12,x7f8fd2282850,897,750.0,2.0,2,[1],2
0,12,x7f8fd2282850,898,836.8312757201655,2.0,5,[6],2
0,12,x7f8fd2282850,899,250.0,0.0,2,[0],0
0,12,x7f8fd2282850,900,250.0,0.0,5,[4],0
0,12,x7f8fd2282850,901,-50.0,0.0,2,[0],2
0,12,x7f8fd2282850,902,105.14672225317523,0.0,5,[4],0
0,12,x7f8fd2282850,903,250.0,0.0,2,[0],0
0,12,x7f8fd2282850,904,141.5557566757474,0.0,5,[4],0
0,12,x7f8fd2282850,905,250.0,0.0,2,[0],0
0,12,x7f8fd2282850,906,60.26948765431838,0.0,5,[4],0
0,12,x7f8fd2282850,907,250.0,0.0,2,[0],0
0,12,x7f8fd2282850,908,250.0,0.0,5,[4],0
0,12,x7f8fd2282850,909,250.0,0.0,2,[0],0
0,12,x7f8fd2282850,910,250.0,0.0,5,[4],0
0,12,x7f8fd2282850,911,250.0,0.0,2,[0],1
0,12,x7f8fd2282850,912,250.0,0.0,5,[4],0
0,12,x7f8fd2282850,913,650.0,2.0,2,[0],2
0,12,x7f8fd2282850,914,550.0000001183997,2.0,5,[6],2
0,12,x7f8fd2282850,915,250.0,0.0,2,[0],1
0,12,x7f8fd2282850,916,250.0,0.0,5,[4],0
0,12,x7f8fd2282850,917,250.0,1.0,2,[0],2
0,12,x7f8fd2282850,918,250.0,0.0,5,[4],0
0,12,x7f8fd2282850,919,250.0,0.0,2,[0],0
0,12,x7f8fd2282850,920,250.0,0.0,5,[4],0
0,12,x7f8fd2282850,921,250.0,0.0,2,[0],0
0,12,x7f8fd2282850,922,400.0056631537505,1.0,5,[4],0
0,12,x7f8fd2282850,923,250.0,0.0,2,[0],0
0,12,x7f8fd2282850,924,250.0,0.0,5,[4],0
0,12,x7f8fd2282850,925,250.0,0.0,2,[0],0
0,12,x7f8fd2282850,926,250.0,0.0,5,[4],0
0,12,x7f8fd2282850,927,250.0,0.0,2,[0],0
0,12,x7f8fd2282850,928,250.0,0.0,5,[4],0
0,12,x7f8fd2282850,929,250.0,0.0,2,[0],1
0,12,x7f8fd2282850,930,250.0,0.0,5,[4],0
0,12,x7f8fd2282850,931,550.0,1.0,2,[0],2
0,12,x7f8fd2282850,932,250.0,0.0,5,[4],0
0,12,x7f8fd2282850,933,-50.0,0.0,2,[0],2
0,12,x7f8fd2282850,934,250.0,0.0,5,[4],0
0,12,x7f8fd2282850,935,250.0,0.0,2,[0],0
0,12,x7f8fd2282850,936,550.0,1.0,5,[4],0
0,12,x7f8fd2282850,937,250.0,0.0,2,[0],1
0,12,x7f8fd2282850,938,161.11194884817064,0.0,5,[4],0
0,12,x7f8fd2282850,939,650.0,2.0,2,[0],2
0,12,x7f8fd2282850,940,250.0,0.0,5,[4],0
0,12,x7f8fd2282850,941,550.0,1.0,2,[0],0
0,12,x7f8fd2282850,942,618.5375115194289,2.0,5,[5],2
0,12,x7f8fd2282850,943,550.0,1.0,2,[0],0
0,12,x7f8fd2282850,944,366.75147563630185,1.0,5,[5],2
0,12,x7f8fd2282850,945,250.0,0.0,2,[0],0
0,12,x7f8fd2282850,946,250.0,0.0,5,[4],0
0,12,x7f8fd2282850,947,250.0,0.0,2,[0],1
0,12,x7f8fd2282850,948,550.0,1.0,5,[4],0
0,12,x7f8fd2282850,949,250.0,1.0,2,[0],2
0,12,x7f8fd2282850,950,250.0,0.0,5,[4],0
0,12,x7f8fd2282850,951,250.0,0.0,2,[0],1
0,12,x7f8fd2282850,952,250.0,0.0,5,[4],0
0,12,x7f8fd2282850,953,550.0,1.0,2,[0],0
0,12,x7f8fd2282850,954,366.54797469939393,1.0,5,[4],0
0,12,x7f8fd2282850,955,250.0,0.0,2,[0],0
0,12,x7f8fd2282850,956,250.0,0.0,5,[4],0
0,12,x7f8fd2282850,957,250.0,0.0,2,[0],0
0,12,x7f8fd2282850,958,550.0,1.0,5,[4],0
0,12,x7f8fd2282850,959,250.0,0.0,2,[0],0
0,12,x7f8fd2282850,960,250.0,0.0,5,[4],0
0,12,x7f8fd2282850,961,250.0,0.0,2,[0],0
0,12,x7f8fd2282850,962,250.0,0.0,5,[4],0
0,12,x7f8fd2282850,963,250.0,0.0,2,[0],0
0,12,x7f8fd2282850,964,250.0,0.0,5,[4],0
0,12,x7f8fd2282850,965,250.0,0.0,2,[0],0
0,12,x7f8fd2282850,966,250.0,0.0,5,[4],0
0,12,x7f8fd2282850,967,250.0,0.0,2,[0],0
0,12,x7f8fd2282850,968,250.0,0.0,5,[4],0
0,12,x7f8fd2282850,969,250.0,0.0,2,[0],0
0,12,x7f8fd2282850,970,250.0,0.0,5,[4],0
0,12,x7f8fd2282850,971,250.0,0.0,2,[0],0
0,12,x7f8fd2282850,972,250.0,0.0,5,[4],0
0,12,x7f8fd2282850,973,250.0,0.0,2,[0],1
0,12,x7f8fd2282850,974,250.0,0.0,5,[4],0
0,12,x7f8fd2282850,975,550.0,1.0,2,[0],2
0,12,x7f8fd2282850,976,250.0,0.0,5,[4],0
0,12,x7f8fd2282850,977,250.0,0.0,2,[0],0
0,12,x7f8fd2282850,978,250.0,0.0,5,[4],0
0,12,x7f8fd2282850,979,250.0,0.0,2,[0],0
0,12,x7f8fd2282850,980,550.0,1.0,5,[4],0
0,12,x7f8fd2282850,981,250.0,0.0,2,[0],0
0,12,x7f8fd2282850,982,250.0,0.0,5,[4],0
0,12,x7f8fd2282850,983,250.0,0.0,2,[0],0
0,12,x7f8fd2282850,984,250.0,0.0,5,[4],0
0,12,x7f8fd2282850,985,250.0,0.0,2,[0],0
0,12,x7f8fd2282850,986,250.0,0.0,5,[4],0
0,12,x7f8fd2282850,987,250.0,0.0,2,[0],0
0,12,x7f8fd2282850,988,250.0,0.0,5,[4],0
0,12,x7f8fd2282850,989,250.0,0.0,2,[0],0
0,12,x7f8fd2282850,990,250.0,0.0,5,[4],0
0,12,x7f8fd2282850,991,250.0,0.0,2,[0],0
0,12,x7f8fd2282850,992,250.0,0.0,5,[4],0
0,12,x7f8fd2282850,993,250.0,0.0,2,[0],0
0,12,x7f8fd2282850,994,250.0,0.0,5,[4],0
0,12,x7f8fd2282850,995,250.0,0.0,2,[0],1
0,12,x7f8fd2282850,996,250.0,0.0,5,[4],0
0,12,x7f8fd2282850,997,250.0,1.0,2,[0],0
0,12,x7f8fd2282850,998,250.0,0.0,5,[4],0
0,12,x7f8fd2282850,999,550.0,1.0,2,[0],0
0,12,x7f8fd2282850,1000,279.4806855560044,1.0,5,[0],2
0,12,x7f8fd2282850,1001,149.90560102112116,1.0,5,[5],2
0,12,x7f8fd2282850,1002,250.0,0.0,2,[0],0
0,12,x7f8fd2282850,1003,250.0,0.0,5,[4],0
0,12,x7f8fd2282850,1004,250.0,0.0,2,[0],0
0,12,x7f8fd2282850,1005,550.0,1.0,5,[4],0
0,12,x7f8fd2282850,1006,250.0,0.0,2,[0],0
0,12,x7f8fd2282850,1007,250.0,0.0,5,[4],0
0,12,x7f8fd2282850,1008,250.0,0.0,2,[0],0
0,12,x7f8fd2282850,1009,250.0,0.0,5,[4],0
0,12,x7f8fd2282850,1010,250.0,0.0,2,[0],0
0,12,x7f8fd2282850,1011,250.0,0.0,5,[4],0
0,12,x7f8fd2282850,1012,250.0,0.0,2,[0],1
0,12,x7f8fd2282850,1013,250.0,0.0,5,[4],0
0,12,x7f8fd2282850,1014,550.0,1.0,2,[0],0
0,12,x7f8fd2282850,1015,250.0,0.0,5,[4],0
0,12,x7f8fd2282850,1016,250.0,0.0,2,[0],0
0,12,x7f8fd2282850,1017,250.0,0.0,5,[4],0
0,12,x7f8fd2282850,1018,250.0,0.0,2,[0],1
0,12,x7f8fd2282850,1019,550.0,1.0,5,[4],0
0,12,x7f8fd2282850,1020,650.0,2.0,2,[0],2
0,12,x7f8fd2282850,1021,700.0,2.0,5,[6],2
0,12,x7f8fd2282850,1022,250.0,0.0,2,[0],0
0,12,x7f8fd2282850,1023,250.0,0.0,5,[4],0
0,12,x7f8fd2282850,1024,250.0,0.0,2,[0],0
0,12,x7f8fd2282850,1025,250.0,0.0,5,[4],0
0,12,x7f8fd2282850,1026,250.0,0.0,2,[0],0
0,12,x7f8fd2282850,1027,250.0,0.0,5,[4],0
0,12,x7f8fd2282850,1028,250.0,0.0,2,[0],0
0,12,x7f8fd2282850,1029,250.0,0.0,5,[4],0
0,12,x7f8fd2282850,1030,250.0,0.0,2,[0],1
0,12,x7f8fd2282850,1031,250.0,0.0,5,[4],0
0,12,x7f8fd2282850,1032,650.0,2.0,2,[0],2
0,12,x7f8fd2282850,1033,550.0,2.0,5,[6],2
0,12,x7f8fd2282850,1034,250.0,0.0,2,[0],0
0,12,x7f8fd2282850,1035,250.0,0.0,5,[4],0
0,12,x7f8fd2282850,1036,250.0,0.0,2,[0],0
0,12,x7f8fd2282850,1037,250.0,0.0,5,[4],0
0,12,x7f8fd2282850,1038,250.0,0.0,2,[0],0
0,12,x7f8fd2282850,1039,250.0,0.0,5,[4],0
0,12,x7f8fd2282850,1040,250.0,0.0,2,[0],0
0,12,x7f8fd2282850,1041,250.0,0.0,5,[4],0
0,12,x7f8fd2282850,1042,250.0,0.0,2,[0],1
0,12,x7f8fd2282850,1043,250.0,0.0,5,[4],0
0,12,x7f8fd2282850,1044,650.0,2.0,2,[0],2
0,12,x7f8fd2282850,1045,550.0,2.0,5,[6],2
0,12,x7f8fd2282850,1046,250.0,0.0,2,[0],0
0,12,x7f8fd2282850,1047,250.0,0.0,5,[4],0
0,12,x7f8fd2282850,1048,250.0,0.0,2,[0],0
0,12,x7f8fd2282850,1049,250.0,0.0,5,[4],0
0,12,x7f8fd2282850,1050,250.0,0.0,2,[0],0
0,12,x7f8fd2282850,1051,250.0,0.0,5,[4],0
0,12,x7f8fd2282850,1052,250.0,0.0,2,[0],0
0,12,x7f8fd2282850,1053,250.0,0.0,5,[4],0
0,12,x7f8fd2282850,1054,250.0,0.0,2,[0],1
0,12,x7f8fd2282850,1055,250.0,0.0,5,[4],0
0,12,x7f8fd2282850,1056,650.0,2.0,2,[0],2
0,12,x7f8fd2282850,1057,660.2368504901466,2.0,5,[0],2
0,12,x7f8fd2282850,1058,549.9995974769283,2.0,5,[6],2
0,12,x7f8fd2282850,1059,250.0,0.0,2,[0],0
0,12,x7f8fd2282850,1060,250.0,0.0,5,[4],0
0,12,x7f8fd2282850,1061,250.0,0.0,2,[0],0
0,12,x7f8fd2282850,1062,250.0,0.0,5,[4],0
0,12,x7f8fd2282850,1063,250.0,0.0,2,[0],0
0,12,x7f8fd2282850,1064,250.0,0.0,5,[4],0
0,12,x7f8fd2282850,1065,250.0,0.0,2,[0],0
0,12,x7f8fd2282850,1066,250.0,0.0,5,[4],0
0,12,x7f8fd2282850,1067,250.0,0.0,2,[0],0
0,12,x7f8fd2282850,1068,250.0,0.0,5,[4],0
0,12,x7f8fd2282850,1069,250.0,0.0,2,[0],0
0,12,x7f8fd2282850,1070,250.0,0.0,5,[4],0
0,12,x7f8fd2282850,1071,250.0,0.0,2,[0],0
0,12,x7f8fd2282850,1072,250.0,0.0,5,[4],0
0,12,x7f8fd2282850,1073,250.0,0.0,2,[0],0
0,12,x7f8fd2282850,1074,250.0,0.0,5,[4],0
0,12,x7f8fd2282850,1075,250.0,0.0,2,[0],0
0,12,x7f8fd2282850,1076,250.0,0.0,5,[4],0
0,12,x7f8fd2282850,1077,250.0,0.0,2,[0],1
0,12,x7f8fd2282850,1078,250.0,0.0,5,[4],0
0,12,x7f8fd2282850,1079,650.0,2.0,2,[0],2
0,12,x7f8fd2282850,1080,250.0,0.0,5,[4],0
0,12,x7f8fd2282850,1081,650.0,2.0,2,[0],2
0,12,x7f8fd2282850,1082,584.6617513263086,2.0,5,[5],2
0,12,x7f8fd2282850,1083,250.0,0.0,2,[0],0
0,12,x7f8fd2282850,1084,450.0,2.0,5,[1],2
0,12,x7f8fd2282850,1085,700.4782181819722,2.0,5,[5],2
0,12,x7f8fd2282850,1086,250.0,0.0,2,[0],0
0,12,x7f8fd2282850,1087,250.0,0.0,5,[4],0
0,12,x7f8fd2282850,1088,250.0,0.0,2,[0],0
0,12,x7f8fd2282850,1089,250.0,0.0,5,[4],0
0,12,x7f8fd2282850,1090,250.0,0.0,2,[0],0
0,12,x7f8fd2282850,1091,250.0,0.0,5,[4],0
0,12,x7f8fd2282850,1092,250.0,0.0,2,[0],0
0,12,x7f8fd2282850,1093,250.0,0.0,5,[4],0
0,12,x7f8fd2282850,1094,250.0,0.0,2,[0],0
0,12,x7f8fd2282850,1095,250.0,0.0,5,[4],0
0,12,x7f8fd2282850,1096,250.0,0.0,2,[0],0
0,12,x7f8fd2282850,1097,250.0,0.0,5,[4],0
0,12,x7f8fd2282850,1098,250.0,0.0,2,[0],1
0,12,x7f8fd2282850,1099,250.0,0.0,5,[4],0
0,12,x7f8fd2282850,1100,550.0,1.0,2,[0],0
0,12,x7f8fd2282850,1101,250.0,0.0,5,[4],0
0,12,x7f8fd2282850,1102,250.0,0.0,2,[0],0
0,12,x7f8fd2282850,1103,250.0,0.0,5,[4],0
0,12,x7f8fd2282850,1104,250.0,0.0,2,[0],1
0,12,x7f8fd2282850,1105,550.0,1.0,5,[4],0
0,12,x7f8fd2282850,1106,950.0,2.0,2,[0],2
0,12,x7f8fd2282850,1107,699.98900760896,2.0,5,[6],2
0,12,x7f8fd2282850,1108,250.0,0.0,2,[0],1
0,12,x7f8fd2282850,1109,250.0,0.0,5,[4],0
0,12,x7f8fd2282850,1110,550.0,1.0,2,[0],0
0,12,x7f8fd2282850,1111,250.0,0.0,5,[4],0
0,12,x7f8fd2282850,1112,250.0,0.0,2,[0],0
0,12,x7f8fd2282850,1113,250.0,0.0,5,[4],0
0,12,x7f8fd2282850,1114,250.0,0.0,2,[0],0
0,12,x7f8fd2282850,1115,550.0,1.0,5,[4],0
0,12,x7f8fd2282850,1116,250.0,0.0,2,[0],0
0,12,x7f8fd2282850,1117,250.0,0.0,5,[4],0
0,12,x7f8fd2282850,1118,250.0,0.0,2,[0],0
0,12,x7f8fd2282850,1119,250.0,0.0,5,[4],0
0,12,x7f8fd2282850,1120,250.0,0.0,2,[0],1
0,12,x7f8fd2282850,1121,250.0,0.0,5,[4],0
0,12,x7f8fd2282850,1122,550.0,1.0,2,[0],0
0,12,x7f8fd2282850,1123,250.0,0.0,5,[4],0
0,12,x7f8fd2282850,1124,250.0,0.0,2,[0],0
0,12,x7f8fd2282850,1125,250.0,0.0,5,[4],0
0,12,x7f8fd2282850,1126,250.0,0.0,2,[0],0
0,12,x7f8fd2282850,1127,550.0,1.0,5,[4],0
0,12,x7f8fd2282850,1128,250.0,0.0,2,[0],0
0,12,x7f8fd2282850,1129,250.0,0.0,5,[4],0
0,12,x7f8fd2282850,1130,250.0,0.0,2,[0],0
0,12,x7f8fd2282850,1131,250.0,0.0,5,[4],0
0,12,x7f8fd2282850,1132,250.0,0.0,2,[0],0
0,12,x7f8fd2282850,1133,250.0,0.0,5,[4],0
0,12,x7f8fd2282850,1134,250.0,0.0,2,[0],0
0,12,x7f8fd2282850,1135,250.0,0.0,5,[4],0
0,12,x7f8fd2282850,1136,250.0,0.0,2,[0],1
0,12,x7f8fd2282850,1137,250.0,0.0,5,[4],0
0,12,x7f8fd2282850,1138,550.0,1.0,2,[0],0
0,12,x7f8fd2282850,1139,250.0,0.0,5,[4],0
0,12,x7f8fd2282850,1140,250.0,0.0,2,[0],0
0,12,x7f8fd2282850,1141,250.0,0.0,5,[4],0
0,12,x7f8fd2282850,1142,250.0,0.0,2,[0],0
0,12,x7f8fd2282850,1143,550.0,1.0,5,[4],0
0,12,x7f8fd2282850,1144,250.0,0.0,2,[0],0
0,12,x7f8fd2282850,1145,250.0,0.0,5,[4],0
0,12,x7f8fd2282850,1146,250.0,0.0,2,[0],0
0,12,x7f8fd2282850,1147,250.0,0.0,5,[4],0
0,12,x7f8fd2282850,1148,250.0,0.0,2,[0],0
0,12,x7f8fd2282850,1149,250.0,0.0,5,[4],0
0,12,x7f8fd2282850,1150,250.0,0.0,2,[0],0
0,12,x7f8fd2282850,1151,250.0,0.0,5,[4],0
0,12,x7f8fd2282850,1152,250.0,0.0,2,[0],0
0,12,x7f8fd2282850,1153,250.0,0.0,5,[4],0
0,12,x7f8fd2282850,1154,250.0,0.0,2,[0],0
0,12,x7f8fd2282850,1155,250.0,0.0,5,[4],0
0,12,x7f8fd2282850,1156,250.0,0.0,2,[0],0
0,12,x7f8fd2282850,1157,250.0,0.0,5,[4],0
0,12,x7f8fd2282850,1158,250.0,0.0,2,[0],0
0,12,x7f8fd2282850,1159,250.0,0.0,5,[4],0
0,12,x7f8fd2282850,1160,250.0,0.0,2,[0],1
0,12,x7f8fd2282850,1161,250.0,0.0,5,[4],0
0,12,x7f8fd2282850,1162,550.0,1.0,2,[0],0
0,12,x7f8fd2282850,1163,250.0,0.0,5,[4],0
0,12,x7f8fd2282850,1164,250.0,0.0,2,[0],0
0,12,x7f8fd2282850,1165,250.0,0.0,5,[4],0
0,12,x7f8fd2282850,1166,250.0,0.0,2,[0],0
0,12,x7f8fd2282850,1167,550.0,1.0,5,[4],0
0,12,x7f8fd2282850,1168,250.0,0.0,2,[0],0
0,12,x7f8fd2282850,1169,250.0,0.0,5,[4],0
0,12,x7f8fd2282850,1170,250.0,0.0,2,[0],0
0,12,x7f8fd2282850,1171,250.0,0.0,5,[4],0
0,12,x7f8fd2282850,1172,250.0,0.0,2,[0],0
0,12,x7f8fd2282850,1173,250.0,0.0,5,[4],0
0,12,x7f8fd2282850,1174,250.0,0.0,2,[0],0
0,12,x7f8fd2282850,1175,250.0,0.0,5,[4],0
0,12,x7f8fd2282850,1176,250.0,0.0,2,[0],1
0,12,x7f8fd2282850,1177,250.0,0.0,5,[4],0
0,12,x7f8fd2282850,1178,250.0,1.0,2,[0],2
0,12,x7f8fd2282850,1179,250.0,0.0,5,[4],0
0,12,x7f8fd2282850,1180,250.0,0.0,2,[0],0
0,12,x7f8fd2282850,1181,250.0,0.0,5,[4],0
0,12,x7f8fd2282850,1182,250.0,0.0,2,[0],0
0,12,x7f8fd2282850,1183,390.5094897092244,1.0,5,[4],0
0,12,x7f8fd2282850,1184,250.0,0.0,2,[0],0
0,12,x7f8fd2282850,1185,250.0,0.0,5,[4],0
0,12,x7f8fd2282850,1186,250.0,0.0,2,[0],0
0,12,x7f8fd2282850,1187,250.0,0.0,5,[4],0
0,12,x7f8fd2282850,1188,250.0,0.0,2,[0],0
0,12,x7f8fd2282850,1189,250.0,0.0,5,[4],0
0,12,x7f8fd2282850,1190,250.0,0.0,2,[0],0
0,12,x7f8fd2282850,1191,250.0,0.0,5,[4],0
0,12,x7f8fd2282850,1192,250.0,0.0,2,[0],1
0,12,x7f8fd2282850,1193,250.0,0.0,5,[4],0
0,12,x7f8fd2282850,1194,650.0,2.0,2,[0],2
0,12,x7f8fd2282850,1195,550.0,2.0,5,[6],2
0,12,x7f8fd2282850,1196,250.0,0.0,2,[0],0
0,12,x7f8fd2282850,1197,250.0,0.0,5,[4],0
0,12,x7f8fd2282850,1198,250.0,0.0,2,[0],0
0,12,x7f8fd2282850,1199,250.0,0.0,5,[4],0
0,12,x7f8fd2282850,1200,250.0,0.0,2,[0],0
0,12,x7f8fd2282850,1201,250.0,0.0,5,[4],0
0,12,x7f8fd2282850,1202,250.0,0.0,2,[0],0
0,12,x7f8fd2282850,1203,250.0,0.0,5,[4],0
0,12,x7f8fd2282850,1204,250.0,0.0,2,[0],1
0,12,x7f8fd2282850,1205,250.0,0.0,5,[4],0
0,12,x7f8fd2282850,1206,650.0,2.0,2,[0],2
0,12,x7f8fd2282850,1207,547.5142471894128,2.0,5,[6],2
0,12,x7f8fd2282850,1208,250.0,0.0,2,[0],0
0,12,x7f8fd2282850,1209,250.0,0.0,5,[4],0
0,12,x7f8fd2282850,1210,250.0,0.0,2,[0],0
0,12,x7f8fd2282850,1211,250.0,0.0,5,[4],0
0,12,x7f8fd2282850,1212,250.0,0.0,2,[0],0
0,12,x7f8fd2282850,1213,250.0,0.0,5,[4],0
0,12,x7f8fd2282850,1214,250.0,0.0,2,[0],0
0,12,x7f8fd2282850,1215,250.0,0.0,5,[4],0
0,12,x7f8fd2282850,1216,250.0,0.0,2,[0],0
0,12,x7f8fd2282850,1217,250.0,0.0,5,[4],0
0,12,x7f8fd2282850,1218,250.0,0.0,2,[0],0
0,12,x7f8fd2282850,1219,250.0,0.0,5,[4],0
0,12,x7f8fd2282850,1220,250.0,0.0,2,[0],0
0,12,x7f8fd2282850,1221,250.0,0.0,5,[4],0
0,12,x7f8fd2282850,1222,250.0,0.0,2,[0],0
0,12,x7f8fd2282850,1223,250.0,0.0,5,[4],0
0,12,x7f8fd2282850,1224,250.0,0.0,2,[0],0
0,12,x7f8fd2282850,1225,250.0,0.0,5,[4],0
0,12,x7f8fd2282850,1226,250.0,0.0,2,[0],1
0,12,x7f8fd2282850,1227,250.0,0.0,5,[4],0
0,12,x7f8fd2282850,1228,550.0,1.0,2,[0],0
0,12,x7f8fd2282850,1229,250.0,0.0,5,[4],0
0,12,x7f8fd2282850,1230,650.0,2.0,2,[0],2
0,12,x7f8fd2282850,1231,673.65755964774,2.0,5,[0],2
0,12,x7f8fd2282850,1232,558.0992669407781,2.0,5,[6],2
0,12,x7f8fd2282850,1233,250.0,0.0,2,[0],0
0,12,x7f8fd2282850,1234,250.0,0.0,5,[4],0
0,12,x7f8fd2282850,1235,250.0,0.0,2,[0],0
0,12,x7f8fd2282850,1236,550.0,1.0,5,[4],0
0,12,x7f8fd2282850,1237,250.0,0.0,2,[0],0
0,12,x7f8fd2282850,1238,250.0,0.0,5,[4],0
0,12,x7f8fd2282850,1239,250.0,0.0,2,[0],0
0,12,x7f8fd2282850,1240,250.0,0.0,5,[4],0
0,12,x7f8fd2282850,1241,250.0,0.0,2,[0],0
0,12,x7f8fd2282850,1242,250.0,0.0,5,[4],0
0,12,x7f8fd2282850,1243,250.0,0.0,2,[0],0
0,12,x7f8fd2282850,1244,250.0,0.0,5,[4],0
0,12,x7f8fd2282850,1245,250.0,0.0,2,[0],0
0,12,x7f8fd2282850,1246,250.0,0.0,5,[4],0
0,12,x7f8fd2282850,1247,250.0,0.0,2,[0],0
0,12,x7f8fd2282850,1248,250.0,0.0,5,[4],0
0,12,x7f8fd2282850,1249,250.0,0.0,2,[0],1
0,12,x7f8fd2282850,1250,250.0,0.0,5,[4],0
0,12,x7f8fd2282850,1251,550.0,1.0,2,[0],0
0,12,x7f8fd2282850,1252,250.0,0.0,5,[4],0
0,12,x7f8fd2282850,1253,250.0,0.0,2,[0],0
0,12,x7f8fd2282850,1254,250.0,0.0,5,[4],0
0,12,x7f8fd2282850,1255,250.0,0.0,2,[0],0
0,12,x7f8fd2282850,1256,550.0,1.0,5,[4],0
0,12,x7f8fd2282850,1257,250.0,0.0,2,[0],0
0,12,x7f8fd2282850,1258,250.0,0.0,5,[4],0
0,12,x7f8fd2282850,1259,250.0,0.0,2,[0],1
0,12,x7f8fd2282850,1260,250.0,0.0,5,[4],0
0,12,x7f8fd2282850,1261,250.0,1.0,2,[0],0
0,12,x7f8fd2282850,1262,250.0,0.0,5,[4],0
0,12,x7f8fd2282850,1263,550.0,1.0,2,[0],0
0,12,x7f8fd2282850,1264,153.125,1.0,5,[5],2
0,12,x7f8fd2282850,1265,250.0,0.0,2,[0],0
0,12,x7f8fd2282850,1266,250.0,0.0,5,[4],0
0,12,x7f8fd2282850,1267,250.0,0.0,2,[0],0
0,12,x7f8fd2282850,1268,550.0,1.0,5,[4],0
0,12,x7f8fd2282850,1269,250.0,0.0,2,[0],1
0,12,x7f8fd2282850,1270,250.0,0.0,5,[4],0
0,12,x7f8fd2282850,1271,550.0,1.0,2,[0],2
0,12,x7f8fd2282850,1272,250.0,0.0,5,[4],0
0,12,x7f8fd2282850,1273,250.0,0.0,2,[0],0
0,12,x7f8fd2282850,1274,250.0,0.0,5,[4],0
0,12,x7f8fd2282850,1275,250.0,0.0,2,[0],0
0,12,x7f8fd2282850,1276,550.0,1.0,5,[4],0
0,12,x7f8fd2282850,1277,250.0,0.0,2,[0],0
0,12,x7f8fd2282850,1278,250.0,0.0,5,[4],0
0,12,x7f8fd2282850,1279,250.0,0.0,2,[0],1
0,12,x7f8fd2282850,1280,250.0,0.0,5,[4],0
0,12,x7f8fd2282850,1281,650.0,2.0,2,[0],2
0,12,x7f8fd2282850,1282,550.0,2.0,5,[6],2
0,12,x7f8fd2282850,1283,250.0,0.0,2,[0],0
0,12,x7f8fd2282850,1284,250.0,0.0,5,[4],0
0,12,x7f8fd2282850,1285,250.0,0.0,2,[0],0
0,12,x7f8fd2282850,1286,250.0,0.0,5,[4],0
0,12,x7f8fd2282850,1287,250.0,0.0,2,[0],0
0,12,x7f8fd2282850,1288,250.0,0.0,5,[4],0
0,12,x7f8fd2282850,1289,250.0,0.0,2,[0],0
0,12,x7f8fd2282850,1290,250.0,0.0,5,[4],0
0,12,x7f8fd2282850,1291,250.0,0.0,2,[0],1
0,12,x7f8fd2282850,1292,250.0,0.0,5,[4],0
0,12,x7f8fd2282850,1293,650.0,2.0,2,[0],2
0,12,x7f8fd2282850,1294,550.0,2.0,5,[6],2
0,12,x7f8fd2282850,1295,550.0,1.0,2,[0],2
0,12,x7f8fd2282850,1296,250.0,0.0,5,[4],0
0,12,x7f8fd2282850,1297,250.0,0.0,2,[0],0
0,12,x7f8fd2282850,1298,250.0,0.0,5,[4],0
0,12,x7f8fd2282850,1299,250.0,0.0,2,[0],1
0,12,x7f8fd2282850,1300,550.0,1.0,5,[4],0
0,12,x7f8fd2282850,1301,650.0,2.0,2,[0],2
0,12,x7f8fd2282850,1302,559.6866069586042,2.0,5,[6],2
0,12,x7f8fd2282850,1303,250.0,0.0,2,[0],0
0,12,x7f8fd2282850,1304,250.0,0.0,5,[4],0
0,12,x7f8fd2282850,1305,250.0,0.0,2,[0],0
0,12,x7f8fd2282850,1306,250.0,0.0,5,[4],0
0,12,x7f8fd2282850,1307,250.0,0.0,2,[0],0
0,12,x7f8fd2282850,1308,250.0,0.0,5,[4],0
0,12,x7f8fd2282850,1309,250.0,0.0,2,[0],0
0,12,x7f8fd2282850,1310,250.0,0.0,5,[4],0
0,12,x7f8fd2282850,1311,250.0,0.0,2,[0],0
0,12,x7f8fd2282850,1312,250.0,0.0,5,[4],0
0,12,x7f8fd2282850,1313,250.0,0.0,2,[0],0
0,12,x7f8fd2282850,1314,250.0,0.0,5,[4],0
0,12,x7f8fd2282850,1315,250.0,0.0,2,[0],0
0,12,x7f8fd2282850,1316,250.0,0.0,5,[4],0
0,12,x7f8fd2282850,1317,250.0,0.0,2,[0],0
0,12,x7f8fd2282850,1318,250.0,0.0,5,[4],0
0,12,x7f8fd2282850,1319,250.0,0.0,2,[0],0
0,12,x7f8fd2282850,1320,250.0,0.0,5,[4],0
0,12,x7f8fd2282850,1321,250.0,0.0,2,[0],0
0,12,x7f8fd2282850,1322,250.0,0.0,5,[4],0
0,12,x7f8fd2282850,1323,250.0,0.0,2,[0],1
0,12,x7f8fd2282850,1324,250.0,0.0,5,[4],0
0,12,x7f8fd2282850,1325,250.0,1.0,2,[0],2
0,12,x7f8fd2282850,1326,250.0,0.0,5,[4],0
0,12,x7f8fd2282850,1327,250.0,0.0,2,[0],0
0,12,x7f8fd2282850,1328,250.0,0.0,5,[4],0
0,12,x7f8fd2282850,1329,250.0,0.0,2,[0],0
0,12,x7f8fd2282850,1330,387.73488744574297,1.0,5,[4],0
0,12,x7f8fd2282850,1331,250.0,0.0,2,[0],1
0,12,x7f8fd2282850,1332,250.0,0.0,5,[4],0
0,12,x7f8fd2282850,1333,250.0,1.0,2,[0],2
0,12,x7f8fd2282850,1334,250.0,0.0,5,[4],0
0,12,x7f8fd2282850,1335,250.0,0.0,2,[0],0
0,12,x7f8fd2282850,1336,250.0,0.0,5,[4],0
0,12,x7f8fd2282850,1337,250.0,0.0,2,[0],0
0,12,x7f8fd2282850,1338,367.6380303553499,1.0,5,[4],0
0,12,x7f8fd2282850,1339,250.0,0.0,2,[0],0
0,12,x7f8fd2282850,1340,250.0,0.0,5,[4],0
0,12,x7f8fd2282850,1341,250.0,0.0,2,[0],0
0,12,x7f8fd2282850,1342,250.0,0.0,5,[4],0
0,12,x7f8fd2282850,1343,250.0,0.0,2,[0],0
0,12,x7f8fd2282850,1344,250.0,0.0,5,[4],0
0,12,x7f8fd2282850,1345,250.0,0.0,2,[0],0
0,12,x7f8fd2282850,1346,250.0,0.0,5,[4],1
0,12,x7f8fd2282850,1347,250.0,0.0,2,[0],1
0,12,x7f8fd2282850,1348,250.0,0.0,5,[4],0
0,12,x7f8fd2282850,1349,650.0,2.0,2,[0],2
0,12,x7f8fd2282850,1350,698.330787171273,2.0,5,[0],2
0,12,x7f8fd2282850,1351,550.069006915072,2.0,5,[6],2
0,12,x7f8fd2282850,1352,250.0,0.0,2,[0],0
0,12,x7f8fd2282850,1353,250.0,0.0,5,[4],0
0,12,x7f8fd2282850,1354,250.0,0.0,2,[0],2
0,12,x7f8fd2282850,1355,250.0,0.0,5,[4],0
0,12,x7f8fd2282850,1356,-50.0,0.0,2,[0],2
0,12,x7f8fd2282850,1357,250.0,0.0,5,[4],0
0,12,x7f8fd2282850,1358,250.0,0.0,2,[0],0
0,12,x7f8fd2282850,1359,250.0,0.0,5,[4],0
0,12,x7f8fd2282850,1360,750.0,2.0,2,[1],1
0,12,x7f8fd2282850,1361,666.7539200260761,2.0,5,[6],2
0,12,x7f8fd2282850,1362,350.0,1.0,2,[1],1
0,12,x7f8fd2282850,1363,270.7413976240664,1.0,5,[6],2
0,12,x7f8fd2282850,1364,250.0,0.0,2,[0],2
0,12,x7f8fd2282850,1365,99.99199441122524,0.0,5,[4],0
0,12,x7f8fd2282850,1366,-50.0,0.0,2,[0],2
0,12,x7f8fd2282850,1367,250.0,0.0,5,[4],0
0,12,x7f8fd2282850,1368,250.0,0.0,2,[0],0
0,12,x7f8fd2282850,1369,250.0,0.0,5,[4],0
0,12,x7f8fd2282850,1370,250.0,0.0,2,[0],1
0,12,x7f8fd2282850,1371,100.30938220976238,0.0,5,[4],0
0,12,x7f8fd2282850,1372,650.0,2.0,2,[0],2
0,12,x7f8fd2282850,1373,528.3930946884531,2.0,5,[6],2
0,12,x7f8fd2282850,1374,250.0,0.0,2,[0],0
0,12,x7f8fd2282850,1375,250.0,0.0,5,[4],0
0,12,x7f8fd2282850,1376,250.0,0.0,2,[0],1
0,12,x7f8fd2282850,1377,250.0,0.0,5,[4],0
0,12,x7f8fd2282850,1378,650.0,2.0,2,[0],2
0,12,x7f8fd2282850,1379,550.0,2.0,5,[6],2
0,12,x7f8fd2282850,1380,250.0,0.0,2,[0],0
0,12,x7f8fd2282850,1381,250.0,0.0,5,[4],0
0,12,x7f8fd2282850,1382,250.0,0.0,2,[0],0
0,12,x7f8fd2282850,1383,250.0,0.0,5,[4],0
0,12,x7f8fd2282850,1384,250.0,0.0,2,[0],0
0,12,x7f8fd2282850,1385,250.0,0.0,5,[4],0
0,12,x7f8fd2282850,1386,250.0,0.0,2,[0],0
0,12,x7f8fd2282850,1387,250.0,0.0,5,[4],0
0,12,x7f8fd2282850,1388,250.0,0.0,2,[0],0
0,12,x7f8fd2282850,1389,250.0,0.0,5,[4],0
0,12,x7f8fd2282850,1390,250.0,0.0,2,[0],0
0,12,x7f8fd2282850,1391,250.0,0.0,5,[4],0
0,12,x7f8fd2282850,1392,250.0,0.0,2,[0],2
0,12,x7f8fd2282850,1393,250.0,0.0,5,[4],1
0,12,x7f8fd2282850,1394,750.0,2.0,2,[1],2
0,12,x7f8fd2282850,1395,698.0997506692923,2.0,5,[6],2
0,12,x7f8fd2282850,1396,250.0,0.0,2,[0],2
0,12,x7f8fd2282850,1397,250.0,0.0,5,[4],0
0,12,x7f8fd2282850,1398,250.0,0.0,2,[0],2
0,12,x7f8fd2282850,1399,250.0,0.0,5,[4],0
0,12,x7f8fd2282850,1400,350.0,1.0,2,[1],1
0,12,x7f8fd2282850,1401,450.30420418529934,1.0,5,[6],1
0,12,x7f8fd2282850,1402,250.0,0.0,2,[0],1
0,12,x7f8fd2282850,1403,250.0,0.0,5,[4],0
0,12,x7f8fd2282850,1404,650.0,2.0,2,[0],2
0,12,x7f8fd2282850,1405,699.951851292753,2.0,5,[6],2
0,12,x7f8fd2282850,1406,250.0,0.0,2,[0],1
0,12,x7f8fd2282850,1407,250.0,0.0,5,[4],0
0,12,x7f8fd2282850,1408,250.0,1.0,2,[0],2
0,12,x7f8fd2282850,1409,118.17203356395459,1.0,5,[6],2
0,12,x7f8fd2282850,1410,250.0,0.0,2,[0],0
0,12,x7f8fd2282850,1411,97.66948405328868,0.0,5,[4],0
0,12,x7f8fd2282850,1412,250.0,0.0,2,[0],0
0,12,x7f8fd2282850,1413,250.0,0.0,5,[4],0
0,12,x7f8fd2282850,1414,250.0,0.0,2,[0],1
0,12,x7f8fd2282850,1415,250.0,0.0,5,[4],0
0,12,x7f8fd2282850,1416,250.0,1.0,2,[0],2
0,12,x7f8fd2282850,1417,250.0,0.0,5,[4],0
0,12,x7f8fd2282850,1418,250.0,0.0,2,[0],0
0,12,x7f8fd2282850,1419,250.0,0.0,5,[4],0
0,12,x7f8fd2282850,1420,250.0,0.0,2,[0],0
0,12,x7f8fd2282850,1421,367.6380303553363,1.0,5,[4],0
0,12,x7f8fd2282850,1422,250.0,0.0,2,[0],0
0,12,x7f8fd2282850,1423,250.0,0.0,5,[4],0
0,12,x7f8fd2282850,1424,250.0,0.0,2,[0],1
0,12,x7f8fd2282850,1425,250.0,0.0,5,[4],0
0,12,x7f8fd2282850,1426,550.0,1.0,2,[0],2
0,12,x7f8fd2282850,1427,250.0,0.0,5,[4],0
0,12,x7f8fd2282850,1428,250.0,0.0,2,[0],0
0,12,x7f8fd2282850,1429,250.0,0.0,5,[4],1
0,12,x7f8fd2282850,1430,250.0,0.0,2,[0],1
0,12,x7f8fd2282850,1431,550.0,1.0,5,[4],0
0,12,x7f8fd2282850,1432,950.0,2.0,2,[0],2
0,12,x7f8fd2282850,1433,699.9355813291564,2.0,5,[6],2
0,12,x7f8fd2282850,1434,250.0,0.0,2,[0],0
0,12,x7f8fd2282850,1435,250.0,0.0,5,[4],0
0,12,x7f8fd2282850,1436,250.0,0.0,2,[0],0
0,12,x7f8fd2282850,1437,250.0,0.0,5,[4],0
0,12,x7f8fd2282850,1438,250.0,0.0,2,[0],0
0,12,x7f8fd2282850,1439,250.0,0.0,5,[4],0
0,12,x7f8fd2282850,1440,250.0,0.0,2,[0],0
0,12,x7f8fd2282850,1441,250.0,0.0,5,[4],0
0,12,x7f8fd2282850,1442,250.0,0.0,2,[0],1
0,12,x7f8fd2282850,1443,250.0,0.0,5,[4],0
0,12,x7f8fd2282850,1444,650.0,2.0,2,[0],2
0,12,x7f8fd2282850,1445,550.0,2.0,5,[6],2
0,12,x7f8fd2282850,1446,250.0,0.0,2,[0],0
0,12,x7f8fd2282850,1447,250.0,0.0,5,[4],0
0,12,x7f8fd2282850,1448,250.0,0.0,2,[0],1
0,12,x7f8fd2282850,1449,250.0,0.0,5,[4],0
0,12,x7f8fd2282850,1450,650.0,2.0,2,[0],2
0,12,x7f8fd2282850,1451,550.0,2.0,5,[6],2
0,12,x7f8fd2282850,1452,250.0,0.0,2,[0],0
0,12,x7f8fd2282850,1453,250.0,0.0,5,[4],0
0,12,x7f8fd2282850,1454,250.0,0.0,2,[0],0
0,12,x7f8fd2282850,1455,250.0,0.0,5,[4],0
0,12,x7f8fd2282850,1456,250.0,0.0,2,[0],0
0,12,x7f8fd2282850,1457,250.0,0.0,5,[4],0
0,12,x7f8fd2282850,1458,250.0,0.0,2,[0],0
0,12,x7f8fd2282850,1459,250.0,0.0,5,[4],0
0,12,x7f8fd2282850,1460,250.0,0.0,2,[0],1
0,12,x7f8fd2282850,1461,250.0,0.0,5,[4],0
0,12,x7f8fd2282850,1462,550.0,1.0,2,[0],2
0,12,x7f8fd2282850,1463,250.0,0.0,5,[4],0
0,12,x7f8fd2282850,1464,-50.0,0.0,2,[0],0
0,12,x7f8fd2282850,1465,250.0,0.0,5,[4],0
0,12,x7f8fd2282850,1466,250.0,0.0,2,[0],0
0,12,x7f8fd2282850,1467,550.0,1.0,5,[4],0
0,12,x7f8fd2282850,1468,250.0,0.0,2,[0],0
0,12,x7f8fd2282850,1469,100.06441867084361,0.0,5,[4],0
0,12,x7f8fd2282850,1470,250.0,0.0,2,[0],0
0,12,x7f8fd2282850,1471,250.0,0.0,5,[4],0
0,12,x7f8fd2282850,1472,250.0,0.0,2,[0],1
0,12,x7f8fd2282850,1473,250.0,0.0,5,[4],0
0,12,x7f8fd2282850,1474,650.0,2.0,2,[0],2
0,12,x7f8fd2282850,1475,550.000002067307,2.0,5,[6],2
0,12,x7f8fd2282850,1476,250.0,0.0,2,[0],0
0,12,x7f8fd2282850,1477,250.0,0.0,5,[4],0
0,12,x7f8fd2282850,1478,250.0,0.0,2,[0],1
0,12,x7f8fd2282850,1479,250.0,0.0,5,[4],0
0,12,x7f8fd2282850,1480,650.0,2.0,2,[0],2
0,12,x7f8fd2282850,1481,694.8532777468271,2.0,5,[6],2
0,12,x7f8fd2282850,1482,250.0,0.0,2,[0],0
0,12,x7f8fd2282850,1483,250.0,0.0,5,[4],0
0,12,x7f8fd2282850,1484,250.0,0.0,2,[0],0
0,12,x7f8fd2282850,1485,250.0,0.0,5,[4],0
0,12,x7f8fd2282850,1486,250.0,0.0,2,[0],0
0,12,x7f8fd2282850,1487,250.0,0.0,5,[4],0
0,12,x7f8fd2282850,1488,250.0,0.0,2,[0],0
0,12,x7f8fd2282850,1489,250.0,0.0,5,[4],0
0,12,x7f8fd2282850,1490,250.0,0.0,2,[0],0
0,12,x7f8fd2282850,1491,250.0,0.0,5,[4],0
0,12,x7f8fd2282850,1492,-50.0,0.0,2,[0],2
0,12,x7f8fd2282850,1493,250.0,0.0,5,[4],0
0,12,x7f8fd2282850,1494,250.0,0.0,2,[0],0
0,12,x7f8fd2282850,1495,250.0,0.0,5,[4],0
0,12,x7f8fd2282850,1496,250.0,0.0,2,[0],2
0,12,x7f8fd2282850,1497,153.84742375466212,0.0,5,[5],1
0,12,x7f8fd2282850,1498,350.0,1.0,2,[1],2
0,12,x7f8fd2282850,1499,299.77492346483376,1.0,5,[6],2
0,12,x7f8fd2282850,1500,250.0,0.0,2,[0],2
0,12,x7f8fd2282850,1501,250.0,0.0,5,[4],1
0,12,x7f8fd2282850,1502,350.0,1.0,2,[1],2
0,12,x7f8fd2282850,1503,160.26948765431837,1.0,4,[6],2
0,12,x7f8fd2282850,1504,-50.0,0.0,2,[0],2
0,12,x7f8fd2282850,1505,250.0,0.0,4,[4],0
0,12,x7f8fd2282850,1506,148.35565448350616,0.0,4,[6],1
0,12,x7f8fd2282850,1507,250.0,0.0,3,[4],1
0,12,x7f8fd2282850,1508,100.00121609403578,0.0,4,[4],0
0,12,x7f8fd2282850,1509,-50.0,0.0,2,[4],2
0,12,x7f8fd2282850,1510,250.0,0.0,2,[4],0
0,12,x7f8fd2282850,1511,850.6965591393136,2.0,4,[5],2
0,12,x7f8fd2282850,1512,250.0,0.0,2,[0],2
0,12,x7f8fd2282850,1513,161.11194884817064,0.0,5,[4],0
0,12,x7f8fd2282850,1514,-50.0,0.0,2,[0],2
0,12,x7f8fd2282850,1515,157.63639673022516,0.0,5,[5],1
0,12,x7f8fd2282850,1516,250.0,0.0,2,[0],2
0,12,x7f8fd2282850,1517,149.99806782193224,0.0,5,[6],1
0,12,x7f8fd2282850,1518,750.0,2.0,2,[1],2
0,12,x7f8fd2282850,1519,450.0,2.0,5,[1],2
0,12,x7f8fd2282850,1520,750.0,2.0,4,[6],2
0,12,x7f8fd2282850,1521,250.0,0.0,4,[4],0
0,12,x7f8fd2282850,1522,350.0,1.0,3,[6],2
0,12,x7f8fd2282850,1523,50.0,1.0,3,[6],2
0,12,x7f8fd2282850,1524,99.6354999999997,0.0,4,[4],0
0,12,x7f8fd2282850,1525,250.0,0.0,2,[4],0
0,12,x7f8fd2282850,1526,250.0,0.0,2,[4],0
0,12,x7f8fd2282850,1527,150.41152263374485,0.0,4,[5],1
0,12,x7f8fd2282850,1528,100.00121609403578,0.0,5,[4],0
0,12,x7f8fd2282850,1529,-50.0,0.0,2,[0],2
0,12,x7f8fd2282850,1530,101.44875046394442,0.0,5,[4],0
0,12,x7f8fd2282850,1531,250.0,0.0,2,[0],1
0,12,x7f8fd2282850,1532,250.0,0.0,5,[4],0
0,12,x7f8fd2282850,1533,950.0,2.0,2,[0],2
0,12,x7f8fd2282850,1534,503.303182065844,2.0,5,[0],2
0,12,x7f8fd2282850,1535,550.0000041881301,2.0,5,[6],2
0,12,x7f8fd2282850,1536,250.0,0.0,2,[0],0
0,12,x7f8fd2282850,1537,100.05171920910836,0.0,5,[4],0
0,12,x7f8fd2282850,1538,250.0,0.0,2,[0],1
0,12,x7f8fd2282850,1539,250.0,0.0,5,[4],0
0,12,x7f8fd2282850,1540,250.0,1.0,2,[0],2
0,12,x7f8fd2282850,1541,250.0,0.0,5,[4],0
0,12,x7f8fd2282850,1542,250.0,0.0,2,[0],0
0,12,x7f8fd2282850,1543,250.0,0.0,5,[4],0
0,12,x7f8fd2282850,1544,250.0,0.0,2,[0],0
0,12,x7f8fd2282850,1545,250.0,1.0,5,[4],0
0,12,x7f8fd2282850,1546,-50.0,0.0,2,[0],2
0,12,x7f8fd2282850,1547,250.0,0.0,5,[4],0
0,12,x7f8fd2282850,1548,250.0,0.0,2,[0],0
0,12,x7f8fd2282850,1549,250.0,0.0,5,[4],0
0,12,x7f8fd2282850,1550,250.0,0.0,2,[0],2
0,12,x7f8fd2282850,1551,116.59457935083236,0.0,5,[4],0
0,12,x7f8fd2282850,1552,-50.0,0.0,2,[0],2
0,12,x7f8fd2282850,1553,250.0,0.0,5,[4],0
0,12,x7f8fd2282850,1554,250.0,0.0,2,[0],0
0,12,x7f8fd2282850,1555,141.5557566757474,0.0,5,[4],0
0,12,x7f8fd2282850,1556,250.0,0.0,2,[0],0
0,12,x7f8fd2282850,1557,179.36577168444427,0.0,5,[5],1
0,12,x7f8fd2282850,1558,250.0,0.0,2,[0],1
0,12,x7f8fd2282850,1559,100.30938220976238,0.0,5,[4],0
0,12,x7f8fd2282850,1560,250.0,1.0,2,[0],2
0,12,x7f8fd2282850,1561,250.0,0.0,5,[4],0
0,12,x7f8fd2282850,1562,250.0,0.0,2,[0],0
0,12,x7f8fd2282850,1563,250.0,0.0,5,[4],0
0,12,x7f8fd2282850,1564,250.0,0.0,2,[0],0
0,12,x7f8fd2282850,1565,397.16830380107405,1.0,5,[4],0
0,12,x7f8fd2282850,1566,250.0,0.0,2,[0],2
0,12,x7f8fd2282850,1567,250.0,0.0,5,[4],0
0,12,x7f8fd2282850,1568,-50.0,0.0,2,[0],2
0,12,x7f8fd2282850,1569,250.0,0.0,5,[4],0
0,12,x7f8fd2282850,1570,250.0,0.0,2,[0],2
0,12,x7f8fd2282850,1571,250.0,0.0,4,[4],0
0,12,x7f8fd2282850,1572,154.87313257213717,0.0,4,[5],1
0,12,x7f8fd2282850,1573,-50.0,0.0,3,[4],2
0,12,x7f8fd2282850,1574,102.49801935994525,0.0,5,[4],0
0,12,x7f8fd2282850,1575,250.0,0.0,2,[0],2
0,12,x7f8fd2282850,1576,250.0,0.0,5,[4],0
0,12,x7f8fd2282850,1577,-50.0,0.0,2,[0],2
0,12,x7f8fd2282850,1578,156.25553863029364,0.0,5,[5],1
0,12,x7f8fd2282850,1579,250.0,0.0,2,[0],2
0,12,x7f8fd2282850,1580,134.41419673677007,0.0,4,[6],1
0,12,x7f8fd2282850,1581,-50.0,0.0,2,[0],2
0,12,x7f8fd2282850,1582,50.0,0.0,4,[0],1
0,12,x7f8fd2282850,1583,250.0,0.0,4,[4],1
0,12,x7f8fd2282850,1584,116.59457935083236,0.0,5,[4],0
0,12,x7f8fd2282850,1585,250.0,0.0,2,[0],2
0,12,x7f8fd2282850,1586,161.11194884817064,0.0,5,[4],0
0,12,x7f8fd2282850,1587,-50.0,0.0,2,[0],2
0,12,x7f8fd2282850,1588,155.66387997889183,0.0,5,[5],1
0,12,x7f8fd2282850,1589,250.0,0.0,2,[0],2
0,12,x7f8fd2282850,1590,99.86682317018662,0.0,5,[4],0
0,12,x7f8fd2282850,1591,-50.0,0.0,2,[0],2
0,12,x7f8fd2282850,1592,149.85342545720272,0.0,4,[5],1
0,12,x7f8fd2282850,1593,250.0,0.0,2,[0],2
0,12,x7f8fd2282850,1594,140.82454199325676,0.0,4,[6],1
0,12,x7f8fd2282850,1595,350.0,1.0,4,[0],2
0,12,x7f8fd2282850,1596,149.74369113620273,0.0,3,[5],1
0,12,x7f8fd2282850,1597,450.0,2.0,3,[6],2
0,12,x7f8fd2282850,1598,250.0,0.0,5,[4],0
0,12,x7f8fd2282850,1599,250.0,1.0,2,[0],2
0,12,x7f8fd2282850,1600,299.9950563604081,1.0,5,[6],2
0,12,x7f8fd2282850,1601,250.0,0.0,2,[0],2
0,12,x7f8fd2282850,1602,100.30938220976243,0.0,5,[4],0
0,12,x7f8fd2282850,1603,-50.0,0.0,2,[0],2
0,12,x7f8fd2282850,1604,250.0,0.0,5,[4],0
0,12,x7f8fd2282850,1605,250.0,0.0,2,[0],1
0,12,x7f8fd2282850,1606,250.0,0.0,5,[4],0
0,12,x7f8fd2282850,1607,250.0,1.0,2,[0],2
0,12,x7f8fd2282850,1608,137.4405926558034,1.0,5,[6],2
0,12,x7f8fd2282850,1609,250.0,0.0,2,[0],0
0,12,x7f8fd2282850,1610,60.26948765431838,0.0,5,[4],0
0,12,x7f8fd2282850,1611,250.0,0.0,2,[0],0
0,12,x7f8fd2282850,1612,250.0,0.0,5,[4],0
0,12,x7f8fd2282850,1613,250.0,0.0,2,[0],0
0,12,x7f8fd2282850,1614,250.0,0.0,5,[4],0
0,12,x7f8fd2282850,1615,250.0,0.0,2,[0],0
0,12,x7f8fd2282850,1616,250.0,0.0,5,[4],0
0,12,x7f8fd2282850,1617,250.0,0.0,2,[0],2
0,12,x7f8fd2282850,1618,250.0,0.0,5,[4],0
0,12,x7f8fd2282850,1619,250.0,0.0,2,[0],2
0,12,x7f8fd2282850,1620,250.0,0.0,5,[4],1
0,12,x7f8fd2282850,1621,250.0,0.0,2,[0],2
0,12,x7f8fd2282850,1622,250.0,0.0,5,[4],0
0,12,x7f8fd2282850,1623,-50.0,0.0,2,[0],2
0,12,x7f8fd2282850,1624,148.68317936814972,0.0,5,[0],1
0,12,x7f8fd2282850,1625,250.0,0.0,4,[4],1
0,12,x7f8fd2282850,1626,149.8611261480895,1.0,4,[6],2
0,12,x7f8fd2282850,1627,161.11194884815424,0.0,5,[4],0
0,12,x7f8fd2282850,1628,-50.0,0.0,2,[0],2
0,12,x7f8fd2282850,1629,116.59457935083236,0.0,5,[4],0
0,12,x7f8fd2282850,1630,250.0,0.0,2,[0],2
0,12,x7f8fd2282850,1631,250.0,0.0,5,[4],1
0,12,x7f8fd2282850,1632,750.0,2.0,2,[1],2
0,12,x7f8fd2282850,1633,700.3964106824302,2.0,5,[6],2
0,12,x7f8fd2282850,1634,250.0,0.0,2,[0],2
0,12,x7f8fd2282850,1635,154.61294728246614,0.0,4,[5],1
0,12,x7f8fd2282850,1636,50.0,0.0,4,[0],1
0,12,x7f8fd2282850,1637,149.61586865501204,0.0,3,[5],1
0,12,x7f8fd2282850,1638,250.0,0.0,3,[4],1
0,12,x7f8fd2282850,1639,149.9487440417812,0.0,5,[6],1
0,12,x7f8fd2282850,1640,-50.0,0.0,2,[0],2
0,12,x7f8fd2282850,1641,116.59457935083236,0.0,5,[4],0
0,12,x7f8fd2282850,1642,250.0,0.0,2,[0],0
0,12,x7f8fd2282850,1643,100.00121609403578,0.0,5,[4],0
0,12,x7f8fd2282850,1644,-50.0,0.0,2,[0],2
0,12,x7f8fd2282850,1645,100.29551085069548,0.0,5,[4],0
0,12,x7f8fd2282850,1646,250.0,0.0,2,[0],0
0,12,x7f8fd2282850,1647,250.0,0.0,5,[4],0
0,12,x7f8fd2282850,1648,250.0,0.0,2,[0],2
0,12,x7f8fd2282850,1649,149.66659121640674,0.0,5,[5],1
0,12,x7f8fd2282850,1650,250.0,0.0,2,[0],2
0,12,x7f8fd2282850,1651,148.85655640806894,0.0,5,[5],1
0,12,x7f8fd2282850,1652,-50.0,0.0,2,[0],2
0,12,x7f8fd2282850,1653,116.59457935083711,0.0,5,[4],0
0,12,x7f8fd2282850,1654,250.0,0.0,2,[0],2
0,12,x7f8fd2282850,1655,100.29551085069541,0.0,5,[4],0
0,12,x7f8fd2282850,1656,-50.0,0.0,2,[0],2
0,12,x7f8fd2282850,1657,100.30938220976238,0.0,5,[4],0
0,12,x7f8fd2282850,1658,250.0,0.0,2,[0],1
0,12,x7f8fd2282850,1659,250.0,0.0,5,[4],0
0,12,x7f8fd2282850,1660,250.0,1.0,2,[0],2
0,12,x7f8fd2282850,1661,97.16830380107406,0.0,5,[4],0
0,12,x7f8fd2282850,1662,250.0,0.0,2,[0],0
0,12,x7f8fd2282850,1663,250.0,0.0,5,[4],0
0,12,x7f8fd2282850,1664,250.0,0.0,2,[0],0
0,12,x7f8fd2282850,1665,250.0,1.0,5,[4],0
0,12,x7f8fd2282850,1666,250.0,0.0,2,[0],0
0,12,x7f8fd2282850,1667,250.0,0.0,5,[4],0
0,12,x7f8fd2282850,1668,250.0,0.0,2,[0],1
0,12,x7f8fd2282850,1669,250.0,0.0,5,[4],0
0,12,x7f8fd2282850,1670,650.0,2.0,2,[0],2
0,12,x7f8fd2282850,1671,549.9999965070567,2.0,5,[6],2
0,12,x7f8fd2282850,1672,250.0,0.0,2,[0],0
0,12,x7f8fd2282850,1673,250.0,0.0,5,[4],0
0,12,x7f8fd2282850,1674,250.0,0.0,2,[0],1
0,12,x7f8fd2282850,1675,250.0,0.0,5,[4],0
0,12,x7f8fd2282850,1676,250.0,1.0,2,[0],2
0,12,x7f8fd2282850,1677,250.0,0.0,5,[4],0
0,12,x7f8fd2282850,1678,250.0,0.0,2,[0],0
0,12,x7f8fd2282850,1679,250.0,0.0,5,[4],0
0,12,x7f8fd2282850,1680,250.0,0.0,2,[0],1
0,12,x7f8fd2282850,1681,402.83169619892595,1.0,5,[4],0
0,12,x7f8fd2282850,1682,650.0,2.0,2,[0],2
0,12,x7f8fd2282850,1683,550.0,2.0,5,[6],2
0,12,x7f8fd2282850,1684,250.0,0.0,2,[0],0
0,12,x7f8fd2282850,1685,250.0,0.0,5,[4],0
0,12,x7f8fd2282850,1686,250.0,0.0,2,[0],0
0,12,x7f8fd2282850,1687,250.0,0.0,5,[4],0
0,12,x7f8fd2282850,1688,250.0,0.0,2,[0],1
0,12,x7f8fd2282850,1689,250.0,0.0,5,[4],0
0,12,x7f8fd2282850,1690,950.0,2.0,2,[0],2
0,12,x7f8fd2282850,1691,700.0000138186178,2.0,5,[6],2
0,12,x7f8fd2282850,1692,250.0,0.0,2,[0],0
0,12,x7f8fd2282850,1693,250.0,0.0,5,[4],0
0,12,x7f8fd2282850,1694,250.0,0.0,2,[0],2
0,12,x7f8fd2282850,1695,250.0,0.0,5,[4],0
0,12,x7f8fd2282850,1696,250.0,0.0,2,[0],2
0,12,x7f8fd2282850,1697,250.0,0.0,5,[4],0
0,12,x7f8fd2282850,1698,250.0,0.0,2,[0],1
0,12,x7f8fd2282850,1699,250.0,0.0,5,[4],0
0,12,x7f8fd2282850,1700,250.0,1.0,2,[0],2
0,12,x7f8fd2282850,1701,116.59457935083813,0.0,5,[4],0
0,12,x7f8fd2282850,1702,250.0,0.0,2,[0],0
0,12,x7f8fd2282850,1703,100.29551085069548,0.0,5,[4],0
0,12,x7f8fd2282850,1704,250.0,0.0,2,[0],0
0,12,x7f8fd2282850,1705,250.0,1.0,5,[4],0
0,12,x7f8fd2282850,1706,250.0,0.0,2,[0],0
0,12,x7f8fd2282850,1707,250.0,0.0,5,[4],0
0,12,x7f8fd2282850,1708,250.0,0.0,2,[0],2
0,12,x7f8fd2282850,1709,250.0,0.0,5,[4],0
0,12,x7f8fd2282850,1710,-50.0,0.0,2,[0],2
0,12,x7f8fd2282850,1711,250.0,0.0,4,[4],1
0,12,x7f8fd2282850,1712,-50.0,0.0,2,[0],2
0,12,x7f8fd2282850,1713,250.0,0.0,4,[4],0
0,12,x7f8fd2282850,1714,149.98152987483627,0.0,4,[6],1
0,12,x7f8fd2282850,1715,153.5333748789028,0.0,3,[5],1
0,12,x7f8fd2282850,1716,100.00121609403578,0.0,4,[4],0
0,12,x7f8fd2282850,1717,-50.0,0.0,2,[4],2
0,12,x7f8fd2282850,1718,250.0,0.0,2,[4],0
0,12,x7f8fd2282850,1719,250.0,0.0,4,[4],0
0,12,x7f8fd2282850,1720,50.0,1.0,3,[6],2
0,12,x7f8fd2282850,1721,-50.0,0.0,3,[4],0
0,12,x7f8fd2282850,1722,250.0,0.0,2,[4],0
0,12,x7f8fd2282850,1723,250.0,0.0,2,[4],0
0,12,x7f8fd2282850,1724,50.0,0.0,2,[4],1
0,12,x7f8fd2282850,1725,950.0,2.0,3,[4],2
0,12,x7f8fd2282850,1726,799.9919944112253,2.0,5,[4],0
0,12,x7f8fd2282850,1727,450.0,2.0,2,[1],2
0,12,x7f8fd2282850,1728,450.0,2.0,4,[6],2
0,12,x7f8fd2282850,1729,250.0,0.0,4,[4],0
0,12,x7f8fd2282850,1730,450.8718150595807,1.0,3,[5],2
0,12,x7f8fd2282850,1731,447.434574444765,1.0,3,[5],2
0,12,x7f8fd2282850,1732,250.0,0.0,2,[4],0
0,12,x7f8fd2282850,1733,-50.0,0.0,2,[4],2
0,12,x7f8fd2282850,1734,250.0,0.0,3,[4],0
0,12,x7f8fd2282850,1735,97.16830380107368,0.0,3,[4],2
0,12,x7f8fd2282850,1736,250.0,0.0,2,[4],0
0,12,x7f8fd2282850,1737,-50.0,0.0,2,[4],2
0,12,x7f8fd2282850,1738,250.0,0.0,2,[10],0
0,12,x7f8fd2282850,1739,550.0,1.0,2,[4],2
0,12,x7f8fd2282850,1740,600.0056631537504,2.0,3,[6],2
0,12,x7f8fd2282850,1741,450.0,2.0,4,[6],2
0,12,x7f8fd2282850,1742,250.0,0.0,4,[4],0
0,12,x7f8fd2282850,1743,149.95641043899485,0.0,4,[5],1
0,12,x7f8fd2282850,1744,250.0,0.0,3,[4],0
0,12,x7f8fd2282850,1745,-50.0,0.0,3,[4],2
0,12,x7f8fd2282850,1746,250.0,0.0,4,[4],0
0,12,x7f8fd2282850,1747,549.9330467708996,2.0,4,[6],2
0,12,x7f8fd2282850,1748,-50.0,0.0,3,[4],0
0,12,x7f8fd2282850,1749,250.0,0.0,3,[4],0
0,12,x7f8fd2282850,1750,250.0,0.0,2,[4],0
0,12,x7f8fd2282850,1751,-50.0,0.0,2,[4],2
0,12,x7f8fd2282850,1752,250.0,0.0,3,[10],0
0,12,x7f8fd2282850,1753,250.0,0.0,2,[4],0
0,12,x7f8fd2282850,1754,100.29551085069517,0.0,4,[4],0
0,12,x7f8fd2282850,1755,602.8316961989256,2.0,3,[6],2
0,12,x7f8fd2282850,1756,450.0,2.0,4,[6],2
0,12,x7f8fd2282850,1757,250.0,0.0,2,[4],0
0,12,x7f8fd2282850,1758,-50.0,0.0,2,[4],2
0,12,x7f8fd2282850,1759,250.0,0.0,3,[4],0
0,12,x7f8fd2282850,1760,-250.0,0.0,3,[0],2
0,12,x7f8fd2282850,1761,-50.0,0.0,2,[4],2
0,12,x7f8fd2282850,1762,250.0,0.0,5,[4],0
0,12,x7f8fd2282850,1763,250.0,0.0,2,[0],0
0,12,x7f8fd2282850,1764,250.0,0.0,5,[4],0
0,12,x7f8fd2282850,1765,-50.0,0.0,2,[0],2
0,12,x7f8fd2282850,1766,100.29551085069534,0.0,5,[4],0
0,12,x7f8fd2282850,1767,250.0,0.0,2,[0],0
0,12,x7f8fd2282850,1768,250.0,0.0,5,[4],0
0,12,x7f8fd2282850,1769,250.0,0.0,2,[0],0
0,12,x7f8fd2282850,1770,87.73488744573793,0.0,5,[4],0
0,12,x7f8fd2282850,1771,-50.0,0.0,2,[0],2
0,12,x7f8fd2282850,1772,250.0,0.0,5,[4],0
0,12,x7f8fd2282850,1773,250.0,0.0,2,[0],1
0,12,x7f8fd2282850,1774,250.0,0.0,5,[4],0
0,12,x7f8fd2282850,1775,550.0,1.0,2,[0],2
0,12,x7f8fd2282850,1776,289.3231364442642,1.0,5,[6],2
0,12,x7f8fd2282850,1777,250.0,0.0,2,[0],0
0,12,x7f8fd2282850,1778,149.60191271922662,0.0,5,[5],1
0,12,x7f8fd2282850,1779,250.0,0.0,2,[0],1
0,12,x7f8fd2282850,1780,250.0,0.0,5,[4],0
0,12,x7f8fd2282850,1781,950.0,2.0,2,[0],2
0,12,x7f8fd2282850,1782,699.9999961483728,2.0,5,[6],2
0,12,x7f8fd2282850,1783,250.0,0.0,2,[0],0
0,12,x7f8fd2282850,1784,250.0,0.0,5,[4],0
0,12,x7f8fd2282850,1785,-50.0,0.0,2,[0],2
0,12,x7f8fd2282850,1786,250.0,0.0,5,[4],0
0,12,x7f8fd2282850,1787,250.0,0.0,2,[0],0
0,12,x7f8fd2282850,1788,250.0,0.0,5,[4],0
0,12,x7f8fd2282850,1789,250.0,0.0,2,[0],2
0,12,x7f8fd2282850,1790,151.42702501958883,0.0,5,[5],1
0,12,x7f8fd2282850,1791,250.0,0.0,2,[0],2
0,12,x7f8fd2282850,1792,250.0,0.0,5,[4],1
0,12,x7f8fd2282850,1793,350.0,1.0,2,[1],2
0,12,x7f8fd2282850,1794,339.130555602213,1.0,5,[6],2
0,12,x7f8fd2282850,1795,-50.0,0.0,2,[0],2
0,12,x7f8fd2282850,1796,250.0,0.0,4,[4],1
0,12,x7f8fd2282850,1797,50.0,0.0,4,[0],1
0,12,x7f8fd2282850,1798,250.0,0.0,3,[4],1
0,12,x7f8fd2282850,1799,50.0,1.0,3,[6],2
0,12,x7f8fd2282850,1800,116.59457935083338,0.0,5,[4],0
0,12,x7f8fd2282850,1801,-50.0,0.0,2,[0],2
0,12,x7f8fd2282850,1802,150.03842020297765,0.0,5,[5],1
0,12,x7f8fd2282850,1803,250.0,0.0,2,[0],1
0,12,x7f8fd2282850,1804,250.0,0.0,5,[4],0
0,12,x7f8fd2282850,1805,650.0,2.0,2,[0],2
0,12,x7f8fd2282850,1806,695.7453688216234,2.0,5,[6],2
0,12,x7f8fd2282850,1807,250.0,0.0,2,[0],2
0,12,x7f8fd2282850,1808,159.4946989240862,0.0,5,[5],1
0,12,x7f8fd2282850,1809,350.0,1.0,2,[1],2
0,12,x7f8fd2282850,1810,285.0451226120795,1.0,5,[6],2
0,12,x7f8fd2282850,1811,250.0,0.0,2,[0],2
0,12,x7f8fd2282850,1812,149.46652462208965,0.0,4,[5],1
0,12,x7f8fd2282850,1813,250.0,0.0,4,[4],0
0,12,x7f8fd2282850,1814,661.8425161967543,2.0,5,[0],2
0,12,x7f8fd2282850,1815,450.02137589668524,1.0,5,[6],1
0,12,x7f8fd2282850,1816,250.0,0.0,2,[0],1
0,12,x7f8fd2282850,1817,116.59457935084288,0.0,5,[4],0
0,12,x7f8fd2282850,1818,250.0,1.0,2,[0],2
0,12,x7f8fd2282850,1819,127.18557990061709,1.0,4,[6],2
0,12,x7f8fd2282850,1820,150.00000820641128,0.0,4,[5],1
0,12,x7f8fd2282850,1821,138.63026186248072,0.0,3,[5],1
0,12,x7f8fd2282850,1822,250.0,0.0,3,[4],0
0,12,x7f8fd2282850,1823,-50.0,0.0,2,[4],2
0,12,x7f8fd2282850,1824,250.0,0.0,2,[4],0
0,12,x7f8fd2282850,1825,50.0,0.0,3,[5],1
0,12,x7f8fd2282850,1826,150.00001339831613,0.0,3,[5],1
0,12,x7f8fd2282850,1827,750.0,2.0,3,[6],2
0,12,x7f8fd2282850,1828,250.0,0.0,2,[4],2
0,12,x7f8fd2282850,1829,-50.0,0.0,2,[4],2
0,12,x7f8fd2282850,1830,250.0,0.0,2,[10],1
0,12,x7f8fd2282850,1831,250.0,0.0,5,[4],0
0,12,x7f8fd2282850,1832,350.0,1.0,2,[1],2
0,12,x7f8fd2282850,1833,302.8311786633653,1.0,5,[6],2
0,12,x7f8fd2282850,1834,-50.0,0.0,2,[0],2
0,12,x7f8fd2282850,1835,101.44875046394512,0.0,5,[4],0
0,12,x7f8fd2282850,1836,250.0,0.0,2,[0],2
0,12,x7f8fd2282850,1837,250.0,0.0,5,[4],0
0,12,x7f8fd2282850,1838,250.0,0.0,2,[0],2
0,12,x7f8fd2282850,1839,149.63483982894675,0.0,5,[5],1
0,12,x7f8fd2282850,1840,-50.0,0.0,2,[0],2
0,12,x7f8fd2282850,1841,50.0,0.0,4,[0],1
0,12,x7f8fd2282850,1842,250.0,0.0,4,[4],1
0,12,x7f8fd2282850,1843,50.0,0.0,4,[0],1
0,12,x7f8fd2282850,1844,250.0,0.0,3,[4],1
0,12,x7f8fd2282850,1845,250.0,0.0,3,[4],1
0,12,x7f8fd2282850,1846,250.0,0.0,2,[4],2
0,12,x7f8fd2282850,1847,-50.0,0.0,2,[4],2
0,12,x7f8fd2282850,1848,708.7075518170823,2.0,4,[6],2
0,12,x7f8fd2282850,1849,250.0,0.0,5,[4],0
0,12,x7f8fd2282850,1850,950.0,2.0,2,[0],0
0,12,x7f8fd2282850,1851,700.0000000217033,2.0,5,[0],2
0,12,x7f8fd2282850,1852,500.1245908806574,2.0,5,[0],2
0,12,x7f8fd2282850,1853,850.3399239521416,2.0,5,[6],2
0,12,x7f8fd2282850,1854,250.0,0.0,2,[0],0
0,12,x7f8fd2282850,1855,100.78782812500097,0.0,5,[4],0
0,12,x7f8fd2282850,1856,250.0,0.0,2,[0],0
0,12,x7f8fd2282850,1857,100.10203495591075,0.0,5,[4],0
0,12,x7f8fd2282850,1858,250.0,0.0,2,[0],2
0,12,x7f8fd2282850,1859,250.0,0.0,5,[4],0
0,12,x7f8fd2282850,1860,250.0,0.0,2,[0],2
0,12,x7f8fd2282850,1861,250.0,0.0,5,[4],0
0,12,x7f8fd2282850,1862,-50.0,0.0,2,[0],2
0,12,x7f8fd2282850,1863,250.0,0.0,5,[4],0
0,12,x7f8fd2282850,1864,250.0,0.0,2,[0],2
0,12,x7f8fd2282850,1865,149.95643098008264,0.0,4,[6],1
0,12,x7f8fd2282850,1866,50.0,0.0,4,[0],1
0,12,x7f8fd2282850,1867,250.0,0.0,3,[4],1
0,12,x7f8fd2282850,1868,250.0,0.0,3,[4],1
0,12,x7f8fd2282850,1869,250.0,0.0,2,[4],2
0,12,x7f8fd2282850,1870,350.0,1.0,2,[5],2
0,12,x7f8fd2282850,1871,50.0,0.0,2,[0],2
0,12,x7f8fd2282850,1872,-50.0,0.0,2,[10],0
0,12,x7f8fd2282850,1873,250.0,1.0,3,[4],2
0,12,x7f8fd2282850,1874,250.0,0.0,3,[4],0
0,12,x7f8fd2282850,1875,102.49801935994454,0.0,5,[4],0
0,12,x7f8fd2282850,1876,250.0,0.0,2,[0],2
0,12,x7f8fd2282850,1877,250.0,0.0,5,[4],1
0,12,x7f8fd2282850,1878,750.0,2.0,2,[1],2
0,12,x7f8fd2282850,1879,675.2953091375853,2.0,5,[6],2
0,12,x7f8fd2282850,1880,-50.0,0.0,2,[0],2
0,12,x7f8fd2282850,1881,161.96740234600034,0.0,5,[5],1
0,12,x7f8fd2282850,1882,750.0,2.0,2,[1],2
0,12,x7f8fd2282850,1883,822.776380628847,2.0,5,[6],2
0,12,x7f8fd2282850,1884,250.0,0.0,2,[0],2
0,12,x7f8fd2282850,1885,250.0,0.0,4,[4],1
0,12,x7f8fd2282850,1886,750.0,2.0,4,[0],2
0,12,x7f8fd2282850,1887,148.6843511235933,0.0,3,[5],1
0,12,x7f8fd2282850,1888,250.0,0.0,3,[4],1
0,12,x7f8fd2282850,1889,250.0,0.0,2,[4],2
0,12,x7f8fd2282850,1890,-50.0,0.0,2,[4],2
0,12,x7f8fd2282850,1891,250.0,0.0,2,[4],1
0,12,x7f8fd2282850,1892,250.0,0.0,2,[10],0
0,12,x7f8fd2282850,1893,250.0,0.0,4,[10],0
0,12,x7f8fd2282850,1894,250.0,0.0,3,[4],0
0,12,x7f8fd2282850,1895,-50.0,0.0,2,[4],2
0,12,x7f8fd2282850,1896,250.0,0.0,2,[4],0
0,12,x7f8fd2282850,1897,549.6906806549108,2.0,4,[6],2
0,12,x7f8fd2282850,1898,250.0,0.0,2,[0],2
0,12,x7f8fd2282850,1899,154.22166806899412,0.0,4,[5],1
0,12,x7f8fd2282850,1900,161.11194884815563,0.0,4,[4],0
0,12,x7f8fd2282850,1901,602.8316961989264,2.0,3,[6],2
0,12,x7f8fd2282850,1902,161.11194884815563,0.0,4,[10],0
0,12,x7f8fd2282850,1903,148.2706505592688,1.0,3,[6],2
0,12,x7f8fd2282850,1904,250.0,0.0,2,[4],0
0,12,x7f8fd2282850,1905,-50.0,0.0,2,[4],2
0,12,x7f8fd2282850,1906,250.0,0.0,2,[4],0
0,12,x7f8fd2282850,1907,-50.0,0.0,2,[4],2
0,12,x7f8fd2282850,1908,450.0,2.0,3,[6],2
0,12,x7f8fd2282850,1909,-50.0,0.0,2,[4],2
0,12,x7f8fd2282850,1910,250.0,0.0,2,[4],0
0,12,x7f8fd2282850,1911,250.0,0.0,2,[4],0
0,12,x7f8fd2282850,1912,50.0,0.0,3,[5],1
0,12,x7f8fd2282850,1913,550.0,1.0,2,[4],0
0,12,x7f8fd2282850,1914,-50.0,0.0,2,[4],2
0,12,x7f8fd2282850,1915,250.0,0.0,4,[4],0
0,12,x7f8fd2282850,1916,150.89359157335832,0.0,4,[5],1
0,12,x7f8fd2282850,1917,149.94412362362107,0.0,5,[6],1
0,12,x7f8fd2282850,1918,-50.0,0.0,2,[0],2
0,12,x7f8fd2282850,1919,116.59457935083338,0.0,5,[4],0
0,12,x7f8fd2282850,1920,250.0,0.0,2,[0],1
0,12,x7f8fd2282850,1921,161.11194884815563,0.0,5,[4],0
0,12,x7f8fd2282850,1922,250.0,1.0,2,[0],2
0,12,x7f8fd2282850,1923,278.46170247983326,1.0,5,[0],2
0,12,x7f8fd2282850,1924,100.00013683249367,0.0,5,[4],0
0,12,x7f8fd2282850,1925,250.0,1.0,2,[0],2
0,12,x7f8fd2282850,1926,199.99986316750636,1.0,5,[1],2
0,12,x7f8fd2282850,1927,332.6735406373364,1.0,5,[5],2
0,12,x7f8fd2282850,1928,250.0,0.0,2,[0],0
0,12,x7f8fd2282850,1929,250.0,0.0,5,[4],0
0,12,x7f8fd2282850,1930,250.0,0.0,2,[0],0
0,12,x7f8fd2282850,1931,250.0,1.0,5,[4],0
0,12,x7f8fd2282850,1932,250.0,0.0,2,[0],0
0,12,x7f8fd2282850,1933,250.0,0.0,5,[4],0
0,12,x7f8fd2282850,1934,250.0,0.0,2,[0],0
0,12,x7f8fd2282850,1935,250.0,0.0,5,[4],0
0,12,x7f8fd2282850,1936,250.0,0.0,2,[0],0
0,12,x7f8fd2282850,1937,250.0,0.0,5,[4],0
0,12,x7f8fd2282850,1938,250.0,0.0,2,[0],0
0,12,x7f8fd2282850,1939,250.0,0.0,5,[4],0
0,12,x7f8fd2282850,1940,250.0,0.0,2,[0],0
0,12,x7f8fd2282850,1941,250.0,0.0,5,[4],0
0,12,x7f8fd2282850,1942,250.0,0.0,2,[0],1
0,12,x7f8fd2282850,1943,250.0,0.0,5,[4],0
0,12,x7f8fd2282850,1944,550.0,1.0,2,[0],2
0,12,x7f8fd2282850,1945,250.0,0.0,5,[4],0
0,12,x7f8fd2282850,1946,250.0,0.0,2,[0],1
0,12,x7f8fd2282850,1947,250.0,0.0,5,[4],0
0,12,x7f8fd2282850,1948,250.0,1.0,2,[0],2
0,12,x7f8fd2282850,1949,550.0,1.0,5,[4],0
0,12,x7f8fd2282850,1950,250.0,0.0,2,[0],0
0,12,x7f8fd2282850,1951,250.0,0.0,5,[4],0
0,12,x7f8fd2282850,1952,250.0,0.0,2,[0],0
0,12,x7f8fd2282850,1953,250.0,1.0,5,[4],0
0,12,x7f8fd2282850,1954,250.0,0.0,2,[0],0
0,12,x7f8fd2282850,1955,250.0,0.0,5,[4],0
0,12,x7f8fd2282850,1956,250.0,0.0,2,[0],0
0,12,x7f8fd2282850,1957,250.0,0.0,5,[4],0
0,12,x7f8fd2282850,1958,250.0,0.0,2,[0],1
0,12,x7f8fd2282850,1959,250.0,0.0,5,[4],0
0,12,x7f8fd2282850,1960,650.0,2.0,2,[0],2
0,12,x7f8fd2282850,1961,562.2376806546968,2.0,5,[6],2
0,12,x7f8fd2282850,1962,550.0,1.0,2,[0],0
0,12,x7f8fd2282850,1963,250.0,0.0,5,[4],0
0,12,x7f8fd2282850,1964,250.0,0.0,2,[0],0
0,12,x7f8fd2282850,1965,250.0,0.0,5,[4],0
0,12,x7f8fd2282850,1966,250.0,0.0,2,[0],0
0,12,x7f8fd2282850,1967,550.0,1.0,5,[4],0
0,12,x7f8fd2282850,1968,250.0,0.0,2,[0],0
0,12,x7f8fd2282850,1969,250.0,0.0,5,[4],0
0,12,x7f8fd2282850,1970,250.0,0.0,2,[0],0
0,12,x7f8fd2282850,1971,250.0,0.0,5,[4],0
0,12,x7f8fd2282850,1972,250.0,0.0,2,[0],0
0,12,x7f8fd2282850,1973,250.0,0.0,5,[4],0
0,12,x7f8fd2282850,1974,250.0,0.0,2,[0],0
0,12,x7f8fd2282850,1975,250.0,0.0,5,[4],0
0,12,x7f8fd2282850,1976,250.0,0.0,2,[0],1
0,12,x7f8fd2282850,1977,250.0,0.0,5,[4],0
0,12,x7f8fd2282850,1978,250.0,1.0,2,[0],2
0,12,x7f8fd2282850,1979,250.0,0.0,5,[4],0
0,12,x7f8fd2282850,1980,250.0,0.0,2,[0],0
0,12,x7f8fd2282850,1981,250.0,0.0,5,[4],0
0,12,x7f8fd2282850,1982,250.0,0.0,2,[0],0
0,12,x7f8fd2282850,1983,367.63803035533806,1.0,5,[4],0
0,12,x7f8fd2282850,1984,250.0,0.0,2,[0],0
0,12,x7f8fd2282850,1985,250.0,0.0,5,[4],1
0,12,x7f8fd2282850,1986,750.0,2.0,2,[1],1
0,12,x7f8fd2282850,1987,700.798270038408,2.0,5,[6],2
0,12,x7f8fd2282850,1988,250.0,0.0,2,[0],2
0,12,x7f8fd2282850,1989,250.0,0.0,5,[4],0
0,12,x7f8fd2282850,1990,250.0,0.0,2,[0],2
0,12,x7f8fd2282850,1991,250.0,0.0,5,[4],1
0,12,x7f8fd2282850,1992,-50.0,0.0,2,[0],2
0,12,x7f8fd2282850,1993,250.0,0.0,4,[4],0
0,12,x7f8fd2282850,1994,250.0,0.0,2,[0],2
0,12,x7f8fd2282850,1995,149.95735236132307,0.0,4,[6],1
0,12,x7f8fd2282850,1996,50.0,0.0,4,[0],1
0,12,x7f8fd2282850,1997,250.0,0.0,3,[4],1
0,12,x7f8fd2282850,1998,450.0,2.0,4,[6],2
0,12,x7f8fd2282850,1999,-50.0,0.0,2,[4],2
0,12,x7f8fd2282850,2000,750.0,2.0,2,[5],2
0,12,x7f8fd2282850,2001,399.9919944112252,1.0,5,[4],0
0,12,x7f8fd2282850,2002,250.0,0.0,2,[0],2
0,12,x7f8fd2282850,2003,250.0,0.0,5,[4],1
0,12,x7f8fd2282850,2004,750.0,2.0,2,[1],2
0,12,x7f8fd2282850,2005,602.8316961989256,2.0,4,[6],2
0,12,x7f8fd2282850,2006,153.44768379195577,0.0,4,[5],1
0,12,x7f8fd2282850,2007,250.0,0.0,3,[4],1
0,12,x7f8fd2282850,2008,99.86682317018669,0.0,3,[4],2
0,12,x7f8fd2282850,2009,-50.0,0.0,2,[4],2
0,12,x7f8fd2282850,2010,250.0,0.0,2,[4],0
0,12,x7f8fd2282850,2011,202.8316961989263,1.0,3,[6],2
0,12,x7f8fd2282850,2012,250.0,0.0,5,[4],0
0,12,x7f8fd2282850,2013,250.0,0.0,2,[0],2
0,12,x7f8fd2282850,2014,149.98064328826976,0.0,5,[6],1
0,12,x7f8fd2282850,2015,-50.0,0.0,2,[0],2
0,12,x7f8fd2282850,2016,50.0,0.0,4,[0],1
0,12,x7f8fd2282850,2017,146.4618601822692,0.0,5,[4],0
0,12,x7f8fd2282850,2018,250.0,1.0,2,[0],2
0,12,x7f8fd2282850,2019,250.0,0.0,5,[4],0
0,12,x7f8fd2282850,2020,250.0,0.0,2,[0],0
0,12,x7f8fd2282850,2021,99.86682317018656,0.0,5,[4],0
0,12,x7f8fd2282850,2022,250.0,0.0,2,[0],0
0,12,x7f8fd2282850,2023,250.0,1.0,5,[4],0
0,12,x7f8fd2282850,2024,250.0,0.0,2,[0],0
0,12,x7f8fd2282850,2025,250.0,0.0,5,[4],0
0,12,x7f8fd2282850,2026,250.0,0.0,2,[0],2
0,12,x7f8fd2282850,2027,250.0,0.0,5,[4],0
0,12,x7f8fd2282850,2028,250.0,0.0,2,[0],2
0,12,x7f8fd2282850,2029,250.0,0.0,5,[4],1
0,12,x7f8fd2282850,2030,-50.0,0.0,2,[0],2
0,12,x7f8fd2282850,2031,250.0,0.0,5,[4],1
0,12,x7f8fd2282850,2032,250.0,0.0,2,[0],1
0,12,x7f8fd2282850,2033,99.86682317018669,0.0,5,[4],0
0,12,x7f8fd2282850,2034,650.0,2.0,2,[0],2
0,12,x7f8fd2282850,2035,700.2756439357578,2.0,5,[0],2
0,12,x7f8fd2282850,2036,662.5836871563996,2.0,5,[0],2
0,12,x7f8fd2282850,2037,730.054505254404,2.0,5,[6],2
0,12,x7f8fd2282850,2038,250.0,0.0,2,[0],0
0,12,x7f8fd2282850,2039,99.99199441122525,0.0,5,[4],0
0,12,x7f8fd2282850,2040,250.0,0.0,2,[0],0
0,12,x7f8fd2282850,2041,250.0,0.0,5,[4],0
0,12,x7f8fd2282850,2042,250.0,0.0,2,[0],0
0,12,x7f8fd2282850,2043,250.0,0.0,5,[4],0
0,12,x7f8fd2282850,2044,250.0,0.0,2,[0],0
0,12,x7f8fd2282850,2045,250.0,0.0,5,[4],0
0,12,x7f8fd2282850,2046,250.0,0.0,2,[0],0
0,12,x7f8fd2282850,2047,250.0,0.0,5,[4],0
0,12,x7f8fd2282850,2048,250.0,0.0,2,[0],0
0,12,x7f8fd2282850,2049,250.0,0.0,5,[4],0
0,12,x7f8fd2282850,2050,250.0,0.0,2,[0],1
0,12,x7f8fd2282850,2051,250.0,0.0,5,[4],0
0,12,x7f8fd2282850,2052,950.0,2.0,2,[0],2
0,12,x7f8fd2282850,2053,699.9999996416785,2.0,5,[6],2
0,12,x7f8fd2282850,2054,250.0,0.0,2,[0],2
