0,9,x7f4adbee2a10,1,200.0,1.0,2,[5]
0,9,x7f4adbee2a10,2,-100.0,1.0,4,[7]
0,9,x7f4adbee2a10,3,141.5557566757422,0.0,3,[4]
0,9,x7f4adbee2a10,4,-50.0,0.0,3,[4]
0,9,x7f4adbee2a10,5,250.0,0.0,2,[4]
0,9,x7f4adbee2a10,6,-2.815130656856664,1.0,5,[7]
0,9,x7f4adbee2a10,7,250.0,0.0,4,[4]
0,9,x7f4adbee2a10,8,102.49801935994505,0.0,4,[4]
0,9,x7f4adbee2a10,9,250.0,0.0,3,[4]
0,9,x7f4adbee2a10,10,250.0,0.0,3,[4]
0,9,x7f4adbee2a10,11,-50.0,0.0,2,[4]
0,9,x7f4adbee2a10,12,250.0,0.0,2,[4]
0,9,x7f4adbee2a10,13,50.0,0.0,2,[0]
0,9,x7f4adbee2a10,14,-100.0,1.0,2,[4]
0,9,x7f4adbee2a10,15,433.65442341455037,2.0,5,[7]
0,9,x7f4adbee2a10,16,250.0,0.0,3,[4]
0,9,x7f4adbee2a10,17,500.13317682981346,2.0,4,[6]
0,9,x7f4adbee2a10,18,-50.0,0.0,2,[4]
0,9,x7f4adbee2a10,19,250.0,0.0,2,[4]
0,9,x7f4adbee2a10,20,300.4115226337449,1.0,4,[5]
0,9,x7f4adbee2a10,21,-50.0,0.0,3,[4]
0,9,x7f4adbee2a10,22,140.98311794162618,1.0,5,[6]
0,9,x7f4adbee2a10,23,102.49801935994509,0.0,4,[4]
0,9,x7f4adbee2a10,24,250.0,0.0,4,[4]
0,9,x7f4adbee2a10,25,250.0,0.0,3,[4]
0,9,x7f4adbee2a10,26,-50.0,0.0,3,[4]
0,9,x7f4adbee2a10,27,1.4231092030977872,0.0,4,[4]
0,9,x7f4adbee2a10,28,-50.0,0.0,2,[4]
0,9,x7f4adbee2a10,29,250.0,0.0,2,[4]
0,9,x7f4adbee2a10,30,16.92895903530325,0.0,5,[4]
0,9,x7f4adbee2a10,31,97.16830380107376,0.0,3,[4]
0,9,x7f4adbee2a10,32,250.0,0.0,3,[4]
0,9,x7f4adbee2a10,33,-50.0,0.0,2,[4]
0,9,x7f4adbee2a10,34,250.0,0.0,2,[4]
0,9,x7f4adbee2a10,35,400.0,1.0,4,[4]
0,9,x7f4adbee2a10,36,587.594295824938,2.0,7,[0]
0,9,x7f4adbee2a10,37,-14.262514474992678,1.0,7,[0]
0,9,x7f4adbee2a10,38,98.26899497835156,1.0,6,[8]
0,9,x7f4adbee2a10,39,350.0,2.0,6,[0]
0,9,x7f4adbee2a10,40,97.16830380107376,0.0,5,[4]
0,9,x7f4adbee2a10,41,-100.0,1.0,5,[8]
0,9,x7f4adbee2a10,42,-250.0,0.0,5,[0]
0,9,x7f4adbee2a10,43,250.0,0.0,4,[4]
0,9,x7f4adbee2a10,44,100.0,0.0,5,[4]
0,9,x7f4adbee2a10,45,250.0,0.0,3,[4]
0,9,x7f4adbee2a10,46,250.0,0.0,3,[4]
0,9,x7f4adbee2a10,47,250.0,0.0,2,[4]
0,9,x7f4adbee2a10,48,-50.0,0.0,2,[4]
0,9,x7f4adbee2a10,49,609.0168979776745,2.0,4,[4]
0,9,x7f4adbee2a10,50,-50.0,0.0,2,[4]
0,9,x7f4adbee2a10,51,850.0,2.0,3,[12]
0,9,x7f4adbee2a10,52,250.0,0.0,2,[4]
0,9,x7f4adbee2a10,53,250.0,0.0,3,[4]
0,9,x7f4adbee2a10,54,97.16830380107376,0.0,3,[4]
0,9,x7f4adbee2a10,55,250.0,0.0,2,[4]
0,9,x7f4adbee2a10,56,-50.0,0.0,2,[4]
0,9,x7f4adbee2a10,57,100.29551085069545,0.0,3,[4]
0,9,x7f4adbee2a10,58,500.0080055887747,2.0,4,[6]
0,9,x7f4adbee2a10,59,250.0,0.0,2,[4]
0,9,x7f4adbee2a10,60,250.0,0.0,2,[4]
0,9,x7f4adbee2a10,61,158.74700581021173,1.0,4,[6]
0,9,x7f4adbee2a10,62,250.0,0.0,3,[4]
0,9,x7f4adbee2a10,63,200.0,1.0,3,[0]
0,9,x7f4adbee2a10,64,250.0,0.0,2,[4]
0,9,x7f4adbee2a10,65,350.0,2.0,3,[5]
0,9,x7f4adbee2a10,66,400.0,1.0,4,[4]
0,9,x7f4adbee2a10,67,100.0,1.0,3,[4]
0,9,x7f4adbee2a10,68,250.0,0.0,3,[4]
0,9,x7f4adbee2a10,69,-50.0,0.0,2,[4]
0,9,x7f4adbee2a10,70,250.0,0.0,2,[4]
0,9,x7f4adbee2a10,71,-250.0,0.0,2,[4]
0,9,x7f4adbee2a10,72,850.0,2.0,2,[4]
0,9,x7f4adbee2a10,73,249.86682317018662,1.0,3,[12]
0,9,x7f4adbee2a10,74,-50.0,0.0,2,[4]
0,9,x7f4adbee2a10,75,304.221668068989,1.0,5,[5]
0,9,x7f4adbee2a10,76,161.11194884816658,0.0,4,[4]
0,9,x7f4adbee2a10,77,97.1683038010737,0.0,4,[4]
0,9,x7f4adbee2a10,78,250.0,0.0,3,[4]
0,9,x7f4adbee2a10,79,-50.0,0.0,3,[4]
0,9,x7f4adbee2a10,80,50.005663153750504,1.0,3,[0]
0,9,x7f4adbee2a10,81,250.0,0.0,2,[4]
0,9,x7f4adbee2a10,82,250.0,0.0,2,[4]
0,9,x7f4adbee2a10,83,49.99878390596422,1.0,6,[0]
0,9,x7f4adbee2a10,84,97.1683038010737,0.0,5,[4]
0,9,x7f4adbee2a10,85,-18.160820142791724,0.0,7,[0]
0,9,x7f4adbee2a10,86,-250.0,0.0,6,[0]
0,9,x7f4adbee2a10,87,-101.86718921981677,0.0,6,[0]
0,9,x7f4adbee2a10,88,250.0,0.0,5,[4]
0,9,x7f4adbee2a10,89,100.0,0.0,5,[4]
0,9,x7f4adbee2a10,90,489.51913487732156,2.0,6,[8]
0,9,x7f4adbee2a10,91,250.0,0.0,4,[4]
0,9,x7f4adbee2a10,92,250.0,0.0,4,[4]
0,9,x7f4adbee2a10,93,250.0,0.0,3,[4]
0,9,x7f4adbee2a10,94,141.5557566757437,0.0,3,[4]
0,9,x7f4adbee2a10,95,600.0165655420699,2.0,5,[7]
0,9,x7f4adbee2a10,96,97.1683038010737,0.0,5,[4]
0,9,x7f4adbee2a10,97,250.0,0.0,4,[4]
0,9,x7f4adbee2a10,98,100.00121609403578,0.0,4,[4]
0,9,x7f4adbee2a10,99,100.29551085069542,0.0,3,[4]
0,9,x7f4adbee2a10,100,250.0,0.0,3,[4]
0,9,x7f4adbee2a10,101,-100.0,1.0,4,[6]
0,9,x7f4adbee2a10,102,-50.0,0.0,2,[4]
0,9,x7f4adbee2a10,103,250.0,0.0,2,[4]
0,9,x7f4adbee2a10,104,200.0,1.0,2,[5]
0,9,x7f4adbee2a10,105,350.0,2.0,3,[5]
0,9,x7f4adbee2a10,106,583.1035818217129,2.0,6,[7]
0,9,x7f4adbee2a10,107,166.94279462588264,1.0,5,[6]
0,9,x7f4adbee2a10,108,150.10983877508914,1.0,5,[6]
0,9,x7f4adbee2a10,109,49.999863167506334,1.0,4,[7]
0,9,x7f4adbee2a10,110,250.0,0.0,4,[4]
0,9,x7f4adbee2a10,111,250.0,0.0,3,[4]
0,9,x7f4adbee2a10,112,-50.0,0.0,3,[4]
0,9,x7f4adbee2a10,113,-100.0,1.0,4,[6]
0,9,x7f4adbee2a10,114,-50.0,0.0,2,[4]
0,9,x7f4adbee2a10,115,250.0,0.0,4,[4]
0,9,x7f4adbee2a10,116,250.0,0.0,4,[4]
0,9,x7f4adbee2a10,117,-50.0,0.0,3,[4]
0,9,x7f4adbee2a10,118,250.0,0.0,3,[4]
0,9,x7f4adbee2a10,119,-250.0,0.0,3,[0]
0,9,x7f4adbee2a10,120,449.5884773662551,2.0,6,[7]
0,9,x7f4adbee2a10,121,-101.44875046394435,0.0,6,[0]
0,9,x7f4adbee2a10,122,101.44875046394453,0.0,5,[4]
0,9,x7f4adbee2a10,123,350.0,2.0,5,[8]
0,9,x7f4adbee2a10,124,250.0,0.0,4,[4]
0,9,x7f4adbee2a10,125,49.94828079089166,1.0,6,[0]
0,9,x7f4adbee2a10,126,-36.01374581549413,1.0,6,[0]
0,9,x7f4adbee2a10,127,45.13360824407374,1.0,6,[0]
0,9,x7f4adbee2a10,128,-100.0,1.0,5,[8]
0,9,x7f4adbee2a10,129,113.32132752008135,1.0,6,[12]
0,9,x7f4adbee2a10,130,250.0,0.0,5,[4]
0,9,x7f4adbee2a10,131,250.0,0.0,4,[4]
0,9,x7f4adbee2a10,132,185.56692212905563,0.0,4,[4]
0,9,x7f4adbee2a10,133,250.0,0.0,3,[4]
0,9,x7f4adbee2a10,134,97.1683038010738,0.0,3,[4]
0,9,x7f4adbee2a10,135,250.0,0.0,2,[4]
0,9,x7f4adbee2a10,136,-50.0,0.0,2,[4]
0,9,x7f4adbee2a10,137,-250.0,0.0,2,[0]
0,9,x7f4adbee2a10,138,650.0,2.0,2,[4]
0,9,x7f4adbee2a10,139,252.49801935994518,1.0,6,[4]
0,9,x7f4adbee2a10,140,250.0,0.0,5,[4]
0,9,x7f4adbee2a10,141,149.3723747811762,1.0,7,[8]
0,9,x7f4adbee2a10,142,250.0,0.0,2,[0]
0,9,x7f4adbee2a10,143,-163.4979426354698,0.0,7,[0]
0,9,x7f4adbee2a10,144,-116.59457935083378,0.0,6,[0]
0,9,x7f4adbee2a10,145,350.0,2.0,6,[0]
0,9,x7f4adbee2a10,146,97.1683038010737,0.0,5,[4]
0,9,x7f4adbee2a10,147,250.0,0.0,5,[4]
0,9,x7f4adbee2a10,148,-250.0,0.0,5,[0]
0,9,x7f4adbee2a10,149,588.2993692597503,2.0,7,[8]
0,9,x7f4adbee2a10,150,-50.0,0.0,2,[0]
0,9,x7f4adbee2a10,151,-11.423228845215691,0.0,7,[0]
0,9,x7f4adbee2a10,152,-217.07229339953008,0.0,7,[0]
0,9,x7f4adbee2a10,153,350.0,2.0,7,[1]
0,9,x7f4adbee2a10,154,-7.349132188515194,0.0,7,[0]
0,9,x7f4adbee2a10,155,-225.95114449142645,0.0,7,[0]
0,9,x7f4adbee2a10,156,350.0,2.0,7,[1]
0,9,x7f4adbee2a10,157,-0.555659646563098,0.0,7,[0]
0,9,x7f4adbee2a10,158,-100.0,1.0,7,[1]
0,9,x7f4adbee2a10,159,-70.43245234364599,0.0,7,[0]
0,9,x7f4adbee2a10,160,-232.61748676267433,0.0,7,[0]
0,9,x7f4adbee2a10,161,-232.9136419845487,0.0,7,[0]
0,9,x7f4adbee2a10,162,350.0,2.0,7,[1]
0,9,x7f4adbee2a10,163,-77.59042142072721,0.0,7,[0]
0,9,x7f4adbee2a10,164,0.29198756049484587,1.0,7,[1]
0,9,x7f4adbee2a10,165,-152.33664774802693,0.0,7,[0]
0,9,x7f4adbee2a10,166,-3.2877294637456203,1.0,7,[1]
0,9,x7f4adbee2a10,167,-100.0,1.0,7,[1]
0,9,x7f4adbee2a10,168,-169.93819489139293,0.0,7,[0]
0,9,x7f4adbee2a10,169,-100.0,1.0,7,[1]
0,9,x7f4adbee2a10,170,350.0,2.0,7,[1]
0,9,x7f4adbee2a10,171,350.0,2.0,7,[1]
0,9,x7f4adbee2a10,172,-162.28596529070458,0.0,7,[0]
0,9,x7f4adbee2a10,173,-102.77937467374157,0.0,7,[0]
0,9,x7f4adbee2a10,174,-110.50403137883596,0.0,7,[0]
0,9,x7f4adbee2a10,175,-100.0,1.0,7,[1]
0,9,x7f4adbee2a10,176,-229.52647117403816,0.0,7,[0]
0,9,x7f4adbee2a10,177,-180.34959621271832,0.0,7,[0]
0,9,x7f4adbee2a10,178,-139.46704326117907,0.0,7,[0]
0,9,x7f4adbee2a10,179,350.0,2.0,7,[1]
0,9,x7f4adbee2a10,180,-194.69051916423112,0.0,7,[0]
0,9,x7f4adbee2a10,181,-135.09620922738222,0.0,7,[0]
0,9,x7f4adbee2a10,182,-121.40222655929864,0.0,7,[0]
0,9,x7f4adbee2a10,183,-241.21028308896825,0.0,7,[0]
0,9,x7f4adbee2a10,184,-148.64708798131636,0.0,7,[0]
0,9,x7f4adbee2a10,185,-100.0,1.0,7,[1]
0,9,x7f4adbee2a10,186,-233.46897921438227,0.0,7,[0]
0,9,x7f4adbee2a10,187,-192.03517329914968,0.0,7,[0]
0,9,x7f4adbee2a10,188,-128.08534369077398,0.0,7,[0]
0,9,x7f4adbee2a10,189,-241.65034712540285,0.0,7,[0]
0,9,x7f4adbee2a10,190,-128.48417181505386,0.0,7,[0]
0,9,x7f4adbee2a10,191,-242.05150990699758,0.0,7,[0]
0,9,x7f4adbee2a10,192,-100.0,1.0,7,[1]
0,9,x7f4adbee2a10,193,-72.38383051002967,0.0,7,[0]
0,9,x7f4adbee2a10,194,-202.24153526371202,0.0,7,[0]
0,9,x7f4adbee2a10,195,-242.93946852933738,0.0,7,[0]
0,9,x7f4adbee2a10,196,-162.56783865803857,0.0,7,[0]
0,9,x7f4adbee2a10,197,-243.03774147105818,0.0,7,[0]
0,9,x7f4adbee2a10,198,-139.04392275858788,0.0,7,[0]
0,9,x7f4adbee2a10,199,-100.0,1.0,7,[1]
0,9,x7f4adbee2a10,200,-205.74667340762159,0.0,7,[0]
0,9,x7f4adbee2a10,201,-203.23060724785756,0.0,7,[0]
0,9,x7f4adbee2a10,202,-168.17074341933204,0.0,7,[0]
0,9,x7f4adbee2a10,203,-243.58283315720337,0.0,7,[0]
0,9,x7f4adbee2a10,204,350.0,2.0,7,[1]
0,9,x7f4adbee2a10,205,-138.71107252645191,0.0,7,[0]
0,9,x7f4adbee2a10,206,-44.82002453321401,1.0,7,[1]
0,9,x7f4adbee2a10,207,350.0,2.0,7,[1]
0,9,x7f4adbee2a10,208,-197.27860762043275,0.0,7,[0]
0,9,x7f4adbee2a10,209,350.0,2.0,7,[1]
0,9,x7f4adbee2a10,210,-238.0227340592979,0.0,7,[0]
0,9,x7f4adbee2a10,211,-100.0,1.0,7,[1]
0,9,x7f4adbee2a10,212,-100.0,1.0,7,[1]
0,9,x7f4adbee2a10,213,-197.25004131599383,0.0,7,[0]
0,9,x7f4adbee2a10,214,-156.8099715269341,0.0,7,[0]
0,9,x7f4adbee2a10,215,-244.04152218000877,0.0,7,[0]
0,9,x7f4adbee2a10,216,-154.15157178420475,0.0,7,[0]
0,9,x7f4adbee2a10,217,-244.11167219558178,0.0,7,[0]
0,9,x7f4adbee2a10,218,-155.5841180300142,0.0,7,[0]
0,9,x7f4adbee2a10,219,-244.18019014341877,0.0,7,[0]
0,9,x7f4adbee2a10,220,-180.91506542806354,0.0,7,[0]
0,9,x7f4adbee2a10,221,-244.2471323078052,0.0,7,[0]
0,9,x7f4adbee2a10,222,-158.33557015209863,0.0,7,[0]
0,9,x7f4adbee2a10,223,-244.31255241514702,0.0,7,[0]
0,9,x7f4adbee2a10,224,-159.65692534813775,0.0,7,[0]
0,9,x7f4adbee2a10,225,-244.37650177760037,0.0,7,[0]
0,9,x7f4adbee2a10,226,-184.34215166502162,0.0,7,[0]
0,9,x7f4adbee2a10,227,-244.43902942713436,0.0,7,[0]
0,9,x7f4adbee2a10,228,-162.19681062672123,0.0,7,[0]
0,9,x7f4adbee2a10,229,-221.27588087953387,0.0,7,[0]
0,9,x7f4adbee2a10,230,-163.56272406596355,0.0,7,[0]
0,9,x7f4adbee2a10,231,-89.91731851279985,1.0,7,[1]
0,9,x7f4adbee2a10,232,-239.68735820201437,0.0,7,[0]
0,9,x7f4adbee2a10,233,350.0,2.0,7,[1]
0,9,x7f4adbee2a10,234,-211.57930575704185,0.0,7,[0]
0,9,x7f4adbee2a10,235,-196.56443045880826,0.0,7,[0]
0,9,x7f4adbee2a10,236,-167.15180919176294,0.0,7,[0]
0,9,x7f4adbee2a10,237,-244.98471029790076,0.0,7,[0]
0,9,x7f4adbee2a10,238,-190.53098771010855,0.0,7,[0]
0,9,x7f4adbee2a10,239,-245.03450663295283,0.0,7,[0]
0,9,x7f4adbee2a10,240,-169.3178155314818,0.0,7,[0]
0,9,x7f4adbee2a10,241,-245.0833240478337,0.0,7,[0]
0,9,x7f4adbee2a10,242,-100.0,1.0,7,[1]
0,9,x7f4adbee2a10,243,-165.7075320702381,0.0,7,[0]
0,9,x7f4adbee2a10,244,-245.15477690906874,0.0,7,[0]
0,9,x7f4adbee2a10,245,-100.0,1.0,7,[1]
0,9,x7f4adbee2a10,246,-240.5885557616462,0.0,7,[0]
0,9,x7f4adbee2a10,247,-220.2846147035476,0.0,7,[0]
0,9,x7f4adbee2a10,248,-173.34173853127245,0.0,7,[0]
0,9,x7f4adbee2a10,249,-245.26935987816483,0.0,7,[0]
0,9,x7f4adbee2a10,250,-195.46549281174367,0.0,7,[0]
0,9,x7f4adbee2a10,251,-245.6092965601469,0.0,7,[0]
0,9,x7f4adbee2a10,252,-100.0,1.0,7,[1]
0,9,x7f4adbee2a10,253,-100.0,1.0,7,[1]
0,9,x7f4adbee2a10,254,-26.849015974434614,0.0,7,[0]
0,9,x7f4adbee2a10,255,-245.55395773875819,0.0,7,[0]
0,9,x7f4adbee2a10,256,-197.7922726795694,0.0,7,[0]
0,9,x7f4adbee2a10,257,-245.59313750755217,0.0,7,[0]
0,9,x7f4adbee2a10,258,-160.56901251457214,0.0,7,[0]
0,9,x7f4adbee2a10,259,-245.7156124547539,0.0,7,[0]
0,9,x7f4adbee2a10,260,-178.93361579471377,0.0,7,[0]
0,9,x7f4adbee2a10,261,-245.75200701655746,0.0,7,[0]
0,9,x7f4adbee2a10,262,-100.0,1.0,7,[1]
0,9,x7f4adbee2a10,263,-195.82306352272002,0.0,7,[0]
0,9,x7f4adbee2a10,264,-200.45345280844091,0.0,7,[0]
0,9,x7f4adbee2a10,265,400.2450297453929,2.0,7,[1]
0,9,x7f4adbee2a10,266,-242.07340126844167,0.0,7,[0]
0,9,x7f4adbee2a10,267,-246.31555624196352,0.0,7,[0]
0,9,x7f4adbee2a10,268,-144.5683680206049,0.0,7,[0]
0,9,x7f4adbee2a10,269,-99.61401619521601,0.0,7,[0]
0,9,x7f4adbee2a10,270,-83.50419832702823,0.0,7,[0]
0,9,x7f4adbee2a10,271,-246.1828997705049,0.0,7,[0]
0,9,x7f4adbee2a10,272,-127.06761619742147,0.0,7,[0]
0,9,x7f4adbee2a10,273,-213.4647820953177,0.0,7,[0]
0,9,x7f4adbee2a10,274,350.0,2.0,7,[1]
0,9,x7f4adbee2a10,275,-242.53694868301247,0.0,7,[0]
0,9,x7f4adbee2a10,276,-206.779835065077,0.0,7,[0]
0,9,x7f4adbee2a10,277,-182.64615738370003,0.0,7,[0]
0,9,x7f4adbee2a10,278,-250.0,0.0,6,[0]
0,9,x7f4adbee2a10,279,-250.0,0.0,6,[0]
0,9,x7f4adbee2a10,280,100.41032066947268,0.0,5,[4]
0,9,x7f4adbee2a10,281,250.0,0.0,5,[4]
0,9,x7f4adbee2a10,282,250.0,0.0,4,[4]
0,9,x7f4adbee2a10,283,250.0,0.0,4,[4]
0,9,x7f4adbee2a10,284,-250.0,0.0,4,[0]
0,9,x7f4adbee2a10,285,250.0,0.0,3,[4]
0,9,x7f4adbee2a10,286,-50.0,0.0,3,[4]
0,9,x7f4adbee2a10,287,250.0,0.0,2,[4]
0,9,x7f4adbee2a10,288,350.0,2.0,2,[5]
0,9,x7f4adbee2a10,289,-50.0,0.0,2,[4]
0,9,x7f4adbee2a10,290,8.780758615562865,0.0,3,[4]
0,9,x7f4adbee2a10,291,-99.99199441122524,0.0,6,[0]
0,9,x7f4adbee2a10,292,99.99199441122524,0.0,5,[4]
0,9,x7f4adbee2a10,293,250.0,0.0,6,[4]
0,9,x7f4adbee2a10,294,102.49801935994512,0.0,4,[4]
0,9,x7f4adbee2a10,295,250.0,0.0,4,[4]
0,9,x7f4adbee2a10,296,99.86682317018662,0.0,3,[4]
0,9,x7f4adbee2a10,297,467.63803035534306,2.0,3,[6]
0,9,x7f4adbee2a10,298,-50.0,0.0,2,[4]
0,9,x7f4adbee2a10,299,250.0,0.0,2,[4]
0,9,x7f4adbee2a10,300,250.0,0.0,4,[4]
0,9,x7f4adbee2a10,301,97.16830380107406,0.0,3,[4]
0,9,x7f4adbee2a10,302,350.0,2.0,6,[0]
0,9,x7f4adbee2a10,303,98.27065925819863,1.0,6,[7]
0,9,x7f4adbee2a10,304,250.0,0.0,5,[4]
0,9,x7f4adbee2a10,305,-100.0,1.0,5,[8]
0,9,x7f4adbee2a10,306,-250.0,0.0,5,[0]
0,9,x7f4adbee2a10,307,-50.0,0.0,4,[4]
0,9,x7f4adbee2a10,308,-100.0,1.0,5,[7]
0,9,x7f4adbee2a10,309,250.0,0.0,3,[4]
0,9,x7f4adbee2a10,310,250.0,0.0,3,[4]
0,9,x7f4adbee2a10,311,250.0,0.0,2,[4]
0,9,x7f4adbee2a10,312,250.0,0.0,2,[4]
0,9,x7f4adbee2a10,313,-100.0,1.0,3,[6]
0,9,x7f4adbee2a10,314,-50.0,0.0,3,[4]
0,9,x7f4adbee2a10,315,250.0,0.0,2,[4]
0,9,x7f4adbee2a10,316,350.0,2.0,2,[5]
0,9,x7f4adbee2a10,317,250.0,0.0,3,[4]
0,9,x7f4adbee2a10,318,-50.0,0.0,2,[4]
0,9,x7f4adbee2a10,319,350.0,2.0,2,[5]
0,9,x7f4adbee2a10,320,250.0,0.0,4,[4]
0,9,x7f4adbee2a10,321,250.0,0.0,4,[4]
0,9,x7f4adbee2a10,322,97.16830380107406,0.0,3,[4]
0,9,x7f4adbee2a10,323,250.0,0.0,3,[4]
0,9,x7f4adbee2a10,324,-50.0,0.0,2,[4]
0,9,x7f4adbee2a10,325,608.3945923449861,2.0,6,[5]
0,9,x7f4adbee2a10,326,250.0,0.0,5,[4]
0,9,x7f4adbee2a10,327,149.470826991022,1.0,7,[8]
0,9,x7f4adbee2a10,328,-50.0,0.0,2,[0]
0,9,x7f4adbee2a10,329,-0.5461244581178983,0.0,7,[0]
0,9,x7f4adbee2a10,330,-202.80409031324206,0.0,7,[0]
0,9,x7f4adbee2a10,331,-52.95153975829825,0.0,7,[0]
0,9,x7f4adbee2a10,332,-210.62466420950847,0.0,7,[0]
0,9,x7f4adbee2a10,333,-54.141072053253936,0.0,7,[0]
0,9,x7f4adbee2a10,334,-250.0,0.0,6,[0]
0,9,x7f4adbee2a10,335,-100.0,1.0,7,[1]
0,9,x7f4adbee2a10,336,-29.69851708783139,0.0,7,[0]
0,9,x7f4adbee2a10,337,350.0,2.0,7,[1]
0,9,x7f4adbee2a10,338,-49.799634308874325,0.0,7,[0]
0,9,x7f4adbee2a10,339,-175.32592906460025,0.0,7,[0]
0,9,x7f4adbee2a10,340,-116.37380130814002,0.0,7,[0]
0,9,x7f4adbee2a10,341,-80.98976903041695,0.0,7,[0]
0,9,x7f4adbee2a10,342,-23.49539095828287,0.0,7,[0]
0,9,x7f4adbee2a10,343,-228.95255505118507,0.0,7,[0]
0,9,x7f4adbee2a10,344,-89.64317160711127,0.0,7,[0]
0,9,x7f4adbee2a10,345,-188.28777968410657,0.0,7,[0]
0,9,x7f4adbee2a10,346,-51.800103148534575,0.0,7,[0]
0,9,x7f4adbee2a10,347,-235.0461758497881,0.0,7,[0]
0,9,x7f4adbee2a10,348,-97.78812770049993,0.0,7,[0]
0,9,x7f4adbee2a10,349,-235.4795660846387,0.0,7,[0]
0,9,x7f4adbee2a10,350,-100.0,1.0,7,[1]
0,9,x7f4adbee2a10,351,-100.0,1.0,7,[1]
0,9,x7f4adbee2a10,352,-100.0,1.0,7,[1]
0,9,x7f4adbee2a10,353,-68.57900618768994,0.0,7,[0]
0,9,x7f4adbee2a10,354,393.4732129602976,2.0,7,[1]
0,9,x7f4adbee2a10,355,-128.76636979894465,0.0,7,[0]
0,9,x7f4adbee2a10,356,-181.29944830356047,0.0,7,[0]
0,9,x7f4adbee2a10,357,-236.98839735141576,0.0,7,[0]
0,9,x7f4adbee2a10,358,-134.40869504319136,0.0,7,[0]
0,9,x7f4adbee2a10,359,-238.0853364493817,0.0,7,[0]
0,9,x7f4adbee2a10,360,-95.07059264478117,0.0,7,[0]
0,9,x7f4adbee2a10,361,-234.72453520857414,0.0,7,[0]
0,9,x7f4adbee2a10,362,-100.0,1.0,7,[1]
0,9,x7f4adbee2a10,363,-93.84410362478832,0.0,7,[0]
0,9,x7f4adbee2a10,364,350.0,2.0,7,[1]
0,9,x7f4adbee2a10,365,-100.0,1.0,7,[1]
0,9,x7f4adbee2a10,366,-28.312582641056025,0.0,7,[0]
0,9,x7f4adbee2a10,367,-238.18958472162785,0.0,7,[0]
0,9,x7f4adbee2a10,368,-240.092592087595,0.0,7,[0]
0,9,x7f4adbee2a10,369,-88.89731606346612,0.0,7,[0]
0,9,x7f4adbee2a10,370,-240.29792031973903,0.0,7,[0]
0,9,x7f4adbee2a10,371,350.0,2.0,7,[1]
0,9,x7f4adbee2a10,372,-174.69972687904936,0.0,7,[0]
0,9,x7f4adbee2a10,373,-100.0,1.0,7,[1]
0,9,x7f4adbee2a10,374,-108.06787349477884,0.0,7,[0]
0,9,x7f4adbee2a10,375,-82.86030953725596,0.0,7,[0]
0,9,x7f4adbee2a10,376,-157.68112136824007,0.0,7,[0]
0,9,x7f4adbee2a10,377,-241.5492260919043,0.0,7,[0]
0,9,x7f4adbee2a10,378,-170.3203250991268,0.0,7,[0]
0,9,x7f4adbee2a10,379,-127.92125598003221,0.0,7,[0]
0,9,x7f4adbee2a10,380,-241.21656238717037,0.0,7,[0]
0,9,x7f4adbee2a10,381,-86.53084277990936,0.0,7,[0]
0,9,x7f4adbee2a10,382,-163.95225430106393,0.0,7,[0]
0,9,x7f4adbee2a10,383,-241.89313016807165,0.0,7,[0]
0,9,x7f4adbee2a10,384,-141.36226120549836,0.0,7,[0]
0,9,x7f4adbee2a10,385,-242.51733604177642,0.0,7,[0]
0,9,x7f4adbee2a10,386,350.0,2.0,7,[1]
0,9,x7f4adbee2a10,387,-235.5826247294081,0.0,7,[0]
0,9,x7f4adbee2a10,388,-136.36205258764082,0.0,7,[0]
0,9,x7f4adbee2a10,389,-241.4228083781231,0.0,7,[0]
0,9,x7f4adbee2a10,390,-100.0,1.0,7,[1]
0,9,x7f4adbee2a10,391,-103.8989692215452,0.0,7,[0]
0,9,x7f4adbee2a10,392,-242.91391160855437,0.0,7,[0]
0,9,x7f4adbee2a10,393,-193.6109203981769,0.0,7,[0]
0,9,x7f4adbee2a10,394,-187.83964095903016,0.0,7,[0]
0,9,x7f4adbee2a10,395,-183.25097532047917,0.0,7,[0]
0,9,x7f4adbee2a10,396,-237.52495121878906,0.0,7,[0]
0,9,x7f4adbee2a10,397,-250.0,0.0,6,[0]
0,9,x7f4adbee2a10,398,-250.0,0.0,6,[0]
0,9,x7f4adbee2a10,399,250.0,0.0,5,[4]
0,9,x7f4adbee2a10,400,169.24349012900302,0.0,5,[4]
0,9,x7f4adbee2a10,401,250.0,0.0,4,[4]
0,9,x7f4adbee2a10,402,235.9728755707893,0.0,4,[4]
0,9,x7f4adbee2a10,403,250.0,0.0,3,[4]
0,9,x7f4adbee2a10,404,50.005663153750504,1.0,3,[6]
0,9,x7f4adbee2a10,405,-100.0,1.0,3,[0]
0,9,x7f4adbee2a10,406,250.0,0.0,2,[4]
0,9,x7f4adbee2a10,407,-0.2881343448020698,1.0,3,[12]
0,9,x7f4adbee2a10,408,-50.0,0.0,2,[4]
0,9,x7f4adbee2a10,409,141.39465147157154,1.0,4,[5]
0,9,x7f4adbee2a10,410,250.0,0.0,3,[4]
0,9,x7f4adbee2a10,411,250.0,0.0,3,[4]
0,9,x7f4adbee2a10,412,-50.0,0.0,2,[4]
0,9,x7f4adbee2a10,413,350.0,2.0,2,[5]
0,9,x7f4adbee2a10,414,-100.0,1.0,2,[0]
0,9,x7f4adbee2a10,415,445.77833193101213,2.0,3,[5]
0,9,x7f4adbee2a10,416,594.6708567113748,2.0,3,[5]
0,9,x7f4adbee2a10,417,-100.0,1.0,2,[5]
0,9,x7f4adbee2a10,418,250.0,0.0,2,[4]
0,9,x7f4adbee2a10,419,500.0080055887747,2.0,5,[8]
0,9,x7f4adbee2a10,420,-100.0,1.0,5,[8]
0,9,x7f4adbee2a10,421,250.0,0.0,4,[4]
0,9,x7f4adbee2a10,422,49.99878390596422,1.0,4,[7]
0,9,x7f4adbee2a10,423,-250.0,0.0,4,[0]
0,9,x7f4adbee2a10,424,100.29551085069548,0.0,3,[4]
0,9,x7f4adbee2a10,425,250.0,0.0,4,[4]
0,9,x7f4adbee2a10,426,-50.0,0.0,2,[4]
0,9,x7f4adbee2a10,427,250.0,0.0,2,[4]
0,9,x7f4adbee2a10,428,500.0080055887747,2.0,4,[6]
0,9,x7f4adbee2a10,429,250.0,0.0,2,[4]
0,9,x7f4adbee2a10,430,750.0000089343856,2.0,3,[12]
0,9,x7f4adbee2a10,431,-50.0,0.0,2,[4]
0,9,x7f4adbee2a10,432,97.16830380107406,0.0,3,[4]
0,9,x7f4adbee2a10,433,250.0,0.0,2,[4]
0,9,x7f4adbee2a10,434,200.0,1.0,2,[5]
0,9,x7f4adbee2a10,435,-7.7759999999995735,1.0,5,[7]
0,9,x7f4adbee2a10,436,350.0,2.0,5,[8]
0,9,x7f4adbee2a10,437,-50.0,0.0,4,[4]
0,9,x7f4adbee2a10,438,99.63550000000004,0.0,4,[4]
0,9,x7f4adbee2a10,439,-23.730468750002423,1.0,7,[0]
0,9,x7f4adbee2a10,440,149.99532429250934,1.0,7,[7]
0,9,x7f4adbee2a10,441,250.0,0.0,2,[0]
0,9,x7f4adbee2a10,442,49.589679330527275,1.0,7,[1]
0,9,x7f4adbee2a10,443,-167.45735360992614,0.0,7,[0]
0,9,x7f4adbee2a10,444,-156.75870770356028,0.0,7,[0]
0,9,x7f4adbee2a10,445,-67.23520798475522,0.0,7,[0]
0,9,x7f4adbee2a10,446,-116.67146439762372,0.0,7,[0]
0,9,x7f4adbee2a10,447,-220.9426244638601,0.0,7,[0]
0,9,x7f4adbee2a10,448,-114.40456237430958,0.0,7,[0]
0,9,x7f4adbee2a10,449,-62.404614088502385,0.0,7,[0]
0,9,x7f4adbee2a10,450,-250.0,0.0,6,[0]
0,9,x7f4adbee2a10,451,-250.0,0.0,6,[0]
0,9,x7f4adbee2a10,452,250.0,0.0,5,[4]
0,9,x7f4adbee2a10,453,350.0,2.0,5,[8]
0,9,x7f4adbee2a10,454,250.0,0.0,4,[4]
0,9,x7f4adbee2a10,455,-64.41478741298094,0.0,7,[0]
0,9,x7f4adbee2a10,456,-123.24372868776042,0.0,7,[0]
0,9,x7f4adbee2a10,457,-82.50974187277964,0.0,7,[0]
0,9,x7f4adbee2a10,458,12.40502926136881,1.0,7,[1]
0,9,x7f4adbee2a10,459,-100.0,1.0,7,[1]
0,9,x7f4adbee2a10,460,-100.0,1.0,7,[1]
0,9,x7f4adbee2a10,461,-100.0,1.0,7,[1]
0,9,x7f4adbee2a10,462,350.0,2.0,7,[1]
0,9,x7f4adbee2a10,463,-56.46455025735799,0.0,7,[0]
0,9,x7f4adbee2a10,464,-90.74540464231606,0.0,7,[0]
0,9,x7f4adbee2a10,465,-234.8954650460446,0.0,7,[0]
0,9,x7f4adbee2a10,466,-100.0,1.0,7,[1]
0,9,x7f4adbee2a10,467,-223.20532337081315,0.0,7,[0]
0,9,x7f4adbee2a10,468,-100.0,1.0,7,[1]
0,9,x7f4adbee2a10,469,-79.22871388247506,0.0,7,[0]
0,9,x7f4adbee2a10,470,-235.91911962522153,0.0,7,[0]
0,9,x7f4adbee2a10,471,-93.0495591945025,0.0,7,[0]
0,9,x7f4adbee2a10,472,-100.0,1.0,7,[1]
0,9,x7f4adbee2a10,473,-77.25901891866062,0.0,7,[0]
0,9,x7f4adbee2a10,474,-237.50216044208773,0.0,7,[0]
0,9,x7f4adbee2a10,475,-118.95639593703036,0.0,7,[0]
0,9,x7f4adbee2a10,476,-237.9933935983895,0.0,7,[0]
0,9,x7f4adbee2a10,477,350.0,2.0,7,[1]
0,9,x7f4adbee2a10,478,-100.0,1.0,7,[1]
0,9,x7f4adbee2a10,479,-41.96699260881857,0.0,7,[0]
0,9,x7f4adbee2a10,480,-239.0808620930305,0.0,7,[0]
0,9,x7f4adbee2a10,481,-138.49870284255107,0.0,7,[0]
0,9,x7f4adbee2a10,482,-238.57651112446493,0.0,7,[0]
0,9,x7f4adbee2a10,483,-100.0,1.0,7,[1]
0,9,x7f4adbee2a10,484,-74.26810719672596,0.0,7,[0]
0,9,x7f4adbee2a10,485,-242.24283508275312,0.0,7,[0]
0,9,x7f4adbee2a10,486,-237.05591821353175,0.0,7,[0]
0,9,x7f4adbee2a10,487,-124.24634561708419,0.0,7,[0]
0,9,x7f4adbee2a10,488,-238.801988537036,0.0,7,[0]
0,9,x7f4adbee2a10,489,-100.0,1.0,7,[1]
0,9,x7f4adbee2a10,490,-182.52020222479524,0.0,7,[0]
0,9,x7f4adbee2a10,491,-250.0,0.0,6,[0]
0,9,x7f4adbee2a10,492,-100.0,1.0,6,[0]
0,9,x7f4adbee2a10,493,250.0,0.0,5,[4]
0,9,x7f4adbee2a10,494,250.0,0.0,5,[4]
0,9,x7f4adbee2a10,495,-100.0,1.0,5,[0]
0,9,x7f4adbee2a10,496,250.0,0.0,4,[4]
0,9,x7f4adbee2a10,497,250.0,0.0,4,[4]
0,9,x7f4adbee2a10,498,250.0,0.0,3,[4]
0,9,x7f4adbee2a10,499,250.0,0.0,3,[4]
0,9,x7f4adbee2a10,500,250.0,0.0,2,[4]
0,9,x7f4adbee2a10,501,200.0,1.0,2,[5]
0,9,x7f4adbee2a10,502,50.0,0.0,2,[4]
0,9,x7f4adbee2a10,503,-50.0,0.0,3,[4]
0,9,x7f4adbee2a10,504,250.0,0.0,2,[4]
0,9,x7f4adbee2a10,505,-50.0,0.0,2,[4]
0,9,x7f4adbee2a10,506,400.0,1.0,5,[4]
0,9,x7f4adbee2a10,507,350.0,2.0,5,[0]
0,9,x7f4adbee2a10,508,-50.0,0.0,4,[4]
0,9,x7f4adbee2a10,509,446.55231620804216,2.0,5,[12]
0,9,x7f4adbee2a10,510,250.0,0.0,4,[4]
0,9,x7f4adbee2a10,511,-50.0,0.0,3,[4]
0,9,x7f4adbee2a10,512,-100.0,1.0,3,[6]
0,9,x7f4adbee2a10,513,250.0,0.0,2,[4]
0,9,x7f4adbee2a10,514,149.9285851317597,1.0,5,[6]
0,9,x7f4adbee2a10,515,250.0,0.0,4,[4]
0,9,x7f4adbee2a10,516,500.0080055887747,2.0,4,[7]
0,9,x7f4adbee2a10,517,26.521221953503307,0.0,5,[4]
0,9,x7f4adbee2a10,518,250.0,0.0,3,[4]
0,9,x7f4adbee2a10,519,99.86682317018662,0.0,3,[4]
0,9,x7f4adbee2a10,520,-50.0,0.0,2,[4]
0,9,x7f4adbee2a10,521,250.0,0.0,2,[4]
0,9,x7f4adbee2a10,522,750.0,2.0,3,[5]
0,9,x7f4adbee2a10,523,200.0,1.0,2,[5]
0,9,x7f4adbee2a10,524,200.0,1.0,2,[5]
0,9,x7f4adbee2a10,525,350.0,2.0,2,[0]
0,9,x7f4adbee2a10,526,550.0,2.0,2,[12]
0,9,x7f4adbee2a10,527,467.6380303553499,2.0,3,[0]
0,9,x7f4adbee2a10,528,-50.0,0.0,2,[4]
0,9,x7f4adbee2a10,529,500.00566315375056,2.0,3,[5]
0,9,x7f4adbee2a10,530,-50.0,0.0,3,[4]
0,9,x7f4adbee2a10,531,400.0,1.0,4,[12]
0,9,x7f4adbee2a10,532,250.0,0.0,3,[4]
0,9,x7f4adbee2a10,533,-50.0,0.0,2,[4]
0,9,x7f4adbee2a10,534,250.0,0.0,2,[4]
0,9,x7f4adbee2a10,535,400.0,1.0,5,[4]
0,9,x7f4adbee2a10,536,99.99199441122524,0.0,5,[4]
0,9,x7f4adbee2a10,537,250.0,0.0,4,[4]
0,9,x7f4adbee2a10,538,52.831696198925926,1.0,4,[7]
0,9,x7f4adbee2a10,539,100.29551085069548,0.0,3,[4]
0,9,x7f4adbee2a10,540,250.0,0.0,3,[4]
0,9,x7f4adbee2a10,541,250.0,0.0,2,[4]
0,9,x7f4adbee2a10,542,-50.0,0.0,2,[4]
0,9,x7f4adbee2a10,543,146.94413325645874,0.0,3,[4]
0,9,x7f4adbee2a10,544,550.0,2.0,3,[4]
0,9,x7f4adbee2a10,545,50.005663153750504,1.0,3,[6]
0,9,x7f4adbee2a10,546,250.0,0.0,2,[4]
0,9,x7f4adbee2a10,547,250.0,0.0,2,[4]
0,9,x7f4adbee2a10,548,250.29551085069548,1.0,3,[4]
0,9,x7f4adbee2a10,549,250.0,0.0,2,[4]
0,9,x7f4adbee2a10,550,-50.0,0.0,2,[4]
0,9,x7f4adbee2a10,551,300.6965591393133,1.0,4,[5]
0,9,x7f4adbee2a10,552,161.11194884815424,0.0,4,[4]
0,9,x7f4adbee2a10,553,97.16830380107265,0.0,3,[4]
0,9,x7f4adbee2a10,554,250.0,0.0,3,[4]
0,9,x7f4adbee2a10,555,-50.0,0.0,2,[4]
0,9,x7f4adbee2a10,556,350.0,2.0,2,[5]
0,9,x7f4adbee2a10,557,-100.0,1.0,2,[0]
0,9,x7f4adbee2a10,558,-100.0,1.0,2,[4]
0,9,x7f4adbee2a10,559,250.29551085069548,1.0,3,[4]
0,9,x7f4adbee2a10,560,500.0080055887747,2.0,5,[8]
0,9,x7f4adbee2a10,561,400.0,1.0,5,[4]
0,9,x7f4adbee2a10,562,-1.7293494407585115,1.0,4,[7]
0,9,x7f4adbee2a10,563,97.16830380107406,0.0,4,[4]
0,9,x7f4adbee2a10,564,-250.0,0.0,4,[0]
0,9,x7f4adbee2a10,565,250.0,0.0,3,[4]
0,9,x7f4adbee2a10,566,100.30938220976238,0.0,5,[4]
0,9,x7f4adbee2a10,567,250.0,0.0,4,[4]
0,9,x7f4adbee2a10,568,250.0,0.0,4,[4]
0,9,x7f4adbee2a10,569,-50.0,0.0,3,[4]
0,9,x7f4adbee2a10,570,250.0,0.0,3,[4]
0,9,x7f4adbee2a10,571,-50.0,0.0,2,[4]
0,9,x7f4adbee2a10,572,250.0,0.0,2,[4]
0,9,x7f4adbee2a10,573,-150.35976255799997,0.0,3,[4]
0,9,x7f4adbee2a10,574,850.0,2.0,4,[4]
0,9,x7f4adbee2a10,575,350.0,2.0,3,[6]
0,9,x7f4adbee2a10,576,-50.0,0.0,3,[4]
0,9,x7f4adbee2a10,577,250.0,0.0,2,[4]
0,9,x7f4adbee2a10,578,250.0,0.0,2,[4]
0,9,x7f4adbee2a10,579,750.0,2.0,3,[5]
0,9,x7f4adbee2a10,580,250.30938220976245,1.0,7,[4]
0,9,x7f4adbee2a10,581,-50.0,0.0,2,[0]
0,9,x7f4adbee2a10,582,249.99199441122525,1.0,6,[4]
0,9,x7f4adbee2a10,583,350.0,2.0,6,[0]
0,9,x7f4adbee2a10,584,400.0,1.0,5,[4]
0,9,x7f4adbee2a10,585,250.29551085069548,1.0,5,[4]
0,9,x7f4adbee2a10,586,250.0,0.0,4,[4]
0,9,x7f4adbee2a10,587,87.73488744574198,0.0,4,[4]
0,9,x7f4adbee2a10,588,250.0,0.0,3,[4]
0,9,x7f4adbee2a10,589,250.0,0.0,3,[4]
0,9,x7f4adbee2a10,590,-0.06374847102654299,0.0,4,[4]
0,9,x7f4adbee2a10,591,250.0,0.0,2,[4]
0,9,x7f4adbee2a10,592,-50.0,0.0,2,[4]
0,9,x7f4adbee2a10,593,250.0,0.0,2,[4]
0,9,x7f4adbee2a10,594,300.0,1.0,6,[5]
0,9,x7f4adbee2a10,595,150.29551122787558,1.0,4,[5]
0,9,x7f4adbee2a10,596,100.00121609403578,0.0,4,[4]
0,9,x7f4adbee2a10,597,250.0,0.0,3,[4]
0,9,x7f4adbee2a10,598,-100.00121609403578,0.0,6,[0]
0,9,x7f4adbee2a10,599,97.16830380107265,0.0,5,[4]
0,9,x7f4adbee2a10,600,-100.0,1.0,5,[8]
0,9,x7f4adbee2a10,601,166.17749003073158,0.0,6,[4]
0,9,x7f4adbee2a10,602,-23.19041253918476,0.0,7,[0]
0,9,x7f4adbee2a10,603,-81.80901097237523,0.0,7,[0]
0,9,x7f4adbee2a10,604,-56.244629771222726,0.0,7,[0]
0,9,x7f4adbee2a10,605,-213.4069171942903,0.0,7,[0]
0,9,x7f4adbee2a10,606,-56.08134515680757,0.0,7,[0]
0,9,x7f4adbee2a10,607,-250.0,0.0,6,[0]
0,9,x7f4adbee2a10,608,-250.0,0.0,6,[0]
0,9,x7f4adbee2a10,609,100.00013683249367,0.0,5,[4]
0,9,x7f4adbee2a10,610,250.0,0.0,5,[4]
0,9,x7f4adbee2a10,611,-110.48086512267844,0.0,5,[0]
0,9,x7f4adbee2a10,612,190.94164174686608,0.0,4,[4]
0,9,x7f4adbee2a10,613,250.0,0.0,5,[4]
0,9,x7f4adbee2a10,614,553.9542549494772,2.0,7,[0]
0,9,x7f4adbee2a10,615,57.31686447842856,1.0,7,[0]
0,9,x7f4adbee2a10,616,151.6538225930649,1.0,7,[7]
0,9,x7f4adbee2a10,617,250.0,0.0,2,[0]
0,9,x7f4adbee2a10,618,-4.329232538904661,0.0,7,[0]
0,9,x7f4adbee2a10,619,-226.51223679318883,0.0,7,[0]
0,9,x7f4adbee2a10,620,-82.3229154608465,0.0,7,[0]
0,9,x7f4adbee2a10,621,-168.44063100115085,0.0,7,[0]
0,9,x7f4adbee2a10,622,-95.0806159209336,0.0,7,[0]
0,9,x7f4adbee2a10,623,-179.1658016865408,0.0,7,[0]
0,9,x7f4adbee2a10,624,-88.64827742762942,0.0,7,[0]
0,9,x7f4adbee2a10,625,-235.10741567121923,0.0,7,[0]
0,9,x7f4adbee2a10,626,-90.67224403525637,0.0,7,[0]
0,9,x7f4adbee2a10,627,-235.53732191231407,0.0,7,[0]
0,9,x7f4adbee2a10,628,-108.53254772809703,0.0,7,[0]
0,9,x7f4adbee2a10,629,-100.0,1.0,7,[1]
0,9,x7f4adbee2a10,630,378.30163129405804,2.0,7,[1]
0,9,x7f4adbee2a10,631,-213.461878734952,0.0,7,[0]
0,9,x7f4adbee2a10,632,-90.467619259889,0.0,7,[0]
0,9,x7f4adbee2a10,633,-203.42122403392386,0.0,7,[0]
0,9,x7f4adbee2a10,634,-120.56817146300419,0.0,7,[0]
0,9,x7f4adbee2a10,635,-237.57899645300296,0.0,7,[0]
0,9,x7f4adbee2a10,636,-103.21791175343576,0.0,7,[0]
0,9,x7f4adbee2a10,637,350.0,2.0,7,[1]
0,9,x7f4adbee2a10,638,-188.4497671027741,0.0,7,[0]
0,9,x7f4adbee2a10,639,-131.08606373680388,0.0,7,[0]
0,9,x7f4adbee2a10,640,-132.16058236861858,0.0,7,[0]
0,9,x7f4adbee2a10,641,350.0,2.0,7,[1]
0,9,x7f4adbee2a10,642,-79.43831891069368,1.0,7,[1]
0,9,x7f4adbee2a10,643,-194.0826175884221,0.0,7,[0]
0,9,x7f4adbee2a10,644,-103.38956638890353,0.0,7,[0]
0,9,x7f4adbee2a10,645,-240.54897727134153,0.0,7,[0]
0,9,x7f4adbee2a10,646,350.0,2.0,7,[1]
0,9,x7f4adbee2a10,647,-100.0,1.0,7,[1]
0,9,x7f4adbee2a10,648,350.0,2.0,7,[1]
0,9,x7f4adbee2a10,649,-118.33963887102851,0.0,7,[0]
0,9,x7f4adbee2a10,650,-100.07688722887028,0.0,7,[0]
0,9,x7f4adbee2a10,651,-241.34278474704752,0.0,7,[0]
0,9,x7f4adbee2a10,652,-149.58022343049112,0.0,7,[0]
0,9,x7f4adbee2a10,653,-241.4900350481816,0.0,7,[0]
0,9,x7f4adbee2a10,654,-100.0,1.0,7,[1]
0,9,x7f4adbee2a10,655,-119.02291506200415,0.0,7,[0]
0,9,x7f4adbee2a10,656,-197.93859727270933,0.0,7,[0]
0,9,x7f4adbee2a10,657,-241.77001156960998,0.0,7,[0]
0,9,x7f4adbee2a10,658,-156.40353000836504,0.0,7,[0]
0,9,x7f4adbee2a10,659,-205.7108008876362,0.0,7,[0]
0,9,x7f4adbee2a10,660,-133.43113605461204,0.0,7,[0]
0,9,x7f4adbee2a10,661,-242.3909328395712,0.0,7,[0]
0,9,x7f4adbee2a10,662,-100.0,1.0,7,[1]
0,9,x7f4adbee2a10,663,-128.43833387642596,0.0,7,[0]
0,9,x7f4adbee2a10,664,411.4264999999993,2.0,7,[1]
0,9,x7f4adbee2a10,665,-197.49094372912066,0.0,7,[0]
0,9,x7f4adbee2a10,666,-165.99679020577145,0.0,7,[0]
0,9,x7f4adbee2a10,667,-243.10490798462854,0.0,7,[0]
0,9,x7f4adbee2a10,668,-141.4566777594072,0.0,7,[0]
0,9,x7f4adbee2a10,669,-243.1986619388199,0.0,7,[0]
0,9,x7f4adbee2a10,670,-168.42446663615382,0.0,7,[0]
0,9,x7f4adbee2a10,671,-100.0,1.0,7,[1]
0,9,x7f4adbee2a10,672,-237.0294739268304,0.0,7,[0]
0,9,x7f4adbee2a10,673,350.0,2.0,7,[1]
0,9,x7f4adbee2a10,674,-163.4677336283333,0.0,7,[0]
0,9,x7f4adbee2a10,675,-206.8110045918838,0.0,7,[0]
0,9,x7f4adbee2a10,676,-100.0,1.0,7,[1]
0,9,x7f4adbee2a10,677,-100.0,1.0,7,[1]
0,9,x7f4adbee2a10,678,-144.46823050769035,0.0,7,[0]
0,9,x7f4adbee2a10,679,-244.06568998759704,0.0,7,[0]
0,9,x7f4adbee2a10,680,-151.84273560016175,0.0,7,[0]
0,9,x7f4adbee2a10,681,-244.13527558814394,0.0,7,[0]
0,9,x7f4adbee2a10,682,-177.72154515840293,0.0,7,[0]
0,9,x7f4adbee2a10,683,-244.20324865868673,0.0,7,[0]
0,9,x7f4adbee2a10,684,-154.7927897915781,0.0,7,[0]
0,9,x7f4adbee2a10,685,350.0,2.0,7,[1]
0,9,x7f4adbee2a10,686,-51.57806201171938,1.0,7,[1]
0,9,x7f4adbee2a10,687,-100.0,1.0,7,[1]
0,9,x7f4adbee2a10,688,-79.11219120782391,1.0,7,[1]
0,9,x7f4adbee2a10,689,-100.0,1.0,7,[1]
0,9,x7f4adbee2a10,690,-205.36267387607984,0.0,7,[0]
0,9,x7f4adbee2a10,691,-167.09908981165768,0.0,7,[0]
0,9,x7f4adbee2a10,692,-100.0,1.0,7,[1]
0,9,x7f4adbee2a10,693,-155.25361294130727,0.0,7,[0]
0,9,x7f4adbee2a10,694,-244.66708067760845,0.0,7,[0]
0,9,x7f4adbee2a10,695,-244.69536311891503,0.0,7,[0]
0,9,x7f4adbee2a10,696,-162.8599713787592,0.0,7,[0]
0,9,x7f4adbee2a10,697,-244.75103770644043,0.0,7,[0]
0,9,x7f4adbee2a10,698,-164.06477001239733,0.0,7,[0]
0,9,x7f4adbee2a10,699,-244.8055560423627,0.0,7,[0]
0,9,x7f4adbee2a10,700,-188.01657181748345,0.0,7,[0]
0,9,x7f4adbee2a10,701,-244.85895376770713,0.0,7,[0]
0,9,x7f4adbee2a10,702,-166.38308145227325,0.0,7,[0]
0,9,x7f4adbee2a10,703,-244.9112650739125,0.0,7,[0]
0,9,x7f4adbee2a10,704,-245.25579428181044,0.0,7,[0]
0,9,x7f4adbee2a10,705,-95.55293373738849,0.0,7,[0]
0,9,x7f4adbee2a10,706,-100.0,1.0,7,[1]
0,9,x7f4adbee2a10,707,-239.69524616525405,0.0,7,[0]
0,9,x7f4adbee2a10,708,-99.50696469489515,0.0,7,[0]
0,9,x7f4adbee2a10,709,-244.51512465549112,0.0,7,[0]
0,9,x7f4adbee2a10,710,-66.00407967803955,0.0,7,[0]
0,9,x7f4adbee2a10,711,-243.58027823257493,0.0,7,[0]
0,9,x7f4adbee2a10,712,-245.129867823008,0.0,7,[0]
0,9,x7f4adbee2a10,713,-100.0,1.0,7,[1]
0,9,x7f4adbee2a10,714,-100.0,1.0,7,[1]
0,9,x7f4adbee2a10,715,-146.50172791175,0.0,7,[0]
0,9,x7f4adbee2a10,716,-243.8225148399303,0.0,7,[0]
0,9,x7f4adbee2a10,717,-100.0,1.0,7,[1]
0,9,x7f4adbee2a10,718,-171.14000605930528,0.0,7,[0]
0,9,x7f4adbee2a10,719,-194.93447958454513,0.0,7,[0]
0,9,x7f4adbee2a10,720,-244.60391744255094,0.0,7,[0]
0,9,x7f4adbee2a10,721,-250.0,0.0,6,[0]
0,9,x7f4adbee2a10,722,-100.0,1.0,6,[0]
0,9,x7f4adbee2a10,723,250.0,0.0,5,[4]
0,9,x7f4adbee2a10,724,-100.0,1.0,5,[8]
0,9,x7f4adbee2a10,725,143.7111790081332,0.0,6,[4]
0,9,x7f4adbee2a10,726,233.17858664722831,0.0,4,[4]
0,9,x7f4adbee2a10,727,210.27633415592697,0.0,4,[4]
0,9,x7f4adbee2a10,728,250.0,0.0,3,[4]
0,9,x7f4adbee2a10,729,-100.0,1.0,3,[6]
0,9,x7f4adbee2a10,730,-50.0,0.0,2,[4]
0,9,x7f4adbee2a10,731,250.0,0.0,2,[4]
0,9,x7f4adbee2a10,732,-151.72934944074416,0.0,4,[0]
0,9,x7f4adbee2a10,733,-18.160820142790215,0.0,7,[0]
0,9,x7f4adbee2a10,734,499.94828079089166,2.0,7,[1]
0,9,x7f4adbee2a10,735,350.0,2.0,7,[1]
0,9,x7f4adbee2a10,736,-150.00000004078177,0.0,7,[0]
0,9,x7f4adbee2a10,737,-215.96329621061597,0.0,7,[0]
0,9,x7f4adbee2a10,738,-6.4380991479974465,0.0,7,[0]
0,9,x7f4adbee2a10,739,-220.8531517563053,0.0,7,[0]
0,9,x7f4adbee2a10,740,350.0,2.0,7,[1]
0,9,x7f4adbee2a10,741,-206.00644182271319,0.0,7,[0]
0,9,x7f4adbee2a10,742,-227.80800229207455,0.0,7,[0]
0,9,x7f4adbee2a10,743,-101.44596488712179,0.0,7,[0]
0,9,x7f4adbee2a10,744,-83.80563198891977,0.0,7,[0]
0,9,x7f4adbee2a10,745,-224.74733531856987,0.0,7,[0]
0,9,x7f4adbee2a10,746,-91.4823780887001,0.0,7,[0]
0,9,x7f4adbee2a10,747,-75.60418362200352,0.0,7,[0]
0,9,x7f4adbee2a10,748,-229.782579153904,0.0,7,[0]
0,9,x7f4adbee2a10,749,-234.7913655123333,0.0,7,[0]
0,9,x7f4adbee2a10,750,350.0,2.0,7,[1]
0,9,x7f4adbee2a10,751,350.0,2.0,7,[1]
0,9,x7f4adbee2a10,752,-27.904355498597127,0.0,7,[0]
0,9,x7f4adbee2a10,753,-232.99551917096449,0.0,7,[0]
0,9,x7f4adbee2a10,754,-82.10719333947362,0.0,7,[0]
0,9,x7f4adbee2a10,755,-233.5904855716952,0.0,7,[0]
0,9,x7f4adbee2a10,756,-47.22524696656838,1.0,7,[1]
0,9,x7f4adbee2a10,757,-84.89556499318616,0.0,7,[0]
0,9,x7f4adbee2a10,758,-197.77672766313782,0.0,7,[0]
0,9,x7f4adbee2a10,759,-118.25118263718645,0.0,7,[0]
0,9,x7f4adbee2a10,760,-236.41580163191134,0.0,7,[0]
0,9,x7f4adbee2a10,761,-99.5524079898144,0.0,7,[0]
0,9,x7f4adbee2a10,762,-226.44599651271574,0.0,7,[0]
0,9,x7f4adbee2a10,763,350.0,2.0,7,[1]
0,9,x7f4adbee2a10,764,350.0,2.0,7,[1]
0,9,x7f4adbee2a10,765,-40.344606353984915,0.0,7,[0]
0,9,x7f4adbee2a10,766,389.9414407128238,2.0,7,[1]
0,9,x7f4adbee2a10,767,-197.44241384286477,0.0,7,[0]
0,9,x7f4adbee2a10,768,-100.0,1.0,7,[1]
0,9,x7f4adbee2a10,769,-101.56359735665944,0.0,7,[0]
0,9,x7f4adbee2a10,770,-148.7332834614214,0.0,7,[0]
0,9,x7f4adbee2a10,771,-239.21102366672892,0.0,7,[0]
0,9,x7f4adbee2a10,772,-125.58765738451926,0.0,7,[0]
0,9,x7f4adbee2a10,773,-240.10370533326827,0.0,7,[0]
0,9,x7f4adbee2a10,774,350.0,2.0,7,[1]
0,9,x7f4adbee2a10,775,-100.0,1.0,7,[1]
0,9,x7f4adbee2a10,776,-45.286738232210446,0.0,7,[0]
0,9,x7f4adbee2a10,777,-239.9389694481173,0.0,7,[0]
0,9,x7f4adbee2a10,778,-241.50443187658746,0.0,7,[0]
0,9,x7f4adbee2a10,779,-121.93926856304441,0.0,7,[0]
0,9,x7f4adbee2a10,780,-241.66399802475706,0.0,7,[0]
0,9,x7f4adbee2a10,781,-169.58670344792415,0.0,7,[0]
0,9,x7f4adbee2a10,782,-211.27246387262102,0.0,7,[0]
0,9,x7f4adbee2a10,783,-100.0,1.0,7,[1]
0,9,x7f4adbee2a10,784,-100.0,1.0,7,[1]
0,9,x7f4adbee2a10,785,-100.0,1.0,7,[1]
0,9,x7f4adbee2a10,786,-87.32894932501262,0.0,7,[0]
0,9,x7f4adbee2a10,787,-201.85501022730838,0.0,7,[0]
0,9,x7f4adbee2a10,788,-141.58932689141434,0.0,7,[0]
0,9,x7f4adbee2a10,789,-86.21214679670959,1.0,7,[1]
0,9,x7f4adbee2a10,790,-235.09219457858774,0.0,7,[0]
0,9,x7f4adbee2a10,791,-204.13310932019687,0.0,7,[0]
0,9,x7f4adbee2a10,792,-145.088245412162,0.0,7,[0]
0,9,x7f4adbee2a10,793,-242.9467647804647,0.0,7,[0]
0,9,x7f4adbee2a10,794,-159.1942603295288,0.0,7,[0]
0,9,x7f4adbee2a10,795,-100.0,1.0,7,[1]
0,9,x7f4adbee2a10,796,-153.92613856787088,0.0,7,[0]
0,9,x7f4adbee2a10,797,-95.6024517600684,0.0,7,[0]
0,9,x7f4adbee2a10,798,-149.43834113564589,0.0,7,[0]
0,9,x7f4adbee2a10,799,-243.456946643883,0.0,7,[0]
0,9,x7f4adbee2a10,800,-166.75252671439364,0.0,7,[0]
0,9,x7f4adbee2a10,801,-158.10383003356992,0.0,7,[0]
0,9,x7f4adbee2a10,802,-206.76818410704675,0.0,7,[0]
0,9,x7f4adbee2a10,803,-172.9615243257261,0.0,7,[0]
0,9,x7f4adbee2a10,804,-243.99232064265993,0.0,7,[0]
0,9,x7f4adbee2a10,805,-156.38112449203106,0.0,7,[0]
0,9,x7f4adbee2a10,806,-231.85023116263307,0.0,7,[0]
0,9,x7f4adbee2a10,807,-242.97653274387903,0.0,7,[0]
0,9,x7f4adbee2a10,808,-243.84430623038375,0.0,7,[0]
0,9,x7f4adbee2a10,809,-142.6068200721537,0.0,7,[0]
0,9,x7f4adbee2a10,810,-238.94107104298604,0.0,7,[0]
0,9,x7f4adbee2a10,811,-250.0,0.0,6,[0]
0,9,x7f4adbee2a10,812,-250.0,0.0,6,[0]
0,9,x7f4adbee2a10,813,250.0,0.0,5,[4]
0,9,x7f4adbee2a10,814,-89.01244918397687,1.0,7,[0]
0,9,x7f4adbee2a10,815,-100.0,1.0,7,[1]
0,9,x7f4adbee2a10,816,-135.88256917684905,0.0,7,[0]
0,9,x7f4adbee2a10,817,-215.029275532069,0.0,7,[0]
0,9,x7f4adbee2a10,818,-242.98641890565776,0.0,7,[0]
0,9,x7f4adbee2a10,819,-250.0,0.0,6,[0]
0,9,x7f4adbee2a10,820,-250.0,0.0,6,[0]
0,9,x7f4adbee2a10,821,176.41438608452717,0.0,5,[4]
0,9,x7f4adbee2a10,822,250.0,0.0,5,[4]
0,9,x7f4adbee2a10,823,250.0,0.0,4,[4]
0,9,x7f4adbee2a10,824,350.0,2.0,4,[7]
0,9,x7f4adbee2a10,825,153.6224602174242,0.0,5,[4]
0,9,x7f4adbee2a10,826,250.0,0.0,3,[4]
0,9,x7f4adbee2a10,827,350.0,2.0,7,[1]
0,9,x7f4adbee2a10,828,-100.30938220976243,0.0,6,[0]
0,9,x7f4adbee2a10,829,-129.1105579720636,0.0,6,[0]
0,9,x7f4adbee2a10,830,-185.89104327522213,0.0,7,[0]
0,9,x7f4adbee2a10,831,-100.0,1.0,7,[1]
0,9,x7f4adbee2a10,832,-0.0003124266188413812,0.0,7,[0]
0,9,x7f4adbee2a10,833,-221.31815752684284,0.0,7,[0]
0,9,x7f4adbee2a10,834,-76.57416804782447,0.0,7,[0]
0,9,x7f4adbee2a10,835,490.06711684000845,2.0,7,[1]
0,9,x7f4adbee2a10,836,-207.53518084462732,0.0,7,[0]
0,9,x7f4adbee2a10,837,350.0,2.0,7,[1]
0,9,x7f4adbee2a10,838,-210.0091019468859,0.0,7,[0]
0,9,x7f4adbee2a10,839,-105.20305451483854,0.0,7,[0]
0,9,x7f4adbee2a10,840,-76.10157261765409,0.0,7,[0]
0,9,x7f4adbee2a10,841,-230.53509826737528,0.0,7,[0]
0,9,x7f4adbee2a10,842,-76.09994722642574,0.0,7,[0]
0,9,x7f4adbee2a10,843,-230.46583982831453,0.0,7,[0]
0,9,x7f4adbee2a10,844,-100.0,1.0,7,[1]
0,9,x7f4adbee2a10,845,-81.40910174719627,0.0,7,[0]
0,9,x7f4adbee2a10,846,-69.08351876272476,1.0,7,[1]
0,9,x7f4adbee2a10,847,-100.0,1.0,7,[1]
0,9,x7f4adbee2a10,848,-108.49307513666746,0.0,7,[0]
0,9,x7f4adbee2a10,849,-71.42269431904037,0.0,7,[0]
0,9,x7f4adbee2a10,850,-232.49807131615918,0.0,7,[0]
0,9,x7f4adbee2a10,851,-100.0,1.0,7,[1]
0,9,x7f4adbee2a10,852,-109.67476627915853,0.0,7,[0]
0,9,x7f4adbee2a10,853,-142.44261177392758,0.0,7,[0]
0,9,x7f4adbee2a10,854,-190.05807802664435,0.0,7,[0]
0,9,x7f4adbee2a10,855,-236.20589220812235,0.0,7,[0]
0,9,x7f4adbee2a10,856,-100.0,1.0,7,[1]
0,9,x7f4adbee2a10,857,-100.0,1.0,7,[1]
0,9,x7f4adbee2a10,858,-23.3880952913172,0.0,7,[0]
0,9,x7f4adbee2a10,859,350.0,2.0,7,[1]
0,9,x7f4adbee2a10,860,-154.3602058823791,0.0,7,[0]
0,9,x7f4adbee2a10,861,-100.0,1.0,7,[1]
0,9,x7f4adbee2a10,862,-173.9947420005738,0.0,7,[0]
0,9,x7f4adbee2a10,863,-186.10902577180232,0.0,7,[0]
0,9,x7f4adbee2a10,864,-121.53586033340162,0.0,7,[0]
0,9,x7f4adbee2a10,865,-239.91705984126762,0.0,7,[0]
0,9,x7f4adbee2a10,866,-100.0,1.0,7,[1]
0,9,x7f4adbee2a10,867,-102.32631257457197,0.0,7,[0]
0,9,x7f4adbee2a10,868,350.0,2.0,7,[1]
0,9,x7f4adbee2a10,869,-229.24494797259655,0.0,7,[0]
0,9,x7f4adbee2a10,870,-240.89789497955275,0.0,7,[0]
0,9,x7f4adbee2a10,871,-100.0,1.0,7,[1]
0,9,x7f4adbee2a10,872,-105.7488428768523,0.0,7,[0]
0,9,x7f4adbee2a10,873,-147.1488284917716,0.0,7,[0]
0,9,x7f4adbee2a10,874,350.0,2.0,7,[1]
0,9,x7f4adbee2a10,875,-194.99184002613865,0.0,7,[0]
0,9,x7f4adbee2a10,876,-108.34515891827913,0.0,7,[0]
0,9,x7f4adbee2a10,877,-241.5475037402668,0.0,7,[0]
0,9,x7f4adbee2a10,878,-134.02232170025505,0.0,7,[0]
0,9,x7f4adbee2a10,879,-239.61686160114616,0.0,7,[0]
0,9,x7f4adbee2a10,880,-67.76344831735966,0.0,7,[0]
0,9,x7f4adbee2a10,881,-100.0,1.0,7,[1]
0,9,x7f4adbee2a10,882,-206.09187010824542,0.0,7,[0]
0,9,x7f4adbee2a10,883,-203.05343044525776,0.0,7,[0]
0,9,x7f4adbee2a10,884,-143.39389257997368,0.0,7,[0]
0,9,x7f4adbee2a10,885,-86.56473616750162,1.0,7,[1]
0,9,x7f4adbee2a10,886,-235.36680244651924,0.0,7,[0]
0,9,x7f4adbee2a10,887,-205.22133597605546,0.0,7,[0]
0,9,x7f4adbee2a10,888,-243.0267914257993,0.0,7,[0]
0,9,x7f4adbee2a10,889,-137.58526356544414,0.0,7,[0]
0,9,x7f4adbee2a10,890,-241.86979902312663,0.0,7,[0]
0,9,x7f4adbee2a10,891,-139.4753817664856,0.0,7,[0]
0,9,x7f4adbee2a10,892,-117.62871259353598,0.0,7,[0]
0,9,x7f4adbee2a10,893,-243.27725147097368,0.0,7,[0]
0,9,x7f4adbee2a10,894,-114.92931606782518,0.0,7,[0]
0,9,x7f4adbee2a10,895,-190.5123095034661,0.0,7,[0]
0,9,x7f4adbee2a10,896,-245.1475058576725,0.0,7,[0]
0,9,x7f4adbee2a10,897,-152.98426010171363,0.0,7,[0]
0,9,x7f4adbee2a10,898,-243.07011438688002,0.0,7,[0]
0,9,x7f4adbee2a10,899,350.0,2.0,7,[1]
0,9,x7f4adbee2a10,900,-250.0,0.0,6,[0]
0,9,x7f4adbee2a10,901,350.0,2.0,6,[0]
0,9,x7f4adbee2a10,902,250.0,0.0,5,[4]
0,9,x7f4adbee2a10,903,250.0,0.0,5,[4]
0,9,x7f4adbee2a10,904,175.95184119369986,0.0,4,[4]
0,9,x7f4adbee2a10,905,250.0,0.0,4,[4]
0,9,x7f4adbee2a10,906,-237.12450310802564,0.0,4,[0]
0,9,x7f4adbee2a10,907,453.36881380698804,2.0,7,[0]
0,9,x7f4adbee2a10,908,37.45785359796167,1.0,6,[7]
0,9,x7f4adbee2a10,909,-166.3994187562883,0.0,7,[0]
0,9,x7f4adbee2a10,910,350.0,2.0,7,[1]
0,9,x7f4adbee2a10,911,-203.1344199751857,0.0,7,[0]
0,9,x7f4adbee2a10,912,-194.34782191216948,0.0,7,[0]
0,9,x7f4adbee2a10,913,-155.7039995201931,0.0,7,[0]
0,9,x7f4adbee2a10,914,-245.67586354340818,0.0,7,[0]
0,9,x7f4adbee2a10,915,350.0,2.0,7,[1]
0,9,x7f4adbee2a10,916,-250.0,0.0,6,[0]
0,9,x7f4adbee2a10,917,-250.0,0.0,6,[0]
0,9,x7f4adbee2a10,918,250.0,0.0,5,[4]
0,9,x7f4adbee2a10,919,104.79857326781534,0.0,5,[4]
0,9,x7f4adbee2a10,920,250.0,0.0,4,[4]
0,9,x7f4adbee2a10,921,250.0,0.0,4,[4]
0,9,x7f4adbee2a10,922,250.0,0.0,3,[4]
0,9,x7f4adbee2a10,923,97.16830380107265,0.0,3,[4]
0,9,x7f4adbee2a10,924,-16.05203780785365,0.0,4,[4]
0,9,x7f4adbee2a10,925,-50.0,0.0,2,[4]
0,9,x7f4adbee2a10,926,250.0,0.0,2,[4]
0,9,x7f4adbee2a10,927,454.22166806898747,2.0,5,[5]
0,9,x7f4adbee2a10,928,400.0,1.0,6,[4]
0,9,x7f4adbee2a10,929,133.07870736191185,1.0,6,[7]
0,9,x7f4adbee2a10,930,250.0,0.0,5,[4]
0,9,x7f4adbee2a10,931,141.0024855495582,1.0,6,[12]
0,9,x7f4adbee2a10,932,102.49801935994525,0.0,5,[4]
0,9,x7f4adbee2a10,933,250.0,0.0,4,[4]
0,9,x7f4adbee2a10,934,-1.7293494407585115,1.0,4,[7]
0,9,x7f4adbee2a10,935,250.0,0.0,3,[4]
0,9,x7f4adbee2a10,936,-50.0,0.0,3,[4]
0,9,x7f4adbee2a10,937,250.0,0.0,2,[4]
0,9,x7f4adbee2a10,938,250.0,0.0,2,[4]
0,9,x7f4adbee2a10,939,50.0,0.0,2,[0]
0,9,x7f4adbee2a10,940,297.18486934314325,1.0,4,[6]
0,9,x7f4adbee2a10,941,250.0,0.0,3,[4]
0,9,x7f4adbee2a10,942,-50.0,0.0,3,[4]
0,9,x7f4adbee2a10,943,-50.0,0.0,2,[4]
0,9,x7f4adbee2a10,944,250.0,0.0,2,[4]
0,9,x7f4adbee2a10,945,650.0,2.0,2,[0]
0,9,x7f4adbee2a10,946,567.2265077215914,2.0,4,[6]
0,9,x7f4adbee2a10,947,-50.0,0.0,3,[4]
0,9,x7f4adbee2a10,948,250.0,0.0,3,[4]
0,9,x7f4adbee2a10,949,250.0,0.0,2,[4]
0,9,x7f4adbee2a10,950,-50.0,0.0,2,[4]
0,9,x7f4adbee2a10,951,-250.0,0.0,2,[0]
0,9,x7f4adbee2a10,952,166.9004641874237,1.0,5,[5]
0,9,x7f4adbee2a10,953,-100.00013683249367,0.0,5,[0]
0,9,x7f4adbee2a10,954,250.0,0.0,4,[4]
0,9,x7f4adbee2a10,955,102.49801935994525,0.0,5,[4]
0,9,x7f4adbee2a10,956,250.0,0.0,3,[4]
0,9,x7f4adbee2a10,957,99.86682317018656,0.0,3,[4]
0,9,x7f4adbee2a10,958,-50.0,0.0,2,[4]
0,9,x7f4adbee2a10,959,350.0,2.0,2,[5]
0,9,x7f4adbee2a10,960,750.0000133983161,2.0,3,[5]
0,9,x7f4adbee2a10,961,400.0,1.0,2,[4]
0,9,x7f4adbee2a10,962,155.8918711621696,1.0,5,[7]
0,9,x7f4adbee2a10,963,99.99199441122524,0.0,5,[4]
0,9,x7f4adbee2a10,964,250.0,0.0,4,[4]
0,9,x7f4adbee2a10,965,161.11194884815424,0.0,4,[4]
0,9,x7f4adbee2a10,966,49.999863167506334,1.0,5,[7]
0,9,x7f4adbee2a10,967,97.16830380107406,0.0,3,[4]
0,9,x7f4adbee2a10,968,-1.7293494407585115,1.0,3,[6]
0,9,x7f4adbee2a10,969,250.0,0.0,2,[4]
0,9,x7f4adbee2a10,970,-50.0,0.0,2,[4]
0,9,x7f4adbee2a10,971,750.4115226337449,2.0,4,[5]
0,9,x7f4adbee2a10,972,141.5557566757474,0.0,3,[4]
0,9,x7f4adbee2a10,973,97.16830380107406,0.0,3,[4]
0,9,x7f4adbee2a10,974,250.0,0.0,2,[4]
0,9,x7f4adbee2a10,975,-50.0,0.0,2,[4]
0,9,x7f4adbee2a10,976,-250.0,0.0,2,[0]
0,9,x7f4adbee2a10,977,650.0,2.0,2,[4]
0,9,x7f4adbee2a10,978,697.1683038010741,2.0,3,[4]
0,9,x7f4adbee2a10,979,400.0,1.0,3,[4]
0,9,x7f4adbee2a10,980,100.0,1.0,2,[4]
0,9,x7f4adbee2a10,981,250.0,0.0,2,[4]
0,9,x7f4adbee2a10,982,650.0,2.0,2,[5]
0,9,x7f4adbee2a10,983,250.30938220976225,1.0,6,[4]
0,9,x7f4adbee2a10,984,102.49801935994525,0.0,5,[4]
0,9,x7f4adbee2a10,985,50.00800558877475,1.0,5,[0]
0,9,x7f4adbee2a10,986,250.0,0.0,4,[4]
0,9,x7f4adbee2a10,987,97.16830380107406,0.0,4,[4]
0,9,x7f4adbee2a10,988,250.0,0.0,3,[4]
0,9,x7f4adbee2a10,989,-50.0,0.0,3,[4]
0,9,x7f4adbee2a10,990,-50.0,0.0,2,[4]
0,9,x7f4adbee2a10,991,250.0,0.0,2,[4]
0,9,x7f4adbee2a10,992,450.0512559582188,2.0,6,[6]
0,9,x7f4adbee2a10,993,442.64154967956796,2.0,5,[7]
0,9,x7f4adbee2a10,994,600.2888494578023,2.0,6,[12]
0,9,x7f4adbee2a10,995,100.00013683249367,0.0,5,[4]
0,9,x7f4adbee2a10,996,250.0,0.0,4,[4]
0,9,x7f4adbee2a10,997,250.0,0.0,4,[4]
0,9,x7f4adbee2a10,998,250.0,0.0,3,[4]
0,9,x7f4adbee2a10,999,-100.0,1.0,3,[6]
0,9,x7f4adbee2a10,1000,-50.0,0.0,2,[4]
0,9,x7f4adbee2a10,1001,250.0,0.0,2,[4]
0,9,x7f4adbee2a10,1002,-250.0,0.0,2,[0]
0,9,x7f4adbee2a10,1003,250.0,0.0,4,[4]
0,9,x7f4adbee2a10,1004,97.16830380107406,0.0,4,[4]
0,9,x7f4adbee2a10,1005,250.0,0.0,3,[4]
0,9,x7f4adbee2a10,1006,-50.0,0.0,3,[4]
0,9,x7f4adbee2a10,1007,250.0,0.0,2,[4]
0,9,x7f4adbee2a10,1008,-50.0,0.0,2,[4]
0,9,x7f4adbee2a10,1009,-100.0,1.0,3,[5]
0,9,x7f4adbee2a10,1010,-50.0,0.0,2,[4]
0,9,x7f4adbee2a10,1011,250.0,0.0,2,[4]
0,9,x7f4adbee2a10,1012,450.0,2.0,3,[5]
0,9,x7f4adbee2a10,1013,400.0,1.0,5,[4]
0,9,x7f4adbee2a10,1014,699.9919944112253,2.0,6,[12]
0,9,x7f4adbee2a10,1015,152.29901552426873,1.0,5,[5]
0,9,x7f4adbee2a10,1016,250.0,0.0,4,[4]
0,9,x7f4adbee2a10,1017,250.0,0.0,4,[4]
0,9,x7f4adbee2a10,1018,97.16830380107406,0.0,3,[4]
0,9,x7f4adbee2a10,1019,250.0,0.0,3,[4]
0,9,x7f4adbee2a10,1020,-50.0,0.0,2,[4]
0,9,x7f4adbee2a10,1021,-100.0,1.0,2,[5]
0,9,x7f4adbee2a10,1022,-250.0,0.0,2,[0]
0,9,x7f4adbee2a10,1023,250.0,0.0,3,[4]
0,9,x7f4adbee2a10,1024,-8.605348528427253,0.0,4,[4]
0,9,x7f4adbee2a10,1025,250.0,0.0,2,[4]
0,9,x7f4adbee2a10,1026,-50.0,0.0,2,[4]
0,9,x7f4adbee2a10,1027,250.0,0.0,3,[4]
0,9,x7f4adbee2a10,1028,-50.0,0.0,3,[4]
0,9,x7f4adbee2a10,1029,250.0,0.0,2,[4]
0,9,x7f4adbee2a10,1030,-50.0,0.0,2,[4]
0,9,x7f4adbee2a10,1031,-100.0,1.0,3,[5]
0,9,x7f4adbee2a10,1032,52.831696198925926,1.0,3,[6]
0,9,x7f4adbee2a10,1033,9.048136597913825,0.0,4,[4]
0,9,x7f4adbee2a10,1034,-50.0,0.0,2,[4]
0,9,x7f4adbee2a10,1035,200.0,1.0,2,[5]
0,9,x7f4adbee2a10,1036,100.0,1.0,4,[4]
0,9,x7f4adbee2a10,1037,149.96661686979994,1.0,5,[5]
0,9,x7f4adbee2a10,1038,-13.168724279839871,1.0,6,[8]
0,9,x7f4adbee2a10,1039,350.0,2.0,6,[0]
0,9,x7f4adbee2a10,1040,250.0,0.0,5,[4]
0,9,x7f4adbee2a10,1041,250.0,0.0,5,[4]
0,9,x7f4adbee2a10,1042,-50.0,0.0,4,[4]
0,9,x7f4adbee2a10,1043,-173.3286702828679,0.0,7,[0]
0,9,x7f4adbee2a10,1044,-101.86718921981682,0.0,6,[0]
0,9,x7f4adbee2a10,1045,350.0,2.0,6,[0]
0,9,x7f4adbee2a10,1046,250.0,0.0,5,[4]
0,9,x7f4adbee2a10,1047,250.0,0.0,5,[4]
0,9,x7f4adbee2a10,1048,250.0,0.0,4,[4]
0,9,x7f4adbee2a10,1049,100.00013683249367,0.0,4,[4]
0,9,x7f4adbee2a10,1050,599.4660388589022,2.0,7,[7]
0,9,x7f4adbee2a10,1051,250.0,0.0,2,[0]
0,9,x7f4adbee2a10,1052,-106.61661017658315,0.0,7,[0]
0,9,x7f4adbee2a10,1053,-100.0,1.0,7,[1]
0,9,x7f4adbee2a10,1054,-104.86639175592647,0.0,6,[0]
0,9,x7f4adbee2a10,1055,-0.5535831024211291,1.0,6,[0]
0,9,x7f4adbee2a10,1056,250.0,0.0,5,[4]
0,9,x7f4adbee2a10,1057,250.0,0.0,5,[4]
0,9,x7f4adbee2a10,1058,36.4046085358118,1.0,7,[0]
0,9,x7f4adbee2a10,1059,-101.86718921981637,0.0,6,[0]
0,9,x7f4adbee2a10,1060,-250.0,0.0,6,[0]
0,9,x7f4adbee2a10,1061,-49.133130384156296,0.0,7,[0]
0,9,x7f4adbee2a10,1062,-100.0,1.0,7,[1]
0,9,x7f4adbee2a10,1063,-4.919827908128754,0.0,7,[0]
0,9,x7f4adbee2a10,1064,-226.98527379185361,0.0,7,[0]
0,9,x7f4adbee2a10,1065,-100.0,1.0,7,[1]
0,9,x7f4adbee2a10,1066,350.0,2.0,7,[1]
0,9,x7f4adbee2a10,1067,-100.0,1.0,7,[1]
0,9,x7f4adbee2a10,1068,350.0,2.0,7,[1]
0,9,x7f4adbee2a10,1069,-6.590136620071075,0.0,7,[0]
0,9,x7f4adbee2a10,1070,-100.0,1.0,7,[1]
0,9,x7f4adbee2a10,1071,-63.63398090386894,0.0,7,[0]
0,9,x7f4adbee2a10,1072,-233.04367241114022,0.0,7,[0]
0,9,x7f4adbee2a10,1073,-100.0,1.0,7,[1]
0,9,x7f4adbee2a10,1074,-104.80063106720402,0.0,7,[0]
0,9,x7f4adbee2a10,1075,350.0,2.0,7,[1]
0,9,x7f4adbee2a10,1076,-69.06376207339191,0.0,7,[0]
0,9,x7f4adbee2a10,1077,-100.0,1.0,7,[1]
0,9,x7f4adbee2a10,1078,-69.08710266222735,0.0,7,[0]
0,9,x7f4adbee2a10,1079,-234.94875269124287,0.0,7,[0]
0,9,x7f4adbee2a10,1080,-138.91722052081897,0.0,7,[0]
0,9,x7f4adbee2a10,1081,-250.0,0.0,6,[0]
0,9,x7f4adbee2a10,1082,-16.44272215278602,1.0,7,[1]
0,9,x7f4adbee2a10,1083,-68.19848314569623,0.0,7,[0]
0,9,x7f4adbee2a10,1084,-233.84187395948032,0.0,7,[0]
0,9,x7f4adbee2a10,1085,-103.50817023444456,0.0,7,[0]
0,9,x7f4adbee2a10,1086,-235.3649118631812,0.0,7,[0]
0,9,x7f4adbee2a10,1087,-129.82962903663844,0.0,7,[0]
0,9,x7f4adbee2a10,1088,-25.59227245493011,1.0,7,[1]
0,9,x7f4adbee2a10,1089,350.0,2.0,7,[1]
0,9,x7f4adbee2a10,1090,-79.10474383110557,1.0,7,[1]
0,9,x7f4adbee2a10,1091,-62.70531425267137,0.0,7,[0]
0,9,x7f4adbee2a10,1092,-238.25473014046287,0.0,7,[0]
0,9,x7f4adbee2a10,1093,-135.0778500131616,0.0,7,[0]
0,9,x7f4adbee2a10,1094,-250.0,0.0,6,[0]
0,9,x7f4adbee2a10,1095,-100.0,1.0,6,[0]
0,9,x7f4adbee2a10,1096,101.86718921981702,0.0,5,[4]
0,9,x7f4adbee2a10,1097,147.1494335610272,0.0,5,[4]
0,9,x7f4adbee2a10,1098,250.0,0.0,4,[4]
0,9,x7f4adbee2a10,1099,139.55921116804728,0.0,4,[4]
0,9,x7f4adbee2a10,1100,-250.0,0.0,4,[0]
0,9,x7f4adbee2a10,1101,-100.0,1.0,7,[1]
0,9,x7f4adbee2a10,1102,-183.0163015388661,0.0,6,[0]
0,9,x7f4adbee2a10,1103,-81.65608602164403,1.0,6,[0]
0,9,x7f4adbee2a10,1104,250.0,0.0,5,[4]
0,9,x7f4adbee2a10,1105,-100.0,1.0,5,[8]
0,9,x7f4adbee2a10,1106,87.73488744574797,0.0,4,[4]
0,9,x7f4adbee2a10,1107,250.0,0.0,4,[4]
0,9,x7f4adbee2a10,1108,151.21414449505795,0.0,5,[4]
0,9,x7f4adbee2a10,1109,250.0,0.0,3,[4]
0,9,x7f4adbee2a10,1110,-162.72432102605586,0.0,7,[0]
0,9,x7f4adbee2a10,1111,470.8894420279232,2.0,7,[1]
0,9,x7f4adbee2a10,1112,350.0,2.0,7,[1]
0,9,x7f4adbee2a10,1113,-0.007483575599593673,0.0,7,[0]
0,9,x7f4adbee2a10,1114,-209.29485942552859,0.0,7,[0]
0,9,x7f4adbee2a10,1115,-57.54463122260668,0.0,7,[0]
0,9,x7f4adbee2a10,1116,-215.87368479281741,0.0,7,[0]
0,9,x7f4adbee2a10,1117,-61.3806403215432,0.0,7,[0]
0,9,x7f4adbee2a10,1118,-250.0,0.0,6,[0]
0,9,x7f4adbee2a10,1119,-250.0,0.0,6,[0]
0,9,x7f4adbee2a10,1120,250.0,0.0,5,[4]
0,9,x7f4adbee2a10,1121,350.0,2.0,5,[8]
0,9,x7f4adbee2a10,1122,-100.0,1.0,5,[0]
0,9,x7f4adbee2a10,1123,-60.134866796373714,0.0,7,[0]
0,9,x7f4adbee2a10,1124,-206.77230636169395,0.0,6,[0]
0,9,x7f4adbee2a10,1125,-100.0,1.0,7,[1]
0,9,x7f4adbee2a10,1126,421.76496619715215,2.0,7,[1]
0,9,x7f4adbee2a10,1127,350.0,2.0,7,[1]
0,9,x7f4adbee2a10,1128,-17.47858669054828,0.0,7,[0]
0,9,x7f4adbee2a10,1129,-98.91660965585785,0.0,7,[0]
0,9,x7f4adbee2a10,1130,-233.12150957944078,0.0,7,[0]
0,9,x7f4adbee2a10,1131,-86.11972028618315,0.0,7,[0]
0,9,x7f4adbee2a10,1132,-233.73868512617253,0.0,7,[0]
0,9,x7f4adbee2a10,1133,-148.7370982083164,0.0,7,[0]
0,9,x7f4adbee2a10,1134,-105.62980459543998,0.0,7,[0]
0,9,x7f4adbee2a10,1135,-231.798409245203,0.0,7,[0]
0,9,x7f4adbee2a10,1136,-250.0,0.0,6,[0]
0,9,x7f4adbee2a10,1137,-250.0,0.0,6,[0]
0,9,x7f4adbee2a10,1138,-250.0,0.0,6,[0]
0,9,x7f4adbee2a10,1139,137.01030141338015,0.0,5,[4]
0,9,x7f4adbee2a10,1140,250.0,0.0,6,[4]
0,9,x7f4adbee2a10,1141,116.962647421236,0.0,4,[4]
0,9,x7f4adbee2a10,1142,250.0,0.0,4,[4]
0,9,x7f4adbee2a10,1143,250.0,0.0,3,[4]
0,9,x7f4adbee2a10,1144,250.0,0.0,3,[4]
0,9,x7f4adbee2a10,1145,-50.0,0.0,2,[4]
0,9,x7f4adbee2a10,1146,250.0,0.0,2,[4]
0,9,x7f4adbee2a10,1147,50.0,0.0,2,[0]
0,9,x7f4adbee2a10,1148,-50.0,0.0,3,[4]
0,9,x7f4adbee2a10,1149,500.00566315375045,2.0,3,[6]
0,9,x7f4adbee2a10,1150,49.999863167506334,1.0,6,[0]
0,9,x7f4adbee2a10,1151,250.0,0.0,5,[4]
0,9,x7f4adbee2a10,1152,161.11194884815563,0.0,5,[4]
0,9,x7f4adbee2a10,1153,97.16830380107368,0.0,4,[4]
0,9,x7f4adbee2a10,1154,250.0,0.0,4,[4]
0,9,x7f4adbee2a10,1155,-50.0,0.0,3,[4]
0,9,x7f4adbee2a10,1156,-100.0,1.0,3,[6]
0,9,x7f4adbee2a10,1157,-9.480273044771115,0.0,4,[4]
0,9,x7f4adbee2a10,1158,250.0,0.0,2,[4]
0,9,x7f4adbee2a10,1159,250.0,0.0,2,[4]
0,9,x7f4adbee2a10,1160,467.63803035533806,2.0,3,[6]
0,9,x7f4adbee2a10,1161,200.0,1.0,2,[5]
0,9,x7f4adbee2a10,1162,-50.0,0.0,2,[4]
0,9,x7f4adbee2a10,1163,250.0,0.0,2,[4]
0,9,x7f4adbee2a10,1164,-50.0,0.0,2,[4]
0,9,x7f4adbee2a10,1165,-100.0,1.0,2,[4]
0,9,x7f4adbee2a10,1166,400.0,1.0,2,[4]
0,9,x7f4adbee2a10,1167,608.7075518170823,2.0,4,[6]
0,9,x7f4adbee2a10,1168,500.0080055887747,2.0,4,[7]
0,9,x7f4adbee2a10,1169,250.0,0.0,3,[4]
0,9,x7f4adbee2a10,1170,499.63549999999975,2.0,3,[6]
0,9,x7f4adbee2a10,1171,50.0,0.0,3,[0]
0,9,x7f4adbee2a10,1172,250.0,0.0,2,[4]
0,9,x7f4adbee2a10,1173,350.0,2.0,2,[5]
0,9,x7f4adbee2a10,1174,250.0,0.0,2,[4]
0,9,x7f4adbee2a10,1175,200.0,1.0,2,[5]
0,9,x7f4adbee2a10,1176,250.0,0.0,2,[4]
0,9,x7f4adbee2a10,1177,592.2320055887714,2.0,5,[6]
0,9,x7f4adbee2a10,1178,250.0,0.0,3,[4]
0,9,x7f4adbee2a10,1179,749.9322076609669,2.0,5,[6]
0,9,x7f4adbee2a10,1180,749.90234375,2.0,7,[7]
0,9,x7f4adbee2a10,1181,250.0,0.0,2,[0]
0,9,x7f4adbee2a10,1182,148.41876886815717,1.0,7,[6]
0,9,x7f4adbee2a10,1183,-50.0,0.0,2,[0]
0,9,x7f4adbee2a10,1184,-47.03683800948847,0.0,7,[0]
0,9,x7f4adbee2a10,1185,-197.07578528584773,0.0,7,[0]
0,9,x7f4adbee2a10,1186,350.0,2.0,7,[1]
0,9,x7f4adbee2a10,1187,-5.538174292171029,0.0,7,[0]
0,9,x7f4adbee2a10,1188,-152.87811769492495,0.0,7,[0]
0,9,x7f4adbee2a10,1189,46.16538444772203,1.0,7,[1]
0,9,x7f4adbee2a10,1190,-250.0,0.0,6,[0]
0,9,x7f4adbee2a10,1191,-250.0,0.0,6,[0]
0,9,x7f4adbee2a10,1192,350.0,2.0,6,[0]
0,9,x7f4adbee2a10,1193,146.46186018224049,0.0,5,[4]
0,9,x7f4adbee2a10,1194,-100.0,1.0,5,[8]
0,9,x7f4adbee2a10,1195,250.0,0.0,4,[4]
0,9,x7f4adbee2a10,1196,100.00324209104939,0.0,4,[4]
0,9,x7f4adbee2a10,1197,250.0,0.0,3,[4]
0,9,x7f4adbee2a10,1198,250.0,0.0,3,[4]
0,9,x7f4adbee2a10,1199,608.4691748084091,2.0,4,[6]
0,9,x7f4adbee2a10,1200,-2.528020279412866,1.0,4,[6]
0,9,x7f4adbee2a10,1201,250.0,0.0,3,[4]
0,9,x7f4adbee2a10,1202,350.0,2.0,3,[6]
0,9,x7f4adbee2a10,1203,147.01142619207505,1.0,6,[7]
0,9,x7f4adbee2a10,1204,185.56692212907615,0.0,5,[4]
0,9,x7f4adbee2a10,1205,250.0,0.0,5,[4]
0,9,x7f4adbee2a10,1206,-250.0,0.0,5,[0]
0,9,x7f4adbee2a10,1207,250.0,0.0,4,[4]
0,9,x7f4adbee2a10,1208,49.99878390596422,1.0,4,[7]
0,9,x7f4adbee2a10,1209,250.0,0.0,3,[4]
0,9,x7f4adbee2a10,1210,87.734887445746,0.0,3,[4]
0,9,x7f4adbee2a10,1211,250.0,0.0,2,[4]
0,9,x7f4adbee2a10,1212,-50.0,0.0,2,[4]
0,9,x7f4adbee2a10,1213,-250.0,0.0,2,[4]
0,9,x7f4adbee2a10,1214,400.0,1.0,3,[12]
0,9,x7f4adbee2a10,1215,250.0,0.0,2,[4]
0,9,x7f4adbee2a10,1216,350.0,2.0,2,[4]
0,9,x7f4adbee2a10,1217,-50.0,0.0,3,[4]
0,9,x7f4adbee2a10,1218,159.01686026597025,1.0,5,[6]
0,9,x7f4adbee2a10,1219,350.0,2.0,5,[8]
0,9,x7f4adbee2a10,1220,250.0,0.0,4,[4]
0,9,x7f4adbee2a10,1221,-23.411851898993618,0.0,7,[0]
0,9,x7f4adbee2a10,1222,499.9998631675063,2.0,7,[1]
0,9,x7f4adbee2a10,1223,-250.0,0.0,6,[0]
0,9,x7f4adbee2a10,1224,-250.0,0.0,6,[0]
0,9,x7f4adbee2a10,1225,154.99717480797096,0.0,5,[4]
0,9,x7f4adbee2a10,1226,99.45611376953114,0.0,5,[4]
0,9,x7f4adbee2a10,1227,250.0,0.0,4,[4]
0,9,x7f4adbee2a10,1228,250.0,0.0,4,[4]
0,9,x7f4adbee2a10,1229,151.99703159646992,1.0,7,[7]
0,9,x7f4adbee2a10,1230,250.0,0.0,2,[0]
0,9,x7f4adbee2a10,1231,-171.11299592885595,0.0,7,[0]
0,9,x7f4adbee2a10,1232,-56.667669264014634,0.0,7,[0]
0,9,x7f4adbee2a10,1233,-155.9466782832038,0.0,7,[0]
0,9,x7f4adbee2a10,1234,-100.0,1.0,7,[1]
0,9,x7f4adbee2a10,1235,-46.79764786244736,0.0,7,[0]
0,9,x7f4adbee2a10,1236,37.86287646783924,1.0,7,[1]
0,9,x7f4adbee2a10,1237,-203.2533076673718,0.0,7,[0]
0,9,x7f4adbee2a10,1238,-73.26699162191476,0.0,7,[0]
0,9,x7f4adbee2a10,1239,-216.91716442536034,0.0,7,[0]
0,9,x7f4adbee2a10,1240,-250.0,0.0,6,[0]
0,9,x7f4adbee2a10,1241,-100.0,1.0,6,[0]
0,9,x7f4adbee2a10,1242,250.0,0.0,5,[4]
0,9,x7f4adbee2a10,1243,-100.0,1.0,5,[8]
0,9,x7f4adbee2a10,1244,250.0,0.0,4,[4]
0,9,x7f4adbee2a10,1245,208.81721041800367,0.0,4,[4]
0,9,x7f4adbee2a10,1246,-102.79190718972359,0.0,4,[0]
0,9,x7f4adbee2a10,1247,102.79190718972464,0.0,3,[4]
0,9,x7f4adbee2a10,1248,250.0,0.0,4,[4]
0,9,x7f4adbee2a10,1249,-50.0,0.0,2,[4]
0,9,x7f4adbee2a10,1250,-50.0,0.0,2,[4]
0,9,x7f4adbee2a10,1251,450.0,2.0,3,[5]
0,9,x7f4adbee2a10,1252,-100.0,1.0,2,[5]
0,9,x7f4adbee2a10,1253,250.0,0.0,2,[4]
0,9,x7f4adbee2a10,1254,100.29551085069563,0.0,3,[4]
0,9,x7f4adbee2a10,1255,250.0,0.0,3,[4]
0,9,x7f4adbee2a10,1256,-50.0,0.0,2,[4]
0,9,x7f4adbee2a10,1257,250.0,0.0,2,[4]
0,9,x7f4adbee2a10,1258,850.0,2.0,2,[4]
0,9,x7f4adbee2a10,1259,500.0080055887747,2.0,5,[8]
0,9,x7f4adbee2a10,1260,250.0,0.0,4,[4]
0,9,x7f4adbee2a10,1261,102.49801935994597,0.0,4,[4]
0,9,x7f4adbee2a10,1262,250.0,0.0,3,[4]
0,9,x7f4adbee2a10,1263,500.13317682981335,2.0,5,[8]
0,9,x7f4adbee2a10,1264,-23.411851898993415,0.0,7,[0]
0,9,x7f4adbee2a10,1265,49.999863167506334,1.0,7,[1]
0,9,x7f4adbee2a10,1266,-152.4962387684445,0.0,7,[0]
0,9,x7f4adbee2a10,1267,-209.6950537297939,0.0,7,[0]
0,9,x7f4adbee2a10,1268,-54.13038345808604,0.0,7,[0]
0,9,x7f4adbee2a10,1269,-250.0,0.0,6,[0]
0,9,x7f4adbee2a10,1270,-250.0,0.0,6,[0]
0,9,x7f4adbee2a10,1271,100.30938220976256,0.0,5,[4]
0,9,x7f4adbee2a10,1272,-100.0,1.0,5,[8]
0,9,x7f4adbee2a10,1273,99.99199441122525,0.0,4,[4]
0,9,x7f4adbee2a10,1274,250.0,0.0,4,[4]
0,9,x7f4adbee2a10,1275,169.06036526240763,0.0,5,[4]
0,9,x7f4adbee2a10,1276,250.0,0.0,3,[4]
0,9,x7f4adbee2a10,1277,250.0,0.0,3,[4]
0,9,x7f4adbee2a10,1278,-50.0,0.0,2,[4]
0,9,x7f4adbee2a10,1279,250.0,0.0,5,[4]
0,9,x7f4adbee2a10,1280,97.16830380107444,0.0,4,[4]
0,9,x7f4adbee2a10,1281,499.9998631675063,2.0,7,[1]
0,9,x7f4adbee2a10,1282,601.1808803249379,2.0,7,[7]
0,9,x7f4adbee2a10,1283,200.0,1.0,2,[1]
0,9,x7f4adbee2a10,1284,606.928483469835,2.0,7,[7]
0,9,x7f4adbee2a10,1285,250.0,0.0,2,[0]
0,9,x7f4adbee2a10,1286,117.29866459299654,1.0,7,[7]
0,9,x7f4adbee2a10,1287,-50.0,0.0,2,[0]
0,9,x7f4adbee2a10,1288,-70.18629037809386,0.0,7,[0]
0,9,x7f4adbee2a10,1289,-65.32754392279125,0.0,7,[0]
0,9,x7f4adbee2a10,1290,-9.68710249567679,0.0,7,[0]
0,9,x7f4adbee2a10,1291,433.557277847214,2.0,7,[1]
0,9,x7f4adbee2a10,1292,-47.5766416363769,0.0,7,[0]
0,9,x7f4adbee2a10,1293,-224.76101148332617,0.0,7,[0]
0,9,x7f4adbee2a10,1294,-76.6514713213036,0.0,7,[0]
0,9,x7f4adbee2a10,1295,-182.4954792000555,0.0,7,[0]
0,9,x7f4adbee2a10,1296,-100.0,1.0,7,[1]
0,9,x7f4adbee2a10,1297,-68.23810781551177,0.0,7,[0]
0,9,x7f4adbee2a10,1298,-225.3810647043955,0.0,7,[0]
0,9,x7f4adbee2a10,1299,-100.0,1.0,7,[1]
0,9,x7f4adbee2a10,1300,-250.0,0.0,6,[0]
0,9,x7f4adbee2a10,1301,-250.0,0.0,6,[0]
0,9,x7f4adbee2a10,1302,250.0,0.0,5,[4]
0,9,x7f4adbee2a10,1303,112.8487352227939,0.0,5,[4]
0,9,x7f4adbee2a10,1304,250.0,0.0,4,[4]
0,9,x7f4adbee2a10,1305,250.0,0.0,4,[4]
0,9,x7f4adbee2a10,1306,250.0,0.0,3,[4]
0,9,x7f4adbee2a10,1307,350.0,2.0,3,[6]
0,9,x7f4adbee2a10,1308,-157.9956604566494,0.0,4,[4]
0,9,x7f4adbee2a10,1309,250.0,0.0,2,[4]
0,9,x7f4adbee2a10,1310,250.0,0.0,2,[4]
0,9,x7f4adbee2a10,1311,697.1683038010736,2.0,4,[4]
0,9,x7f4adbee2a10,1312,850.0,2.0,4,[4]
0,9,x7f4adbee2a10,1313,137.14989257116082,1.0,7,[0]
0,9,x7f4adbee2a10,1314,133.12035218779596,1.0,7,[8]
0,9,x7f4adbee2a10,1315,-50.0,0.0,2,[0]
0,9,x7f4adbee2a10,1316,-100.00013683249367,0.0,6,[0]
0,9,x7f4adbee2a10,1317,-177.42389479297788,0.0,6,[0]
0,9,x7f4adbee2a10,1318,100.00013683249367,0.0,5,[4]
0,9,x7f4adbee2a10,1319,250.0,0.0,5,[4]
0,9,x7f4adbee2a10,1320,-250.0,0.0,5,[0]
0,9,x7f4adbee2a10,1321,102.49801935994597,0.0,4,[4]
0,9,x7f4adbee2a10,1322,250.0,0.0,4,[4]
0,9,x7f4adbee2a10,1323,-50.0,0.0,3,[4]
0,9,x7f4adbee2a10,1324,250.0,0.0,3,[4]
0,9,x7f4adbee2a10,1325,250.0,0.0,2,[4]
0,9,x7f4adbee2a10,1326,-50.0,0.0,2,[4]
0,9,x7f4adbee2a10,1327,-250.0,0.0,2,[4]
0,9,x7f4adbee2a10,1328,597.1910649114135,2.0,5,[4]
0,9,x7f4adbee2a10,1329,250.0,0.0,3,[4]
0,9,x7f4adbee2a10,1330,700.3093822097621,2.0,6,[12]
0,9,x7f4adbee2a10,1331,155.89187116217022,1.0,5,[7]
0,9,x7f4adbee2a10,1332,99.99199441122522,0.0,4,[4]
0,9,x7f4adbee2a10,1333,159.01687147020087,1.0,5,[12]
0,9,x7f4adbee2a10,1334,250.0,0.0,4,[4]
0,9,x7f4adbee2a10,1335,80.10849212774302,1.0,7,[0]
0,9,x7f4adbee2a10,1336,-100.0,1.0,7,[1]
0,9,x7f4adbee2a10,1337,33.40542064916866,1.0,7,[1]
0,9,x7f4adbee2a10,1338,-100.0,1.0,7,[1]
0,9,x7f4adbee2a10,1339,1.504926139115498,0.0,7,[0]
0,9,x7f4adbee2a10,1340,-208.74710464177792,0.0,7,[0]
0,9,x7f4adbee2a10,1341,350.0,2.0,7,[1]
0,9,x7f4adbee2a10,1342,350.0,2.0,7,[1]
0,9,x7f4adbee2a10,1343,-100.0,1.0,7,[1]
0,9,x7f4adbee2a10,1344,-100.0,1.0,7,[1]
0,9,x7f4adbee2a10,1345,-0.006920312735250984,0.0,7,[0]
0,9,x7f4adbee2a10,1346,-127.56911686391973,0.0,7,[0]
0,9,x7f4adbee2a10,1347,-93.29283664105657,0.0,7,[0]
0,9,x7f4adbee2a10,1348,-100.0,1.0,7,[1]
0,9,x7f4adbee2a10,1349,-169.14628714300392,0.0,7,[0]
0,9,x7f4adbee2a10,1350,-142.21962018199415,0.0,7,[0]
0,9,x7f4adbee2a10,1351,-88.7430812741771,0.0,7,[0]
0,9,x7f4adbee2a10,1352,-232.56585670699656,0.0,7,[0]
0,9,x7f4adbee2a10,1353,-107.95677682660504,0.0,7,[0]
0,9,x7f4adbee2a10,1354,-234.14758495279122,0.0,7,[0]
0,9,x7f4adbee2a10,1355,-88.11691979074628,0.0,7,[0]
0,9,x7f4adbee2a10,1356,-231.9829351156818,0.0,7,[0]
0,9,x7f4adbee2a10,1357,-113.5094731935448,0.0,7,[0]
0,9,x7f4adbee2a10,1358,-81.63311395579244,0.0,7,[0]
0,9,x7f4adbee2a10,1359,-235.38333350690073,0.0,7,[0]
0,9,x7f4adbee2a10,1360,-83.76746517397225,0.0,7,[0]
0,9,x7f4adbee2a10,1361,-235.8254258855099,0.0,7,[0]
0,9,x7f4adbee2a10,1362,-100.7394198400155,0.0,7,[0]
0,9,x7f4adbee2a10,1363,-231.8672226183525,0.0,7,[0]
0,9,x7f4adbee2a10,1364,350.0,2.0,7,[1]
0,9,x7f4adbee2a10,1365,350.0,2.0,7,[1]
0,9,x7f4adbee2a10,1366,350.0,2.0,7,[1]
0,9,x7f4adbee2a10,1367,-100.0,1.0,7,[1]
0,9,x7f4adbee2a10,1368,-42.429280533070305,0.0,7,[0]
0,9,x7f4adbee2a10,1369,-100.0,1.0,7,[1]
0,9,x7f4adbee2a10,1370,-100.0,1.0,7,[1]
0,9,x7f4adbee2a10,1371,-33.7650197584071,0.0,7,[0]
0,9,x7f4adbee2a10,1372,-100.0,1.0,7,[1]
0,9,x7f4adbee2a10,1373,-196.93120157301763,0.0,7,[0]
0,9,x7f4adbee2a10,1374,-187.32112505994166,0.0,7,[0]
0,9,x7f4adbee2a10,1375,-100.0,1.0,7,[1]
0,9,x7f4adbee2a10,1376,350.0,2.0,7,[1]
0,9,x7f4adbee2a10,1377,-106.09372962362309,0.0,7,[0]
0,9,x7f4adbee2a10,1378,-100.0,1.0,7,[1]
0,9,x7f4adbee2a10,1379,-67.90132303972901,1.0,7,[1]
0,9,x7f4adbee2a10,1380,-224.3708887036679,0.0,7,[0]
0,9,x7f4adbee2a10,1381,-115.4606382840485,0.0,7,[0]
0,9,x7f4adbee2a10,1382,-8.05353675912778,1.0,7,[1]
0,9,x7f4adbee2a10,1383,-233.21445463908782,0.0,7,[0]
0,9,x7f4adbee2a10,1384,-109.00288305229918,0.0,7,[0]
0,9,x7f4adbee2a10,1385,-91.74482508674164,0.0,7,[0]
0,9,x7f4adbee2a10,1386,-241.8002052643845,0.0,7,[0]
0,9,x7f4adbee2a10,1387,-91.35204466147503,0.0,7,[0]
0,9,x7f4adbee2a10,1388,-241.94139617751495,0.0,7,[0]
0,9,x7f4adbee2a10,1389,-100.0,1.0,7,[1]
0,9,x7f4adbee2a10,1390,-234.52811476779416,0.0,7,[0]
0,9,x7f4adbee2a10,1391,-100.0,1.0,7,[1]
0,9,x7f4adbee2a10,1392,-84.39048029833826,0.0,7,[0]
0,9,x7f4adbee2a10,1393,-211.70792912028816,0.0,7,[0]
0,9,x7f4adbee2a10,1394,-161.77028467638638,0.0,7,[0]
0,9,x7f4adbee2a10,1395,-250.0,0.0,6,[0]
0,9,x7f4adbee2a10,1396,-100.0,1.0,6,[0]
0,9,x7f4adbee2a10,1397,432.92092500218814,2.0,7,[1]
0,9,x7f4adbee2a10,1398,350.0,2.0,7,[1]
0,9,x7f4adbee2a10,1399,-179.88695963282768,0.0,7,[0]
0,9,x7f4adbee2a10,1400,-243.01337855313892,0.0,7,[0]
0,9,x7f4adbee2a10,1401,-203.46876044633655,0.0,7,[0]
0,9,x7f4adbee2a10,1402,-250.0,0.0,6,[0]
0,9,x7f4adbee2a10,1403,-250.0,0.0,6,[0]
0,9,x7f4adbee2a10,1404,-250.0,0.0,6,[0]
0,9,x7f4adbee2a10,1405,161.11194884818573,0.0,5,[4]
0,9,x7f4adbee2a10,1406,173.19965054890355,0.0,5,[4]
0,9,x7f4adbee2a10,1407,250.0,0.0,4,[4]
0,9,x7f4adbee2a10,1408,171.75017407271105,0.0,4,[4]
0,9,x7f4adbee2a10,1409,250.0,0.0,3,[4]
0,9,x7f4adbee2a10,1410,17.63803035533806,1.0,3,[6]
0,9,x7f4adbee2a10,1411,-50.0,0.0,2,[4]
0,9,x7f4adbee2a10,1412,250.0,0.0,2,[4]
0,9,x7f4adbee2a10,1413,146.87499999999744,0.0,3,[4]
0,9,x7f4adbee2a10,1414,250.0,0.0,3,[4]
0,9,x7f4adbee2a10,1415,-50.0,0.0,2,[4]
0,9,x7f4adbee2a10,1416,250.0,0.0,2,[4]
0,9,x7f4adbee2a10,1417,599.5964829550301,2.0,7,[8]
0,9,x7f4adbee2a10,1418,-50.0,0.0,2,[0]
0,9,x7f4adbee2a10,1419,-16.176151742001476,0.0,7,[0]
0,9,x7f4adbee2a10,1420,-250.0,0.0,6,[0]
0,9,x7f4adbee2a10,1421,350.0,2.0,7,[1]
0,9,x7f4adbee2a10,1422,350.0,2.0,7,[1]
0,9,x7f4adbee2a10,1423,-100.0,1.0,7,[1]
0,9,x7f4adbee2a10,1424,-129.11055797206262,0.0,6,[0]
0,9,x7f4adbee2a10,1425,-250.0,0.0,6,[0]
0,9,x7f4adbee2a10,1426,250.0,0.0,5,[4]
0,9,x7f4adbee2a10,1427,101.30687712675943,0.0,5,[4]
0,9,x7f4adbee2a10,1428,65.7719976885299,0.0,6,[4]
0,9,x7f4adbee2a10,1429,174.40242888076654,0.0,4,[4]
0,9,x7f4adbee2a10,1430,350.0,2.0,4,[7]
0,9,x7f4adbee2a10,1431,250.0,0.0,3,[4]
0,9,x7f4adbee2a10,1432,50.13317682981332,1.0,3,[6]
0,9,x7f4adbee2a10,1433,-50.0,0.0,2,[4]
0,9,x7f4adbee2a10,1434,-100.0,1.0,2,[5]
0,9,x7f4adbee2a10,1435,-250.0,0.0,2,[4]
0,9,x7f4adbee2a10,1436,850.0,2.0,2,[4]
0,9,x7f4adbee2a10,1437,102.49801935994597,0.0,5,[4]
0,9,x7f4adbee2a10,1438,250.0,0.0,4,[4]
0,9,x7f4adbee2a10,1439,97.16830380107444,0.0,4,[4]
0,9,x7f4adbee2a10,1440,-16.345576585452392,1.0,5,[7]
0,9,x7f4adbee2a10,1441,250.0,0.0,3,[4]
0,9,x7f4adbee2a10,1442,-50.0,0.0,3,[4]
0,9,x7f4adbee2a10,1443,250.0,0.0,2,[4]
0,9,x7f4adbee2a10,1444,250.0,0.0,2,[4]
0,9,x7f4adbee2a10,1445,-97.16830380107368,0.0,4,[0]
0,9,x7f4adbee2a10,1446,97.16830380107368,0.0,3,[4]
0,9,x7f4adbee2a10,1447,448.27065055924004,2.0,4,[6]
0,9,x7f4adbee2a10,1448,250.0,0.0,2,[4]
0,9,x7f4adbee2a10,1449,-50.0,0.0,2,[4]
0,9,x7f4adbee2a10,1450,400.0,1.0,3,[4]
0,9,x7f4adbee2a10,1451,-250.0,0.0,3,[0]
0,9,x7f4adbee2a10,1452,-50.0,0.0,2,[4]
0,9,x7f4adbee2a10,1453,250.0,0.0,3,[4]
0,9,x7f4adbee2a10,1454,592.9601665305739,2.0,6,[8]
0,9,x7f4adbee2a10,1455,250.0,0.0,5,[4]
0,9,x7f4adbee2a10,1456,609.0036469419986,2.0,6,[12]
0,9,x7f4adbee2a10,1457,50.00800558877478,1.0,5,[8]
0,9,x7f4adbee2a10,1458,102.49801935994597,0.0,4,[4]
0,9,x7f4adbee2a10,1459,-173.73046875000486,0.0,7,[0]
0,9,x7f4adbee2a10,1460,350.0,2.0,7,[1]
0,9,x7f4adbee2a10,1461,-15.732670979806297,0.0,7,[0]
0,9,x7f4adbee2a10,1462,-54.41001618107927,0.0,7,[0]
0,9,x7f4adbee2a10,1463,-250.0,0.0,6,[0]
0,9,x7f4adbee2a10,1464,98.58531667204095,1.0,7,[0]
0,9,x7f4adbee2a10,1465,-151.9004544337791,0.0,7,[0]
0,9,x7f4adbee2a10,1466,-73.67002087062873,0.0,7,[0]
0,9,x7f4adbee2a10,1467,350.0,2.0,7,[1]
0,9,x7f4adbee2a10,1468,-202.74609184175821,0.0,7,[0]
0,9,x7f4adbee2a10,1469,-85.55271098458564,0.0,7,[0]
0,9,x7f4adbee2a10,1470,-188.36452351555005,0.0,7,[0]
0,9,x7f4adbee2a10,1471,-234.20174017578205,0.0,7,[0]
0,9,x7f4adbee2a10,1472,-72.38890500131336,0.0,7,[0]
0,9,x7f4adbee2a10,1473,-227.41653583126927,0.0,7,[0]
0,9,x7f4adbee2a10,1474,-100.0,1.0,7,[1]
0,9,x7f4adbee2a10,1475,-250.0,0.0,6,[0]
0,9,x7f4adbee2a10,1476,350.0,2.0,6,[0]
0,9,x7f4adbee2a10,1477,250.0,0.0,5,[4]
0,9,x7f4adbee2a10,1478,350.0,2.0,7,[1]
0,9,x7f4adbee2a10,1479,-109.93288315999065,0.0,6,[0]
0,9,x7f4adbee2a10,1480,-133.0899938054871,0.0,6,[0]
0,9,x7f4adbee2a10,1481,187.22037290563514,0.0,5,[4]
0,9,x7f4adbee2a10,1482,350.0,2.0,5,[8]
0,9,x7f4adbee2a10,1483,94.34034375450443,1.0,7,[8]
0,9,x7f4adbee2a10,1484,-50.0,0.0,2,[0]
0,9,x7f4adbee2a10,1485,-67.0960618219815,0.0,7,[0]
0,9,x7f4adbee2a10,1486,-230.64259419313922,0.0,7,[0]
0,9,x7f4adbee2a10,1487,-59.57654324966523,0.0,7,[0]
0,9,x7f4adbee2a10,1488,-235.19849873373846,0.0,7,[0]
0,9,x7f4adbee2a10,1489,-48.03131317676058,0.0,7,[0]
0,9,x7f4adbee2a10,1490,-104.7558921489285,0.0,7,[0]
0,9,x7f4adbee2a10,1491,-237.89631311672758,0.0,7,[0]
0,9,x7f4adbee2a10,1492,-238.6228635558114,0.0,7,[0]
0,9,x7f4adbee2a10,1493,-87.14882759098947,0.0,7,[0]
0,9,x7f4adbee2a10,1494,-238.3480104154566,0.0,7,[0]
0,9,x7f4adbee2a10,1495,-240.01985509404943,0.0,7,[0]
0,9,x7f4adbee2a10,1496,-125.36476579556225,0.0,7,[0]
0,9,x7f4adbee2a10,1497,350.0,2.0,7,[1]
0,9,x7f4adbee2a10,1498,-227.4637525745914,0.0,7,[0]
0,9,x7f4adbee2a10,1499,-176.86901882530884,0.0,7,[0]
0,9,x7f4adbee2a10,1500,-178.15319421387153,0.0,7,[0]
0,9,x7f4adbee2a10,1501,-115.71127748291678,0.0,7,[0]
0,9,x7f4adbee2a10,1502,-236.8235625043847,0.0,7,[0]
0,9,x7f4adbee2a10,1503,350.0,2.0,7,[1]
0,9,x7f4adbee2a10,1504,350.0,2.0,7,[1]
0,9,x7f4adbee2a10,1505,-100.0,1.0,7,[1]
0,9,x7f4adbee2a10,1506,-60.05041518656553,0.0,7,[0]
0,9,x7f4adbee2a10,1507,-240.55349057730393,0.0,7,[0]
0,9,x7f4adbee2a10,1508,-190.07727490454744,0.0,7,[0]
0,9,x7f4adbee2a10,1509,-123.66973173430796,0.0,7,[0]
0,9,x7f4adbee2a10,1510,-241.3855518345653,0.0,7,[0]
0,9,x7f4adbee2a10,1511,-100.0,1.0,7,[1]
0,9,x7f4adbee2a10,1512,-250.0,0.0,6,[0]
0,9,x7f4adbee2a10,1513,-100.0,1.0,7,[1]
0,9,x7f4adbee2a10,1514,-146.37646141573217,0.0,7,[0]
0,9,x7f4adbee2a10,1515,-131.8230924438614,0.0,7,[0]
0,9,x7f4adbee2a10,1516,-36.494402599709815,1.0,7,[1]
0,9,x7f4adbee2a10,1517,-232.8190485053038,0.0,7,[0]
0,9,x7f4adbee2a10,1518,-161.97607862786964,0.0,7,[0]
0,9,x7f4adbee2a10,1519,-160.7208209409083,0.0,7,[0]
0,9,x7f4adbee2a10,1520,-13.669469661827904,1.0,7,[1]
0,9,x7f4adbee2a10,1521,350.0,2.0,7,[1]
0,9,x7f4adbee2a10,1522,-158.86387309337962,0.0,7,[0]
0,9,x7f4adbee2a10,1523,-186.00436369087248,0.0,7,[0]
0,9,x7f4adbee2a10,1524,-141.04017824567808,0.0,7,[0]
0,9,x7f4adbee2a10,1525,-243.07488141474408,0.0,7,[0]
0,9,x7f4adbee2a10,1526,350.0,2.0,7,[1]
0,9,x7f4adbee2a10,1527,-107.82459121273666,0.0,7,[0]
0,9,x7f4adbee2a10,1528,-47.13983842445245,1.0,7,[1]
0,9,x7f4adbee2a10,1529,-100.0,1.0,7,[1]
0,9,x7f4adbee2a10,1530,-198.32699834572676,0.0,7,[0]
0,9,x7f4adbee2a10,1531,-243.63622934573402,0.0,7,[0]
0,9,x7f4adbee2a10,1532,-152.3501160597958,0.0,7,[0]
0,9,x7f4adbee2a10,1533,-243.71617963156226,0.0,7,[0]
0,9,x7f4adbee2a10,1534,-153.83017336802274,0.0,7,[0]
0,9,x7f4adbee2a10,1535,-88.3521331779001,1.0,7,[1]
0,9,x7f4adbee2a10,1536,-237.97295668207875,0.0,7,[0]
0,9,x7f4adbee2a10,1537,-175.77952902105258,0.0,7,[0]
0,9,x7f4adbee2a10,1538,-139.31995539976336,0.0,7,[0]
0,9,x7f4adbee2a10,1539,-210.32812305791742,0.0,7,[0]
0,9,x7f4adbee2a10,1540,-158.64296449730912,0.0,7,[0]
0,9,x7f4adbee2a10,1541,-89.0786918889774,1.0,7,[1]
0,9,x7f4adbee2a10,1542,-239.52262105696235,0.0,7,[0]
0,9,x7f4adbee2a10,1543,-214.17472937619556,0.0,7,[0]
0,9,x7f4adbee2a10,1544,-100.0,1.0,7,[1]
0,9,x7f4adbee2a10,1545,-156.22026355002043,0.0,7,[0]
0,9,x7f4adbee2a10,1546,-216.88402123080124,0.0,7,[0]
0,9,x7f4adbee2a10,1547,-244.7849640578665,0.0,7,[0]
0,9,x7f4adbee2a10,1548,-100.0,1.0,7,[1]
0,9,x7f4adbee2a10,1549,-181.8095762300655,0.0,7,[0]
0,9,x7f4adbee2a10,1550,-187.95840495091585,0.0,7,[0]
0,9,x7f4adbee2a10,1551,-225.92359258602693,0.0,7,[0]
0,9,x7f4adbee2a10,1552,-138.4042790313964,0.0,7,[0]
0,9,x7f4adbee2a10,1553,-245.2098523595382,0.0,7,[0]
0,9,x7f4adbee2a10,1554,-189.89447357101375,0.0,7,[0]
0,9,x7f4adbee2a10,1555,-245.25529931722716,0.0,7,[0]
0,9,x7f4adbee2a10,1556,350.0,2.0,7,[1]
0,9,x7f4adbee2a10,1557,-148.7793318396831,0.0,7,[0]
0,9,x7f4adbee2a10,1558,-220.31835156039202,0.0,7,[0]
0,9,x7f4adbee2a10,1559,-245.4245357202227,0.0,7,[0]
0,9,x7f4adbee2a10,1560,-167.17531079149262,0.0,7,[0]
0,9,x7f4adbee2a10,1561,-245.59859678493478,0.0,7,[0]
0,9,x7f4adbee2a10,1562,-171.8419407987811,0.0,7,[0]
0,9,x7f4adbee2a10,1563,-245.63699728422978,0.0,7,[0]
0,9,x7f4adbee2a10,1564,-172.8268209632748,0.0,7,[0]
0,9,x7f4adbee2a10,1565,-91.25973210728009,1.0,7,[1]
0,9,x7f4adbee2a10,1566,-241.5363882835107,0.0,7,[0]
0,9,x7f4adbee2a10,1567,-221.17908703874974,0.0,7,[0]
0,9,x7f4adbee2a10,1568,-100.0,1.0,7,[1]
0,9,x7f4adbee2a10,1569,350.0,2.0,7,[1]
0,9,x7f4adbee2a10,1570,-148.57691351153028,0.0,7,[0]
0,9,x7f4adbee2a10,1571,-245.87638878554702,0.0,7,[0]
0,9,x7f4adbee2a10,1572,350.0,2.0,7,[1]
0,9,x7f4adbee2a10,1573,-165.9510918101641,0.0,7,[0]
0,9,x7f4adbee2a10,1574,-173.2232752724962,0.0,7,[0]
0,9,x7f4adbee2a10,1575,-246.1906658606928,0.0,7,[0]
0,9,x7f4adbee2a10,1576,-178.60294055258262,0.0,7,[0]
0,9,x7f4adbee2a10,1577,-246.2194650537791,0.0,7,[0]
0,9,x7f4adbee2a10,1578,-180.64161270309498,0.0,7,[0]
0,9,x7f4adbee2a10,1579,350.0,2.0,7,[1]
0,9,x7f4adbee2a10,1580,-242.78909872691082,0.0,7,[0]
0,9,x7f4adbee2a10,1581,-224.3362069490539,0.0,7,[0]
0,9,x7f4adbee2a10,1582,-100.0,1.0,7,[1]
0,9,x7f4adbee2a10,1583,-177.61601513694546,0.0,7,[0]
0,9,x7f4adbee2a10,1584,-246.3933745154503,0.0,7,[0]
0,9,x7f4adbee2a10,1585,-246.40633412852185,0.0,7,[0]
0,9,x7f4adbee2a10,1586,-182.65109877541343,0.0,7,[0]
0,9,x7f4adbee2a10,1587,-100.0,1.0,7,[1]
0,9,x7f4adbee2a10,1588,-67.67664858782426,1.0,7,[1]
0,9,x7f4adbee2a10,1589,350.0,2.0,7,[1]
0,9,x7f4adbee2a10,1590,-236.4729146246379,0.0,7,[0]
0,9,x7f4adbee2a10,1591,-207.761017135393,0.0,7,[0]
0,9,x7f4adbee2a10,1592,-161.91801453687043,0.0,7,[0]
0,9,x7f4adbee2a10,1593,-246.59702156004738,0.0,7,[0]
0,9,x7f4adbee2a10,1594,-185.61719608866042,0.0,7,[0]
0,9,x7f4adbee2a10,1595,-225.62109608504545,0.0,7,[0]
0,9,x7f4adbee2a10,1596,350.0,2.0,7,[1]
0,9,x7f4adbee2a10,1597,-202.01020254845082,0.0,7,[0]
0,9,x7f4adbee2a10,1598,-93.96053108665996,1.0,7,[1]
0,9,x7f4adbee2a10,1599,-202.41547502426852,0.0,7,[0]
0,9,x7f4adbee2a10,1600,-228.17854017277878,0.0,7,[0]
0,9,x7f4adbee2a10,1601,-246.7635823249522,0.0,7,[0]
0,9,x7f4adbee2a10,1602,-206.69089070142445,0.0,7,[0]
0,9,x7f4adbee2a10,1603,-246.78439461871855,0.0,7,[0]
0,9,x7f4adbee2a10,1604,-100.0,1.0,7,[1]
0,9,x7f4adbee2a10,1605,-100.0,1.0,7,[1]
0,9,x7f4adbee2a10,1606,-182.85409144014847,0.0,7,[0]
0,9,x7f4adbee2a10,1607,-246.82522644973093,0.0,7,[0]
0,9,x7f4adbee2a10,1608,-208.09252559163986,0.0,7,[0]
0,9,x7f4adbee2a10,1609,350.0,2.0,7,[1]
0,9,x7f4adbee2a10,1610,-243.78997428472076,0.0,7,[0]
0,9,x7f4adbee2a10,1611,-228.8150447031997,0.0,7,[0]
0,9,x7f4adbee2a10,1612,-191.34468677676227,0.0,7,[0]
0,9,x7f4adbee2a10,1613,356.24539719034294,2.0,7,[1]
0,9,x7f4adbee2a10,1614,-243.86613250526432,0.0,7,[0]
0,9,x7f4adbee2a10,1615,-229.27752999891007,0.0,7,[0]
0,9,x7f4adbee2a10,1616,-192.4694288207284,0.0,7,[0]
0,9,x7f4adbee2a10,1617,350.0,2.0,7,[1]
0,9,x7f4adbee2a10,1618,-243.9404459813406,0.0,7,[0]
0,9,x7f4adbee2a10,1619,350.0,2.0,7,[1]
0,9,x7f4adbee2a10,1620,-213.70497779323932,0.0,7,[0]
0,9,x7f4adbee2a10,1621,-229.9773306001041,0.0,7,[0]
0,9,x7f4adbee2a10,1622,-100.0,1.0,7,[1]
0,9,x7f4adbee2a10,1623,-191.2246920836712,0.0,7,[0]
0,9,x7f4adbee2a10,1624,-212.57039028623532,0.0,7,[0]
0,9,x7f4adbee2a10,1625,-94.17062405405517,1.0,7,[1]
0,9,x7f4adbee2a10,1626,-244.28228923825856,0.0,7,[0]
0,9,x7f4adbee2a10,1627,-230.64913777677793,0.0,7,[0]
0,9,x7f4adbee2a10,1628,-195.7021719651778,0.0,7,[0]
0,9,x7f4adbee2a10,1629,-100.0,1.0,7,[1]
0,9,x7f4adbee2a10,1630,-244.34691691053519,0.0,7,[0]
0,9,x7f4adbee2a10,1631,350.0,2.0,7,[1]
0,9,x7f4adbee2a10,1632,350.0,2.0,7,[1]
0,9,x7f4adbee2a10,1633,-100.0,1.0,7,[1]
0,9,x7f4adbee2a10,1634,-210.05403693198144,0.0,7,[0]
0,9,x7f4adbee2a10,1635,-217.02975520519522,0.0,7,[0]
0,9,x7f4adbee2a10,1636,-197.64684738390793,0.0,7,[0]
0,9,x7f4adbee2a10,1637,-247.2385407091116,0.0,7,[0]
0,9,x7f4adbee2a10,1638,-214.06017584766278,0.0,7,[0]
0,9,x7f4adbee2a10,1639,350.0,2.0,7,[1]
0,9,x7f4adbee2a10,1640,-244.582795013232,0.0,7,[0]
0,9,x7f4adbee2a10,1641,350.0,2.0,7,[1]
0,9,x7f4adbee2a10,1642,-229.31927470273234,0.0,7,[0]
0,9,x7f4adbee2a10,1643,-232.14504295119582,0.0,7,[0]
0,9,x7f4adbee2a10,1644,-215.03136493608048,0.0,7,[0]
0,9,x7f4adbee2a10,1645,-247.29822380669327,0.0,7,[0]
0,9,x7f4adbee2a10,1646,350.0,2.0,7,[1]
0,9,x7f4adbee2a10,1647,-100.0,1.0,7,[1]
0,9,x7f4adbee2a10,1648,-181.86694390742758,0.0,7,[0]
0,9,x7f4adbee2a10,1649,-247.36566942709297,0.0,7,[0]
0,9,x7f4adbee2a10,1650,-215.98941213507698,0.0,7,[0]
0,9,x7f4adbee2a10,1651,-247.3794753007611,0.0,7,[0]
0,9,x7f4adbee2a10,1652,-201.1152730849413,0.0,7,[0]
0,9,x7f4adbee2a10,1653,-100.0,1.0,7,[1]
0,9,x7f4adbee2a10,1654,-244.85419683265877,0.0,7,[0]
0,9,x7f4adbee2a10,1655,-233.13181771648772,0.0,7,[0]
0,9,x7f4adbee2a10,1656,-216.8604113811822,0.0,7,[0]
0,9,x7f4adbee2a10,1657,-247.42003817053845,0.0,7,[0]
0,9,x7f4adbee2a10,1658,-202.28805798499442,0.0,7,[0]
0,9,x7f4adbee2a10,1659,-247.43328152185055,0.0,7,[0]
0,9,x7f4adbee2a10,1660,-185.86120018189283,0.0,7,[0]
0,9,x7f4adbee2a10,1661,-247.49310726215597,0.0,7,[0]
0,9,x7f4adbee2a10,1662,-202.77243061327556,0.0,7,[0]
0,9,x7f4adbee2a10,1663,-247.54587458910743,0.0,7,[0]
0,9,x7f4adbee2a10,1664,-100.0,1.0,7,[1]
0,9,x7f4adbee2a10,1665,-201.1040104607995,0.0,7,[0]
0,9,x7f4adbee2a10,1666,-234.37393803507814,0.0,7,[0]
0,9,x7f4adbee2a10,1667,-247.56973017019624,0.0,7,[0]
0,9,x7f4adbee2a10,1668,-218.55848479080424,0.0,7,[0]
0,9,x7f4adbee2a10,1669,-247.58148489235836,0.0,7,[0]
0,9,x7f4adbee2a10,1670,350.0,2.0,7,[1]
0,9,x7f4adbee2a10,1671,-191.60795060011833,0.0,7,[0]
0,9,x7f4adbee2a10,1672,-234.77533474976906,0.0,7,[0]
0,9,x7f4adbee2a10,1673,-247.63204196073798,0.0,7,[0]
0,9,x7f4adbee2a10,1674,-219.3321478912879,0.0,7,[0]
0,9,x7f4adbee2a10,1675,-247.6432030429973,0.0,7,[0]
0,9,x7f4adbee2a10,1676,-205.60087218115513,0.0,7,[0]
0,9,x7f4adbee2a10,1677,-247.65425941080736,0.0,7,[0]
0,9,x7f4adbee2a10,1678,-205.92962788096293,0.0,7,[0]
0,9,x7f4adbee2a10,1679,-247.66521253088354,0.0,7,[0]
0,9,x7f4adbee2a10,1680,-220.04286749044607,0.0,7,[0]
0,9,x7f4adbee2a10,1681,-247.67606384267742,0.0,7,[0]
0,9,x7f4adbee2a10,1682,-206.57277841988972,0.0,7,[0]
0,9,x7f4adbee2a10,1683,-233.7223137200632,0.0,7,[0]
0,9,x7f4adbee2a10,1684,-206.9219543902015,0.0,7,[0]
0,9,x7f4adbee2a10,1685,-247.73188380298984,0.0,7,[0]
0,9,x7f4adbee2a10,1686,-220.75535543728913,0.0,7,[0]
