7,11,x7fb6c8b58310,1,250.0,0.0,0.0,0.03,2,[6],2
7,11,x7fb6c8b58310,2,250.0,0.0,0.0,0.03,3,[6],2
7,11,x7fb6c8b58310,3,50.0,0.0,0.0,0.06,2,[6],2
7,11,x7fb6c8b58310,4,1.0,0.0,1.0,0.12,4,[7],3
7,11,x7fb6c8b58310,5,251.0,1.0,0.0,0.03,6,[7],4
7,11,x7fb6c8b58310,6,266.0,1.0,0.0,0.06,7,[8],4
7,11,x7fb6c8b58310,7,400.0,0.0,0.0,0.06,7,[6],3
7,11,x7fb6c8b58310,8,107.0,0.0,1.0,0.09,7,[1],3
7,11,x7fb6c8b58310,9,-300.0,0.0,0.0,0.12,7,[6],3
7,11,x7fb6c8b58310,10,250.0,1.0,0.0,0.07,3,[0],0
7,11,x7fb6c8b58310,11,250.0,1.0,0.0,0.06,7,[9],4
7,11,x7fb6c8b58310,12,302.0,0.0,0.0,0.06,5,[6],2
7,11,x7fb6c8b58310,13,150.0,1.0,0.0,0.06,6,[8],4
7,11,x7fb6c8b58310,14,250.0,0.0,0.0,0.07,2,[1],3
7,11,x7fb6c8b58310,15,-50.0,0.0,0.0,0.12,2,[2],3
7,11,x7fb6c8b58310,16,550.0,0.0,1.0,0.06,6,[7],3
7,11,x7fb6c8b58310,17,550.0,0.0,1.0,0.06,5,[7],3
7,11,x7fb6c8b58310,18,400.0,0.0,0.0,0.06,2,[8],0
7,11,x7fb6c8b58310,19,250.0,0.0,0.0,0.07,3,[0],3
7,11,x7fb6c8b58310,20,-50.0,0.0,0.0,0.12,2,[1],3
7,11,x7fb6c8b58310,21,134.0,0.0,1.0,0.06,6,[8],3
7,11,x7fb6c8b58310,22,-50.0,0.0,0.0,0.07,3,[2],3
7,11,x7fb6c8b58310,23,-100.0,0.0,0.0,0.12,2,[1],4
7,11,x7fb6c8b58310,24,0.0,0.0,0.0,0.06,5,[6],3
7,11,x7fb6c8b58310,25,200.0,0.0,0.0,0.06,3,[8],0
7,11,x7fb6c8b58310,26,0.0,0.0,0.0,0.06,5,[6],2
7,11,x7fb6c8b58310,27,50.0,0.0,0.0,0.06,2,[8],2
7,11,x7fb6c8b58310,28,500.0,1.0,0.0,0.06,5,[6],0
7,11,x7fb6c8b58310,29,400.0,0.0,0.0,0.06,2,[7],3
7,11,x7fb6c8b58310,30,249.0,1.0,0.0,0.06,6,[8],4
7,11,x7fb6c8b58310,31,249.0,1.0,0.0,0.06,5,[8],4
7,11,x7fb6c8b58310,32,300.0,0.0,1.0,0.06,2,[9],2
7,11,x7fb6c8b58310,33,-100.0,0.0,0.0,0.06,5,[6],2
7,11,x7fb6c8b58310,34,550.0,0.0,1.0,0.07,3,[0],4
7,11,x7fb6c8b58310,35,400.0,0.0,0.0,0.03,4,[19],3
7,11,x7fb6c8b58310,36,250.0,0.0,1.0,0.12,7,[7],3
7,11,x7fb6c8b58310,37,550.0,0.0,1.0,0.06,6,[7],3
7,11,x7fb6c8b58310,38,250.0,0.0,0.0,0.07,2,[0],0
7,11,x7fb6c8b58310,39,400.0,0.0,0.0,0.06,6,[6],3
7,11,x7fb6c8b58310,40,250.0,0.0,0.0,0.07,3,[0],3
7,11,x7fb6c8b58310,41,250.0,0.0,0.0,0.12,2,[0],0
7,11,x7fb6c8b58310,42,400.0,0.0,0.0,0.06,6,[6],3
7,11,x7fb6c8b58310,43,50.0,1.0,0.0,0.07,3,[2],3
7,11,x7fb6c8b58310,44,150.0,1.0,0.0,0.12,2,[1],1
7,11,x7fb6c8b58310,45,150.0,1.0,0.0,0.07,3,[0],0
7,11,x7fb6c8b58310,46,421.0,1.0,1.0,0.09,7,[2],4
7,11,x7fb6c8b58310,47,246.0,1.0,0.0,0.06,7,[9],4
7,11,x7fb6c8b58310,48,550.0,0.0,1.0,0.06,7,[9],3
7,11,x7fb6c8b58310,49,100.0,0.0,0.0,0.12,7,[6],3
7,11,x7fb6c8b58310,50,5.0,0.0,0.0,0.12,7,[6],3
7,11,x7fb6c8b58310,51,400.0,0.0,0.0,0.06,7,[6],3
7,11,x7fb6c8b58310,52,251.0,0.0,0.0,0.06,6,[7],3
7,11,x7fb6c8b58310,53,250.0,0.0,0.0,0.06,6,[7],3
7,11,x7fb6c8b58310,54,400.0,0.0,0.0,0.06,5,[6],3
7,11,x7fb6c8b58310,55,250.0,0.0,0.0,0.07,2,[1],3
7,11,x7fb6c8b58310,56,0.0,0.0,0.0,0.03,5,[6],2
7,11,x7fb6c8b58310,57,0.0,0.0,0.0,0.06,5,[6],2
7,11,x7fb6c8b58310,58,250.0,0.0,1.0,0.07,3,[2],3
7,11,x7fb6c8b58310,59,-200.0,1.0,0.0,0.12,5,[1],4
7,11,x7fb6c8b58310,60,700.0,0.0,1.0,0.06,2,[9],2
7,11,x7fb6c8b58310,61,-100.0,0.0,0.0,0.06,5,[6],0
7,11,x7fb6c8b58310,62,0.0,0.0,0.0,0.06,5,[6],3
7,11,x7fb6c8b58310,63,700.0,0.0,1.0,0.06,2,[8],2
7,11,x7fb6c8b58310,64,250.0,0.0,0.0,0.07,3,[0],3
7,11,x7fb6c8b58310,65,250.0,0.0,0.0,0.12,2,[0],2
7,11,x7fb6c8b58310,66,500.0,1.0,0.0,0.06,5,[6],3
7,11,x7fb6c8b58310,67,100.0,0.0,0.0,0.06,2,[9],3
7,11,x7fb6c8b58310,68,400.0,0.0,1.0,0.06,5,[9],3
7,11,x7fb6c8b58310,69,-138.0,0.0,0.0,0.06,7,[6],3
7,11,x7fb6c8b58310,70,300.0,1.0,0.0,0.03,2,[9],0
7,11,x7fb6c8b58310,71,650.0,1.0,1.0,0.07,3,[0],0
7,11,x7fb6c8b58310,72,800.0,1.0,1.0,0.0,2,[9],0
7,11,x7fb6c8b58310,73,300.0,1.0,0.0,0.06,2,[9],0
7,11,x7fb6c8b58310,74,200.0,1.0,1.0,0.07,5,[2],3
7,11,x7fb6c8b58310,75,250.0,0.0,0.0,0.07,2,[1],2
7,11,x7fb6c8b58310,76,258.0,0.0,0.0,0.06,6,[6],3
7,11,x7fb6c8b58310,77,400.0,0.0,0.0,0.03,6,[6],2
7,11,x7fb6c8b58310,78,250.0,0.0,0.0,0.06,6,[8],3
7,11,x7fb6c8b58310,79,150.0,1.0,0.0,0.07,2,[0],0
7,11,x7fb6c8b58310,80,500.0,1.0,1.0,0.09,6,[1],3
7,11,x7fb6c8b58310,81,50.0,0.0,0.0,0.07,2,[1],0
7,11,x7fb6c8b58310,82,300.0,0.0,0.0,0.06,5,[6],2
7,11,x7fb6c8b58310,83,250.0,0.0,0.0,0.07,3,[0],3
7,11,x7fb6c8b58310,84,700.0,0.0,1.0,0.03,5,[6],2
7,11,x7fb6c8b58310,85,50.0,1.0,0.0,0.07,3,[2],3
7,11,x7fb6c8b58310,86,nan,0.0,0.0,0.12,3,[0],0
7,11,x7fb6c8b58310,87,230.0,1.0,0.0,0.03,7,[9],4
7,11,x7fb6c8b58310,88,400.0,0.0,0.0,0.06,5,[6],3
7,11,x7fb6c8b58310,89,260.0,1.0,0.0,0.06,3,[9],4
7,11,x7fb6c8b58310,90,-100.0,0.0,0.0,0.09,2,[2],0
7,11,x7fb6c8b58310,91,400.0,0.0,0.0,0.06,5,[6],2
7,11,x7fb6c8b58310,92,100.0,0.0,0.0,0.07,3,[1],3
7,11,x7fb6c8b58310,93,255.0,0.0,0.0,0.0,5,[6],3
7,11,x7fb6c8b58310,94,400.0,0.0,0.0,0.06,2,[7],3
7,11,x7fb6c8b58310,95,-449.0,0.0,0.0,0.07,3,[1],0
7,11,x7fb6c8b58310,96,-150.0,0.0,0.0,0.07,3,[0],3
7,11,x7fb6c8b58310,97,-50.0,0.0,0.0,0.12,5,[7],3
7,11,x7fb6c8b58310,98,100.0,0.0,0.0,0.12,4,[20],3
7,11,x7fb6c8b58310,99,50.0,0.0,0.0,0.09,2,[1],0
7,11,x7fb6c8b58310,100,550.0,0.0,1.0,0.09,2,[0],0
7,11,x7fb6c8b58310,101,252.0,0.0,0.0,0.06,6,[6],3
7,11,x7fb6c8b58310,102,99.0,0.0,0.0,0.07,3,[1],3
7,11,x7fb6c8b58310,103,400.0,0.0,0.0,0.0,2,[8],2
7,11,x7fb6c8b58310,104,50.0,0.0,0.0,0.07,2,[1],0
7,11,x7fb6c8b58310,105,638.0,1.0,1.0,0.06,6,[9],4
7,11,x7fb6c8b58310,106,142.0,0.0,0.0,0.07,3,[0],0
7,11,x7fb6c8b58310,107,250.0,0.0,0.0,0.12,2,[0],0
7,11,x7fb6c8b58310,108,548.0,0.0,1.0,0.06,6,[8],3
7,11,x7fb6c8b58310,109,250.0,0.0,0.0,0.09,2,[1],2
7,11,x7fb6c8b58310,110,250.0,0.0,0.0,0.07,2,[0],0
7,11,x7fb6c8b58310,111,251.0,0.0,0.0,0.06,6,[7],3
7,11,x7fb6c8b58310,112,-350.0,0.0,0.0,0.07,2,[0],0
7,11,x7fb6c8b58310,113,400.0,0.0,0.0,0.06,6,[6],3
7,11,x7fb6c8b58310,114,250.0,0.0,0.0,0.06,6,[7],3
7,11,x7fb6c8b58310,115,350.0,1.0,0.0,0.09,2,[1],1
7,11,x7fb6c8b58310,116,100.0,0.0,0.0,0.12,5,[6],3
7,11,x7fb6c8b58310,117,800.0,1.0,1.0,0.06,2,[8],0
7,11,x7fb6c8b58310,118,-150.0,0.0,0.0,0.06,6,[7],3
7,11,x7fb6c8b58310,119,-150.0,0.0,0.0,0.07,2,[1],0
7,11,x7fb6c8b58310,120,-210.0,1.0,0.0,0.07,7,[2],4
7,11,x7fb6c8b58310,121,-0.0,1.0,0.0,0.07,3,[1],4
7,11,x7fb6c8b58310,122,230.0,1.0,0.0,0.0,6,[9],4
7,11,x7fb6c8b58310,123,293.0,0.0,0.0,0.06,6,[7],3
7,11,x7fb6c8b58310,124,137.0,0.0,0.0,0.07,3,[0],4
7,11,x7fb6c8b58310,125,400.0,0.0,0.0,0.0,2,[7],2
7,11,x7fb6c8b58310,126,-350.0,0.0,0.0,0.07,2,[1],0
7,11,x7fb6c8b58310,127,100.0,0.0,0.0,0.12,7,[20],3
7,11,x7fb6c8b58310,128,250.0,0.0,0.0,0.09,3,[0],2
7,11,x7fb6c8b58310,129,200.0,0.0,0.0,0.0,5,[6],2
7,11,x7fb6c8b58310,130,148.0,0.0,0.0,0.07,3,[0],2
7,11,x7fb6c8b58310,131,295.0,0.0,0.0,0.09,3,[19],3
7,11,x7fb6c8b58310,132,-50.0,0.0,0.0,0.09,3,[2],3
7,11,x7fb6c8b58310,133,400.0,0.0,0.0,0.0,5,[6],3
7,11,x7fb6c8b58310,134,200.0,1.0,0.0,0.06,2,[9],0
7,11,x7fb6c8b58310,135,50.0,0.0,0.0,0.07,2,[1],0
7,11,x7fb6c8b58310,136,146.0,0.0,0.0,0.07,3,[0],4
7,11,x7fb6c8b58310,137,400.0,0.0,1.0,0.09,6,[1],3
7,11,x7fb6c8b58310,138,0.0,1.0,0.0,0.07,2,[1],2
7,11,x7fb6c8b58310,139,252.0,0.0,0.0,0.06,6,[7],3
7,11,x7fb6c8b58310,140,400.0,0.0,0.0,0.06,7,[6],3
7,11,x7fb6c8b58310,141,-100.0,0.0,0.0,0.06,7,[6],2
7,11,x7fb6c8b58310,142,-249.0,0.0,0.0,0.06,6,[6],0
7,11,x7fb6c8b58310,143,-50.0,0.0,0.0,0.07,3,[2],3
7,11,x7fb6c8b58310,144,50.0,1.0,0.0,0.12,2,[2],4
7,11,x7fb6c8b58310,145,250.0,0.0,0.0,0.06,7,[6],3
7,11,x7fb6c8b58310,146,-347.0,0.0,0.0,0.07,3,[0],0
7,11,x7fb6c8b58310,147,100.0,0.0,1.0,0.07,6,[2],3
7,11,x7fb6c8b58310,148,150.0,1.0,0.0,0.07,2,[1],0
7,11,x7fb6c8b58310,149,500.0,1.0,1.0,0.09,6,[1],3
7,11,x7fb6c8b58310,150,0.0,0.0,0.0,0.06,7,[6],3
7,11,x7fb6c8b58310,151,400.0,0.0,0.0,0.06,5,[6],0
7,11,x7fb6c8b58310,152,100.0,0.0,1.0,0.07,6,[2],3
7,11,x7fb6c8b58310,153,282.0,0.0,0.0,0.06,7,[6],3
7,11,x7fb6c8b58310,154,101.0,0.0,0.0,0.07,3,[1],3
7,11,x7fb6c8b58310,155,nan,0.0,0.0,0.08,2,[19],3
7,11,x7fb6c8b58310,156,-57.0,0.0,1.0,0.09,4,[0],0
7,11,x7fb6c8b58310,157,-186.0,1.0,0.0,0.07,6,[0],4
7,11,x7fb6c8b58310,158,207.0,0.0,1.0,0.12,5,[9],3
7,11,x7fb6c8b58310,159,-199.0,0.0,1.0,0.07,5,[0],3
7,11,x7fb6c8b58310,160,800.0,1.0,1.0,0.06,3,[9],0
7,11,x7fb6c8b58310,161,-89.0,0.0,0.0,0.06,5,[6],0
7,11,x7fb6c8b58310,162,400.0,0.0,1.0,0.07,3,[1],3
7,11,x7fb6c8b58310,163,550.0,0.0,1.0,0.09,3,[0],3
7,11,x7fb6c8b58310,164,319.0,0.0,0.0,0.03,5,[6],2
7,11,x7fb6c8b58310,165,148.0,0.0,1.0,0.06,4,[7],3
7,11,x7fb6c8b58310,166,-153.0,0.0,1.0,0.12,5,[7],3
7,11,x7fb6c8b58310,167,100.0,0.0,1.0,0.07,3,[2],3
7,11,x7fb6c8b58310,168,400.0,0.0,1.0,0.07,3,[1],3
7,11,x7fb6c8b58310,169,226.0,0.0,1.0,0.12,5,[8],3
7,11,x7fb6c8b58310,170,-328.0,0.0,0.0,0.07,3,[1],3
7,11,x7fb6c8b58310,171,400.0,0.0,0.0,0.0,2,[9],2
7,11,x7fb6c8b58310,172,50.0,0.0,0.0,0.07,2,[0],0
7,11,x7fb6c8b58310,173,550.0,0.0,1.0,0.06,5,[7],3
7,11,x7fb6c8b58310,174,300.0,0.0,1.0,0.06,2,[8],2
7,11,x7fb6c8b58310,175,400.0,0.0,0.0,0.06,5,[6],3
7,11,x7fb6c8b58310,176,500.0,1.0,0.0,0.06,2,[9],0
7,11,x7fb6c8b58310,177,50.0,0.0,0.0,0.07,2,[1],0
7,11,x7fb6c8b58310,178,245.0,0.0,1.0,0.12,5,[8],3
7,11,x7fb6c8b58310,179,400.0,0.0,0.0,0.06,2,[9],2
7,11,x7fb6c8b58310,180,262.0,0.0,0.0,0.06,5,[6],3
7,11,x7fb6c8b58310,181,400.0,0.0,1.0,0.06,2,[9],3
7,11,x7fb6c8b58310,182,0.0,0.0,0.0,0.06,6,[6],3
7,11,x7fb6c8b58310,183,0.0,0.0,0.0,0.06,5,[6],0
7,11,x7fb6c8b58310,184,400.0,0.0,0.0,0.06,2,[7],3
7,11,x7fb6c8b58310,185,242.0,1.0,0.0,0.06,5,[9],4
7,11,x7fb6c8b58310,186,250.0,0.0,0.0,0.07,3,[0],0
7,11,x7fb6c8b58310,187,-50.0,0.0,0.0,0.07,2,[2],3
7,11,x7fb6c8b58310,188,200.0,0.0,0.0,0.0,2,[9],2
7,11,x7fb6c8b58310,189,106.0,1.0,1.0,0.07,6,[2],4
7,11,x7fb6c8b58310,190,100.0,0.0,0.0,0.08,3,[19],3
7,11,x7fb6c8b58310,191,-150.0,0.0,1.0,0.12,5,[7],3
7,11,x7fb6c8b58310,192,250.0,0.0,0.0,0.09,2,[0],0
7,11,x7fb6c8b58310,193,-300.0,0.0,0.0,0.12,5,[6],3
7,11,x7fb6c8b58310,194,100.0,1.0,0.0,0.12,4,[6],4
7,11,x7fb6c8b58310,195,68.0,0.0,0.0,0.07,3,[0],2
7,11,x7fb6c8b58310,196,400.0,0.0,0.0,0.0,2,[9],2
7,11,x7fb6c8b58310,197,138.0,0.0,1.0,0.06,5,[9],3
7,11,x7fb6c8b58310,198,249.0,1.0,0.0,0.06,5,[8],4
7,11,x7fb6c8b58310,199,150.0,0.0,0.0,0.07,3,[0],0
7,11,x7fb6c8b58310,200,548.0,0.0,1.0,0.06,5,[8],3
7,11,x7fb6c8b58310,201,-145.0,0.0,0.0,0.06,5,[7],3
7,11,x7fb6c8b58310,202,250.0,0.0,0.0,0.06,3,[8],0
7,11,x7fb6c8b58310,203,-300.0,0.0,0.0,0.12,5,[23],3
7,11,x7fb6c8b58310,204,0.0,0.0,0.0,0.03,5,[6],0
7,11,x7fb6c8b58310,205,545.0,0.0,1.0,0.06,3,[9],3
7,11,x7fb6c8b58310,206,400.0,0.0,0.0,0.06,2,[7],2
7,11,x7fb6c8b58310,207,250.0,1.0,0.0,0.06,5,[7],4
7,11,x7fb6c8b58310,208,100.0,0.0,0.0,0.12,3,[20],3
7,11,x7fb6c8b58310,209,-500.0,0.0,0.0,0.12,2,[8],2
7,11,x7fb6c8b58310,210,226.0,1.0,0.0,0.06,7,[9],4
7,11,x7fb6c8b58310,211,148.0,0.0,0.0,0.07,3,[0],4
7,11,x7fb6c8b58310,212,-50.0,0.0,0.0,0.12,3,[2],3
7,11,x7fb6c8b58310,213,298.0,0.0,0.0,0.0,7,[7],1
7,11,x7fb6c8b58310,214,343.0,0.0,0.0,0.06,5,[6],2
7,11,x7fb6c8b58310,215,100.0,0.0,0.0,0.12,4,[20],3
7,11,x7fb6c8b58310,216,301.0,0.0,0.0,0.03,7,[6],2
7,11,x7fb6c8b58310,217,250.0,0.0,0.0,0.07,2,[0],3
7,11,x7fb6c8b58310,218,287.0,0.0,0.0,0.03,5,[6],1
7,11,x7fb6c8b58310,219,400.0,0.0,0.0,0.06,4,[6],3
7,11,x7fb6c8b58310,220,-1.0,1.0,0.0,0.07,3,[1],4
7,11,x7fb6c8b58310,221,50.0,0.0,0.0,0.07,2,[0],2
7,11,x7fb6c8b58310,222,250.0,0.0,0.0,0.06,5,[7],3
7,11,x7fb6c8b58310,223,250.0,0.0,1.0,0.07,3,[2],3
7,11,x7fb6c8b58310,224,550.0,0.0,1.0,0.0,3,[8],0
7,11,x7fb6c8b58310,225,222.0,0.0,1.0,0.12,5,[8],3
7,11,x7fb6c8b58310,226,700.0,0.0,1.0,0.06,2,[8],2
7,11,x7fb6c8b58310,227,514.0,0.0,1.0,0.06,5,[8],3
7,11,x7fb6c8b58310,228,-100.0,0.0,0.0,0.07,2,[1],2
7,11,x7fb6c8b58310,229,350.0,1.0,1.0,0.07,3,[2],3
7,11,x7fb6c8b58310,230,305.0,0.0,0.0,0.0,6,[6],2
7,11,x7fb6c8b58310,231,651.0,1.0,1.0,0.06,4,[7],4
7,11,x7fb6c8b58310,232,200.0,0.0,0.0,0.03,2,[9],2
7,11,x7fb6c8b58310,233,400.0,0.0,1.0,0.07,3,[1],3
7,11,x7fb6c8b58310,234,-100.0,0.0,0.0,0.03,7,[6],2
7,11,x7fb6c8b58310,235,250.0,1.0,0.0,0.07,3,[0],4
7,11,x7fb6c8b58310,236,236.0,1.0,1.0,0.07,7,[1],4
7,11,x7fb6c8b58310,237,186.0,0.0,1.0,0.06,7,[6],3
7,11,x7fb6c8b58310,238,150.0,0.0,1.0,0.06,6,[8],3
7,11,x7fb6c8b58310,239,150.0,0.0,0.0,0.07,3,[0],2
7,11,x7fb6c8b58310,240,50.0,0.0,0.0,0.12,3,[0],4
7,11,x7fb6c8b58310,241,400.0,0.0,0.0,0.06,6,[6],3
7,11,x7fb6c8b58310,242,310.0,0.0,0.0,0.03,7,[6],2
7,11,x7fb6c8b58310,243,250.0,0.0,1.0,0.07,3,[2],3
7,11,x7fb6c8b58310,244,485.0,0.0,1.0,0.06,7,[9],3
7,11,x7fb6c8b58310,245,253.0,0.0,0.0,0.06,6,[7],3
7,11,x7fb6c8b58310,246,0.0,0.0,0.0,0.06,7,[6],3
7,11,x7fb6c8b58310,247,250.0,0.0,1.0,0.07,3,[2],3
7,11,x7fb6c8b58310,248,-186.0,0.0,1.0,0.12,7,[9],3
7,11,x7fb6c8b58310,249,-145.0,0.0,0.0,0.06,6,[7],3
7,11,x7fb6c8b58310,250,252.0,1.0,0.0,0.03,7,[7],4
7,11,x7fb6c8b58310,251,400.0,0.0,1.0,0.12,2,[23],3
7,11,x7fb6c8b58310,252,50.0,0.0,0.0,0.09,3,[0],0
7,11,x7fb6c8b58310,253,300.0,0.0,0.0,0.0,7,[7],2
7,11,x7fb6c8b58310,254,550.0,0.0,1.0,0.06,7,[7],3
7,11,x7fb6c8b58310,255,100.0,0.0,0.0,0.12,7,[6],3
7,11,x7fb6c8b58310,256,150.0,0.0,0.0,0.07,3,[0],4
7,11,x7fb6c8b58310,257,-150.0,0.0,0.0,0.06,7,[9],3
7,11,x7fb6c8b58310,258,141.0,0.0,0.0,0.07,3,[0],4
7,11,x7fb6c8b58310,259,400.0,0.0,1.0,0.12,4,[23],3
7,11,x7fb6c8b58310,260,100.0,0.0,0.0,0.12,7,[6],3
7,11,x7fb6c8b58310,261,100.0,0.0,1.0,0.07,7,[2],3
7,11,x7fb6c8b58310,262,0.0,0.0,0.0,0.06,7,[6],3
7,11,x7fb6c8b58310,263,-150.0,0.0,0.0,0.06,7,[8],3
7,11,x7fb6c8b58310,264,147.0,0.0,1.0,0.08,8,[20],3
7,11,x7fb6c8b58310,265,192.0,1.0,0.0,0.09,3,[0],0
7,11,x7fb6c8b58310,266,345.0,1.0,1.0,0.12,7,[0],4
7,11,x7fb6c8b58310,267,0.0,0.0,0.0,0.06,7,[6],3
7,11,x7fb6c8b58310,268,250.0,1.0,0.0,0.06,6,[7],4
7,11,x7fb6c8b58310,269,400.0,0.0,0.0,0.06,7,[6],3
7,11,x7fb6c8b58310,270,150.0,0.0,0.0,0.07,3,[0],4
7,11,x7fb6c8b58310,271,339.0,0.0,0.0,0.0,7,[6],2
7,11,x7fb6c8b58310,272,400.0,0.0,0.0,0.06,6,[6],3
7,11,x7fb6c8b58310,273,300.0,0.0,0.0,0.03,7,[7],1
7,11,x7fb6c8b58310,274,50.0,0.0,0.0,0.07,3,[0],4
7,11,x7fb6c8b58310,275,400.0,0.0,0.0,0.06,7,[6],3
7,11,x7fb6c8b58310,276,21.0,1.0,0.0,0.07,4,[2],4
7,11,x7fb6c8b58310,277,223.0,1.0,0.0,0.06,7,[9],4
7,11,x7fb6c8b58310,278,-126.0,0.0,0.0,0.06,5,[7],3
7,11,x7fb6c8b58310,279,100.0,0.0,0.0,0.12,2,[20],3
7,11,x7fb6c8b58310,280,100.0,0.0,0.0,0.12,7,[6],3
7,11,x7fb6c8b58310,281,250.0,0.0,0.0,0.06,7,[6],3
7,11,x7fb6c8b58310,282,-450.0,0.0,0.0,0.12,7,[8],3
7,11,x7fb6c8b58310,283,314.0,1.0,1.0,0.07,7,[1],4
7,11,x7fb6c8b58310,284,400.0,0.0,0.0,0.06,7,[6],3
7,11,x7fb6c8b58310,285,150.0,0.0,0.0,0.07,3,[0],4
7,11,x7fb6c8b58310,286,500.0,1.0,1.0,0.12,8,[20],3
7,11,x7fb6c8b58310,287,250.0,0.0,0.0,0.09,3,[0],4
7,11,x7fb6c8b58310,288,-100.0,0.0,0.0,0.0,7,[6],2
7,11,x7fb6c8b58310,289,-100.0,0.0,0.0,0.06,7,[6],0
7,11,x7fb6c8b58310,290,87.0,1.0,0.0,0.07,4,[0],4
7,11,x7fb6c8b58310,291,-150.0,0.0,1.0,0.12,7,[9],3
7,11,x7fb6c8b58310,292,200.0,1.0,1.0,0.07,7,[2],4
7,11,x7fb6c8b58310,293,0.0,0.0,0.0,0.06,7,[6],3
7,11,x7fb6c8b58310,294,253.0,1.0,0.0,0.06,7,[7],4
7,11,x7fb6c8b58310,295,250.0,0.0,0.0,0.06,7,[7],3
7,11,x7fb6c8b58310,296,250.0,0.0,0.0,0.07,3,[0],4
7,11,x7fb6c8b58310,297,0.0,0.0,0.0,0.06,7,[6],3
7,11,x7fb6c8b58310,298,-148.0,0.0,0.0,0.06,7,[7],3
7,11,x7fb6c8b58310,299,245.0,1.0,0.0,0.06,7,[9],4
7,11,x7fb6c8b58310,300,207.0,0.0,1.0,0.07,7,[1],3
7,11,x7fb6c8b58310,301,100.0,0.0,1.0,0.07,7,[2],3
7,11,x7fb6c8b58310,302,100.0,0.0,1.0,0.07,7,[2],3
7,11,x7fb6c8b58310,303,400.0,0.0,0.0,0.06,7,[6],3
7,11,x7fb6c8b58310,304,400.0,0.0,0.0,0.06,7,[6],3
7,11,x7fb6c8b58310,305,-48.0,0.0,0.0,0.12,7,[8],3
7,11,x7fb6c8b58310,306,86.0,1.0,0.0,0.07,4,[2],4
7,11,x7fb6c8b58310,307,400.0,0.0,0.0,0.06,7,[6],3
7,11,x7fb6c8b58310,308,250.0,0.0,0.0,0.07,3,[0],4
7,11,x7fb6c8b58310,309,400.0,0.0,0.0,0.06,7,[6],3
7,11,x7fb6c8b58310,310,270.0,0.0,0.0,0.06,7,[7],3
7,11,x7fb6c8b58310,311,100.0,0.0,1.0,0.07,7,[2],3
7,11,x7fb6c8b58310,312,255.0,0.0,0.0,0.06,7,[7],3
7,11,x7fb6c8b58310,313,250.0,0.0,0.0,0.07,3,[0],4
7,11,x7fb6c8b58310,314,300.0,0.0,0.0,0.03,7,[6],2
7,11,x7fb6c8b58310,315,-14.0,0.0,0.0,0.12,7,[7],3
7,11,x7fb6c8b58310,316,-442.0,0.0,0.0,0.12,7,[7],3
7,11,x7fb6c8b58310,317,-300.0,0.0,0.0,0.12,7,[6],3
7,11,x7fb6c8b58310,318,130.0,0.0,0.0,0.07,3,[0],4
7,11,x7fb6c8b58310,319,-5.0,1.0,0.0,0.12,7,[8],4
7,11,x7fb6c8b58310,320,-100.0,0.0,0.0,0.06,7,[6],0
7,11,x7fb6c8b58310,321,-178.0,0.0,1.0,0.09,7,[1],3
7,11,x7fb6c8b58310,322,242.0,1.0,0.0,0.09,7,[0],4
7,11,x7fb6c8b58310,323,400.0,0.0,1.0,0.12,2,[23],3
7,11,x7fb6c8b58310,324,342.0,0.0,0.0,0.03,7,[6],2
7,11,x7fb6c8b58310,325,-150.0,1.0,0.0,0.07,3,[2],4
7,11,x7fb6c8b58310,326,100.0,0.0,0.0,0.12,7,[6],3
7,11,x7fb6c8b58310,327,250.0,0.0,0.0,0.07,3,[0],4
7,11,x7fb6c8b58310,328,-449.0,0.0,0.0,0.12,7,[6],3
7,11,x7fb6c8b58310,329,221.0,1.0,0.0,0.06,7,[9],4
7,11,x7fb6c8b58310,330,301.0,0.0,0.0,0.03,7,[6],2
7,11,x7fb6c8b58310,331,100.0,0.0,0.0,0.12,7,[20],3
7,11,x7fb6c8b58310,332,0.0,0.0,0.0,0.06,7,[6],2
7,11,x7fb6c8b58310,333,100.0,0.0,0.0,0.12,2,[20],3
7,11,x7fb6c8b58310,334,-52.0,1.0,0.0,0.12,7,[9],4
7,11,x7fb6c8b58310,335,400.0,0.0,0.0,0.06,7,[6],3
7,11,x7fb6c8b58310,336,250.0,0.0,0.0,0.07,3,[0],4
7,11,x7fb6c8b58310,337,-99.0,0.0,0.0,0.03,7,[6],2
7,11,x7fb6c8b58310,338,26.0,1.0,0.0,0.09,7,[2],4
7,11,x7fb6c8b58310,339,-38.0,0.0,0.0,0.12,7,[6],3
7,11,x7fb6c8b58310,340,100.0,0.0,0.0,0.12,7,[6],3
7,11,x7fb6c8b58310,341,99.0,0.0,0.0,0.07,3,[0],4
7,11,x7fb6c8b58310,342,400.0,0.0,1.0,0.09,7,[2],3
7,11,x7fb6c8b58310,343,122.0,0.0,0.0,0.07,3,[0],2
7,11,x7fb6c8b58310,344,-39.0,0.0,0.0,0.0,7,[6],2
7,11,x7fb6c8b58310,345,622.0,1.0,1.0,0.06,7,[9],4
7,11,x7fb6c8b58310,346,-145.0,0.0,0.0,0.03,7,[6],3
7,11,x7fb6c8b58310,347,251.0,1.0,0.0,0.09,7,[0],0
7,11,x7fb6c8b58310,348,167.0,1.0,0.0,0.09,7,[0],4
7,11,x7fb6c8b58310,349,nan,0.0,0.0,0.07,2,[0],3
7,11,x7fb6c8b58310,350,400.0,0.0,0.0,0.03,7,[6],2
7,11,x7fb6c8b58310,351,150.0,0.0,0.0,0.07,3,[0],4
7,11,x7fb6c8b58310,352,400.0,0.0,0.0,0.06,6,[6],3
7,11,x7fb6c8b58310,353,-300.0,0.0,0.0,0.12,7,[6],3
7,11,x7fb6c8b58310,354,250.0,1.0,0.0,0.06,7,[9],4
7,11,x7fb6c8b58310,355,50.0,0.0,0.0,0.07,3,[0],0
7,11,x7fb6c8b58310,356,-50.0,0.0,0.0,0.0,7,[6],2
7,11,x7fb6c8b58310,357,-99.0,0.0,0.0,0.06,7,[6],0
7,11,x7fb6c8b58310,358,-50.0,1.0,0.0,0.12,7,[9],4
7,11,x7fb6c8b58310,359,400.0,0.0,0.0,0.06,7,[6],3
7,11,x7fb6c8b58310,360,400.0,0.0,1.0,0.09,7,[2],3
7,11,x7fb6c8b58310,361,400.0,0.0,0.0,0.06,7,[6],3
7,11,x7fb6c8b58310,362,100.0,0.0,1.0,0.07,7,[2],3
7,11,x7fb6c8b58310,363,400.0,0.0,0.0,0.06,7,[6],3
7,11,x7fb6c8b58310,364,50.0,0.0,0.0,0.07,3,[0],4
7,11,x7fb6c8b58310,365,400.0,0.0,1.0,0.09,7,[2],3
7,11,x7fb6c8b58310,366,400.0,0.0,0.0,0.06,7,[6],3
7,11,x7fb6c8b58310,367,250.0,0.0,0.0,0.07,2,[1],3
7,11,x7fb6c8b58310,368,-73.0,0.0,0.0,0.0,7,[6],2
7,11,x7fb6c8b58310,369,121.0,1.0,0.0,0.07,4,[1],4
7,11,x7fb6c8b58310,370,222.0,1.0,0.0,0.09,7,[1],4
7,11,x7fb6c8b58310,371,250.0,0.0,0.0,0.07,2,[0],3
7,11,x7fb6c8b58310,372,322.0,1.0,1.0,0.12,7,[1],4
7,11,x7fb6c8b58310,373,50.0,0.0,0.0,0.07,3,[0],0
7,11,x7fb6c8b58310,374,-300.0,1.0,0.0,0.09,4,[2],4
7,11,x7fb6c8b58310,375,146.0,1.0,0.0,0.0,7,[9],4
7,11,x7fb6c8b58310,376,248.0,0.0,1.0,0.07,7,[0],3
7,11,x7fb6c8b58310,377,-210.0,0.0,1.0,0.07,7,[1],3
7,11,x7fb6c8b58310,378,585.0,1.0,1.0,0.09,7,[1],3
7,11,x7fb6c8b58310,379,181.0,0.0,1.0,0.07,7,[1],3
7,11,x7fb6c8b58310,380,-148.0,0.0,0.0,0.06,7,[8],3
7,11,x7fb6c8b58310,381,155.0,1.0,0.0,0.06,7,[9],4
7,11,x7fb6c8b58310,382,400.0,0.0,0.0,0.06,7,[6],3
7,11,x7fb6c8b58310,383,150.0,0.0,0.0,0.07,3,[0],4
7,11,x7fb6c8b58310,384,400.0,0.0,0.0,0.06,7,[6],3
7,11,x7fb6c8b58310,385,-50.0,1.0,0.0,0.07,3,[2],4
7,11,x7fb6c8b58310,386,400.0,0.0,0.0,0.03,7,[6],2
7,11,x7fb6c8b58310,387,250.0,0.0,0.0,0.07,3,[0],4
7,11,x7fb6c8b58310,388,-100.0,0.0,0.0,0.0,7,[6],2
7,11,x7fb6c8b58310,389,0.0,0.0,0.0,0.03,7,[6],2
7,11,x7fb6c8b58310,390,74.0,1.0,0.0,0.07,3,[1],4
7,11,x7fb6c8b58310,391,-113.0,1.0,0.0,0.12,7,[8],4
7,11,x7fb6c8b58310,392,-152.0,0.0,1.0,0.07,7,[0],3
7,11,x7fb6c8b58310,393,250.0,1.0,0.0,0.06,7,[8],4
7,11,x7fb6c8b58310,394,-350.0,0.0,0.0,0.07,3,[0],0
7,11,x7fb6c8b58310,395,0.0,0.0,0.0,0.0,7,[6],0
7,11,x7fb6c8b58310,396,400.0,0.0,0.0,0.06,5,[6],3
7,11,x7fb6c8b58310,397,0.0,0.0,0.0,0.06,7,[6],3
7,11,x7fb6c8b58310,398,-37.0,0.0,0.0,0.06,6,[6],2
7,11,x7fb6c8b58310,399,-470.0,0.0,0.0,0.07,7,[1],3
7,11,x7fb6c8b58310,400,500.0,1.0,0.0,0.06,7,[6],4
7,11,x7fb6c8b58310,401,255.0,0.0,0.0,0.06,7,[8],3
7,11,x7fb6c8b58310,402,400.0,0.0,0.0,0.06,6,[6],3
7,11,x7fb6c8b58310,403,-50.0,0.0,0.0,0.12,6,[7],3
7,11,x7fb6c8b58310,404,-50.0,0.0,0.0,0.12,6,[7],3
7,11,x7fb6c8b58310,405,50.0,1.0,0.0,0.07,3,[2],4
7,11,x7fb6c8b58310,406,-57.0,1.0,0.0,0.12,7,[9],4
7,11,x7fb6c8b58310,407,222.0,0.0,1.0,0.07,6,[0],3
7,11,x7fb6c8b58310,408,-414.0,0.0,0.0,0.12,6,[6],3
7,11,x7fb6c8b58310,409,-50.0,0.0,0.0,0.07,2,[2],3
7,11,x7fb6c8b58310,410,190.0,1.0,0.0,0.09,7,[1],4
7,11,x7fb6c8b58310,411,395.0,0.0,1.0,0.07,3,[1],3
7,11,x7fb6c8b58310,412,547.0,0.0,1.0,0.06,7,[8],3
7,11,x7fb6c8b58310,413,338.0,0.0,0.0,0.03,7,[6],2
7,11,x7fb6c8b58310,414,-50.0,0.0,0.0,0.07,3,[2],3
7,11,x7fb6c8b58310,415,250.0,0.0,0.0,0.12,3,[0],3
7,11,x7fb6c8b58310,416,149.0,0.0,1.0,0.06,7,[7],3
7,11,x7fb6c8b58310,417,-52.0,0.0,0.0,0.06,5,[6],2
7,11,x7fb6c8b58310,418,130.0,1.0,0.0,0.09,6,[0],4
7,11,x7fb6c8b58310,419,-178.0,0.0,1.0,0.07,7,[0],3
7,11,x7fb6c8b58310,420,0.0,0.0,0.0,0.06,7,[6],0
7,11,x7fb6c8b58310,421,550.0,0.0,1.0,0.07,3,[0],3
7,11,x7fb6c8b58310,422,100.0,0.0,0.0,0.08,2,[19],3
7,11,x7fb6c8b58310,423,-150.0,0.0,1.0,0.12,7,[9],3
7,11,x7fb6c8b58310,424,0.0,0.0,0.0,0.06,6,[6],3
7,11,x7fb6c8b58310,425,100.0,0.0,1.0,0.07,6,[1],3
7,11,x7fb6c8b58310,426,400.0,0.0,0.0,0.06,6,[6],3
7,11,x7fb6c8b58310,427,-122.0,0.0,0.0,0.06,7,[6],3
7,11,x7fb6c8b58310,428,545.0,0.0,1.0,0.06,7,[9],3
7,11,x7fb6c8b58310,429,400.0,0.0,0.0,0.03,7,[6],2
7,11,x7fb6c8b58310,430,100.0,0.0,0.0,0.12,7,[6],3
7,11,x7fb6c8b58310,431,400.0,0.0,0.0,0.06,7,[6],3
7,11,x7fb6c8b58310,432,300.0,0.0,0.0,0.03,5,[6],2
7,11,x7fb6c8b58310,433,250.0,0.0,0.0,0.07,2,[0],2
7,11,x7fb6c8b58310,434,0.0,0.0,0.0,0.0,7,[6],2
7,11,x7fb6c8b58310,435,-148.0,0.0,0.0,0.06,7,[6],3
7,11,x7fb6c8b58310,436,99.0,1.0,0.0,0.07,3,[1],4
7,11,x7fb6c8b58310,437,249.0,1.0,0.0,0.06,7,[9],4
7,11,x7fb6c8b58310,438,100.0,0.0,0.0,0.12,7,[6],3
7,11,x7fb6c8b58310,439,0.0,0.0,0.0,0.03,7,[6],3
7,11,x7fb6c8b58310,440,-450.0,0.0,0.0,0.12,7,[9],3
7,11,x7fb6c8b58310,441,0.0,1.0,0.0,0.07,2,[2],0
7,11,x7fb6c8b58310,442,-93.0,1.0,0.0,0.07,7,[1],4
7,11,x7fb6c8b58310,443,-99.0,1.0,0.0,0.07,7,[1],4
7,11,x7fb6c8b58310,444,250.0,1.0,0.0,0.03,7,[9],4
7,11,x7fb6c8b58310,445,100.0,0.0,0.0,0.12,7,[6],3
7,11,x7fb6c8b58310,446,100.0,0.0,1.0,0.07,7,[2],3
7,11,x7fb6c8b58310,447,700.0,0.0,1.0,0.07,8,[20],3
7,11,x7fb6c8b58310,448,250.0,0.0,0.0,0.09,3,[0],3
7,11,x7fb6c8b58310,449,310.0,0.0,0.0,0.03,7,[6],2
7,11,x7fb6c8b58310,450,-422.0,0.0,0.0,0.12,7,[7],3
7,11,x7fb6c8b58310,451,214.0,1.0,0.0,0.06,7,[9],4
7,11,x7fb6c8b58310,452,400.0,0.0,0.0,0.03,7,[6],2
7,11,x7fb6c8b58310,453,50.0,0.0,0.0,0.07,3,[0],4
7,11,x7fb6c8b58310,454,200.0,1.0,1.0,0.07,7,[2],3
7,11,x7fb6c8b58310,455,255.0,0.0,0.0,0.06,7,[8],3
7,11,x7fb6c8b58310,456,250.0,0.0,0.0,0.06,7,[8],3
7,11,x7fb6c8b58310,457,113.0,0.0,0.0,0.07,3,[0],4
7,11,x7fb6c8b58310,458,100.0,0.0,1.0,0.07,7,[2],3
7,11,x7fb6c8b58310,459,126.0,0.0,0.0,0.07,3,[0],0
7,11,x7fb6c8b58310,460,400.0,0.0,0.0,0.0,7,[6],2
7,11,x7fb6c8b58310,461,100.0,0.0,1.0,0.07,7,[2],3
7,11,x7fb6c8b58310,462,400.0,0.0,0.0,0.03,7,[6],2
7,11,x7fb6c8b58310,463,250.0,0.0,0.0,0.07,3,[0],2
7,11,x7fb6c8b58310,464,330.0,0.0,0.0,0.0,7,[6],2
7,11,x7fb6c8b58310,465,-135.0,0.0,0.0,0.04,8,[19],3
7,11,x7fb6c8b58310,466,250.0,1.0,0.0,0.06,7,[7],4
7,11,x7fb6c8b58310,467,200.0,1.0,1.0,0.07,7,[2],3
7,11,x7fb6c8b58310,468,-150.0,0.0,0.0,0.07,3,[0],0
7,11,x7fb6c8b58310,469,500.0,1.0,1.0,0.09,7,[2],3
7,11,x7fb6c8b58310,470,-138.0,0.0,0.0,0.06,7,[7],3
7,11,x7fb6c8b58310,471,235.0,1.0,0.0,0.06,7,[9],4
7,11,x7fb6c8b58310,472,200.0,1.0,1.0,0.07,7,[2],3
7,11,x7fb6c8b58310,473,400.0,0.0,1.0,0.09,7,[2],3
7,11,x7fb6c8b58310,474,200.0,1.0,0.0,0.12,4,[20],3
7,11,x7fb6c8b58310,475,250.0,0.0,0.0,0.12,3,[0],4
7,11,x7fb6c8b58310,476,400.0,0.0,0.0,0.0,7,[6],2
7,11,x7fb6c8b58310,477,266.0,0.0,0.0,0.06,7,[7],3
7,11,x7fb6c8b58310,478,400.0,0.0,0.0,0.06,7,[6],3
7,11,x7fb6c8b58310,479,-50.0,0.0,0.0,0.07,2,[2],3
7,11,x7fb6c8b58310,480,557.0,0.0,1.0,0.03,8,[19],3
7,11,x7fb6c8b58310,481,400.0,0.0,1.0,0.09,7,[2],3
7,11,x7fb6c8b58310,482,250.0,0.0,0.0,0.06,7,[8],3
7,11,x7fb6c8b58310,483,400.0,0.0,1.0,0.12,4,[20],3
7,11,x7fb6c8b58310,484,250.0,0.0,0.0,0.12,3,[0],2
7,11,x7fb6c8b58310,485,400.0,0.0,0.0,0.0,7,[6],2
7,11,x7fb6c8b58310,486,400.0,0.0,0.0,0.06,7,[6],3
7,11,x7fb6c8b58310,487,-49.0,0.0,0.0,0.12,7,[7],3
7,11,x7fb6c8b58310,488,530.0,0.0,1.0,0.06,7,[9],3
7,11,x7fb6c8b58310,489,400.0,0.0,0.0,0.03,7,[6],1
7,11,x7fb6c8b58310,490,379.0,0.0,0.0,0.03,7,[6],2
7,11,x7fb6c8b58310,491,100.0,0.0,1.0,0.07,7,[2],3
7,11,x7fb6c8b58310,492,-145.0,0.0,0.0,0.06,7,[8],3
7,11,x7fb6c8b58310,493,107.0,1.0,0.0,0.06,7,[9],4
7,11,x7fb6c8b58310,494,100.0,0.0,1.0,0.07,7,[2],3
7,11,x7fb6c8b58310,495,400.0,0.0,0.0,0.06,7,[6],3
7,11,x7fb6c8b58310,496,400.0,0.0,0.0,0.06,7,[6],3
7,11,x7fb6c8b58310,497,200.0,1.0,1.0,0.07,7,[2],3
7,11,x7fb6c8b58310,498,-50.0,0.0,0.0,0.07,2,[1],3
7,11,x7fb6c8b58310,499,249.0,1.0,0.0,0.03,7,[9],4
7,11,x7fb6c8b58310,500,250.0,0.0,0.0,0.07,3,[0],0
7,11,x7fb6c8b58310,501,293.0,0.0,0.0,0.06,7,[6],3
7,11,x7fb6c8b58310,502,100.0,0.0,0.0,0.12,7,[6],3
7,11,x7fb6c8b58310,503,100.0,0.0,1.0,0.07,7,[2],3
7,11,x7fb6c8b58310,504,200.0,1.0,1.0,0.07,7,[2],3
7,11,x7fb6c8b58310,505,251.0,0.0,0.0,0.06,6,[6],3
7,11,x7fb6c8b58310,506,0.0,0.0,0.0,0.06,7,[6],3
7,11,x7fb6c8b58310,507,400.0,0.0,0.0,0.06,6,[6],3
7,11,x7fb6c8b58310,508,0.0,0.0,1.0,0.12,7,[23],3
7,11,x7fb6c8b58310,509,0.0,0.0,0.0,0.06,7,[6],0
7,11,x7fb6c8b58310,510,0.0,0.0,1.0,0.12,8,[20],3
7,11,x7fb6c8b58310,511,0.0,0.0,0.0,0.03,7,[6],3
7,11,x7fb6c8b58310,512,-45.0,1.0,0.0,0.12,7,[9],4
7,11,x7fb6c8b58310,513,-94.0,0.0,0.0,0.06,7,[6],2
7,11,x7fb6c8b58310,514,189.0,1.0,0.0,0.06,7,[9],4
7,11,x7fb6c8b58310,515,222.0,0.0,1.0,0.07,6,[0],3
7,11,x7fb6c8b58310,516,0.0,0.0,0.0,0.06,6,[6],3
7,11,x7fb6c8b58310,517,-247.0,0.0,0.0,0.07,3,[0],2
7,11,x7fb6c8b58310,518,-250.0,0.0,0.0,0.0,7,[6],0
7,11,x7fb6c8b58310,519,-50.0,1.0,0.0,0.12,6,[8],4
7,11,x7fb6c8b58310,520,100.0,0.0,0.0,0.12,7,[23],3
7,11,x7fb6c8b58310,521,50.0,0.0,0.0,0.09,2,[0],0
7,11,x7fb6c8b58310,522,400.0,0.0,0.0,0.06,6,[6],3
7,11,x7fb6c8b58310,523,488.0,1.0,1.0,0.07,3,[1],4
7,11,x7fb6c8b58310,524,638.0,1.0,1.0,0.0,6,[9],4
7,11,x7fb6c8b58310,525,350.0,1.0,0.0,0.07,2,[0],0
7,11,x7fb6c8b58310,526,222.0,0.0,1.0,0.07,7,[0],3
7,11,x7fb6c8b58310,527,-186.0,0.0,1.0,0.07,6,[0],3
7,11,x7fb6c8b58310,528,0.0,0.0,0.0,0.06,7,[6],3
7,11,x7fb6c8b58310,529,-300.0,0.0,0.0,0.12,4,[23],3
7,11,x7fb6c8b58310,530,-434.0,0.0,0.0,0.12,7,[7],3
7,11,x7fb6c8b58310,531,145.0,1.0,0.0,0.06,7,[9],4
7,11,x7fb6c8b58310,532,-174.0,0.0,1.0,0.07,7,[0],3
7,11,x7fb6c8b58310,533,-215.0,0.0,1.0,0.07,6,[0],3
7,11,x7fb6c8b58310,534,-17.0,0.0,0.0,0.06,7,[6],0
7,11,x7fb6c8b58310,535,65.0,1.0,0.0,0.09,6,[1],4
7,11,x7fb6c8b58310,536,210.0,1.0,0.0,0.06,6,[9],4
7,11,x7fb6c8b58310,537,232.0,1.0,0.0,0.06,6,[9],4
7,11,x7fb6c8b58310,538,0.0,0.0,0.0,0.06,5,[6],3
7,11,x7fb6c8b58310,539,296.0,1.0,1.0,0.07,7,[0],4
7,11,x7fb6c8b58310,540,274.0,0.0,0.0,0.06,6,[6],3
7,11,x7fb6c8b58310,541,100.0,0.0,0.0,0.12,7,[6],3
7,11,x7fb6c8b58310,542,100.0,0.0,1.0,0.07,5,[1],3
7,11,x7fb6c8b58310,543,548.0,0.0,1.0,0.06,6,[9],3
7,11,x7fb6c8b58310,544,400.0,0.0,0.0,0.06,6,[6],3
7,11,x7fb6c8b58310,545,100.0,0.0,1.0,0.07,7,[2],3
7,11,x7fb6c8b58310,546,250.0,0.0,0.0,0.06,6,[8],3
7,11,x7fb6c8b58310,547,253.0,0.0,0.0,0.06,6,[7],3
7,11,x7fb6c8b58310,548,185.0,0.0,1.0,0.07,7,[1],3
7,11,x7fb6c8b58310,549,250.0,0.0,0.0,0.06,6,[7],3
7,11,x7fb6c8b58310,550,50.0,1.0,0.0,0.07,3,[2],3
7,11,x7fb6c8b58310,551,300.0,0.0,0.0,0.03,5,[6],1
7,11,x7fb6c8b58310,552,-300.0,1.0,0.0,0.07,3,[2],4
7,11,x7fb6c8b58310,553,130.0,0.0,1.0,0.06,5,[9],3
7,11,x7fb6c8b58310,554,251.0,0.0,0.0,0.06,3,[8],0
7,11,x7fb6c8b58310,555,-23.0,0.0,0.0,0.03,5,[6],0
7,11,x7fb6c8b58310,556,-103.0,0.0,0.0,0.06,6,[7],1
7,11,x7fb6c8b58310,557,59.0,1.0,0.0,0.07,4,[2],4
7,11,x7fb6c8b58310,558,50.0,0.0,0.0,0.12,3,[0],0
7,11,x7fb6c8b58310,559,230.0,1.0,0.0,0.06,5,[9],4
7,11,x7fb6c8b58310,560,0.0,1.0,0.0,0.07,3,[1],4
7,11,x7fb6c8b58310,561,400.0,0.0,1.0,0.12,3,[8],2
7,11,x7fb6c8b58310,562,400.0,0.0,1.0,0.12,4,[23],3
7,11,x7fb6c8b58310,563,400.0,1.0,0.0,0.03,4,[6],2
7,11,x7fb6c8b58310,564,-22.0,1.0,0.0,0.12,7,[6],4
7,11,x7fb6c8b58310,565,-75.0,0.0,0.0,0.06,4,[7],0
7,11,x7fb6c8b58310,566,200.0,1.0,0.0,0.07,3,[1],3
7,11,x7fb6c8b58310,567,296.0,0.0,0.0,0.0,4,[6],2
7,11,x7fb6c8b58310,568,300.0,1.0,0.0,0.06,4,[6],2
7,11,x7fb6c8b58310,569,500.0,1.0,0.0,0.06,4,[6],2
7,11,x7fb6c8b58310,570,-100.0,0.0,0.0,0.07,4,[0],1
7,11,x7fb6c8b58310,571,395.0,0.0,1.0,0.07,3,[1],3
7,11,x7fb6c8b58310,572,400.0,0.0,0.0,0.0,4,[6],2
7,11,x7fb6c8b58310,573,700.0,0.0,1.0,0.06,3,[6],2
7,11,x7fb6c8b58310,574,100.0,0.0,0.0,0.12,6,[20],3
7,11,x7fb6c8b58310,575,100.0,0.0,0.0,0.09,3,[1],3
7,11,x7fb6c8b58310,576,400.0,0.0,0.0,0.0,3,[6],2
7,11,x7fb6c8b58310,577,249.0,0.0,0.0,0.06,4,[9],3
7,11,x7fb6c8b58310,578,400.0,0.0,0.0,0.06,4,[6],0
7,11,x7fb6c8b58310,579,306.0,0.0,0.0,0.06,4,[8],2
7,11,x7fb6c8b58310,580,250.0,0.0,0.0,0.06,4,[6],3
7,11,x7fb6c8b58310,581,400.0,0.0,1.0,0.06,3,[9],3
7,11,x7fb6c8b58310,582,299.0,0.0,0.0,0.06,5,[7],1
7,11,x7fb6c8b58310,583,400.0,0.0,0.0,0.0,4,[6],3
7,11,x7fb6c8b58310,584,306.0,0.0,0.0,0.06,3,[6],2
7,11,x7fb6c8b58310,585,250.0,0.0,0.0,0.07,3,[0],3
7,11,x7fb6c8b58310,586,700.0,0.0,1.0,0.0,7,[6],2
7,11,x7fb6c8b58310,587,250.0,0.0,0.0,0.07,3,[0],2
7,11,x7fb6c8b58310,588,300.0,0.0,0.0,0.0,4,[6],0
7,11,x7fb6c8b58310,589,400.0,0.0,0.0,0.03,4,[6],2
7,11,x7fb6c8b58310,590,-50.0,0.0,0.0,0.07,3,[2],3
7,11,x7fb6c8b58310,591,0.0,0.0,0.0,0.12,3,[0],2
7,11,x7fb6c8b58310,592,100.0,0.0,0.0,0.12,4,[20],3
7,11,x7fb6c8b58310,593,100.0,0.0,0.0,0.12,2,[8],2
7,11,x7fb6c8b58310,594,-300.0,0.0,0.0,0.09,2,[1],0
7,11,x7fb6c8b58310,595,245.0,0.0,1.0,0.07,5,[0],3
7,11,x7fb6c8b58310,596,550.0,0.0,1.0,0.07,3,[0],3
7,11,x7fb6c8b58310,597,300.0,1.0,0.0,0.0,3,[8],0
7,11,x7fb6c8b58310,598,100.0,0.0,0.0,0.06,2,[9],3
7,11,x7fb6c8b58310,599,250.0,0.0,1.0,0.12,5,[8],3
7,11,x7fb6c8b58310,600,400.0,0.0,0.0,0.06,2,[9],2
7,11,x7fb6c8b58310,601,-410.0,0.0,0.0,0.07,3,[1],0
7,11,x7fb6c8b58310,602,100.0,0.0,1.0,0.07,6,[2],3
7,11,x7fb6c8b58310,603,350.0,1.0,0.0,0.07,2,[0],0
7,11,x7fb6c8b58310,604,250.0,0.0,0.0,0.07,3,[0],3
7,11,x7fb6c8b58310,605,400.0,0.0,0.0,0.0,5,[6],2
7,11,x7fb6c8b58310,606,330.0,0.0,0.0,0.06,5,[7],1
7,11,x7fb6c8b58310,607,275.0,0.0,0.0,0.06,3,[8],0
7,11,x7fb6c8b58310,608,400.0,0.0,1.0,0.06,2,[9],3
7,11,x7fb6c8b58310,609,250.0,0.0,0.0,0.09,2,[0],2
7,11,x7fb6c8b58310,610,400.0,0.0,0.0,0.06,5,[6],2
7,11,x7fb6c8b58310,611,255.0,0.0,0.0,0.06,6,[7],3
7,11,x7fb6c8b58310,612,250.0,0.0,0.0,0.07,3,[0],3
7,11,x7fb6c8b58310,613,100.0,0.0,0.0,0.12,2,[9],2
7,11,x7fb6c8b58310,614,250.0,0.0,0.0,0.07,2,[1],0
7,11,x7fb6c8b58310,615,245.0,0.0,1.0,0.12,5,[8],3
7,11,x7fb6c8b58310,616,-150.0,1.0,0.0,0.07,3,[2],4
7,11,x7fb6c8b58310,617,550.0,0.0,1.0,0.0,3,[8],0
7,11,x7fb6c8b58310,618,-100.0,0.0,0.0,0.07,2,[1],2
7,11,x7fb6c8b58310,619,-150.0,0.0,0.0,0.06,5,[7],3
7,11,x7fb6c8b58310,620,100.0,0.0,0.0,0.12,4,[20],3
7,11,x7fb6c8b58310,621,400.0,0.0,1.0,0.12,3,[7],3
7,11,x7fb6c8b58310,622,100.0,0.0,0.0,0.07,3,[1],3
7,11,x7fb6c8b58310,623,400.0,0.0,0.0,0.0,4,[6],2
7,11,x7fb6c8b58310,624,350.0,1.0,1.0,0.06,3,[9],3
7,11,x7fb6c8b58310,625,-3.0,0.0,0.0,0.07,4,[0],2
7,11,x7fb6c8b58310,626,328.0,0.0,0.0,0.06,4,[8],0
7,11,x7fb6c8b58310,627,-100.0,0.0,0.0,0.12,3,[9],2
7,11,x7fb6c8b58310,628,200.0,0.0,0.0,0.06,3,[8],0
7,11,x7fb6c8b58310,629,538.0,0.0,1.0,0.06,5,[8],3
7,11,x7fb6c8b58310,630,150.0,0.0,1.0,0.07,3,[0],3
7,11,x7fb6c8b58310,631,-80.0,0.0,0.0,0.0,5,[6],1
7,11,x7fb6c8b58310,632,150.0,1.0,0.0,0.06,3,[9],4
7,11,x7fb6c8b58310,633,0.0,0.0,0.0,0.06,5,[6],2
7,11,x7fb6c8b58310,634,200.0,1.0,0.0,0.07,3,[1],4
7,11,x7fb6c8b58310,635,231.0,1.0,0.0,0.0,7,[9],4
7,11,x7fb6c8b58310,636,-50.0,0.0,0.0,0.07,3,[2],3
7,11,x7fb6c8b58310,637,550.0,0.0,1.0,0.0,2,[7],3
7,11,x7fb6c8b58310,638,100.0,0.0,1.0,0.07,5,[1],3
7,11,x7fb6c8b58310,639,400.0,0.0,0.0,0.03,2,[8],2
7,11,x7fb6c8b58310,640,100.0,0.0,0.0,0.07,3,[1],3
7,11,x7fb6c8b58310,641,250.0,0.0,0.0,0.12,2,[0],2
7,11,x7fb6c8b58310,642,50.0,0.0,0.0,0.07,2,[0],0
7,11,x7fb6c8b58310,643,350.0,1.0,0.0,0.07,3,[0],4
7,11,x7fb6c8b58310,644,-92.0,0.0,0.0,0.0,5,[6],2
7,11,x7fb6c8b58310,645,99.0,0.0,0.0,0.07,3,[1],3
7,11,x7fb6c8b58310,646,140.0,0.0,0.0,0.0,3,[9],0
7,11,x7fb6c8b58310,647,400.0,0.0,1.0,0.06,2,[9],3
7,11,x7fb6c8b58310,648,250.0,0.0,0.0,0.07,3,[0],4
7,11,x7fb6c8b58310,649,400.0,0.0,0.0,0.0,2,[8],2
7,11,x7fb6c8b58310,650,400.0,0.0,0.0,0.06,5,[6],3
7,11,x7fb6c8b58310,651,400.0,0.0,0.0,0.06,5,[6],2
7,11,x7fb6c8b58310,652,550.0,0.0,1.0,0.06,3,[8],0
7,11,x7fb6c8b58310,653,300.0,0.0,1.0,0.06,2,[9],0
7,11,x7fb6c8b58310,654,152.0,1.0,0.0,0.06,7,[9],4
7,11,x7fb6c8b58310,655,-77.0,0.0,0.0,0.06,7,[6],2
7,11,x7fb6c8b58310,656,231.0,1.0,0.0,0.06,6,[9],4
7,11,x7fb6c8b58310,657,100.0,0.0,1.0,0.07,6,[2],3
7,11,x7fb6c8b58310,658,311.0,0.0,0.0,0.06,7,[6],1
7,11,x7fb6c8b58310,659,286.0,0.0,0.0,0.06,5,[6],3
7,11,x7fb6c8b58310,660,400.0,0.0,0.0,0.07,2,[23],1
7,11,x7fb6c8b58310,661,400.0,0.0,0.0,0.03,7,[6],3
7,11,x7fb6c8b58310,662,250.0,0.0,0.0,0.07,3,[0],3
7,11,x7fb6c8b58310,663,355.0,0.0,0.0,0.03,6,[7],1
7,11,x7fb6c8b58310,664,-150.0,1.0,0.0,0.07,2,[1],4
7,11,x7fb6c8b58310,665,183.0,1.0,0.0,0.0,6,[9],4
7,11,x7fb6c8b58310,666,50.0,1.0,0.0,0.07,3,[2],4
7,11,x7fb6c8b58310,667,250.0,0.0,0.0,0.12,2,[1],0
7,11,x7fb6c8b58310,668,229.0,1.0,0.0,0.03,6,[9],4
7,11,x7fb6c8b58310,669,-450.0,0.0,0.0,0.07,3,[2],3
7,11,x7fb6c8b58310,670,100.0,0.0,0.0,0.0,2,[9],3
7,11,x7fb6c8b58310,671,0.0,0.0,0.0,0.03,6,[6],0
7,11,x7fb6c8b58310,672,250.0,1.0,0.0,0.06,7,[9],4
7,11,x7fb6c8b58310,673,250.0,0.0,0.0,0.07,2,[0],4
7,11,x7fb6c8b58310,674,400.0,0.0,0.0,0.0,2,[8],0
7,11,x7fb6c8b58310,675,400.0,0.0,0.0,0.06,6,[6],2
7,11,x7fb6c8b58310,676,50.0,0.0,0.0,0.07,2,[1],4
7,11,x7fb6c8b58310,677,250.0,0.0,0.0,0.09,2,[0],0
7,11,x7fb6c8b58310,678,251.0,0.0,1.0,0.12,6,[7],3
7,11,x7fb6c8b58310,679,50.0,0.0,0.0,0.07,2,[0],0
7,11,x7fb6c8b58310,680,100.0,0.0,1.0,0.07,6,[2],3
7,11,x7fb6c8b58310,681,550.0,0.0,1.0,0.07,2,[1],2
7,11,x7fb6c8b58310,682,305.0,0.0,0.0,0.03,5,[6],2
7,11,x7fb6c8b58310,683,250.0,0.0,0.0,0.07,3,[0],4
7,11,x7fb6c8b58310,684,-50.0,0.0,0.0,0.07,2,[2],3
7,11,x7fb6c8b58310,685,100.0,0.0,0.0,0.12,2,[9],2
7,11,x7fb6c8b58310,686,100.0,0.0,1.0,0.07,6,[2],3
7,11,x7fb6c8b58310,687,400.0,0.0,0.0,0.06,7,[6],3
7,11,x7fb6c8b58310,688,250.0,0.0,0.0,0.07,2,[0],2
7,11,x7fb6c8b58310,689,400.0,0.0,1.0,0.09,6,[2],3
7,11,x7fb6c8b58310,690,550.0,0.0,1.0,0.07,2,[0],2
7,11,x7fb6c8b58310,691,-49.0,0.0,0.0,0.12,7,[7],3
7,11,x7fb6c8b58310,692,50.0,0.0,0.0,0.07,2,[0],0
7,11,x7fb6c8b58310,693,250.0,0.0,0.0,0.07,2,[0],0
7,11,x7fb6c8b58310,694,-193.0,0.0,1.0,0.07,6,[0],3
7,11,x7fb6c8b58310,695,-81.0,0.0,0.0,0.06,6,[6],0
7,11,x7fb6c8b58310,696,250.0,0.0,0.0,0.07,2,[0],0
7,11,x7fb6c8b58310,697,200.0,1.0,1.0,0.07,6,[2],4
7,11,x7fb6c8b58310,698,250.0,0.0,0.0,0.07,2,[1],2
7,11,x7fb6c8b58310,699,250.0,0.0,1.0,0.07,3,[2],3
7,11,x7fb6c8b58310,700,400.0,0.0,1.0,0.0,5,[9],3
7,11,x7fb6c8b58310,701,50.0,1.0,0.0,0.07,3,[2],4
7,11,x7fb6c8b58310,702,250.0,0.0,0.0,0.12,2,[0],2
7,11,x7fb6c8b58310,703,250.0,0.0,0.0,0.07,2,[0],2
7,11,x7fb6c8b58310,704,0.0,0.0,0.0,0.06,7,[6],1
7,11,x7fb6c8b58310,705,233.0,1.0,0.0,0.07,3,[0],0
7,11,x7fb6c8b58310,706,50.0,0.0,0.0,0.12,2,[0],0
7,11,x7fb6c8b58310,707,550.0,0.0,1.0,0.07,3,[0],3
7,11,x7fb6c8b58310,708,400.0,0.0,0.0,0.0,2,[9],2
7,11,x7fb6c8b58310,709,100.0,0.0,1.0,0.12,2,[9],3
7,11,x7fb6c8b58310,710,-83.0,0.0,0.0,0.06,5,[6],2
7,11,x7fb6c8b58310,711,0.0,0.0,0.0,0.06,5,[6],0
7,11,x7fb6c8b58310,712,249.0,0.0,1.0,0.09,3,[0],3
7,11,x7fb6c8b58310,713,256.0,1.0,0.0,0.06,5,[8],4
7,11,x7fb6c8b58310,714,100.0,0.0,1.0,0.07,4,[2],3
7,11,x7fb6c8b58310,715,400.0,0.0,0.0,0.03,3,[6],2
7,11,x7fb6c8b58310,716,400.0,1.0,0.0,0.06,5,[6],0
7,11,x7fb6c8b58310,717,400.0,0.0,0.0,0.06,7,[6],3
7,11,x7fb6c8b58310,718,100.0,0.0,0.0,0.07,3,[1],3
7,11,x7fb6c8b58310,719,-445.0,0.0,0.0,0.12,5,[7],3
7,11,x7fb6c8b58310,720,150.0,1.0,0.0,0.07,2,[1],2
7,11,x7fb6c8b58310,721,-54.0,0.0,0.0,0.0,3,[7],0
7,11,x7fb6c8b58310,722,250.0,0.0,0.0,0.07,3,[0],3
7,11,x7fb6c8b58310,723,-300.0,0.0,0.0,0.12,4,[6],3
7,11,x7fb6c8b58310,724,-300.0,0.0,0.0,0.12,4,[23],3
7,11,x7fb6c8b58310,725,250.0,1.0,0.0,0.09,3,[1],0
7,11,x7fb6c8b58310,726,314.0,1.0,1.0,0.07,7,[1],4
7,11,x7fb6c8b58310,727,349.0,1.0,0.0,0.06,4,[8],3
7,11,x7fb6c8b58310,728,50.0,0.0,0.0,0.07,3,[0],4
7,11,x7fb6c8b58310,729,542.0,0.0,1.0,0.09,7,[0],3
7,11,x7fb6c8b58310,730,250.0,0.0,0.0,0.07,2,[1],3
7,11,x7fb6c8b58310,731,300.0,0.0,0.0,0.0,3,[8],0
7,11,x7fb6c8b58310,732,-300.0,0.0,0.0,0.12,8,[20],3
7,11,x7fb6c8b58310,733,-350.0,0.0,0.0,0.09,3,[0],2
7,11,x7fb6c8b58310,734,-200.0,0.0,0.0,0.0,2,[8],2
7,11,x7fb6c8b58310,735,647.0,1.0,1.0,0.03,7,[9],4
7,11,x7fb6c8b58310,736,400.0,0.0,0.0,0.06,4,[6],2
7,11,x7fb6c8b58310,737,-100.0,0.0,0.0,0.12,2,[9],2
7,11,x7fb6c8b58310,738,400.0,0.0,0.0,0.06,5,[6],3
7,11,x7fb6c8b58310,739,400.0,0.0,0.0,0.06,5,[6],1
7,11,x7fb6c8b58310,740,-100.0,0.0,0.0,0.09,3,[2],0
7,11,x7fb6c8b58310,741,250.0,0.0,0.0,0.07,3,[0],3
7,11,x7fb6c8b58310,742,250.0,0.0,0.0,0.06,4,[23],1
7,11,x7fb6c8b58310,743,0.0,0.0,0.0,0.12,5,[6],2
7,11,x7fb6c8b58310,744,400.0,0.0,0.0,0.06,4,[7],3
7,11,x7fb6c8b58310,745,550.0,0.0,1.0,0.06,2,[6],3
7,11,x7fb6c8b58310,746,-50.0,0.0,0.0,0.07,3,[2],3
7,11,x7fb6c8b58310,747,-104.0,0.0,0.0,0.0,7,[6],2
7,11,x7fb6c8b58310,748,-300.0,0.0,0.0,0.12,4,[20],3
7,11,x7fb6c8b58310,749,-257.0,0.0,0.0,0.03,5,[6],0
7,11,x7fb6c8b58310,750,-1.0,0.0,1.0,0.07,3,[1],3
7,11,x7fb6c8b58310,751,-105.0,0.0,0.0,0.0,4,[6],0
7,11,x7fb6c8b58310,752,-140.0,0.0,0.0,0.03,3,[6],2
7,11,x7fb6c8b58310,753,-300.0,0.0,0.0,0.12,5,[23],3
7,11,x7fb6c8b58310,754,0.0,0.0,0.0,0.08,4,[20],3
7,11,x7fb6c8b58310,755,800.0,1.0,1.0,0.03,4,[6],0
7,11,x7fb6c8b58310,756,350.0,1.0,0.0,0.06,5,[8],4
7,11,x7fb6c8b58310,757,700.0,0.0,1.0,0.07,4,[20],3
7,11,x7fb6c8b58310,758,308.0,0.0,0.0,0.03,3,[7],1
7,11,x7fb6c8b58310,759,400.0,0.0,0.0,0.06,3,[6],2
7,11,x7fb6c8b58310,760,-300.0,0.0,0.0,0.03,4,[9],3
7,11,x7fb6c8b58310,761,247.0,1.0,0.0,0.06,7,[7],4
7,11,x7fb6c8b58310,762,250.0,0.0,0.0,0.07,2,[1],3
7,11,x7fb6c8b58310,763,50.0,1.0,0.0,0.12,3,[2],3
7,11,x7fb6c8b58310,764,-101.0,0.0,0.0,0.0,7,[7],2
7,11,x7fb6c8b58310,765,250.0,0.0,0.0,0.07,3,[0],3
7,11,x7fb6c8b58310,766,400.0,0.0,1.0,0.12,4,[6],3
7,11,x7fb6c8b58310,767,351.0,1.0,0.0,0.06,3,[6],3
7,11,x7fb6c8b58310,768,-122.0,0.0,0.0,0.06,7,[7],3
7,11,x7fb6c8b58310,769,199.0,1.0,0.0,0.07,3,[1],3
7,11,x7fb6c8b58310,770,-150.0,0.0,0.0,0.12,3,[0],3
7,11,x7fb6c8b58310,771,400.0,0.0,0.0,0.0,3,[6],2
7,11,x7fb6c8b58310,772,265.0,1.0,0.0,0.07,3,[0],4
7,11,x7fb6c8b58310,773,300.0,0.0,0.0,0.0,3,[8],0
7,11,x7fb6c8b58310,774,355.0,1.0,0.0,0.06,5,[6],4
7,11,x7fb6c8b58310,775,-12.0,1.0,0.0,0.12,4,[7],4
7,11,x7fb6c8b58310,776,400.0,0.0,0.0,0.06,3,[7],3
7,11,x7fb6c8b58310,777,-300.0,0.0,0.0,0.12,5,[23],1
7,11,x7fb6c8b58310,778,50.0,0.0,0.0,0.09,3,[0],0
7,11,x7fb6c8b58310,779,-100.0,0.0,0.0,0.0,3,[9],0
7,11,x7fb6c8b58310,780,150.0,0.0,1.0,0.06,5,[8],3
7,11,x7fb6c8b58310,781,250.0,0.0,0.0,0.07,3,[0],3
7,11,x7fb6c8b58310,782,400.0,1.0,0.0,0.0,4,[6],2
7,11,x7fb6c8b58310,783,-50.0,0.0,0.0,0.07,3,[2],3
7,11,x7fb6c8b58310,784,250.0,0.0,0.0,0.12,2,[1],3
7,11,x7fb6c8b58310,785,0.0,0.0,0.0,0.06,4,[23],1
7,11,x7fb6c8b58310,786,0.0,0.0,0.0,0.03,3,[6],0
7,11,x7fb6c8b58310,787,300.0,0.0,0.0,0.06,5,[6],1
7,11,x7fb6c8b58310,788,400.0,0.0,1.0,0.12,4,[20],3
7,11,x7fb6c8b58310,789,200.0,1.0,0.0,0.12,3,[7],2
7,11,x7fb6c8b58310,790,100.0,0.0,0.0,0.12,4,[23],1
7,11,x7fb6c8b58310,791,569.0,1.0,1.0,0.09,5,[0],0
7,11,x7fb6c8b58310,792,276.0,0.0,0.0,0.06,4,[6],2
7,11,x7fb6c8b58310,793,200.0,0.0,0.0,0.06,2,[8],0
7,11,x7fb6c8b58310,794,-273.0,0.0,0.0,0.06,3,[8],0
7,11,x7fb6c8b58310,795,400.0,0.0,1.0,0.12,5,[6],3
7,11,x7fb6c8b58310,796,-300.0,0.0,0.0,0.12,4,[20],3
7,11,x7fb6c8b58310,797,-300.0,0.0,0.0,0.12,3,[7],3
7,11,x7fb6c8b58310,798,330.0,1.0,1.0,0.12,5,[8],4
7,11,x7fb6c8b58310,799,50.0,0.0,0.0,0.07,3,[0],0
7,11,x7fb6c8b58310,800,400.0,1.0,0.0,0.03,3,[8],4
7,11,x7fb6c8b58310,801,630.0,1.0,1.0,0.09,5,[0],0
7,11,x7fb6c8b58310,802,400.0,0.0,0.0,0.06,4,[6],2
7,11,x7fb6c8b58310,803,200.0,1.0,0.0,0.12,2,[8],2
7,11,x7fb6c8b58310,804,321.0,0.0,0.0,0.06,6,[6],2
7,11,x7fb6c8b58310,805,-50.0,0.0,0.0,0.07,3,[2],3
7,11,x7fb6c8b58310,806,400.0,0.0,0.0,0.0,5,[6],3
7,11,x7fb6c8b58310,807,400.0,0.0,0.0,0.03,7,[6],2
7,11,x7fb6c8b58310,808,-50.0,0.0,0.0,0.07,3,[2],3
7,11,x7fb6c8b58310,809,-100.0,0.0,0.0,0.12,5,[0],1
7,11,x7fb6c8b58310,810,200.0,0.0,0.0,0.06,3,[9],0
7,11,x7fb6c8b58310,811,-109.0,0.0,0.0,0.03,5,[6],2
7,11,x7fb6c8b58310,812,500.0,1.0,1.0,0.07,3,[1],3
7,11,x7fb6c8b58310,813,649.0,1.0,1.0,0.0,7,[8],4
7,11,x7fb6c8b58310,814,300.0,0.0,0.0,0.06,4,[8],0
7,11,x7fb6c8b58310,815,230.0,0.0,1.0,0.09,4,[0],3
7,11,x7fb6c8b58310,816,250.0,0.0,0.0,0.09,3,[0],3
7,11,x7fb6c8b58310,817,-103.0,1.0,0.0,0.12,7,[9],4
7,11,x7fb6c8b58310,818,50.0,0.0,0.0,0.07,3,[0],4
7,11,x7fb6c8b58310,819,800.0,1.0,1.0,0.06,3,[23],3
7,11,x7fb6c8b58310,820,0.0,0.0,0.0,0.03,4,[8],0
7,11,x7fb6c8b58310,821,-113.0,0.0,0.0,0.06,4,[6],2
7,11,x7fb6c8b58310,822,100.0,0.0,0.0,0.07,3,[1],3
7,11,x7fb6c8b58310,823,-200.0,0.0,0.0,0.03,4,[7],0
7,11,x7fb6c8b58310,824,142.0,0.0,0.0,0.07,3,[0],4
7,11,x7fb6c8b58310,825,400.0,1.0,0.0,0.0,7,[6],0
7,11,x7fb6c8b58310,826,-21.0,0.0,0.0,0.07,4,[0],4
7,11,x7fb6c8b58310,827,293.0,0.0,0.0,0.0,3,[8],2
7,11,x7fb6c8b58310,828,-47.0,1.0,0.0,0.12,7,[7],4
7,11,x7fb6c8b58310,829,100.0,0.0,0.0,0.07,3,[1],3
7,11,x7fb6c8b58310,830,0.0,0.0,0.0,0.0,4,[6],3
7,11,x7fb6c8b58310,831,0.0,0.0,0.0,0.06,5,[6],0
7,11,x7fb6c8b58310,832,50.0,1.0,0.0,0.07,3,[2],3
7,11,x7fb6c8b58310,833,249.0,1.0,0.0,0.03,7,[8],4
7,11,x7fb6c8b58310,834,200.0,0.0,0.0,0.06,3,[6],2
7,11,x7fb6c8b58310,835,400.0,0.0,0.0,0.07,4,[23],3
7,11,x7fb6c8b58310,836,50.0,0.0,0.0,0.09,3,[1],0
7,11,x7fb6c8b58310,837,319.0,1.0,0.0,0.06,5,[6],4
7,11,x7fb6c8b58310,838,250.0,0.0,0.0,0.07,3,[0],3
7,11,x7fb6c8b58310,839,396.0,1.0,0.0,0.0,5,[6],0
7,11,x7fb6c8b58310,840,0.0,0.0,0.0,0.06,3,[6],0
7,11,x7fb6c8b58310,841,-50.0,1.0,0.0,0.07,3,[2],4
7,11,x7fb6c8b58310,842,400.0,0.0,0.0,0.06,4,[23],3
7,11,x7fb6c8b58310,843,-300.0,0.0,0.0,0.12,5,[6],3
7,11,x7fb6c8b58310,844,250.0,0.0,0.0,0.07,2,[0],0
7,11,x7fb6c8b58310,845,400.0,0.0,0.0,0.06,2,[9],2
7,11,x7fb6c8b58310,846,262.0,1.0,0.0,0.03,5,[7],4
7,11,x7fb6c8b58310,847,218.0,1.0,0.0,0.06,6,[6],4
7,11,x7fb6c8b58310,848,-450.0,0.0,0.0,0.07,3,[2],3
7,11,x7fb6c8b58310,849,0.0,0.0,0.0,0.0,5,[6],2
7,11,x7fb6c8b58310,850,-98.0,0.0,0.0,0.06,7,[6],0
7,11,x7fb6c8b58310,851,300.0,0.0,0.0,0.06,4,[6],2
7,11,x7fb6c8b58310,852,400.0,0.0,1.0,0.12,3,[23],3
7,11,x7fb6c8b58310,853,-450.0,0.0,0.0,0.12,5,[8],3
7,11,x7fb6c8b58310,854,-100.0,0.0,0.0,0.06,5,[6],2
7,11,x7fb6c8b58310,855,-450.0,0.0,0.0,0.07,2,[2],3
7,11,x7fb6c8b58310,856,300.0,0.0,0.0,0.0,3,[7],2
7,11,x7fb6c8b58310,857,400.0,0.0,1.0,0.07,3,[1],3
7,11,x7fb6c8b58310,858,100.0,0.0,0.0,0.12,2,[7],3
7,11,x7fb6c8b58310,859,-450.0,0.0,0.0,0.07,3,[2],3
7,11,x7fb6c8b58310,860,386.0,1.0,0.0,0.0,5,[6],2
7,11,x7fb6c8b58310,861,350.0,1.0,0.0,0.07,3,[0],4
7,11,x7fb6c8b58310,862,155.0,0.0,1.0,0.0,5,[6],0
7,11,x7fb6c8b58310,863,-200.0,0.0,0.0,0.07,3,[2],3
7,11,x7fb6c8b58310,864,250.0,0.0,0.0,0.07,3,[0],3
7,11,x7fb6c8b58310,865,500.0,1.0,0.0,0.03,5,[6],0
7,11,x7fb6c8b58310,866,50.0,0.0,0.0,0.07,3,[0],4
7,11,x7fb6c8b58310,867,300.0,0.0,0.0,0.0,5,[6],2
7,11,x7fb6c8b58310,868,550.0,0.0,1.0,0.06,3,[9],3
7,11,x7fb6c8b58310,869,292.0,0.0,0.0,0.06,5,[8],1
7,11,x7fb6c8b58310,870,100.0,0.0,0.0,0.07,3,[1],3
7,11,x7fb6c8b58310,871,317.0,0.0,0.0,0.0,4,[6],2
7,11,x7fb6c8b58310,872,200.0,1.0,1.0,0.07,6,[2],3
7,11,x7fb6c8b58310,873,400.0,0.0,0.0,0.06,4,[6],0
7,11,x7fb6c8b58310,874,150.0,1.0,0.0,0.07,3,[0],0
7,11,x7fb6c8b58310,875,-150.0,0.0,0.0,0.0,4,[7],0
7,11,x7fb6c8b58310,876,-200.0,0.0,0.0,0.06,4,[6],0
7,11,x7fb6c8b58310,877,500.0,1.0,0.0,0.06,2,[7],4
7,11,x7fb6c8b58310,878,-200.0,0.0,0.0,0.06,4,[6],2
7,11,x7fb6c8b58310,879,-200.0,0.0,0.0,0.06,4,[6],0
7,11,x7fb6c8b58310,880,-150.0,0.0,1.0,0.07,3,[2],3
7,11,x7fb6c8b58310,881,800.0,1.0,1.0,0.0,4,[6],0
7,11,x7fb6c8b58310,882,149.0,0.0,1.0,0.06,4,[8],0
7,11,x7fb6c8b58310,883,700.0,0.0,1.0,0.06,4,[6],2
7,11,x7fb6c8b58310,884,145.0,1.0,0.0,0.06,3,[8],0
7,11,x7fb6c8b58310,885,-100.0,0.0,0.0,0.06,3,[9],2
7,11,x7fb6c8b58310,886,700.0,0.0,1.0,0.06,4,[6],3
7,11,x7fb6c8b58310,887,250.0,0.0,0.0,0.07,3,[0],3
7,11,x7fb6c8b58310,888,400.0,1.0,0.0,0.0,4,[6],0
7,11,x7fb6c8b58310,889,57.0,1.0,0.0,0.06,3,[9],4
7,11,x7fb6c8b58310,890,-100.0,0.0,0.0,0.06,4,[6],2
7,11,x7fb6c8b58310,891,300.0,0.0,1.0,0.06,7,[6],3
7,11,x7fb6c8b58310,892,400.0,0.0,0.0,0.03,4,[6],0
7,11,x7fb6c8b58310,893,250.0,0.0,0.0,0.06,3,[6],3
7,11,x7fb6c8b58310,894,-151.0,0.0,0.0,0.06,7,[8],3
7,11,x7fb6c8b58310,895,250.0,0.0,0.0,0.06,2,[7],1
7,11,x7fb6c8b58310,896,250.0,0.0,1.0,0.07,3,[2],3
7,11,x7fb6c8b58310,897,-100.0,0.0,0.0,0.0,4,[6],2
7,11,x7fb6c8b58310,898,250.0,0.0,0.0,0.07,3,[0],3
7,11,x7fb6c8b58310,899,500.0,1.0,0.0,0.0,4,[6],0
7,11,x7fb6c8b58310,900,150.0,0.0,1.0,0.06,4,[6],0
7,11,x7fb6c8b58310,901,400.0,0.0,0.0,0.06,4,[6],0
7,11,x7fb6c8b58310,902,0.0,0.0,0.0,0.06,4,[6],0
7,11,x7fb6c8b58310,903,350.0,1.0,0.0,0.06,3,[9],4
7,11,x7fb6c8b58310,904,400.0,0.0,0.0,0.06,4,[6],2
7,11,x7fb6c8b58310,905,-100.0,0.0,0.0,0.06,4,[7],0
7,11,x7fb6c8b58310,906,0.0,0.0,0.0,0.06,4,[6],0
7,11,x7fb6c8b58310,907,-97.0,0.0,0.0,0.06,4,[6],0
7,11,x7fb6c8b58310,908,-50.0,0.0,0.0,0.07,3,[2],3
7,11,x7fb6c8b58310,909,-102.0,0.0,0.0,0.0,4,[6],2
7,11,x7fb6c8b58310,910,294.0,0.0,0.0,0.06,4,[6],0
7,11,x7fb6c8b58310,911,-500.0,0.0,0.0,0.09,4,[2],0
7,11,x7fb6c8b58310,912,251.0,0.0,0.0,0.06,4,[7],3
7,11,x7fb6c8b58310,913,300.0,1.0,0.0,0.06,4,[6],0
7,11,x7fb6c8b58310,914,271.0,0.0,0.0,0.06,4,[8],0
7,11,x7fb6c8b58310,915,400.0,0.0,1.0,0.06,3,[9],3
7,11,x7fb6c8b58310,916,300.0,0.0,0.0,0.06,4,[7],2
7,11,x7fb6c8b58310,917,400.0,0.0,0.0,0.06,2,[8],2
7,11,x7fb6c8b58310,918,700.0,0.0,1.0,0.06,4,[6],3
7,11,x7fb6c8b58310,919,578.0,0.0,1.0,0.06,7,[6],3
7,11,x7fb6c8b58310,920,400.0,0.0,0.0,0.06,4,[6],2
7,11,x7fb6c8b58310,921,-50.0,0.0,0.0,0.07,3,[2],3
7,11,x7fb6c8b58310,922,50.0,0.0,0.0,0.0,4,[8],2
7,11,x7fb6c8b58310,923,353.0,0.0,0.0,0.06,3,[9],0
7,11,x7fb6c8b58310,924,555.0,0.0,1.0,0.06,5,[7],3
7,11,x7fb6c8b58310,925,400.0,0.0,0.0,0.06,4,[6],2
7,11,x7fb6c8b58310,926,100.0,0.0,0.0,0.06,2,[8],0
7,11,x7fb6c8b58310,927,500.0,1.0,1.0,0.06,4,[9],3
7,11,x7fb6c8b58310,928,-443.0,0.0,0.0,0.07,3,[0],2
7,11,x7fb6c8b58310,929,250.0,0.0,0.0,0.07,3,[0],3
7,11,x7fb6c8b58310,930,-99.0,0.0,0.0,0.0,5,[6],1
7,11,x7fb6c8b58310,931,500.0,1.0,1.0,0.06,4,[9],3
7,11,x7fb6c8b58310,932,100.0,0.0,0.0,0.12,3,[23],1
7,11,x7fb6c8b58310,933,62.0,1.0,0.0,0.09,3,[2],4
7,11,x7fb6c8b58310,934,400.0,0.0,0.0,0.06,5,[6],3
7,11,x7fb6c8b58310,935,-150.0,1.0,0.0,0.07,3,[2],4
7,11,x7fb6c8b58310,936,0.0,0.0,0.0,0.0,7,[6],2
7,11,x7fb6c8b58310,937,-114.0,0.0,0.0,0.07,5,[0],4
7,11,x7fb6c8b58310,938,324.0,0.0,0.0,0.0,3,[8],0
7,11,x7fb6c8b58310,939,-300.0,0.0,0.0,0.08,6,[19],3
7,11,x7fb6c8b58310,940,400.0,0.0,0.0,0.07,4,[23],3
7,11,x7fb6c8b58310,941,300.0,0.0,0.0,0.03,3,[8],0
7,11,x7fb6c8b58310,942,50.0,0.0,0.0,0.07,2,[0],2
7,11,x7fb6c8b58310,943,550.0,0.0,1.0,0.07,2,[0],0
7,11,x7fb6c8b58310,944,100.0,0.0,0.0,0.12,4,[23],3
7,11,x7fb6c8b58310,945,0.0,0.0,0.0,0.12,5,[6],1
7,11,x7fb6c8b58310,946,200.0,1.0,0.0,0.12,4,[20],3
7,11,x7fb6c8b58310,947,300.0,0.0,0.0,0.03,5,[7],2
7,11,x7fb6c8b58310,948,250.0,0.0,0.0,0.06,3,[8],0
7,11,x7fb6c8b58310,949,100.0,0.0,0.0,0.06,2,[9],3
7,11,x7fb6c8b58310,950,700.0,0.0,1.0,0.06,5,[6],3
7,11,x7fb6c8b58310,951,-200.0,0.0,0.0,0.12,2,[9],3
7,11,x7fb6c8b58310,952,550.0,0.0,1.0,0.06,6,[7],3
7,11,x7fb6c8b58310,953,50.0,0.0,0.0,0.07,2,[0],0
7,11,x7fb6c8b58310,954,149.0,0.0,1.0,0.06,6,[8],3
7,11,x7fb6c8b58310,955,200.0,1.0,0.0,0.07,3,[1],3
7,11,x7fb6c8b58310,956,250.0,0.0,0.0,0.09,2,[0],2
7,11,x7fb6c8b58310,957,200.0,1.0,0.0,0.07,3,[1],3
7,11,x7fb6c8b58310,958,-100.0,0.0,0.0,0.0,5,[6],2
7,11,x7fb6c8b58310,959,272.0,0.0,0.0,0.06,3,[9],0
7,11,x7fb6c8b58310,960,249.0,1.0,0.0,0.06,5,[8],4
7,11,x7fb6c8b58310,961,550.0,0.0,1.0,0.07,3,[0],3
7,11,x7fb6c8b58310,962,200.0,0.0,0.0,0.0,3,[7],2
7,11,x7fb6c8b58310,963,200.0,1.0,0.0,0.12,4,[20],1
7,11,x7fb6c8b58310,964,533.0,1.0,1.0,0.09,5,[0],4
7,11,x7fb6c8b58310,965,300.0,0.0,1.0,0.06,4,[6],2
7,11,x7fb6c8b58310,966,700.0,0.0,1.0,0.06,3,[7],3
7,11,x7fb6c8b58310,967,400.0,1.0,0.0,0.06,5,[6],0
7,11,x7fb6c8b58310,968,700.0,0.0,1.0,0.06,6,[6],2
7,11,x7fb6c8b58310,969,-50.0,0.0,0.0,0.07,2,[1],3
7,11,x7fb6c8b58310,970,250.0,0.0,0.0,0.0,3,[8],0
7,11,x7fb6c8b58310,971,200.0,1.0,0.0,0.08,7,[19],3
7,11,x7fb6c8b58310,972,200.0,0.0,0.0,0.09,2,[0],0
7,11,x7fb6c8b58310,973,0.0,0.0,0.0,0.07,4,[20],0
7,11,x7fb6c8b58310,974,362.0,0.0,0.0,0.03,5,[6],1
7,11,x7fb6c8b58310,975,298.0,0.0,0.0,0.06,5,[7],2
7,11,x7fb6c8b58310,976,-50.0,0.0,0.0,0.07,2,[2],3
7,11,x7fb6c8b58310,977,-299.0,0.0,0.0,0.0,3,[9],0
7,11,x7fb6c8b58310,978,500.0,1.0,1.0,0.07,3,[1],3
7,11,x7fb6c8b58310,979,-200.0,0.0,0.0,0.0,3,[8],0
7,11,x7fb6c8b58310,980,-300.0,0.0,0.0,0.08,7,[19],3
7,11,x7fb6c8b58310,981,250.0,0.0,0.0,0.09,3,[0],2
7,11,x7fb6c8b58310,982,-100.0,0.0,0.0,0.0,5,[6],0
7,11,x7fb6c8b58310,983,700.0,0.0,1.0,0.06,3,[6],2
7,11,x7fb6c8b58310,984,400.0,0.0,0.0,0.06,4,[6],3
7,11,x7fb6c8b58310,985,649.0,1.0,1.0,0.06,4,[8],3
7,11,x7fb6c8b58310,986,550.0,0.0,1.0,0.06,7,[7],3
7,11,x7fb6c8b58310,987,142.0,0.0,0.0,0.07,3,[0],2
7,11,x7fb6c8b58310,988,-50.0,0.0,0.0,0.07,2,[2],3
7,11,x7fb6c8b58310,989,0.0,0.0,0.0,0.06,4,[23],3
7,11,x7fb6c8b58310,990,-449.0,0.0,0.0,0.12,4,[7],3
7,11,x7fb6c8b58310,991,-300.0,0.0,0.0,0.12,5,[23],1
7,11,x7fb6c8b58310,992,149.0,0.0,1.0,0.09,4,[0],3
7,11,x7fb6c8b58310,993,100.0,0.0,0.0,0.12,4,[20],3
7,11,x7fb6c8b58310,994,-50.0,0.0,0.0,0.09,3,[2],3
7,11,x7fb6c8b58310,995,400.0,1.0,0.0,0.0,4,[6],0
7,11,x7fb6c8b58310,996,128.0,0.0,0.0,0.07,3,[0],4
7,11,x7fb6c8b58310,997,200.0,0.0,0.0,0.0,4,[7],2
7,11,x7fb6c8b58310,998,-100.0,0.0,0.0,0.06,4,[7],1
7,11,x7fb6c8b58310,999,118.0,1.0,0.0,0.07,4,[0],4
7,11,x7fb6c8b58310,1000,500.0,1.0,0.0,0.07,5,[23],4
7,11,x7fb6c8b58310,1001,-50.0,0.0,0.0,0.09,2,[1],3
7,11,x7fb6c8b58310,1002,-150.0,0.0,0.0,0.12,3,[0],3
7,11,x7fb6c8b58310,1003,-345.0,0.0,0.0,0.0,4,[9],2
7,11,x7fb6c8b58310,1004,200.0,1.0,0.0,0.12,3,[6],2
7,11,x7fb6c8b58310,1005,250.0,0.0,1.0,0.07,3,[2],3
7,11,x7fb6c8b58310,1006,400.0,0.0,0.0,0.06,4,[20],3
7,11,x7fb6c8b58310,1007,299.0,0.0,0.0,0.09,3,[0],0
7,11,x7fb6c8b58310,1008,555.0,0.0,1.0,0.06,5,[7],3
7,11,x7fb6c8b58310,1009,200.0,0.0,0.0,0.06,3,[6],2
7,11,x7fb6c8b58310,1010,700.0,0.0,1.0,0.06,3,[6],3
7,11,x7fb6c8b58310,1011,400.0,0.0,0.0,0.06,5,[6],3
7,11,x7fb6c8b58310,1012,299.0,0.0,0.0,0.06,3,[7],1
7,11,x7fb6c8b58310,1013,400.0,0.0,0.0,0.06,5,[6],3
7,11,x7fb6c8b58310,1014,400.0,0.0,0.0,0.06,4,[6],2
7,11,x7fb6c8b58310,1015,100.0,0.0,0.0,0.06,3,[9],3
7,11,x7fb6c8b58310,1016,100.0,0.0,1.0,0.07,3,[2],3
7,11,x7fb6c8b58310,1017,400.0,0.0,0.0,0.06,3,[6],2
7,11,x7fb6c8b58310,1018,300.0,0.0,0.0,0.06,3,[9],2
7,11,x7fb6c8b58310,1019,0.0,0.0,0.0,0.06,6,[6],1
7,11,x7fb6c8b58310,1020,200.0,1.0,0.0,0.07,3,[1],3
7,11,x7fb6c8b58310,1021,100.0,0.0,0.0,0.12,3,[8],2
7,11,x7fb6c8b58310,1022,200.0,0.0,0.0,0.06,3,[8],0
7,11,x7fb6c8b58310,1023,-100.0,0.0,0.0,0.06,5,[6],2
7,11,x7fb6c8b58310,1024,150.0,0.0,1.0,0.06,3,[8],0
7,11,x7fb6c8b58310,1025,-200.0,0.0,0.0,0.03,2,[9],2
7,11,x7fb6c8b58310,1026,300.0,1.0,0.0,0.06,4,[6],2
7,11,x7fb6c8b58310,1027,350.0,1.0,0.0,0.07,2,[0],0
7,11,x7fb6c8b58310,1028,565.0,1.0,1.0,0.06,6,[9],4
7,11,x7fb6c8b58310,1029,500.0,1.0,1.0,0.07,3,[1],4
7,11,x7fb6c8b58310,1030,800.0,1.0,1.0,0.0,2,[9],0
7,11,x7fb6c8b58310,1031,50.0,0.0,0.0,0.07,3,[0],4
7,11,x7fb6c8b58310,1032,-350.0,0.0,0.0,0.12,2,[0],0
7,11,x7fb6c8b58310,1033,270.0,0.0,0.0,0.06,6,[6],3
7,11,x7fb6c8b58310,1034,250.0,0.0,0.0,0.07,2,[0],3
7,11,x7fb6c8b58310,1035,0.0,0.0,0.0,0.0,6,[6],0
7,11,x7fb6c8b58310,1036,250.0,0.0,1.0,0.07,3,[2],3
7,11,x7fb6c8b58310,1037,105.0,0.0,0.0,0.09,3,[1],3
7,11,x7fb6c8b58310,1038,137.0,0.0,0.0,0.0,3,[9],0
7,11,x7fb6c8b58310,1039,0.0,0.0,0.0,0.12,5,[6],2
7,11,x7fb6c8b58310,1040,-350.0,0.0,0.0,0.07,3,[0],2
7,11,x7fb6c8b58310,1041,297.0,0.0,0.0,0.0,5,[7],1
7,11,x7fb6c8b58310,1042,-200.0,0.0,0.0,0.06,3,[8],0
7,11,x7fb6c8b58310,1043,nan,1.0,0.0,0.07,2,[0],0
7,11,x7fb6c8b58310,1044,700.0,0.0,1.0,0.06,5,[6],3
7,11,x7fb6c8b58310,1045,-150.0,1.0,0.0,0.07,3,[2],4
7,11,x7fb6c8b58310,1046,400.0,0.0,0.0,0.03,4,[19],3
7,11,x7fb6c8b58310,1047,250.0,0.0,0.0,0.09,2,[0],2
7,11,x7fb6c8b58310,1048,-149.0,0.0,0.0,0.06,5,[6],3
7,11,x7fb6c8b58310,1049,250.0,0.0,0.0,0.09,2,[1],3
7,11,x7fb6c8b58310,1050,400.0,0.0,0.0,0.0,4,[6],2
7,11,x7fb6c8b58310,1051,303.0,0.0,0.0,0.06,3,[7],2
7,11,x7fb6c8b58310,1052,400.0,0.0,0.0,0.03,3,[7],3
7,11,x7fb6c8b58310,1053,400.0,0.0,0.0,0.06,5,[6],3
7,11,x7fb6c8b58310,1054,-100.0,0.0,0.0,0.12,3,[7],1
7,11,x7fb6c8b58310,1055,200.0,1.0,0.0,0.12,4,[20],3
7,11,x7fb6c8b58310,1056,250.0,0.0,0.0,0.03,3,[6],3
7,11,x7fb6c8b58310,1057,100.0,0.0,0.0,0.07,3,[1],3
7,11,x7fb6c8b58310,1058,-100.0,0.0,0.0,0.0,4,[6],2
7,11,x7fb6c8b58310,1059,250.0,0.0,0.0,0.07,3,[0],3
7,11,x7fb6c8b58310,1060,301.0,0.0,0.0,0.0,4,[8],1
7,11,x7fb6c8b58310,1061,0.0,0.0,0.0,0.06,4,[7],3
7,11,x7fb6c8b58310,1062,0.0,0.0,0.0,0.03,4,[6],0
7,11,x7fb6c8b58310,1063,-108.0,0.0,0.0,0.06,4,[6],0
7,11,x7fb6c8b58310,1064,51.0,1.0,0.0,0.12,4,[7],3
7,11,x7fb6c8b58310,1065,-106.0,0.0,0.0,0.06,5,[6],2
7,11,x7fb6c8b58310,1066,350.0,1.0,0.0,0.07,2,[1],0
7,11,x7fb6c8b58310,1067,400.0,1.0,0.0,0.0,3,[8],0
7,11,x7fb6c8b58310,1068,245.0,0.0,1.0,0.07,5,[0],3
7,11,x7fb6c8b58310,1069,350.0,1.0,1.0,0.07,3,[2],4
7,11,x7fb6c8b58310,1070,121.0,1.0,1.0,0.12,3,[9],4
7,11,x7fb6c8b58310,1071,250.0,0.0,0.0,0.07,3,[0],3
7,11,x7fb6c8b58310,1072,-300.0,0.0,0.0,0.12,4,[20],3
7,11,x7fb6c8b58310,1073,-450.0,0.0,0.0,0.12,5,[7],3
7,11,x7fb6c8b58310,1074,-170.0,0.0,0.0,0.06,4,[8],3
7,11,x7fb6c8b58310,1075,200.0,1.0,0.0,0.07,3,[1],3
7,11,x7fb6c8b58310,1076,-200.0,0.0,0.0,0.0,3,[6],0
7,11,x7fb6c8b58310,1077,-100.0,0.0,0.0,0.06,5,[6],1
7,11,x7fb6c8b58310,1078,250.0,0.0,0.0,0.07,2,[0],3
7,11,x7fb6c8b58310,1079,400.0,1.0,0.0,0.0,3,[6],2
7,11,x7fb6c8b58310,1080,100.0,0.0,0.0,0.06,4,[9],3
7,11,x7fb6c8b58310,1081,75.0,0.0,0.0,0.07,3,[0],4
7,11,x7fb6c8b58310,1082,800.0,1.0,1.0,0.0,4,[6],0
7,11,x7fb6c8b58310,1083,400.0,0.0,0.0,0.06,3,[8],2
7,11,x7fb6c8b58310,1084,-101.0,0.0,0.0,0.06,4,[7],2
7,11,x7fb6c8b58310,1085,229.0,1.0,0.0,0.03,7,[9],4
7,11,x7fb6c8b58310,1086,250.0,0.0,0.0,0.07,3,[0],4
7,11,x7fb6c8b58310,1087,0.0,0.0,1.0,0.12,4,[6],3
7,11,x7fb6c8b58310,1088,-149.0,0.0,0.0,0.06,4,[6],3
7,11,x7fb6c8b58310,1089,-50.0,0.0,0.0,0.07,3,[2],3
7,11,x7fb6c8b58310,1090,649.0,1.0,1.0,0.0,4,[7],4
7,11,x7fb6c8b58310,1091,250.0,0.0,0.0,0.07,3,[0],4
7,11,x7fb6c8b58310,1092,351.0,1.0,0.0,0.0,4,[7],4
7,11,x7fb6c8b58310,1093,299.0,0.0,0.0,0.06,7,[8],1
7,11,x7fb6c8b58310,1094,250.0,0.0,0.0,0.06,4,[7],3
7,11,x7fb6c8b58310,1095,538.0,0.0,1.0,0.06,4,[8],3
7,11,x7fb6c8b58310,1096,242.0,0.0,0.0,0.06,3,[8],0
7,11,x7fb6c8b58310,1097,490.0,0.0,1.0,0.06,7,[9],3
7,11,x7fb6c8b58310,1098,400.0,0.0,0.0,0.06,4,[7],3
7,11,x7fb6c8b58310,1099,200.0,1.0,0.0,0.12,2,[23],4
7,11,x7fb6c8b58310,1100,349.0,1.0,1.0,0.12,4,[9],3
7,11,x7fb6c8b58310,1101,-300.0,0.0,0.0,0.12,7,[20],3
7,11,x7fb6c8b58310,1102,-350.0,0.0,0.0,0.09,3,[0],2
7,11,x7fb6c8b58310,1103,-100.0,0.0,0.0,0.0,7,[6],2
7,11,x7fb6c8b58310,1104,150.0,0.0,1.0,0.07,3,[0],3
7,11,x7fb6c8b58310,1105,247.0,0.0,0.0,0.08,5,[23],3
7,11,x7fb6c8b58310,1106,98.0,1.0,0.0,0.03,4,[8],4
7,11,x7fb6c8b58310,1107,400.0,0.0,0.0,0.06,3,[9],2
7,11,x7fb6c8b58310,1108,-150.0,1.0,0.0,0.07,3,[2],4
7,11,x7fb6c8b58310,1109,139.0,0.0,0.0,0.07,3,[0],4
7,11,x7fb6c8b58310,1110,249.0,0.0,1.0,0.12,4,[0],3
7,11,x7fb6c8b58310,1111,359.0,0.0,0.0,0.06,4,[8],0
7,11,x7fb6c8b58310,1112,100.0,0.0,1.0,0.07,4,[1],3
7,11,x7fb6c8b58310,1113,-300.0,1.0,0.0,0.07,4,[2],4
7,11,x7fb6c8b58310,1114,200.0,0.0,0.0,0.06,3,[8],2
7,11,x7fb6c8b58310,1115,270.0,0.0,0.0,0.06,4,[7],3
7,11,x7fb6c8b58310,1116,300.0,0.0,0.0,0.06,4,[6],0
7,11,x7fb6c8b58310,1117,288.0,0.0,0.0,0.06,6,[8],1
7,11,x7fb6c8b58310,1118,100.0,0.0,0.0,0.08,3,[19],3
7,11,x7fb6c8b58310,1119,695.0,1.0,1.0,0.09,5,[19],3
7,11,x7fb6c8b58310,1120,303.0,0.0,1.0,0.09,4,[2],0
7,11,x7fb6c8b58310,1121,249.0,0.0,1.0,0.07,4,[1],3
7,11,x7fb6c8b58310,1122,-100.0,0.0,0.0,0.06,4,[6],0
7,11,x7fb6c8b58310,1123,-150.0,0.0,0.0,0.07,3,[0],3
7,11,x7fb6c8b58310,1124,145.0,1.0,0.0,0.09,4,[0],0
7,11,x7fb6c8b58310,1125,54.0,1.0,0.0,0.09,7,[2],4
7,11,x7fb6c8b58310,1126,250.0,0.0,0.0,0.09,3,[0],3
7,11,x7fb6c8b58310,1127,-100.0,0.0,0.0,0.0,3,[9],2
7,11,x7fb6c8b58310,1128,400.0,1.0,0.0,0.06,4,[6],2
7,11,x7fb6c8b58310,1129,-408.0,0.0,0.0,0.12,3,[7],2
7,11,x7fb6c8b58310,1130,800.0,1.0,1.0,0.06,3,[7],4
7,11,x7fb6c8b58310,1131,250.0,0.0,0.0,0.07,3,[0],4
7,11,x7fb6c8b58310,1132,-200.0,0.0,0.0,0.0,4,[8],2
7,11,x7fb6c8b58310,1133,0.0,1.0,0.0,0.09,3,[2],0
7,11,x7fb6c8b58310,1134,-155.0,0.0,0.0,0.09,5,[1],3
7,11,x7fb6c8b58310,1135,100.0,0.0,0.0,0.12,4,[23],1
7,11,x7fb6c8b58310,1136,200.0,1.0,0.0,0.12,4,[6],2
7,11,x7fb6c8b58310,1137,700.0,0.0,1.0,0.06,3,[6],3
7,11,x7fb6c8b58310,1138,250.0,0.0,0.0,0.07,2,[0],3
7,11,x7fb6c8b58310,1139,250.0,1.0,0.0,0.0,5,[6],0
7,11,x7fb6c8b58310,1140,100.0,0.0,0.0,0.12,4,[20],3
7,11,x7fb6c8b58310,1141,548.0,0.0,1.0,0.03,7,[8],3
7,11,x7fb6c8b58310,1142,250.0,0.0,0.0,0.06,5,[7],3
7,11,x7fb6c8b58310,1143,178.0,0.0,0.0,0.07,3,[0],2
7,11,x7fb6c8b58310,1144,250.0,0.0,0.0,0.12,2,[0],3
7,11,x7fb6c8b58310,1145,270.0,0.0,0.0,0.0,3,[7],2
7,11,x7fb6c8b58310,1146,400.0,0.0,0.0,0.06,4,[6],2
7,11,x7fb6c8b58310,1147,250.0,0.0,1.0,0.07,3,[2],3
7,11,x7fb6c8b58310,1148,259.0,0.0,0.0,0.03,4,[6],2
7,11,x7fb6c8b58310,1149,100.0,0.0,0.0,0.12,7,[20],3
7,11,x7fb6c8b58310,1150,249.0,0.0,1.0,0.12,4,[7],3
7,11,x7fb6c8b58310,1151,245.0,0.0,0.0,0.06,4,[8],0
7,11,x7fb6c8b58310,1152,800.0,1.0,1.0,0.06,4,[7],4
7,11,x7fb6c8b58310,1153,400.0,0.0,0.0,0.06,4,[6],3
7,11,x7fb6c8b58310,1154,400.0,0.0,0.0,0.06,4,[6],2
7,11,x7fb6c8b58310,1155,549.0,0.0,1.0,0.06,4,[9],3
7,11,x7fb6c8b58310,1156,300.0,0.0,0.0,0.06,3,[8],0
7,11,x7fb6c8b58310,1157,300.0,0.0,0.0,0.06,3,[8],2
7,11,x7fb6c8b58310,1158,-286.0,0.0,0.0,0.06,4,[8],0
7,11,x7fb6c8b58310,1159,400.0,0.0,1.0,0.06,4,[8],3
7,11,x7fb6c8b58310,1160,-350.0,0.0,0.0,0.07,3,[0],2
7,11,x7fb6c8b58310,1161,200.0,1.0,1.0,0.12,3,[1],4
7,11,x7fb6c8b58310,1162,201.0,1.0,0.0,0.12,3,[6],4
7,11,x7fb6c8b58310,1163,400.0,0.0,0.0,0.06,4,[6],2
7,11,x7fb6c8b58310,1164,195.0,1.0,0.0,0.06,3,[7],4
7,11,x7fb6c8b58310,1165,200.0,1.0,0.0,0.06,4,[9],3
7,11,x7fb6c8b58310,1166,150.0,0.0,0.0,0.07,3,[0],4
7,11,x7fb6c8b58310,1167,400.0,0.0,0.0,0.06,4,[23],3
7,11,x7fb6c8b58310,1168,100.0,0.0,0.0,0.12,3,[7],3
7,11,x7fb6c8b58310,1169,400.0,0.0,1.0,0.06,4,[9],3
7,11,x7fb6c8b58310,1170,88.0,0.0,0.0,0.07,3,[1],3
7,11,x7fb6c8b58310,1171,313.0,0.0,0.0,0.0,4,[7],2
7,11,x7fb6c8b58310,1172,318.0,0.0,0.0,0.06,3,[9],2
7,11,x7fb6c8b58310,1173,100.0,0.0,0.0,0.12,4,[6],3
7,11,x7fb6c8b58310,1174,-150.0,0.0,0.0,0.07,3,[0],3
7,11,x7fb6c8b58310,1175,169.0,0.0,0.0,0.0,3,[8],0
7,11,x7fb6c8b58310,1176,0.0,0.0,0.0,0.06,5,[6],2
7,11,x7fb6c8b58310,1177,-97.0,0.0,0.0,0.06,4,[7],2
7,11,x7fb6c8b58310,1178,100.0,1.0,0.0,0.06,3,[9],4
7,11,x7fb6c8b58310,1179,0.0,0.0,0.0,0.06,4,[6],2
7,11,x7fb6c8b58310,1180,150.0,1.0,0.0,0.07,2,[0],4
7,11,x7fb6c8b58310,1181,-200.0,0.0,0.0,0.0,4,[7],1
7,11,x7fb6c8b58310,1182,-100.0,0.0,0.0,0.06,3,[6],2
7,11,x7fb6c8b58310,1183,100.0,0.0,0.0,0.08,4,[19],3
7,11,x7fb6c8b58310,1184,500.0,1.0,1.0,0.12,3,[6],2
7,11,x7fb6c8b58310,1185,400.0,0.0,0.0,0.06,4,[6],2
7,11,x7fb6c8b58310,1186,400.0,0.0,0.0,0.07,4,[20],3
7,11,x7fb6c8b58310,1187,0.0,0.0,0.0,0.03,2,[7],3
7,11,x7fb6c8b58310,1188,0.0,0.0,0.0,0.06,5,[6],3
7,11,x7fb6c8b58310,1189,-63.0,0.0,0.0,0.06,4,[6],2
7,11,x7fb6c8b58310,1190,0.0,0.0,0.0,0.06,3,[6],2
7,11,x7fb6c8b58310,1191,400.0,1.0,0.0,0.06,3,[6],2
7,11,x7fb6c8b58310,1192,-105.0,0.0,0.0,0.06,5,[6],1
7,11,x7fb6c8b58310,1193,105.0,0.0,0.0,0.07,3,[1],3
7,11,x7fb6c8b58310,1194,-184.0,1.0,0.0,0.12,7,[7],4
7,11,x7fb6c8b58310,1195,150.0,0.0,1.0,0.07,3,[0],3
7,11,x7fb6c8b58310,1196,272.0,0.0,0.0,0.03,5,[6],2
7,11,x7fb6c8b58310,1197,-138.0,0.0,1.0,0.12,6,[6],3
7,11,x7fb6c8b58310,1198,151.0,0.0,1.0,0.06,6,[7],3
7,11,x7fb6c8b58310,1199,250.0,1.0,0.0,0.06,6,[7],4
7,11,x7fb6c8b58310,1200,50.0,0.0,0.0,0.07,2,[0],0
7,11,x7fb6c8b58310,1201,550.0,0.0,1.0,0.06,6,[7],3
7,11,x7fb6c8b58310,1202,400.0,0.0,0.0,0.06,6,[6],3
7,11,x7fb6c8b58310,1203,311.0,0.0,0.0,0.06,6,[6],2
7,11,x7fb6c8b58310,1204,200.0,0.0,0.0,0.06,2,[8],0
7,11,x7fb6c8b58310,1205,538.0,0.0,1.0,0.06,6,[8],3
7,11,x7fb6c8b58310,1206,-50.0,0.0,0.0,0.07,3,[2],3
7,11,x7fb6c8b58310,1207,400.0,0.0,0.0,0.06,5,[6],3
7,11,x7fb6c8b58310,1208,270.0,0.0,0.0,0.06,6,[6],3
7,11,x7fb6c8b58310,1209,400.0,0.0,0.0,0.06,2,[8],0
7,11,x7fb6c8b58310,1210,0.0,0.0,0.0,0.06,6,[6],3
7,11,x7fb6c8b58310,1211,0.0,0.0,0.0,0.06,7,[6],2
7,11,x7fb6c8b58310,1212,100.0,0.0,1.0,0.07,2,[2],3
7,11,x7fb6c8b58310,1213,274.0,1.0,0.0,0.06,6,[9],4
7,11,x7fb6c8b58310,1214,400.0,0.0,0.0,0.06,2,[7],3
7,11,x7fb6c8b58310,1215,259.0,1.0,0.0,0.06,6,[8],4
7,11,x7fb6c8b58310,1216,50.0,0.0,0.0,0.07,2,[1],2
7,11,x7fb6c8b58310,1217,0.0,0.0,0.0,0.06,6,[6],3
7,11,x7fb6c8b58310,1218,250.0,0.0,0.0,0.07,2,[0],0
7,11,x7fb6c8b58310,1219,0.0,0.0,0.0,0.07,8,[23],3
7,11,x7fb6c8b58310,1220,145.0,1.0,0.0,0.03,6,[9],4
7,11,x7fb6c8b58310,1221,250.0,0.0,0.0,0.07,2,[0],0
7,11,x7fb6c8b58310,1222,142.0,0.0,1.0,0.06,6,[9],3
7,11,x7fb6c8b58310,1223,200.0,1.0,0.0,0.12,4,[23],4
7,11,x7fb6c8b58310,1224,550.0,0.0,1.0,0.06,6,[8],3
7,11,x7fb6c8b58310,1225,299.0,0.0,0.0,0.06,5,[6],3
7,11,x7fb6c8b58310,1226,400.0,0.0,0.0,0.06,6,[6],3
7,11,x7fb6c8b58310,1227,250.0,0.0,0.0,0.07,2,[1],2
7,11,x7fb6c8b58310,1228,262.0,0.0,0.0,0.06,6,[6],3
7,11,x7fb6c8b58310,1229,0.0,0.0,0.0,0.06,7,[6],3
7,11,x7fb6c8b58310,1230,100.0,1.0,0.0,0.06,6,[9],4
7,11,x7fb6c8b58310,1231,-50.0,0.0,0.0,0.07,3,[2],3
7,11,x7fb6c8b58310,1232,150.0,0.0,0.0,0.12,3,[0],4
7,11,x7fb6c8b58310,1233,335.0,0.0,0.0,0.0,6,[6],2
7,11,x7fb6c8b58310,1234,80.0,0.0,0.0,0.07,3,[1],3
7,11,x7fb6c8b58310,1235,200.0,0.0,0.0,0.0,2,[9],0
7,11,x7fb6c8b58310,1236,400.0,0.0,1.0,0.06,6,[9],3
7,11,x7fb6c8b58310,1237,0.0,0.0,0.0,0.06,6,[6],3
7,11,x7fb6c8b58310,1238,700.0,0.0,1.0,0.06,2,[8],0
7,11,x7fb6c8b58310,1239,-100.0,0.0,0.0,0.06,6,[6],0
7,11,x7fb6c8b58310,1240,250.0,0.0,0.0,0.07,2,[0],0
7,11,x7fb6c8b58310,1241,231.0,1.0,0.0,0.06,6,[9],4
7,11,x7fb6c8b58310,1242,545.0,0.0,1.0,0.06,6,[9],3
7,11,x7fb6c8b58310,1243,258.0,0.0,0.0,0.06,6,[6],3
7,11,x7fb6c8b58310,1244,200.0,0.0,0.0,0.06,2,[9],2
7,11,x7fb6c8b58310,1245,250.0,0.0,0.0,0.07,3,[0],3
7,11,x7fb6c8b58310,1246,400.0,0.0,0.0,0.0,6,[6],2
7,11,x7fb6c8b58310,1247,0.0,0.0,0.0,0.06,6,[6],3
7,11,x7fb6c8b58310,1248,550.0,0.0,1.0,0.07,2,[1],3
7,11,x7fb6c8b58310,1249,550.0,0.0,1.0,0.12,2,[0],0
7,11,x7fb6c8b58310,1250,300.0,0.0,0.0,0.06,6,[6],1
7,11,x7fb6c8b58310,1251,300.0,0.0,0.0,0.06,6,[7],2
7,11,x7fb6c8b58310,1252,250.0,0.0,0.0,0.07,2,[0],0
7,11,x7fb6c8b58310,1253,551.0,0.0,1.0,0.06,6,[7],3
7,11,x7fb6c8b58310,1254,-350.0,0.0,0.0,0.07,2,[0],0
7,11,x7fb6c8b58310,1255,200.0,1.0,1.0,0.07,6,[2],3
7,11,x7fb6c8b58310,1256,-100.0,0.0,0.0,0.06,7,[6],2
7,11,x7fb6c8b58310,1257,650.0,1.0,1.0,0.07,2,[0],0
7,11,x7fb6c8b58310,1258,0.0,0.0,0.0,0.06,6,[6],3
7,11,x7fb6c8b58310,1259,150.0,1.0,0.0,0.07,2,[1],1
7,11,x7fb6c8b58310,1260,0.0,0.0,0.0,0.06,6,[6],3
7,11,x7fb6c8b58310,1261,0.0,0.0,0.0,0.06,6,[6],3
7,11,x7fb6c8b58310,1262,250.0,0.0,0.0,0.07,3,[0],3
7,11,x7fb6c8b58310,1263,350.0,1.0,0.0,0.06,7,[7],4
7,11,x7fb6c8b58310,1264,0.0,0.0,0.0,0.06,6,[6],2
7,11,x7fb6c8b58310,1265,150.0,1.0,0.0,0.07,2,[0],0
7,11,x7fb6c8b58310,1266,245.0,0.0,1.0,0.07,7,[0],3
7,11,x7fb6c8b58310,1267,100.0,0.0,0.0,0.12,6,[23],3
7,11,x7fb6c8b58310,1268,306.0,0.0,0.0,0.06,6,[20],3
7,11,x7fb6c8b58310,1269,366.0,0.0,0.0,0.0,6,[7],1
7,11,x7fb6c8b58310,1270,100.0,0.0,0.0,0.12,4,[20],3
7,11,x7fb6c8b58310,1271,400.0,0.0,0.0,0.07,4,[20],3
7,11,x7fb6c8b58310,1272,500.0,1.0,0.0,0.07,6,[23],3
7,11,x7fb6c8b58310,1273,50.0,0.0,0.0,0.09,2,[0],2
7,11,x7fb6c8b58310,1274,150.0,0.0,0.0,0.0,5,[7],0
7,11,x7fb6c8b58310,1275,50.0,0.0,0.0,0.07,2,[1],2
7,11,x7fb6c8b58310,1276,538.0,0.0,1.0,0.06,5,[9],3
7,11,x7fb6c8b58310,1277,526.0,0.0,1.0,0.03,7,[8],3
7,11,x7fb6c8b58310,1278,250.0,0.0,0.0,0.07,3,[0],2
7,11,x7fb6c8b58310,1279,-50.0,0.0,0.0,0.12,3,[2],3
7,11,x7fb6c8b58310,1280,400.0,0.0,0.0,0.08,4,[23],3
7,11,x7fb6c8b58310,1281,400.0,0.0,0.0,0.0,4,[9],3
7,11,x7fb6c8b58310,1282,-150.0,0.0,0.0,0.03,6,[7],3
7,11,x7fb6c8b58310,1283,50.0,0.0,0.0,0.07,2,[0],0
7,11,x7fb6c8b58310,1284,0.0,0.0,0.0,0.06,6,[6],0
7,11,x7fb6c8b58310,1285,150.0,1.0,0.0,0.07,3,[0],4
7,11,x7fb6c8b58310,1286,-150.0,0.0,0.0,0.12,2,[0],0
7,11,x7fb6c8b58310,1287,0.0,0.0,0.0,0.08,4,[23],3
7,11,x7fb6c8b58310,1288,225.0,1.0,0.0,0.03,6,[8],4
7,11,x7fb6c8b58310,1289,500.0,1.0,1.0,0.09,6,[1],3
7,11,x7fb6c8b58310,1290,100.0,0.0,1.0,0.07,6,[1],3
7,11,x7fb6c8b58310,1291,-150.0,0.0,0.0,0.07,3,[0],3
7,11,x7fb6c8b58310,1292,-52.0,0.0,0.0,0.0,6,[6],2
7,11,x7fb6c8b58310,1293,550.0,0.0,1.0,0.07,3,[0],3
7,11,x7fb6c8b58310,1294,304.0,0.0,0.0,0.0,6,[6],1
7,11,x7fb6c8b58310,1295,50.0,0.0,0.0,0.07,2,[1],2
7,11,x7fb6c8b58310,1296,550.0,0.0,1.0,0.06,6,[8],3
7,11,x7fb6c8b58310,1297,350.0,1.0,1.0,0.07,3,[2],3
7,11,x7fb6c8b58310,1298,500.0,1.0,1.0,0.0,5,[9],4
7,11,x7fb6c8b58310,1299,525.0,0.0,1.0,0.06,7,[8],3
7,11,x7fb6c8b58310,1300,400.0,0.0,1.0,0.07,3,[1],3
7,11,x7fb6c8b58310,1301,400.0,0.0,0.0,0.03,4,[19],3
7,11,x7fb6c8b58310,1302,-100.0,0.0,0.0,0.12,3,[9],2
7,11,x7fb6c8b58310,1303,550.0,0.0,1.0,0.06,4,[7],3
7,11,x7fb6c8b58310,1304,550.0,0.0,1.0,0.06,7,[7],3
7,11,x7fb6c8b58310,1305,250.0,0.0,0.0,0.07,2,[0],3
7,11,x7fb6c8b58310,1306,400.0,0.0,0.0,0.0,3,[6],2
7,11,x7fb6c8b58310,1307,100.0,0.0,0.0,0.07,3,[1],3
7,11,x7fb6c8b58310,1308,295.0,0.0,0.0,0.09,6,[19],3
7,11,x7fb6c8b58310,1309,250.0,0.0,1.0,0.09,3,[2],3
7,11,x7fb6c8b58310,1310,250.0,0.0,1.0,0.0,2,[9],3
7,11,x7fb6c8b58310,1311,-100.0,0.0,0.0,0.06,5,[6],2
7,11,x7fb6c8b58310,1312,250.0,0.0,0.0,0.07,3,[0],3
7,11,x7fb6c8b58310,1313,349.0,1.0,0.0,0.0,7,[8],4
7,11,x7fb6c8b58310,1314,350.0,1.0,1.0,0.07,3,[2],3
7,11,x7fb6c8b58310,1315,300.0,0.0,0.0,0.0,6,[7],1
7,11,x7fb6c8b58310,1316,100.0,0.0,0.0,0.08,4,[19],3
7,11,x7fb6c8b58310,1317,-30.0,0.0,0.0,0.12,6,[7],3
7,11,x7fb6c8b58310,1318,250.0,0.0,0.0,0.07,2,[1],2
7,11,x7fb6c8b58310,1319,100.0,0.0,0.0,0.12,6,[6],3
7,11,x7fb6c8b58310,1320,650.0,1.0,1.0,0.09,3,[0],0
7,11,x7fb6c8b58310,1321,350.0,1.0,1.0,0.12,6,[8],3
7,11,x7fb6c8b58310,1322,500.0,1.0,1.0,0.12,3,[23],1
7,11,x7fb6c8b58310,1323,-221.0,1.0,0.0,0.09,4,[2],4
7,11,x7fb6c8b58310,1324,-150.0,0.0,0.0,0.09,3,[0],0
7,11,x7fb6c8b58310,1325,501.0,0.0,1.0,0.09,6,[0],3
7,11,x7fb6c8b58310,1326,-101.0,0.0,0.0,0.06,6,[7],3
7,11,x7fb6c8b58310,1327,0.0,0.0,0.0,0.06,6,[6],1
7,11,x7fb6c8b58310,1328,-312.0,0.0,0.0,0.07,3,[1],3
7,11,x7fb6c8b58310,1329,248.0,1.0,0.0,0.0,6,[8],4
7,11,x7fb6c8b58310,1330,150.0,1.0,0.0,0.07,2,[0],0
7,11,x7fb6c8b58310,1331,200.0,1.0,0.0,0.07,3,[1],4
7,11,x7fb6c8b58310,1332,400.0,0.0,0.0,0.07,5,[20],3
7,11,x7fb6c8b58310,1333,-49.0,0.0,0.0,0.12,6,[6],3
7,11,x7fb6c8b58310,1334,98.0,0.0,0.0,0.07,3,[0],4
7,11,x7fb6c8b58310,1335,400.0,0.0,0.0,0.06,6,[6],3
7,11,x7fb6c8b58310,1336,400.0,0.0,0.0,0.06,5,[6],3
7,11,x7fb6c8b58310,1337,150.0,1.0,0.0,0.06,2,[8],4
7,11,x7fb6c8b58310,1338,400.0,0.0,1.0,0.06,5,[9],3
7,11,x7fb6c8b58310,1339,-300.0,0.0,0.0,0.08,4,[19],3
7,11,x7fb6c8b58310,1340,50.0,0.0,0.0,0.09,3,[0],4
7,11,x7fb6c8b58310,1341,-350.0,0.0,0.0,0.09,2,[0],0
7,11,x7fb6c8b58310,1342,-22.0,0.0,0.0,0.12,6,[7],3
7,11,x7fb6c8b58310,1343,250.0,0.0,0.0,0.07,2,[0],0
7,11,x7fb6c8b58310,1344,400.0,0.0,0.0,0.06,6,[6],3
7,11,x7fb6c8b58310,1345,100.0,0.0,1.0,0.07,7,[2],3
7,11,x7fb6c8b58310,1346,250.0,0.0,0.0,0.07,3,[0],3
7,11,x7fb6c8b58310,1347,550.0,0.0,1.0,0.0,5,[7],3
7,11,x7fb6c8b58310,1348,400.0,0.0,0.0,0.06,5,[6],3
7,11,x7fb6c8b58310,1349,50.0,0.0,0.0,0.07,3,[0],2
7,11,x7fb6c8b58310,1350,50.0,0.0,0.0,0.07,2,[0],0
7,11,x7fb6c8b58310,1351,400.0,0.0,0.0,0.06,6,[6],3
7,11,x7fb6c8b58310,1352,255.0,0.0,0.0,0.06,5,[6],3
7,11,x7fb6c8b58310,1353,250.0,0.0,0.0,0.06,2,[8],2
7,11,x7fb6c8b58310,1354,-300.0,0.0,0.0,0.12,4,[23],3
7,11,x7fb6c8b58310,1355,150.0,1.0,0.0,0.07,3,[0],4
7,11,x7fb6c8b58310,1356,50.0,1.0,0.0,0.12,5,[8],4
7,11,x7fb6c8b58310,1357,0.0,0.0,0.0,0.06,5,[6],1
7,11,x7fb6c8b58310,1358,-50.0,0.0,0.0,0.07,2,[2],3
7,11,x7fb6c8b58310,1359,-749.0,0.0,0.0,0.12,3,[0],2
7,11,x7fb6c8b58310,1360,250.0,1.0,0.0,0.06,5,[7],4
7,11,x7fb6c8b58310,1361,400.0,0.0,0.0,0.06,5,[6],1
7,11,x7fb6c8b58310,1362,-500.0,0.0,0.0,0.09,3,[2],0
7,11,x7fb6c8b58310,1363,255.0,0.0,0.0,0.06,5,[6],3
7,11,x7fb6c8b58310,1364,355.0,0.0,0.0,0.06,4,[6],2
7,11,x7fb6c8b58310,1365,400.0,1.0,0.0,0.06,3,[6],2
7,11,x7fb6c8b58310,1366,100.0,0.0,0.0,0.12,4,[20],3
7,11,x7fb6c8b58310,1367,-0.0,0.0,0.0,0.12,4,[7],1
7,11,x7fb6c8b58310,1368,300.0,0.0,1.0,0.06,4,[6],2
7,11,x7fb6c8b58310,1369,0.0,0.0,0.0,0.06,3,[7],2
7,11,x7fb6c8b58310,1370,350.0,1.0,0.0,0.06,3,[8],4
7,11,x7fb6c8b58310,1371,155.0,0.0,1.0,0.06,5,[6],0
7,11,x7fb6c8b58310,1372,400.0,0.0,0.0,0.06,3,[9],0
7,11,x7fb6c8b58310,1373,-200.0,0.0,0.0,0.06,2,[9],0
7,11,x7fb6c8b58310,1374,500.0,1.0,1.0,0.07,3,[1],3
7,11,x7fb6c8b58310,1375,800.0,1.0,1.0,0.0,2,[9],0
7,11,x7fb6c8b58310,1376,650.0,1.0,1.0,0.06,5,[6],4
7,11,x7fb6c8b58310,1377,400.0,0.0,0.0,0.06,2,[9],3
7,11,x7fb6c8b58310,1378,545.0,0.0,1.0,0.06,6,[8],3
7,11,x7fb6c8b58310,1379,470.0,0.0,1.0,0.06,7,[9],3
7,11,x7fb6c8b58310,1380,150.0,0.0,1.0,0.07,2,[0],0
7,11,x7fb6c8b58310,1381,400.0,0.0,0.0,0.06,6,[6],3
7,11,x7fb6c8b58310,1382,0.0,0.0,0.0,0.06,6,[6],3
7,11,x7fb6c8b58310,1383,800.0,1.0,1.0,0.06,2,[8],0
7,11,x7fb6c8b58310,1384,0.0,0.0,0.0,0.06,5,[6],2
7,11,x7fb6c8b58310,1385,149.0,1.0,0.0,0.06,6,[9],4
7,11,x7fb6c8b58310,1386,400.0,0.0,1.0,0.06,5,[9],3
7,11,x7fb6c8b58310,1387,50.0,0.0,0.0,0.07,2,[0],0
7,11,x7fb6c8b58310,1388,255.0,0.0,0.0,0.06,6,[7],3
7,11,x7fb6c8b58310,1389,-50.0,0.0,0.0,0.07,3,[2],3
7,11,x7fb6c8b58310,1390,100.0,0.0,1.0,0.07,6,[2],3
7,11,x7fb6c8b58310,1391,100.0,0.0,1.0,0.07,6,[1],3
7,11,x7fb6c8b58310,1392,400.0,0.0,0.0,0.06,6,[6],3
7,11,x7fb6c8b58310,1393,251.0,0.0,0.0,0.06,5,[6],0
7,11,x7fb6c8b58310,1394,150.0,1.0,0.0,0.07,2,[1],0
7,11,x7fb6c8b58310,1395,278.0,0.0,0.0,0.06,6,[6],3
7,11,x7fb6c8b58310,1396,250.0,0.0,0.0,0.06,7,[7],3
7,11,x7fb6c8b58310,1397,100.0,0.0,0.0,0.12,6,[6],3
7,11,x7fb6c8b58310,1398,50.0,1.0,0.0,0.07,2,[1],4
7,11,x7fb6c8b58310,1399,223.0,1.0,0.0,0.0,6,[9],4
7,11,x7fb6c8b58310,1400,400.0,0.0,0.0,0.06,6,[6],3
7,11,x7fb6c8b58310,1401,270.0,0.0,0.0,0.06,6,[7],3
7,11,x7fb6c8b58310,1402,150.0,1.0,0.0,0.07,2,[0],0
7,11,x7fb6c8b58310,1403,400.0,0.0,0.0,0.06,6,[6],3
7,11,x7fb6c8b58310,1404,202.0,0.0,0.0,0.06,6,[6],0
7,11,x7fb6c8b58310,1405,100.0,0.0,0.0,0.07,3,[1],3
7,11,x7fb6c8b58310,1406,-200.0,0.0,0.0,0.0,2,[9],0
7,11,x7fb6c8b58310,1407,-150.0,0.0,0.0,0.06,6,[6],3
7,11,x7fb6c8b58310,1408,618.0,1.0,1.0,0.06,7,[8],4
7,11,x7fb6c8b58310,1409,0.0,0.0,1.0,0.09,5,[1],3
7,11,x7fb6c8b58310,1410,250.0,0.0,0.0,0.07,2,[0],0
7,11,x7fb6c8b58310,1411,220.0,1.0,0.0,0.06,6,[9],4
7,11,x7fb6c8b58310,1412,50.0,0.0,0.0,0.07,2,[1],0
7,11,x7fb6c8b58310,1413,100.0,0.0,0.0,0.12,6,[6],3
7,11,x7fb6c8b58310,1414,0.0,0.0,0.0,0.06,6,[6],3
7,11,x7fb6c8b58310,1415,350.0,1.0,0.0,0.07,2,[0],0
7,11,x7fb6c8b58310,1416,65.0,1.0,0.0,0.07,4,[0],4
7,11,x7fb6c8b58310,1417,250.0,0.0,0.0,0.12,2,[0],0
7,11,x7fb6c8b58310,1418,150.0,1.0,0.0,0.06,6,[9],4
7,11,x7fb6c8b58310,1419,250.0,0.0,0.0,0.07,3,[0],0
7,11,x7fb6c8b58310,1420,50.0,0.0,0.0,0.12,2,[0],0
7,11,x7fb6c8b58310,1421,278.0,0.0,0.0,0.06,6,[6],3
7,11,x7fb6c8b58310,1422,-50.0,0.0,0.0,0.07,2,[2],3
7,11,x7fb6c8b58310,1423,-178.0,0.0,1.0,0.07,6,[0],3
7,11,x7fb6c8b58310,1424,-350.0,0.0,0.0,0.07,2,[0],0
7,11,x7fb6c8b58310,1425,-193.0,0.0,1.0,0.07,6,[0],3
7,11,x7fb6c8b58310,1426,150.0,1.0,0.0,0.07,2,[1],4
7,11,x7fb6c8b58310,1427,238.0,1.0,0.0,0.06,6,[9],4
7,11,x7fb6c8b58310,1428,550.0,0.0,1.0,0.07,3,[0],3
7,11,x7fb6c8b58310,1429,250.0,0.0,0.0,0.12,2,[0],0
7,11,x7fb6c8b58310,1430,142.0,0.0,1.0,0.06,6,[9],3
7,11,x7fb6c8b58310,1431,-204.0,1.0,0.0,0.07,6,[2],4
7,11,x7fb6c8b58310,1432,250.0,0.0,0.0,0.07,2,[1],2
7,11,x7fb6c8b58310,1433,150.0,1.0,0.0,0.06,6,[8],4
7,11,x7fb6c8b58310,1434,400.0,0.0,0.0,0.06,7,[6],3
7,11,x7fb6c8b58310,1435,250.0,0.0,0.0,0.07,2,[0],2
7,11,x7fb6c8b58310,1436,-78.0,0.0,0.0,0.06,7,[6],2
7,11,x7fb6c8b58310,1437,300.0,0.0,0.0,0.03,7,[6],2
7,11,x7fb6c8b58310,1438,551.0,0.0,1.0,0.06,6,[6],3
7,11,x7fb6c8b58310,1439,400.0,0.0,0.0,0.06,6,[6],3
7,11,x7fb6c8b58310,1440,200.0,1.0,1.0,0.07,6,[2],3
7,11,x7fb6c8b58310,1441,534.0,0.0,1.0,0.06,7,[9],3
7,11,x7fb6c8b58310,1442,212.0,0.0,0.0,0.07,3,[0],2
7,11,x7fb6c8b58310,1443,-50.0,0.0,0.0,0.12,2,[2],3
7,11,x7fb6c8b58310,1444,-350.0,0.0,0.0,0.09,3,[0],2
7,11,x7fb6c8b58310,1445,-100.0,0.0,0.0,0.0,6,[6],0
7,11,x7fb6c8b58310,1446,250.0,0.0,0.0,0.07,3,[0],2
7,11,x7fb6c8b58310,1447,50.0,0.0,0.0,0.09,2,[0],0
7,11,x7fb6c8b58310,1448,222.0,0.0,1.0,0.07,6,[0],3
7,11,x7fb6c8b58310,1449,-350.0,0.0,0.0,0.07,2,[0],0
7,11,x7fb6c8b58310,1450,400.0,0.0,0.0,0.06,6,[6],3
7,11,x7fb6c8b58310,1451,-150.0,1.0,0.0,0.07,3,[2],4
7,11,x7fb6c8b58310,1452,250.0,0.0,0.0,0.07,2,[1],3
7,11,x7fb6c8b58310,1453,100.0,0.0,1.0,0.07,6,[1],3
7,11,x7fb6c8b58310,1454,700.0,0.0,1.0,0.06,2,[9],2
7,11,x7fb6c8b58310,1455,331.0,0.0,0.0,0.03,7,[6],2
7,11,x7fb6c8b58310,1456,150.0,0.0,0.0,0.07,3,[0],4
7,11,x7fb6c8b58310,1457,400.0,0.0,0.0,0.0,6,[6],2
7,11,x7fb6c8b58310,1458,100.0,0.0,0.0,0.12,6,[6],3
7,11,x7fb6c8b58310,1459,250.0,0.0,1.0,0.07,3,[2],3
7,11,x7fb6c8b58310,1460,297.0,0.0,0.0,0.0,5,[6],2
7,11,x7fb6c8b58310,1461,99.0,0.0,0.0,0.07,3,[1],3
7,11,x7fb6c8b58310,1462,100.0,0.0,0.0,0.12,3,[1],3
7,11,x7fb6c8b58310,1463,400.0,0.0,0.0,0.0,3,[6],2
7,11,x7fb6c8b58310,1464,250.0,0.0,0.0,0.03,5,[6],3
7,11,x7fb6c8b58310,1465,400.0,0.0,0.0,0.06,3,[7],3
7,11,x7fb6c8b58310,1466,50.0,0.0,0.0,0.07,2,[0],2
7,11,x7fb6c8b58310,1467,400.0,0.0,0.0,0.06,5,[6],1
7,11,x7fb6c8b58310,1468,400.0,0.0,0.0,0.06,2,[8],0
7,11,x7fb6c8b58310,1469,400.0,0.0,0.0,0.06,5,[6],3
7,11,x7fb6c8b58310,1470,100.0,0.0,0.0,0.07,3,[1],3
7,11,x7fb6c8b58310,1471,400.0,0.0,0.0,0.0,5,[6],1
7,11,x7fb6c8b58310,1472,126.0,0.0,0.0,0.07,3,[0],0
7,11,x7fb6c8b58310,1473,50.0,0.0,0.0,0.07,2,[0],2
7,11,x7fb6c8b58310,1474,550.0,0.0,1.0,0.07,3,[0],3
7,11,x7fb6c8b58310,1475,299.0,0.0,0.0,0.03,7,[6],2
7,11,x7fb6c8b58310,1476,50.0,0.0,0.0,0.07,3,[0],2
7,11,x7fb6c8b58310,1477,350.0,1.0,0.0,0.12,3,[0],4
7,11,x7fb6c8b58310,1478,-500.0,0.0,0.0,0.09,2,[1],0
7,11,x7fb6c8b58310,1479,250.0,0.0,0.0,0.06,5,[8],3
7,11,x7fb6c8b58310,1480,-100.0,0.0,0.0,0.09,2,[2],0
7,11,x7fb6c8b58310,1481,400.0,0.0,0.0,0.06,6,[6],3
7,11,x7fb6c8b58310,1482,400.0,0.0,0.0,0.06,2,[7],1
7,11,x7fb6c8b58310,1483,200.0,1.0,1.0,0.07,6,[2],3
7,11,x7fb6c8b58310,1484,100.0,0.0,0.0,0.12,4,[23],3
7,11,x7fb6c8b58310,1485,300.0,0.0,0.0,0.03,7,[6],2
7,11,x7fb6c8b58310,1486,400.0,0.0,0.0,0.06,7,[6],3
7,11,x7fb6c8b58310,1487,400.0,0.0,0.0,0.06,6,[6],3
7,11,x7fb6c8b58310,1488,250.0,0.0,0.0,0.06,7,[8],3
7,11,x7fb6c8b58310,1489,334.0,0.0,0.0,0.06,6,[6],2
7,11,x7fb6c8b58310,1490,200.0,1.0,1.0,0.07,7,[2],3
7,11,x7fb6c8b58310,1491,200.0,1.0,1.0,0.07,6,[1],3
7,11,x7fb6c8b58310,1492,0.0,1.0,0.0,0.09,2,[2],0
7,11,x7fb6c8b58310,1493,77.0,1.0,0.0,0.06,7,[9],4
7,11,x7fb6c8b58310,1494,100.0,0.0,0.0,0.12,2,[23],3
7,11,x7fb6c8b58310,1495,50.0,0.0,0.0,0.09,3,[0],4
7,11,x7fb6c8b58310,1496,150.0,0.0,1.0,0.07,3,[0],0
7,11,x7fb6c8b58310,1497,252.0,1.0,1.0,0.07,7,[0],4
7,11,x7fb6c8b58310,1498,209.0,1.0,1.0,0.07,6,[0],4
7,11,x7fb6c8b58310,1499,-150.0,0.0,1.0,0.12,6,[8],3
7,11,x7fb6c8b58310,1500,250.0,0.0,0.0,0.07,3,[0],3
7,11,x7fb6c8b58310,1501,-50.0,1.0,0.0,0.12,5,[7],4
7,11,x7fb6c8b58310,1502,545.0,0.0,1.0,0.06,7,[7],3
7,11,x7fb6c8b58310,1503,-44.0,1.0,0.0,0.07,3,[2],4
7,11,x7fb6c8b58310,1504,-150.0,0.0,0.0,0.12,2,[1],0
7,11,x7fb6c8b58310,1505,250.0,0.0,0.0,0.07,2,[0],3
7,11,x7fb6c8b58310,1506,400.0,0.0,0.0,0.0,6,[6],1
7,11,x7fb6c8b58310,1507,-500.0,0.0,0.0,0.09,2,[2],0
7,11,x7fb6c8b58310,1508,138.0,0.0,0.0,0.07,3,[0],2
7,11,x7fb6c8b58310,1509,300.0,0.0,0.0,0.0,6,[6],1
7,11,x7fb6c8b58310,1510,800.0,1.0,1.0,0.06,2,[9],0
7,11,x7fb6c8b58310,1511,550.0,0.0,1.0,0.06,7,[8],3
7,11,x7fb6c8b58310,1512,250.0,0.0,1.0,0.07,3,[2],3
7,11,x7fb6c8b58310,1513,0.0,0.0,0.0,0.06,6,[6],2
7,11,x7fb6c8b58310,1514,-300.0,0.0,0.0,0.08,7,[19],3
7,11,x7fb6c8b58310,1515,350.0,1.0,0.0,0.09,2,[1],2
7,11,x7fb6c8b58310,1516,248.0,1.0,0.0,0.06,7,[9],4
7,11,x7fb6c8b58310,1517,270.0,0.0,0.0,0.06,5,[6],3
7,11,x7fb6c8b58310,1518,548.0,0.0,1.0,0.06,6,[8],3
7,11,x7fb6c8b58310,1519,400.0,0.0,0.0,0.06,4,[6],3
7,11,x7fb6c8b58310,1520,-100.0,0.0,0.0,0.07,2,[1],2
7,11,x7fb6c8b58310,1521,548.0,0.0,1.0,0.06,6,[8],3
7,11,x7fb6c8b58310,1522,400.0,0.0,0.0,0.06,5,[6],3
7,11,x7fb6c8b58310,1523,nan,0.0,0.0,0.06,2,[7],3
7,11,x7fb6c8b58310,1524,230.0,0.0,0.0,0.06,5,[7],3
7,11,x7fb6c8b58310,1525,400.0,0.0,0.0,0.06,4,[6],0
7,11,x7fb6c8b58310,1526,0.0,0.0,0.0,0.06,3,[6],0
7,11,x7fb6c8b58310,1527,200.0,1.0,1.0,0.07,5,[2],3
7,11,x7fb6c8b58310,1528,307.0,0.0,0.0,0.06,6,[6],2
7,11,x7fb6c8b58310,1529,400.0,0.0,0.0,0.06,3,[9],3
7,11,x7fb6c8b58310,1530,400.0,0.0,0.0,0.06,5,[6],3
7,11,x7fb6c8b58310,1531,100.0,0.0,0.0,0.07,3,[1],3
7,11,x7fb6c8b58310,1532,247.0,0.0,0.0,0.0,3,[7],1
7,11,x7fb6c8b58310,1533,400.0,0.0,0.0,0.03,5,[6],2
7,11,x7fb6c8b58310,1534,-268.0,0.0,0.0,0.07,3,[0],2
7,11,x7fb6c8b58310,1535,650.0,1.0,1.0,0.12,3,[0],4
7,11,x7fb6c8b58310,1536,0.0,0.0,0.0,0.0,5,[6],1
7,11,x7fb6c8b58310,1537,-300.0,0.0,0.0,0.12,4,[20],3
7,11,x7fb6c8b58310,1538,200.0,1.0,0.0,0.09,3,[1],4
7,11,x7fb6c8b58310,1539,313.0,0.0,0.0,0.0,3,[7],1
7,11,x7fb6c8b58310,1540,0.0,0.0,0.0,0.06,5,[6],1
7,11,x7fb6c8b58310,1541,200.0,1.0,1.0,0.07,6,[2],4
7,11,x7fb6c8b58310,1542,-0.0,0.0,0.0,0.12,5,[8],1
7,11,x7fb6c8b58310,1543,-100.0,0.0,0.0,0.06,3,[6],0
7,11,x7fb6c8b58310,1544,150.0,0.0,1.0,0.06,3,[9],3
7,11,x7fb6c8b58310,1545,300.0,1.0,0.0,0.06,2,[7],4
7,11,x7fb6c8b58310,1546,-150.0,0.0,0.0,0.06,5,[7],3
7,11,x7fb6c8b58310,1547,550.0,0.0,1.0,0.03,3,[9],0
7,11,x7fb6c8b58310,1548,0.0,0.0,0.0,0.06,5,[6],3
7,11,x7fb6c8b58310,1549,249.0,0.0,0.0,0.06,3,[8],0
7,11,x7fb6c8b58310,1550,-300.0,0.0,1.0,0.07,5,[2],3
7,11,x7fb6c8b58310,1551,250.0,0.0,0.0,0.07,3,[0],4
7,11,x7fb6c8b58310,1552,400.0,0.0,0.0,0.0,3,[9],0
7,11,x7fb6c8b58310,1553,0.0,0.0,0.0,0.06,5,[6],0
7,11,x7fb6c8b58310,1554,-150.0,0.0,0.0,0.06,4,[6],3
7,11,x7fb6c8b58310,1555,400.0,0.0,0.0,0.06,3,[7],3
7,11,x7fb6c8b58310,1556,100.0,0.0,0.0,0.08,4,[19],3
7,11,x7fb6c8b58310,1557,250.0,0.0,1.0,0.12,3,[9],3
7,11,x7fb6c8b58310,1558,250.0,0.0,0.0,0.07,3,[0],3
7,11,x7fb6c8b58310,1559,-250.0,0.0,0.0,0.03,3,[8],0
7,11,x7fb6c8b58310,1560,400.0,1.0,0.0,0.06,5,[6],2
7,11,x7fb6c8b58310,1561,300.0,0.0,0.0,0.06,4,[6],2
7,11,x7fb6c8b58310,1562,-100.0,0.0,0.0,0.06,3,[6],2
7,11,x7fb6c8b58310,1563,500.0,1.0,0.0,0.06,3,[6],0
7,11,x7fb6c8b58310,1564,257.0,0.0,0.0,0.03,4,[8],2
7,11,x7fb6c8b58310,1565,50.0,0.0,0.0,0.07,2,[1],4
7,11,x7fb6c8b58310,1566,200.0,0.0,0.0,0.03,2,[9],2
7,11,x7fb6c8b58310,1567,562.0,0.0,1.0,0.06,5,[6],3
7,11,x7fb6c8b58310,1568,50.0,1.0,0.0,0.07,3,[2],3
7,11,x7fb6c8b58310,1569,300.0,0.0,1.0,0.0,3,[7],1
7,11,x7fb6c8b58310,1570,-450.0,0.0,0.0,0.07,3,[2],3
7,11,x7fb6c8b58310,1571,150.0,1.0,0.0,0.12,2,[1],0
7,11,x7fb6c8b58310,1572,300.0,0.0,1.0,0.06,6,[6],3
7,11,x7fb6c8b58310,1573,0.0,0.0,0.0,0.06,6,[6],3
7,11,x7fb6c8b58310,1574,355.0,1.0,0.0,0.06,5,[6],4
7,11,x7fb6c8b58310,1575,200.0,0.0,0.0,0.06,4,[8],1
7,11,x7fb6c8b58310,1576,250.0,1.0,0.0,0.06,6,[8],4
7,11,x7fb6c8b58310,1577,-100.0,0.0,0.0,0.06,5,[6],2
7,11,x7fb6c8b58310,1578,-100.0,0.0,0.0,0.06,5,[6],0
7,11,x7fb6c8b58310,1579,250.0,0.0,0.0,0.09,3,[0],3
7,11,x7fb6c8b58310,1580,300.0,0.0,1.0,0.0,5,[6],2
7,11,x7fb6c8b58310,1581,355.0,1.0,0.0,0.06,5,[6],0
7,11,x7fb6c8b58310,1582,0.0,0.0,0.0,0.06,3,[7],3
7,11,x7fb6c8b58310,1583,0.0,0.0,0.0,0.06,5,[6],3
7,11,x7fb6c8b58310,1584,-245.0,0.0,0.0,0.07,3,[0],0
7,11,x7fb6c8b58310,1585,-200.0,0.0,0.0,0.12,2,[9],3
7,11,x7fb6c8b58310,1586,338.0,1.0,0.0,0.06,6,[9],4
7,11,x7fb6c8b58310,1587,400.0,0.0,0.0,0.06,2,[9],2
7,11,x7fb6c8b58310,1588,0.0,0.0,0.0,0.06,5,[6],1
7,11,x7fb6c8b58310,1589,-50.0,0.0,0.0,0.07,3,[2],3
7,11,x7fb6c8b58310,1590,400.0,1.0,0.0,0.0,7,[6],0
7,11,x7fb6c8b58310,1591,249.0,0.0,1.0,0.07,4,[1],3
7,11,x7fb6c8b58310,1592,400.0,0.0,0.0,0.0,2,[7],1
7,11,x7fb6c8b58310,1593,549.0,0.0,1.0,0.06,6,[8],3
7,11,x7fb6c8b58310,1594,400.0,0.0,0.0,0.06,6,[6],3
7,11,x7fb6c8b58310,1595,200.0,1.0,1.0,0.07,7,[2],3
7,11,x7fb6c8b58310,1596,0.0,0.0,0.0,0.06,2,[9],0
7,11,x7fb6c8b58310,1597,0.0,0.0,0.0,0.06,6,[6],3
7,11,x7fb6c8b58310,1598,-300.0,1.0,0.0,0.09,2,[1],2
7,11,x7fb6c8b58310,1599,200.0,1.0,1.0,0.07,6,[1],4
7,11,x7fb6c8b58310,1600,-199.0,1.0,0.0,0.07,6,[2],4
7,11,x7fb6c8b58310,1601,550.0,0.0,1.0,0.07,2,[1],2
7,11,x7fb6c8b58310,1602,-422.0,0.0,0.0,0.12,6,[6],3
7,11,x7fb6c8b58310,1603,250.0,1.0,0.0,0.06,6,[8],4
7,11,x7fb6c8b58310,1604,350.0,1.0,1.0,0.07,2,[2],4
7,11,x7fb6c8b58310,1605,400.0,0.0,0.0,0.06,6,[6],3
7,11,x7fb6c8b58310,1606,286.0,0.0,0.0,0.06,6,[6],3
7,11,x7fb6c8b58310,1607,245.0,0.0,0.0,0.06,5,[7],3
7,11,x7fb6c8b58310,1608,400.0,0.0,0.0,0.06,5,[6],3
7,11,x7fb6c8b58310,1609,300.0,0.0,1.0,0.06,3,[7],3
7,11,x7fb6c8b58310,1610,-150.0,0.0,0.0,0.06,5,[7],3
7,11,x7fb6c8b58310,1611,0.0,0.0,0.0,0.06,5,[6],0
7,11,x7fb6c8b58310,1612,800.0,1.0,1.0,0.06,3,[7],4
7,11,x7fb6c8b58310,1613,50.0,0.0,0.0,0.07,3,[0],4
7,11,x7fb6c8b58310,1614,0.0,0.0,0.0,0.0,5,[6],3
7,11,x7fb6c8b58310,1615,298.0,1.0,0.0,0.06,7,[7],4
7,11,x7fb6c8b58310,1616,400.0,0.0,0.0,0.06,5,[6],3
7,11,x7fb6c8b58310,1617,268.0,0.0,0.0,0.06,3,[8],0
7,11,x7fb6c8b58310,1618,0.0,0.0,0.0,0.06,5,[6],2
7,11,x7fb6c8b58310,1619,50.0,1.0,0.0,0.09,3,[2],4
7,11,x7fb6c8b58310,1620,200.0,1.0,0.0,0.0,2,[9],4
7,11,x7fb6c8b58310,1621,-150.0,1.0,0.0,0.07,3,[2],4
7,11,x7fb6c8b58310,1622,0.0,1.0,0.0,0.0,2,[9],4
7,11,x7fb6c8b58310,1623,50.0,0.0,0.0,0.07,3,[0],4
7,11,x7fb6c8b58310,1624,270.0,0.0,0.0,0.0,5,[7],3
7,11,x7fb6c8b58310,1625,-50.0,0.0,0.0,0.06,2,[9],3
7,11,x7fb6c8b58310,1626,250.0,0.0,0.0,0.07,3,[0],3
7,11,x7fb6c8b58310,1627,-111.0,0.0,0.0,0.0,5,[7],0
7,11,x7fb6c8b58310,1628,300.0,0.0,0.0,0.06,6,[6],2
7,11,x7fb6c8b58310,1629,250.0,0.0,1.0,0.07,2,[2],3
7,11,x7fb6c8b58310,1630,550.0,0.0,1.0,0.0,3,[9],0
7,11,x7fb6c8b58310,1631,250.0,0.0,0.0,0.07,2,[0],2
7,11,x7fb6c8b58310,1632,650.0,1.0,1.0,0.06,5,[7],4
7,11,x7fb6c8b58310,1633,150.0,1.0,0.0,0.07,3,[0],4
7,11,x7fb6c8b58310,1634,293.0,0.0,0.0,0.0,3,[8],0
7,11,x7fb6c8b58310,1635,150.0,0.0,1.0,0.06,7,[7],3
7,11,x7fb6c8b58310,1636,0.0,0.0,0.0,0.03,5,[6],2
7,11,x7fb6c8b58310,1637,-300.0,0.0,0.0,0.12,5,[23],3
7,11,x7fb6c8b58310,1638,-104.0,1.0,0.0,0.12,7,[9],4
7,11,x7fb6c8b58310,1639,50.0,1.0,0.0,0.09,2,[2],4
7,11,x7fb6c8b58310,1640,292.0,0.0,0.0,0.06,6,[8],1
7,11,x7fb6c8b58310,1641,558.0,0.0,1.0,0.06,7,[7],3
7,11,x7fb6c8b58310,1642,50.0,0.0,0.0,0.07,2,[0],2
7,11,x7fb6c8b58310,1643,100.0,0.0,0.0,0.12,6,[6],3
7,11,x7fb6c8b58310,1644,100.0,0.0,0.0,0.12,2,[23],1
7,11,x7fb6c8b58310,1645,-149.0,0.0,0.0,0.06,6,[6],0
7,11,x7fb6c8b58310,1646,200.0,1.0,0.0,0.12,4,[23],4
7,11,x7fb6c8b58310,1647,100.0,0.0,0.0,0.08,4,[19],3
7,11,x7fb6c8b58310,1648,-122.0,0.0,0.0,0.03,6,[6],3
