7,10,x7f477ade24f0,1,-59.0,0.0,0.0,0.0,3,[6],2
7,10,x7f477ade24f0,2,4.0,0.0,0.0,0.0,3,[6],2
7,10,x7f477ade24f0,3,507.0,0.0,1.0,0.09,6,[0],3
7,10,x7f477ade24f0,4,100.0,0.0,0.0,0.12,6,[6],2
7,10,x7f477ade24f0,5,301.0,0.0,0.0,0.06,5,[6],0
7,10,x7f477ade24f0,6,-300.0,0.0,0.0,0.12,7,[23],3
7,10,x7f477ade24f0,7,0.0,0.0,0.0,0.07,8,[23],0
7,10,x7f477ade24f0,8,147.0,0.0,1.0,0.08,8,[20],1
7,10,x7f477ade24f0,9,0.0,0.0,0.0,0.07,8,[23],1
7,10,x7f477ade24f0,10,-295.0,0.0,1.0,0.12,8,[6],2
7,10,x7f477ade24f0,11,-639.0,0.0,0.0,0.12,8,[6],2
7,10,x7f477ade24f0,12,-117.0,0.0,0.0,0.06,7,[7],2
7,10,x7f477ade24f0,13,221.0,1.0,1.0,0.12,8,[6],2
7,10,x7f477ade24f0,14,303.0,0.0,0.0,0.03,6,[6],2
7,10,x7f477ade24f0,15,347.0,1.0,0.0,0.08,8,[23],4
7,10,x7f477ade24f0,16,150.0,0.0,1.0,0.09,3,[0],2
7,10,x7f477ade24f0,17,-258.0,0.0,0.0,0.03,8,[6],2
7,10,x7f477ade24f0,18,150.0,1.0,0.0,0.09,3,[0],0
7,10,x7f477ade24f0,19,0.0,0.0,0.0,0.07,8,[20],0
7,10,x7f477ade24f0,20,-609.0,0.0,0.0,0.12,8,[6],2
7,10,x7f477ade24f0,21,150.0,1.0,0.0,0.07,3,[0],2
7,10,x7f477ade24f0,22,500.0,1.0,1.0,0.12,7,[6],2
7,10,x7f477ade24f0,23,51.0,0.0,1.0,0.03,8,[6],2
7,10,x7f477ade24f0,24,250.0,0.0,0.0,0.09,3,[0],2
7,10,x7f477ade24f0,25,-150.0,0.0,1.0,0.12,8,[6],2
7,10,x7f477ade24f0,26,300.0,0.0,1.0,0.07,8,[23],3
7,10,x7f477ade24f0,27,-545.0,0.0,0.0,0.12,8,[6],2
7,10,x7f477ade24f0,28,-99.0,1.0,0.0,0.12,8,[6],2
7,10,x7f477ade24f0,29,231.0,1.0,1.0,0.12,8,[6],4
7,10,x7f477ade24f0,30,-576.0,0.0,0.0,0.12,8,[6],2
7,10,x7f477ade24f0,31,535.0,1.0,1.0,0.06,8,[6],0
7,10,x7f477ade24f0,32,-560.0,0.0,0.0,0.12,8,[6],2
7,10,x7f477ade24f0,33,-557.0,0.0,0.0,0.12,8,[6],2
7,10,x7f477ade24f0,34,-558.0,0.0,0.0,0.12,8,[6],2
7,10,x7f477ade24f0,35,-58.0,1.0,0.0,0.12,8,[6],2
7,10,x7f477ade24f0,36,-562.0,0.0,0.0,0.12,8,[6],2
7,10,x7f477ade24f0,37,-288.0,0.0,0.0,0.09,3,[0],0
7,10,x7f477ade24f0,38,-400.0,0.0,0.0,0.12,7,[6],2
7,10,x7f477ade24f0,39,647.0,1.0,1.0,0.08,8,[23],3
7,10,x7f477ade24f0,40,800.0,1.0,1.0,0.07,8,[23],0
7,10,x7f477ade24f0,41,227.0,1.0,1.0,0.12,8,[8],4
7,10,x7f477ade24f0,42,647.0,1.0,1.0,0.08,8,[23],3
7,10,x7f477ade24f0,43,250.0,0.0,0.0,0.09,2,[1],1
7,10,x7f477ade24f0,44,-150.0,0.0,1.0,0.12,8,[8],3
7,10,x7f477ade24f0,45,-350.0,0.0,0.0,0.07,3,[0],2
7,10,x7f477ade24f0,46,-64.0,1.0,0.0,0.12,8,[6],2
7,10,x7f477ade24f0,47,-618.0,0.0,0.0,0.12,8,[6],2
7,10,x7f477ade24f0,48,403.0,1.0,0.0,0.03,8,[6],2
7,10,x7f477ade24f0,49,446.0,1.0,1.0,0.07,5,[0],2
7,10,x7f477ade24f0,50,500.0,1.0,0.0,0.07,8,[23],1
7,10,x7f477ade24f0,51,-94.0,1.0,0.0,0.12,8,[6],2
7,10,x7f477ade24f0,52,-283.0,0.0,0.0,0.06,8,[7],2
7,10,x7f477ade24f0,53,-71.0,1.0,0.0,0.12,8,[6],2
7,10,x7f477ade24f0,54,20.0,0.0,1.0,0.06,8,[6],2
7,10,x7f477ade24f0,55,-300.0,0.0,0.0,0.12,8,[23],1
7,10,x7f477ade24f0,56,50.0,0.0,0.0,0.09,3,[0],2
7,10,x7f477ade24f0,57,0.0,0.0,0.0,0.07,8,[23],3
7,10,x7f477ade24f0,58,-350.0,0.0,0.0,0.09,3,[0],0
7,10,x7f477ade24f0,59,-284.0,0.0,0.0,0.03,8,[6],2
7,10,x7f477ade24f0,60,800.0,1.0,1.0,0.07,8,[23],0
7,10,x7f477ade24f0,61,-400.0,0.0,0.0,0.12,8,[6],2
7,10,x7f477ade24f0,62,-100.0,0.0,0.0,0.07,2,[2],0
7,10,x7f477ade24f0,63,-273.0,0.0,0.0,0.06,8,[6],0
7,10,x7f477ade24f0,64,647.0,1.0,1.0,0.08,8,[23],1
7,10,x7f477ade24f0,65,0.0,0.0,0.0,0.07,8,[23],0
7,10,x7f477ade24f0,66,-122.0,0.0,0.0,0.03,5,[6],2
7,10,x7f477ade24f0,67,-612.0,0.0,0.0,0.12,8,[6],2
7,10,x7f477ade24f0,68,0.0,0.0,0.0,0.07,8,[23],1
7,10,x7f477ade24f0,69,-258.0,0.0,0.0,0.03,8,[6],2
7,10,x7f477ade24f0,70,0.0,0.0,1.0,0.12,8,[6],2
7,10,x7f477ade24f0,71,-99.0,0.0,0.0,0.03,8,[6],2
7,10,x7f477ade24f0,72,-100.0,0.0,0.0,0.06,6,[6],2
7,10,x7f477ade24f0,73,-400.0,0.0,0.0,0.12,8,[6],2
7,10,x7f477ade24f0,74,-259.0,0.0,0.0,0.06,8,[6],2
7,10,x7f477ade24f0,75,500.0,1.0,0.0,0.07,8,[23],4
7,10,x7f477ade24f0,76,-251.0,0.0,1.0,0.12,8,[7],2
7,10,x7f477ade24f0,77,455.0,1.0,0.0,0.06,6,[6],2
7,10,x7f477ade24f0,78,200.0,1.0,0.0,0.12,6,[6],2
7,10,x7f477ade24f0,79,0.0,0.0,0.0,0.07,8,[23],1
7,10,x7f477ade24f0,80,-405.0,0.0,0.0,0.12,7,[7],2
7,10,x7f477ade24f0,81,100.0,1.0,0.0,0.12,5,[6],2
7,10,x7f477ade24f0,82,0.0,0.0,0.0,0.07,8,[23],3
7,10,x7f477ade24f0,83,-261.0,0.0,1.0,0.12,8,[6],2
7,10,x7f477ade24f0,84,275.0,1.0,0.0,0.06,6,[8],4
7,10,x7f477ade24f0,85,250.0,0.0,0.0,0.07,2,[1],0
7,10,x7f477ade24f0,86,0.0,0.0,0.0,0.12,8,[6],2
7,10,x7f477ade24f0,87,-568.0,0.0,0.0,0.12,8,[6],2
7,10,x7f477ade24f0,88,-141.0,0.0,0.0,0.06,7,[7],3
7,10,x7f477ade24f0,89,-377.0,0.0,0.0,0.12,7,[6],2
7,10,x7f477ade24f0,90,-91.0,0.0,0.0,0.06,7,[6],2
7,10,x7f477ade24f0,91,-15.0,0.0,0.0,0.07,8,[20],0
7,10,x7f477ade24f0,92,-96.0,0.0,0.0,0.07,8,[20],0
7,10,x7f477ade24f0,93,-97.0,1.0,0.0,0.12,8,[6],4
7,10,x7f477ade24f0,94,-580.0,0.0,0.0,0.12,8,[6],2
7,10,x7f477ade24f0,95,-150.0,0.0,0.0,0.07,2,[0],0
7,10,x7f477ade24f0,96,-300.0,0.0,0.0,0.12,7,[6],2
7,10,x7f477ade24f0,97,-150.0,0.0,0.0,0.09,3,[0],2
7,10,x7f477ade24f0,98,350.0,1.0,0.0,0.12,2,[1],1
7,10,x7f477ade24f0,99,-150.0,0.0,0.0,0.07,2,[1],3
7,10,x7f477ade24f0,100,199.0,1.0,0.0,0.09,8,[0],0
7,10,x7f477ade24f0,101,-550.0,0.0,0.0,0.12,8,[6],2
7,10,x7f477ade24f0,102,-550.0,0.0,0.0,0.12,8,[6],2
7,10,x7f477ade24f0,103,200.0,1.0,0.0,0.08,8,[19],3
7,10,x7f477ade24f0,104,-300.0,0.0,0.0,0.12,3,[20],1
7,10,x7f477ade24f0,105,-259.0,0.0,1.0,0.12,7,[6],2
7,10,x7f477ade24f0,106,-400.0,0.0,0.0,0.12,7,[6],1
7,10,x7f477ade24f0,107,-100.0,0.0,1.0,0.09,2,[2],2
7,10,x7f477ade24f0,108,157.0,0.0,0.0,0.07,3,[0],2
7,10,x7f477ade24f0,109,129.0,0.0,0.0,0.09,6,[0],0
7,10,x7f477ade24f0,110,-556.0,0.0,0.0,0.12,8,[6],2
7,10,x7f477ade24f0,111,0.0,0.0,0.0,0.06,5,[6],2
7,10,x7f477ade24f0,112,234.0,1.0,0.0,0.07,3,[0],2
7,10,x7f477ade24f0,113,500.0,1.0,0.0,0.07,2,[20],4
7,10,x7f477ade24f0,114,0.0,0.0,0.0,0.07,8,[23],3
7,10,x7f477ade24f0,115,150.0,1.0,0.0,0.09,3,[0],2
7,10,x7f477ade24f0,116,-100.0,0.0,1.0,0.12,2,[2],2
7,10,x7f477ade24f0,117,0.0,0.0,0.0,0.07,7,[23],1
7,10,x7f477ade24f0,118,700.0,0.0,1.0,0.08,2,[20],0
7,10,x7f477ade24f0,119,462.0,1.0,1.0,0.09,5,[2],4
7,10,x7f477ade24f0,120,-400.0,0.0,0.0,0.09,2,[2],2
7,10,x7f477ade24f0,121,-400.0,0.0,0.0,0.12,7,[6],2
7,10,x7f477ade24f0,122,-800.0,0.0,0.0,0.09,2,[2],2
7,10,x7f477ade24f0,123,400.0,0.0,0.0,0.07,2,[20],3
7,10,x7f477ade24f0,124,250.0,1.0,0.0,0.09,3,[0],2
7,10,x7f477ade24f0,125,100.0,1.0,0.0,0.12,7,[6],4
7,10,x7f477ade24f0,126,26.0,0.0,0.0,0.09,8,[0],0
7,10,x7f477ade24f0,127,97.0,0.0,0.0,0.03,8,[6],2
7,10,x7f477ade24f0,128,400.0,0.0,0.0,0.07,8,[20],0
7,10,x7f477ade24f0,129,100.0,0.0,0.0,0.12,5,[6],3
7,10,x7f477ade24f0,130,500.0,1.0,0.0,0.07,8,[20],0
7,10,x7f477ade24f0,131,-250.0,0.0,0.0,0.09,3,[0],0
7,10,x7f477ade24f0,132,400.0,0.0,0.0,0.07,8,[23],0
7,10,x7f477ade24f0,133,249.0,1.0,1.0,0.09,8,[2],4
7,10,x7f477ade24f0,134,700.0,0.0,1.0,0.07,8,[23],3
7,10,x7f477ade24f0,135,700.0,0.0,1.0,0.07,8,[23],0
7,10,x7f477ade24f0,136,250.0,0.0,0.0,0.09,3,[0],0
7,10,x7f477ade24f0,137,300.0,0.0,1.0,0.07,8,[20],3
7,10,x7f477ade24f0,138,300.0,0.0,1.0,0.07,7,[23],0
7,10,x7f477ade24f0,139,0.0,0.0,0.0,0.07,8,[20],0
7,10,x7f477ade24f0,140,250.0,0.0,0.0,0.09,2,[1],0
7,10,x7f477ade24f0,141,250.0,0.0,0.0,0.09,3,[0],3
7,10,x7f477ade24f0,142,-251.0,0.0,0.0,0.0,8,[6],0
7,10,x7f477ade24f0,143,-50.0,1.0,0.0,0.12,8,[6],2
7,10,x7f477ade24f0,144,400.0,0.0,0.0,0.07,8,[20],0
7,10,x7f477ade24f0,145,-50.0,0.0,0.0,0.09,2,[2],3
7,10,x7f477ade24f0,146,-113.0,0.0,0.0,0.07,8,[0],4
7,10,x7f477ade24f0,147,-150.0,1.0,0.0,0.09,3,[2],4
7,10,x7f477ade24f0,148,0.0,0.0,0.0,0.07,8,[20],0
7,10,x7f477ade24f0,149,0.0,0.0,0.0,0.07,7,[23],0
7,10,x7f477ade24f0,150,800.0,1.0,1.0,0.07,8,[23],3
7,10,x7f477ade24f0,151,-256.0,0.0,0.0,0.09,7,[0],0
7,10,x7f477ade24f0,152,500.0,1.0,0.0,0.07,8,[20],3
7,10,x7f477ade24f0,153,400.0,0.0,0.0,0.07,8,[20],0
7,10,x7f477ade24f0,154,100.0,0.0,0.0,0.12,8,[20],3
7,10,x7f477ade24f0,155,395.0,1.0,0.0,0.09,8,[19],1
7,10,x7f477ade24f0,156,550.0,0.0,1.0,0.09,2,[1],2
7,10,x7f477ade24f0,157,0.0,0.0,0.0,0.07,8,[20],3
7,10,x7f477ade24f0,158,400.0,0.0,0.0,0.07,3,[23],3
7,10,x7f477ade24f0,159,-150.0,0.0,1.0,0.12,5,[8],3
7,10,x7f477ade24f0,160,0.0,0.0,0.0,0.07,8,[23],3
7,10,x7f477ade24f0,161,400.0,0.0,0.0,0.07,2,[20],3
7,10,x7f477ade24f0,162,-356.0,0.0,0.0,0.09,7,[0],0
7,10,x7f477ade24f0,163,395.0,0.0,1.0,0.09,3,[1],3
7,10,x7f477ade24f0,164,188.0,1.0,0.0,0.0,8,[8],4
7,10,x7f477ade24f0,165,550.0,0.0,1.0,0.09,3,[0],3
7,10,x7f477ade24f0,166,148.0,0.0,1.0,0.0,8,[6],3
7,10,x7f477ade24f0,167,0.0,0.0,1.0,0.12,2,[23],3
7,10,x7f477ade24f0,168,300.0,0.0,1.0,0.07,8,[20],3
7,10,x7f477ade24f0,169,700.0,0.0,1.0,0.07,8,[20],3
7,10,x7f477ade24f0,170,0.0,0.0,1.0,0.12,8,[20],3
7,10,x7f477ade24f0,171,0.0,0.0,0.0,0.07,8,[20],3
7,10,x7f477ade24f0,172,150.0,0.0,1.0,0.09,3,[0],0
7,10,x7f477ade24f0,173,400.0,0.0,0.0,0.08,2,[23],3
7,10,x7f477ade24f0,174,0.0,0.0,0.0,0.07,8,[20],3
7,10,x7f477ade24f0,175,-550.0,0.0,0.0,0.12,8,[6],2
7,10,x7f477ade24f0,176,700.0,0.0,1.0,0.07,8,[20],3
7,10,x7f477ade24f0,177,400.0,0.0,0.0,0.08,4,[23],3
7,10,x7f477ade24f0,178,-155.0,0.0,1.0,0.12,8,[8],3
7,10,x7f477ade24f0,179,100.0,0.0,0.0,0.12,8,[23],3
7,10,x7f477ade24f0,180,700.0,0.0,1.0,0.07,8,[23],3
7,10,x7f477ade24f0,181,300.0,0.0,1.0,0.07,8,[23],3
7,10,x7f477ade24f0,182,800.0,1.0,1.0,0.07,8,[23],3
7,10,x7f477ade24f0,183,95.0,0.0,0.0,0.09,3,[1],3
7,10,x7f477ade24f0,184,-300.0,0.0,0.0,0.12,8,[23],3
7,10,x7f477ade24f0,185,400.0,0.0,0.0,0.03,5,[6],3
7,10,x7f477ade24f0,186,500.0,1.0,0.0,0.07,8,[23],3
7,10,x7f477ade24f0,187,-153.0,0.0,0.0,0.08,8,[23],3
7,10,x7f477ade24f0,188,250.0,0.0,0.0,0.09,3,[0],4
7,10,x7f477ade24f0,189,700.0,0.0,1.0,0.07,8,[23],3
7,10,x7f477ade24f0,190,400.0,0.0,0.0,0.07,8,[23],3
7,10,x7f477ade24f0,191,400.0,0.0,0.0,0.07,8,[23],3
7,10,x7f477ade24f0,192,700.0,0.0,1.0,0.07,8,[23],3
7,10,x7f477ade24f0,193,300.0,0.0,1.0,0.07,8,[23],3
7,10,x7f477ade24f0,194,0.0,0.0,0.0,0.07,8,[23],3
7,10,x7f477ade24f0,195,0.0,0.0,0.0,0.07,8,[23],3
7,10,x7f477ade24f0,196,300.0,0.0,1.0,0.07,8,[23],3
7,10,x7f477ade24f0,197,200.0,1.0,0.0,0.12,5,[6],3
7,10,x7f477ade24f0,198,-153.0,0.0,0.0,0.08,8,[23],3
7,10,x7f477ade24f0,199,147.0,0.0,1.0,0.08,8,[23],3
7,10,x7f477ade24f0,200,-264.0,0.0,0.0,0.03,8,[6],0
7,10,x7f477ade24f0,201,0.0,0.0,0.0,0.07,8,[23],3
7,10,x7f477ade24f0,202,0.0,0.0,0.0,0.07,8,[23],3
7,10,x7f477ade24f0,203,-565.0,0.0,0.0,0.12,8,[6],2
7,10,x7f477ade24f0,204,0.0,0.0,0.0,0.07,8,[23],3
7,10,x7f477ade24f0,205,249.0,1.0,1.0,0.09,8,[2],4
7,10,x7f477ade24f0,206,0.0,0.0,0.0,0.07,8,[23],3
7,10,x7f477ade24f0,207,-153.0,0.0,0.0,0.08,8,[23],3
7,10,x7f477ade24f0,208,-103.0,1.0,0.0,0.09,8,[1],4
7,10,x7f477ade24f0,209,-50.0,0.0,0.0,0.07,2,[1],3
7,10,x7f477ade24f0,210,700.0,0.0,1.0,0.07,8,[23],3
7,10,x7f477ade24f0,211,-47.0,0.0,0.0,0.12,5,[6],3
7,10,x7f477ade24f0,212,247.0,0.0,0.0,0.08,8,[23],1
7,10,x7f477ade24f0,213,150.0,0.0,0.0,0.09,3,[0],1
7,10,x7f477ade24f0,214,0.0,1.0,0.0,0.09,7,[2],4
7,10,x7f477ade24f0,215,-394.0,0.0,0.0,0.12,6,[6],1
7,10,x7f477ade24f0,216,-414.0,0.0,0.0,0.12,7,[7],3
7,10,x7f477ade24f0,217,147.0,0.0,1.0,0.08,8,[23],3
7,10,x7f477ade24f0,218,-153.0,0.0,0.0,0.08,8,[23],3
7,10,x7f477ade24f0,219,500.0,1.0,0.0,0.07,8,[23],4
7,10,x7f477ade24f0,220,800.0,1.0,1.0,0.07,8,[23],4
7,10,x7f477ade24f0,221,800.0,1.0,1.0,0.07,8,[23],3
7,10,x7f477ade24f0,222,-265.0,0.0,0.0,0.06,8,[6],0
7,10,x7f477ade24f0,223,500.0,1.0,0.0,0.07,8,[23],3
7,10,x7f477ade24f0,224,0.0,0.0,0.0,0.07,8,[23],0
7,10,x7f477ade24f0,225,-255.0,0.0,0.0,0.07,3,[0],1
7,10,x7f477ade24f0,226,500.0,1.0,0.0,0.07,8,[23],3
7,10,x7f477ade24f0,227,250.0,0.0,0.0,0.09,3,[0],1
7,10,x7f477ade24f0,228,0.0,0.0,0.0,0.07,8,[23],3
7,10,x7f477ade24f0,229,250.0,0.0,1.0,0.09,3,[2],3
7,10,x7f477ade24f0,230,500.0,1.0,0.0,0.07,8,[23],3
7,10,x7f477ade24f0,231,0.0,0.0,0.0,0.07,8,[23],3
7,10,x7f477ade24f0,232,-257.0,0.0,0.0,0.03,8,[7],2
7,10,x7f477ade24f0,233,-150.0,0.0,0.0,0.09,3,[0],3
7,10,x7f477ade24f0,234,66.0,1.0,0.0,0.09,7,[0],4
7,10,x7f477ade24f0,235,-335.0,0.0,0.0,0.09,7,[0],4
7,10,x7f477ade24f0,236,550.0,0.0,1.0,0.07,2,[1],3
7,10,x7f477ade24f0,237,400.0,0.0,0.0,0.07,6,[23],3
7,10,x7f477ade24f0,238,500.0,1.0,0.0,0.07,2,[20],3
7,10,x7f477ade24f0,239,0.0,0.0,0.0,0.07,8,[23],3
7,10,x7f477ade24f0,240,500.0,1.0,0.0,0.07,8,[23],4
7,10,x7f477ade24f0,241,-57.0,1.0,0.0,0.12,8,[6],4
7,10,x7f477ade24f0,242,-186.0,0.0,0.0,0.12,6,[6],2
7,10,x7f477ade24f0,243,50.0,0.0,0.0,0.09,3,[0],4
7,10,x7f477ade24f0,244,700.0,0.0,1.0,0.07,4,[23],3
7,10,x7f477ade24f0,245,112.0,0.0,0.0,0.09,3,[0],1
7,10,x7f477ade24f0,246,347.0,1.0,0.0,0.08,4,[23],4
7,10,x7f477ade24f0,247,255.0,0.0,1.0,0.12,3,[7],3
7,10,x7f477ade24f0,248,347.0,1.0,0.0,0.08,4,[23],3
7,10,x7f477ade24f0,249,-255.0,1.0,0.0,0.09,5,[1],4
7,10,x7f477ade24f0,250,56.0,1.0,0.0,0.03,4,[9],4
7,10,x7f477ade24f0,251,300.0,0.0,1.0,0.06,5,[6],3
7,10,x7f477ade24f0,252,150.0,1.0,0.0,0.07,4,[0],2
7,10,x7f477ade24f0,253,700.0,0.0,1.0,0.07,5,[23],3
7,10,x7f477ade24f0,254,399.0,0.0,1.0,0.09,3,[1],3
7,10,x7f477ade24f0,255,500.0,1.0,0.0,0.07,5,[23],3
7,10,x7f477ade24f0,256,500.0,1.0,0.0,0.07,4,[23],3
7,10,x7f477ade24f0,257,0.0,0.0,1.0,0.12,5,[7],1
7,10,x7f477ade24f0,258,-250.0,0.0,0.0,0.09,4,[2],4
7,10,x7f477ade24f0,259,-300.0,0.0,0.0,0.12,6,[20],3
7,10,x7f477ade24f0,260,400.0,0.0,0.0,0.07,5,[23],3
7,10,x7f477ade24f0,261,0.0,0.0,0.0,0.07,5,[23],1
7,10,x7f477ade24f0,262,50.0,0.0,0.0,0.09,3,[0],1
7,10,x7f477ade24f0,263,-230.0,0.0,0.0,0.12,3,[0],2
7,10,x7f477ade24f0,264,-153.0,0.0,0.0,0.08,6,[23],3
7,10,x7f477ade24f0,265,350.0,1.0,0.0,0.09,3,[0],4
7,10,x7f477ade24f0,266,0.0,0.0,0.0,0.07,7,[23],3
7,10,x7f477ade24f0,267,350.0,1.0,0.0,0.09,3,[0],2
7,10,x7f477ade24f0,268,800.0,1.0,1.0,0.07,6,[23],3
7,10,x7f477ade24f0,269,0.0,0.0,0.0,0.07,6,[23],3
7,10,x7f477ade24f0,270,800.0,1.0,1.0,0.07,7,[23],4
7,10,x7f477ade24f0,271,150.0,0.0,1.0,0.09,3,[0],3
7,10,x7f477ade24f0,272,-50.0,0.0,0.0,0.09,2,[2],3
7,10,x7f477ade24f0,273,250.0,0.0,1.0,0.09,2,[1],3
7,10,x7f477ade24f0,274,250.0,0.0,1.0,0.12,6,[7],3
7,10,x7f477ade24f0,275,-300.0,0.0,0.0,0.12,3,[20],3
7,10,x7f477ade24f0,276,300.0,0.0,1.0,0.07,2,[20],3
7,10,x7f477ade24f0,277,500.0,1.0,0.0,0.07,2,[20],3
7,10,x7f477ade24f0,278,400.0,0.0,0.0,0.07,7,[23],0
7,10,x7f477ade24f0,279,400.0,0.0,0.0,0.07,7,[23],3
7,10,x7f477ade24f0,280,-177.0,0.0,0.0,0.09,6,[0],4
7,10,x7f477ade24f0,281,100.0,0.0,0.0,0.12,5,[23],3
7,10,x7f477ade24f0,282,400.0,0.0,0.0,0.07,4,[20],3
7,10,x7f477ade24f0,283,320.0,0.0,1.0,0.09,5,[0],4
7,10,x7f477ade24f0,284,300.0,0.0,1.0,0.07,5,[20],3
7,10,x7f477ade24f0,285,-300.0,0.0,0.0,0.09,3,[1],3
7,10,x7f477ade24f0,286,300.0,0.0,1.0,0.07,5,[20],3
7,10,x7f477ade24f0,287,350.0,1.0,0.0,0.09,3,[0],1
7,10,x7f477ade24f0,288,450.0,1.0,1.0,0.0,4,[8],4
7,10,x7f477ade24f0,289,-150.0,0.0,0.0,0.09,3,[0],3
7,10,x7f477ade24f0,290,300.0,0.0,1.0,0.07,5,[20],3
7,10,x7f477ade24f0,291,500.0,1.0,0.0,0.03,2,[6],3
7,10,x7f477ade24f0,292,148.0,0.0,1.0,0.07,5,[1],4
7,10,x7f477ade24f0,293,200.0,1.0,0.0,0.12,3,[8],4
7,10,x7f477ade24f0,294,-75.0,1.0,0.0,0.09,5,[0],4
7,10,x7f477ade24f0,295,200.0,1.0,0.0,0.08,5,[19],3
7,10,x7f477ade24f0,296,500.0,1.0,0.0,0.07,4,[20],3
7,10,x7f477ade24f0,297,400.0,0.0,0.0,0.07,4,[20],3
7,10,x7f477ade24f0,298,50.0,0.0,0.0,0.09,3,[0],2
7,10,x7f477ade24f0,299,247.0,0.0,0.0,0.08,4,[20],3
7,10,x7f477ade24f0,300,250.0,0.0,1.0,0.09,3,[2],3
7,10,x7f477ade24f0,301,500.0,1.0,0.0,0.07,3,[20],3
7,10,x7f477ade24f0,302,350.0,1.0,1.0,0.09,3,[2],3
7,10,x7f477ade24f0,303,-150.0,0.0,0.0,0.09,2,[0],3
7,10,x7f477ade24f0,304,400.0,0.0,0.0,0.07,3,[20],3
7,10,x7f477ade24f0,305,399.0,0.0,1.0,0.09,3,[1],3
7,10,x7f477ade24f0,306,700.0,0.0,1.0,0.07,2,[20],3
7,10,x7f477ade24f0,307,500.0,1.0,0.0,0.07,8,[23],3
7,10,x7f477ade24f0,308,147.0,0.0,1.0,0.08,8,[23],3
7,10,x7f477ade24f0,309,0.0,0.0,0.0,0.07,8,[23],1
7,10,x7f477ade24f0,310,400.0,0.0,0.0,0.07,8,[23],3
7,10,x7f477ade24f0,311,100.0,0.0,0.0,0.09,2,[19],3
7,10,x7f477ade24f0,312,247.0,0.0,0.0,0.08,7,[23],3
7,10,x7f477ade24f0,313,400.0,0.0,1.0,0.09,7,[2],3
7,10,x7f477ade24f0,314,400.0,0.0,0.0,0.08,2,[20],3
7,10,x7f477ade24f0,315,400.0,0.0,0.0,0.07,8,[23],3
7,10,x7f477ade24f0,316,0.0,0.0,0.0,0.07,2,[20],3
7,10,x7f477ade24f0,317,400.0,0.0,0.0,0.07,3,[20],3
7,10,x7f477ade24f0,318,547.0,0.0,1.0,0.08,6,[23],3
7,10,x7f477ade24f0,319,500.0,1.0,0.0,0.07,4,[20],3
7,10,x7f477ade24f0,320,350.0,1.0,1.0,0.09,3,[2],3
7,10,x7f477ade24f0,321,0.0,0.0,0.0,0.07,7,[23],3
7,10,x7f477ade24f0,322,400.0,0.0,0.0,0.07,2,[20],3
7,10,x7f477ade24f0,323,-350.0,0.0,0.0,0.09,3,[0],2
7,10,x7f477ade24f0,324,-350.0,0.0,0.0,0.12,3,[6],0
7,10,x7f477ade24f0,325,200.0,1.0,0.0,0.12,6,[23],3
7,10,x7f477ade24f0,326,100.0,0.0,0.0,0.09,3,[1],3
7,10,x7f477ade24f0,327,-173.0,1.0,0.0,0.12,6,[9],4
7,10,x7f477ade24f0,328,700.0,0.0,1.0,0.07,5,[20],0
7,10,x7f477ade24f0,329,-187.0,0.0,0.0,0.12,5,[7],2
7,10,x7f477ade24f0,330,300.0,0.0,1.0,0.07,8,[20],3
7,10,x7f477ade24f0,331,200.0,1.0,0.0,0.09,4,[1],3
7,10,x7f477ade24f0,332,131.0,0.0,0.0,0.07,3,[0],1
7,10,x7f477ade24f0,333,0.0,0.0,0.0,0.07,4,[23],3
7,10,x7f477ade24f0,334,300.0,0.0,1.0,0.07,6,[20],3
7,10,x7f477ade24f0,335,300.0,0.0,1.0,0.07,6,[20],3
7,10,x7f477ade24f0,336,-150.0,0.0,0.0,0.09,3,[0],1
7,10,x7f477ade24f0,337,400.0,0.0,0.0,0.0,3,[7],3
7,10,x7f477ade24f0,338,-300.0,0.0,0.0,0.12,4,[6],3
7,10,x7f477ade24f0,339,50.0,0.0,0.0,0.07,3,[0],2
7,10,x7f477ade24f0,340,400.0,0.0,0.0,0.03,4,[6],3
7,10,x7f477ade24f0,341,400.0,0.0,0.0,0.07,8,[20],1
7,10,x7f477ade24f0,342,-186.0,0.0,0.0,0.12,5,[6],2
7,10,x7f477ade24f0,343,-50.0,0.0,0.0,0.07,2,[2],3
7,10,x7f477ade24f0,344,-143.0,0.0,0.0,0.03,5,[19],3
7,10,x7f477ade24f0,345,68.0,1.0,0.0,0.03,5,[9],4
7,10,x7f477ade24f0,346,150.0,0.0,1.0,0.09,3,[0],3
7,10,x7f477ade24f0,347,300.0,0.0,1.0,0.07,8,[20],3
7,10,x7f477ade24f0,348,250.0,0.0,0.0,0.09,2,[1],3
7,10,x7f477ade24f0,349,496.0,1.0,1.0,0.0,8,[7],4
7,10,x7f477ade24f0,350,-181.0,0.0,0.0,0.07,8,[0],4
7,10,x7f477ade24f0,351,-300.0,0.0,0.0,0.12,8,[20],3
7,10,x7f477ade24f0,352,295.0,0.0,0.0,0.09,8,[19],3
7,10,x7f477ade24f0,353,149.0,0.0,0.0,0.09,7,[0],4
7,10,x7f477ade24f0,354,700.0,0.0,1.0,0.07,8,[20],3
7,10,x7f477ade24f0,355,193.0,0.0,0.0,0.09,3,[0],1
7,10,x7f477ade24f0,356,700.0,0.0,1.0,0.07,7,[20],3
7,10,x7f477ade24f0,357,800.0,1.0,1.0,0.07,8,[20],3
7,10,x7f477ade24f0,358,350.0,1.0,1.0,0.09,3,[2],3
7,10,x7f477ade24f0,359,165.0,0.0,1.0,0.04,7,[19],3
7,10,x7f477ade24f0,360,400.0,0.0,0.0,0.08,2,[23],3
7,10,x7f477ade24f0,361,250.0,0.0,0.0,0.09,2,[0],1
7,10,x7f477ade24f0,362,0.0,0.0,0.0,0.07,7,[20],3
7,10,x7f477ade24f0,363,-135.0,0.0,0.0,0.04,7,[19],3
7,10,x7f477ade24f0,364,400.0,0.0,0.0,0.07,7,[20],3
7,10,x7f477ade24f0,365,-150.0,0.0,1.0,0.09,2,[2],3
7,10,x7f477ade24f0,366,-300.0,0.0,0.0,0.12,7,[20],3
7,10,x7f477ade24f0,367,-150.0,0.0,1.0,0.09,2,[2],3
7,10,x7f477ade24f0,368,400.0,0.0,0.0,0.09,5,[19],3
7,10,x7f477ade24f0,369,-450.0,0.0,0.0,0.09,3,[2],3
7,10,x7f477ade24f0,370,800.0,1.0,1.0,0.07,6,[20],3
7,10,x7f477ade24f0,371,0.0,0.0,0.0,0.07,6,[20],3
7,10,x7f477ade24f0,372,0.0,0.0,0.0,0.07,5,[20],3
7,10,x7f477ade24f0,373,-450.0,0.0,0.0,0.09,3,[2],3
7,10,x7f477ade24f0,374,500.0,1.0,0.0,0.07,3,[20],4
7,10,x7f477ade24f0,375,230.0,1.0,0.0,0.09,5,[0],4
7,10,x7f477ade24f0,376,0.0,0.0,1.0,0.12,5,[20],1
7,10,x7f477ade24f0,377,403.0,1.0,1.0,0.09,4,[2],4
7,10,x7f477ade24f0,378,0.0,0.0,1.0,0.12,5,[20],3
7,10,x7f477ade24f0,379,0.0,0.0,0.0,0.07,4,[20],3
7,10,x7f477ade24f0,380,434.0,0.0,1.0,0.09,5,[0],0
7,10,x7f477ade24f0,381,0.0,0.0,1.0,0.12,4,[20],3
7,10,x7f477ade24f0,382,216.0,0.0,0.0,0.09,3,[0],1
7,10,x7f477ade24f0,383,50.0,0.0,0.0,0.12,2,[0],1
7,10,x7f477ade24f0,384,100.0,0.0,0.0,0.06,2,[20],3
7,10,x7f477ade24f0,385,300.0,0.0,1.0,0.07,8,[20],3
7,10,x7f477ade24f0,386,150.0,0.0,0.0,0.09,3,[0],1
7,10,x7f477ade24f0,387,400.0,0.0,0.0,0.03,2,[19],3
7,10,x7f477ade24f0,388,-152.0,0.0,0.0,0.09,6,[0],3
7,10,x7f477ade24f0,389,0.0,0.0,0.0,0.07,4,[20],0
7,10,x7f477ade24f0,390,300.0,0.0,1.0,0.07,6,[23],3
7,10,x7f477ade24f0,391,165.0,0.0,1.0,0.04,3,[19],3
7,10,x7f477ade24f0,392,-406.0,0.0,0.0,0.12,5,[6],2
7,10,x7f477ade24f0,393,400.0,0.0,0.0,0.07,3,[20],3
7,10,x7f477ade24f0,394,-174.0,0.0,1.0,0.09,5,[0],3
7,10,x7f477ade24f0,395,-57.0,1.0,0.0,0.12,5,[9],4
7,10,x7f477ade24f0,396,300.0,0.0,1.0,0.07,3,[20],3
7,10,x7f477ade24f0,397,-50.0,1.0,0.0,0.12,5,[7],4
7,10,x7f477ade24f0,398,400.0,0.0,0.0,0.07,3,[20],3
7,10,x7f477ade24f0,399,-100.0,0.0,0.0,0.03,2,[9],4
7,10,x7f477ade24f0,400,-50.0,0.0,0.0,0.09,2,[2],3
7,10,x7f477ade24f0,401,0.0,0.0,0.0,0.06,2,[20],3
7,10,x7f477ade24f0,402,500.0,1.0,0.0,0.07,2,[23],3
7,10,x7f477ade24f0,403,550.0,0.0,1.0,0.09,5,[0],4
7,10,x7f477ade24f0,404,500.0,1.0,0.0,0.07,8,[23],3
7,10,x7f477ade24f0,405,400.0,0.0,0.0,0.07,8,[20],3
7,10,x7f477ade24f0,406,143.0,0.0,0.0,0.09,7,[0],0
7,10,x7f477ade24f0,407,500.0,1.0,0.0,0.07,8,[20],3
7,10,x7f477ade24f0,408,700.0,0.0,1.0,0.07,8,[23],3
7,10,x7f477ade24f0,409,-215.0,0.0,0.0,0.07,6,[0],4
7,10,x7f477ade24f0,410,-300.0,1.0,0.0,0.09,7,[2],4
7,10,x7f477ade24f0,411,0.0,0.0,0.0,0.07,8,[20],3
7,10,x7f477ade24f0,412,800.0,1.0,1.0,0.07,8,[20],4
7,10,x7f477ade24f0,413,500.0,1.0,0.0,0.07,8,[20],3
7,10,x7f477ade24f0,414,467.0,0.0,1.0,0.09,5,[1],3
7,10,x7f477ade24f0,415,90.0,0.0,1.0,0.09,6,[1],3
7,10,x7f477ade24f0,416,-82.0,1.0,0.0,0.12,8,[8],4
7,10,x7f477ade24f0,417,500.0,1.0,0.0,0.07,8,[20],3
7,10,x7f477ade24f0,418,0.0,0.0,0.0,0.07,8,[20],3
7,10,x7f477ade24f0,419,73.0,0.0,1.0,0.09,7,[1],3
7,10,x7f477ade24f0,420,0.0,0.0,0.0,0.07,8,[23],3
7,10,x7f477ade24f0,421,0.0,1.0,0.0,0.09,5,[2],4
7,10,x7f477ade24f0,422,-153.0,0.0,0.0,0.08,8,[23],3
7,10,x7f477ade24f0,423,0.0,0.0,0.0,0.06,7,[6],2
7,10,x7f477ade24f0,424,-243.0,1.0,0.0,0.09,8,[2],4
7,10,x7f477ade24f0,425,-77.0,1.0,0.0,0.09,8,[2],4
7,10,x7f477ade24f0,426,-153.0,0.0,0.0,0.08,8,[23],3
7,10,x7f477ade24f0,427,150.0,0.0,0.0,0.03,8,[6],0
7,10,x7f477ade24f0,428,347.0,1.0,0.0,0.08,8,[23],3
7,10,x7f477ade24f0,429,500.0,1.0,0.0,0.07,8,[23],3
7,10,x7f477ade24f0,430,400.0,0.0,0.0,0.07,8,[23],0
7,10,x7f477ade24f0,431,250.0,0.0,0.0,0.09,3,[0],3
7,10,x7f477ade24f0,432,300.0,0.0,1.0,0.07,8,[23],3
7,10,x7f477ade24f0,433,50.0,0.0,0.0,0.09,6,[0],0
7,10,x7f477ade24f0,434,247.0,0.0,0.0,0.08,8,[23],3
7,10,x7f477ade24f0,435,50.0,0.0,0.0,0.09,3,[0],1
7,10,x7f477ade24f0,436,395.0,1.0,0.0,0.09,8,[19],3
7,10,x7f477ade24f0,437,200.0,1.0,0.0,0.12,8,[23],3
7,10,x7f477ade24f0,438,-153.0,0.0,0.0,0.08,8,[23],3
7,10,x7f477ade24f0,439,400.0,0.0,0.0,0.07,8,[23],3
7,10,x7f477ade24f0,440,247.0,0.0,0.0,0.08,8,[23],3
7,10,x7f477ade24f0,441,800.0,1.0,1.0,0.07,8,[23],3
7,10,x7f477ade24f0,442,500.0,1.0,0.0,0.07,8,[23],3
7,10,x7f477ade24f0,443,200.0,1.0,0.0,0.12,8,[23],3
7,10,x7f477ade24f0,444,50.0,0.0,0.0,0.07,2,[1],0
7,10,x7f477ade24f0,445,500.0,1.0,1.0,0.12,7,[20],3
7,10,x7f477ade24f0,446,700.0,0.0,1.0,0.07,8,[23],3
7,10,x7f477ade24f0,447,550.0,0.0,1.0,0.09,3,[0],3
7,10,x7f477ade24f0,448,150.0,0.0,0.0,0.07,3,[0],1
7,10,x7f477ade24f0,449,400.0,0.0,1.0,0.08,4,[19],3
7,10,x7f477ade24f0,450,-549.0,0.0,0.0,0.12,6,[6],2
7,10,x7f477ade24f0,451,50.0,0.0,0.0,0.07,3,[0],1
7,10,x7f477ade24f0,452,250.0,0.0,0.0,0.12,2,[8],3
7,10,x7f477ade24f0,453,400.0,0.0,0.0,0.07,8,[23],3
7,10,x7f477ade24f0,454,800.0,1.0,1.0,0.07,8,[23],3
7,10,x7f477ade24f0,455,400.0,0.0,0.0,0.07,2,[20],3
7,10,x7f477ade24f0,456,400.0,0.0,0.0,0.07,8,[23],3
7,10,x7f477ade24f0,457,400.0,0.0,0.0,0.07,8,[23],3
7,10,x7f477ade24f0,458,0.0,0.0,0.0,0.07,8,[23],0
7,10,x7f477ade24f0,459,500.0,1.0,0.0,0.07,2,[20],3
7,10,x7f477ade24f0,460,250.0,0.0,1.0,0.09,2,[2],3
7,10,x7f477ade24f0,461,400.0,0.0,0.0,0.07,3,[20],3
7,10,x7f477ade24f0,462,-157.0,1.0,0.0,0.12,8,[7],4
7,10,x7f477ade24f0,463,-551.0,0.0,0.0,0.12,8,[6],2
7,10,x7f477ade24f0,464,100.0,0.0,0.0,0.09,3,[1],3
7,10,x7f477ade24f0,465,0.0,0.0,0.0,0.07,8,[23],3
7,10,x7f477ade24f0,466,0.0,0.0,0.0,0.07,8,[23],3
7,10,x7f477ade24f0,467,400.0,0.0,0.0,0.08,2,[20],3
7,10,x7f477ade24f0,468,-150.0,0.0,0.0,0.09,3,[0],2
7,10,x7f477ade24f0,469,500.0,1.0,0.0,0.07,8,[23],3
7,10,x7f477ade24f0,470,0.0,0.0,0.0,0.07,8,[20],3
7,10,x7f477ade24f0,471,481.0,0.0,1.0,0.09,6,[1],3
7,10,x7f477ade24f0,472,100.0,0.0,0.0,0.12,5,[6],3
7,10,x7f477ade24f0,473,400.0,0.0,0.0,0.03,6,[6],3
7,10,x7f477ade24f0,474,400.0,0.0,0.0,0.07,8,[23],3
7,10,x7f477ade24f0,475,-51.0,0.0,0.0,0.07,7,[0],3
7,10,x7f477ade24f0,476,500.0,1.0,0.0,0.07,8,[23],3
7,10,x7f477ade24f0,477,300.0,0.0,1.0,0.07,8,[23],0
7,10,x7f477ade24f0,478,0.0,0.0,0.0,0.07,8,[23],3
7,10,x7f477ade24f0,479,500.0,1.0,0.0,0.07,8,[23],3
7,10,x7f477ade24f0,480,400.0,0.0,0.0,0.03,7,[6],3
7,10,x7f477ade24f0,481,-181.0,0.0,0.0,0.12,8,[6],2
7,10,x7f477ade24f0,482,400.0,0.0,0.0,0.07,8,[23],3
7,10,x7f477ade24f0,483,400.0,0.0,0.0,0.07,8,[23],3
7,10,x7f477ade24f0,484,0.0,0.0,0.0,0.07,8,[23],3
7,10,x7f477ade24f0,485,400.0,0.0,0.0,0.07,8,[23],3
7,10,x7f477ade24f0,486,500.0,1.0,0.0,0.07,8,[23],3
7,10,x7f477ade24f0,487,500.0,1.0,0.0,0.07,8,[23],3
7,10,x7f477ade24f0,488,800.0,1.0,1.0,0.07,2,[20],3
7,10,x7f477ade24f0,489,38.0,0.0,0.0,0.09,5,[1],0
7,10,x7f477ade24f0,490,400.0,0.0,1.0,0.12,2,[20],3
7,10,x7f477ade24f0,491,100.0,0.0,0.0,0.12,8,[23],3
7,10,x7f477ade24f0,492,0.0,0.0,0.0,0.07,8,[23],0
7,10,x7f477ade24f0,493,0.0,0.0,0.0,0.07,8,[23],0
7,10,x7f477ade24f0,494,-300.0,0.0,0.0,0.12,8,[23],3
7,10,x7f477ade24f0,495,250.0,0.0,1.0,0.09,3,[2],3
7,10,x7f477ade24f0,496,0.0,0.0,0.0,0.07,8,[23],3
7,10,x7f477ade24f0,497,500.0,1.0,0.0,0.07,8,[23],3
7,10,x7f477ade24f0,498,400.0,0.0,0.0,0.07,8,[23],3
7,10,x7f477ade24f0,499,400.0,0.0,0.0,0.07,8,[23],3
7,10,x7f477ade24f0,500,500.0,1.0,0.0,0.07,7,[20],3
7,10,x7f477ade24f0,501,400.0,0.0,0.0,0.07,8,[23],3
7,10,x7f477ade24f0,502,100.0,0.0,0.0,0.12,6,[6],3
7,10,x7f477ade24f0,503,400.0,0.0,0.0,0.07,8,[23],3
7,10,x7f477ade24f0,504,100.0,0.0,0.0,0.12,8,[23],3
7,10,x7f477ade24f0,505,247.0,0.0,0.0,0.03,7,[8],3
7,10,x7f477ade24f0,506,128.0,0.0,0.0,0.09,3,[1],3
7,10,x7f477ade24f0,507,0.0,0.0,0.0,0.07,8,[23],3
7,10,x7f477ade24f0,508,0.0,0.0,0.0,0.07,8,[23],3
7,10,x7f477ade24f0,509,500.0,1.0,0.0,0.07,8,[23],4
7,10,x7f477ade24f0,510,500.0,1.0,0.0,0.07,8,[23],3
7,10,x7f477ade24f0,511,400.0,0.0,0.0,0.07,3,[20],3
7,10,x7f477ade24f0,512,400.0,0.0,1.0,0.12,5,[6],3
7,10,x7f477ade24f0,513,250.0,0.0,0.0,0.12,2,[23],3
7,10,x7f477ade24f0,514,250.0,0.0,1.0,0.12,6,[7],3
7,10,x7f477ade24f0,515,100.0,0.0,0.0,0.12,2,[23],3
7,10,x7f477ade24f0,516,550.0,0.0,1.0,0.03,7,[8],3
7,10,x7f477ade24f0,517,-150.0,1.0,0.0,0.09,8,[2],4
7,10,x7f477ade24f0,518,-255.0,0.0,1.0,0.12,8,[9],3
7,10,x7f477ade24f0,519,500.0,1.0,0.0,0.07,8,[20],3
7,10,x7f477ade24f0,520,0.0,0.0,0.0,0.07,8,[20],1
7,10,x7f477ade24f0,521,400.0,0.0,0.0,0.07,8,[23],3
7,10,x7f477ade24f0,522,-251.0,0.0,0.0,0.06,7,[6],0
7,10,x7f477ade24f0,523,-171.0,1.0,0.0,0.12,8,[7],4
7,10,x7f477ade24f0,524,400.0,0.0,0.0,0.07,8,[23],3
7,10,x7f477ade24f0,525,500.0,1.0,0.0,0.07,2,[20],3
7,10,x7f477ade24f0,526,500.0,1.0,0.0,0.07,8,[23],3
7,10,x7f477ade24f0,527,242.0,0.0,1.0,0.12,8,[8],3
7,10,x7f477ade24f0,528,0.0,0.0,0.0,0.07,8,[20],3
7,10,x7f477ade24f0,529,400.0,0.0,0.0,0.07,3,[23],3
7,10,x7f477ade24f0,530,550.0,0.0,1.0,0.09,2,[1],3
7,10,x7f477ade24f0,531,0.0,0.0,0.0,0.07,4,[20],3
7,10,x7f477ade24f0,532,-300.0,1.0,0.0,0.09,2,[2],4
7,10,x7f477ade24f0,533,0.0,0.0,0.0,0.06,7,[6],1
7,10,x7f477ade24f0,534,500.0,1.0,0.0,0.07,8,[23],4
7,10,x7f477ade24f0,535,250.0,0.0,0.0,0.09,3,[0],0
7,10,x7f477ade24f0,536,-114.0,1.0,0.0,0.12,8,[6],4
7,10,x7f477ade24f0,537,-151.0,1.0,0.0,0.12,6,[7],4
7,10,x7f477ade24f0,538,100.0,0.0,0.0,0.12,2,[23],3
7,10,x7f477ade24f0,539,-129.0,1.0,0.0,0.09,8,[1],4
7,10,x7f477ade24f0,540,100.0,0.0,0.0,0.12,8,[23],3
7,10,x7f477ade24f0,541,400.0,0.0,0.0,0.07,8,[23],3
7,10,x7f477ade24f0,542,400.0,0.0,0.0,0.07,3,[20],3
7,10,x7f477ade24f0,543,-172.0,1.0,0.0,0.09,8,[1],4
7,10,x7f477ade24f0,544,0.0,0.0,0.0,0.07,8,[23],3
7,10,x7f477ade24f0,545,0.0,0.0,0.0,0.07,8,[23],3
7,10,x7f477ade24f0,546,500.0,1.0,0.0,0.07,8,[23],3
7,10,x7f477ade24f0,547,146.0,0.0,0.0,0.09,6,[0],0
7,10,x7f477ade24f0,548,-105.0,0.0,0.0,0.09,8,[19],3
7,10,x7f477ade24f0,549,100.0,0.0,0.0,0.12,6,[6],3
7,10,x7f477ade24f0,550,300.0,0.0,1.0,0.07,8,[23],3
7,10,x7f477ade24f0,551,400.0,0.0,0.0,0.07,8,[20],3
7,10,x7f477ade24f0,552,400.0,0.0,0.0,0.07,2,[23],3
7,10,x7f477ade24f0,553,100.0,0.0,0.0,0.12,8,[20],3
7,10,x7f477ade24f0,554,400.0,0.0,0.0,0.07,8,[23],3
7,10,x7f477ade24f0,555,400.0,0.0,0.0,0.07,8,[23],3
7,10,x7f477ade24f0,556,500.0,1.0,0.0,0.07,8,[23],3
7,10,x7f477ade24f0,557,500.0,1.0,0.0,0.07,8,[23],3
7,10,x7f477ade24f0,558,200.0,1.0,0.0,0.12,8,[23],3
7,10,x7f477ade24f0,559,500.0,1.0,0.0,0.07,8,[23],3
7,10,x7f477ade24f0,560,534.0,0.0,1.0,0.09,7,[0],3
7,10,x7f477ade24f0,561,700.0,0.0,1.0,0.07,8,[23],3
7,10,x7f477ade24f0,562,100.0,0.0,0.0,0.12,5,[6],3
7,10,x7f477ade24f0,563,500.0,1.0,0.0,0.07,8,[20],3
7,10,x7f477ade24f0,564,0.0,0.0,0.0,0.07,8,[20],3
7,10,x7f477ade24f0,565,0.0,0.0,0.0,0.07,8,[23],3
7,10,x7f477ade24f0,566,800.0,1.0,1.0,0.07,8,[23],3
7,10,x7f477ade24f0,567,100.0,0.0,0.0,0.12,2,[20],3
7,10,x7f477ade24f0,568,400.0,0.0,0.0,0.07,2,[20],3
7,10,x7f477ade24f0,569,500.0,1.0,0.0,0.07,8,[20],3
7,10,x7f477ade24f0,570,-266.0,0.0,0.0,0.09,3,[0],2
7,10,x7f477ade24f0,571,300.0,0.0,1.0,0.07,8,[20],3
7,10,x7f477ade24f0,572,-150.0,0.0,0.0,0.09,3,[0],2
7,10,x7f477ade24f0,573,650.0,1.0,1.0,0.06,8,[20],3
7,10,x7f477ade24f0,574,250.0,0.0,0.0,0.09,3,[0],2
7,10,x7f477ade24f0,575,400.0,0.0,0.0,0.07,8,[23],3
7,10,x7f477ade24f0,576,700.0,0.0,1.0,0.07,8,[23],3
7,10,x7f477ade24f0,577,100.0,0.0,0.0,0.12,6,[6],3
7,10,x7f477ade24f0,578,319.0,0.0,0.0,0.06,5,[7],3
7,10,x7f477ade24f0,579,347.0,1.0,0.0,0.08,8,[23],3
7,10,x7f477ade24f0,580,295.0,0.0,0.0,0.09,8,[19],3
7,10,x7f477ade24f0,581,400.0,0.0,0.0,0.07,8,[23],3
7,10,x7f477ade24f0,582,-152.0,0.0,0.0,0.12,8,[6],2
7,10,x7f477ade24f0,583,500.0,1.0,0.0,0.07,8,[23],3
7,10,x7f477ade24f0,584,242.0,0.0,1.0,0.12,8,[9],3
7,10,x7f477ade24f0,585,0.0,0.0,0.0,0.07,8,[23],0
7,10,x7f477ade24f0,586,250.0,0.0,0.0,0.09,3,[0],3
7,10,x7f477ade24f0,587,156.0,1.0,1.0,0.12,8,[8],4
7,10,x7f477ade24f0,588,400.0,0.0,0.0,0.06,6,[6],0
7,10,x7f477ade24f0,589,400.0,0.0,1.0,0.09,5,[2],3
7,10,x7f477ade24f0,590,700.0,0.0,1.0,0.07,8,[23],3
7,10,x7f477ade24f0,591,-98.0,1.0,0.0,0.09,8,[2],4
7,10,x7f477ade24f0,592,-300.0,0.0,0.0,0.12,8,[20],3
7,10,x7f477ade24f0,593,445.0,1.0,0.0,0.07,8,[20],3
7,10,x7f477ade24f0,594,250.0,0.0,1.0,0.07,2,[1],3
7,10,x7f477ade24f0,595,-150.0,0.0,0.0,0.12,2,[1],1
7,10,x7f477ade24f0,596,-150.0,0.0,1.0,0.12,8,[7],3
7,10,x7f477ade24f0,597,0.0,1.0,0.0,0.07,4,[2],4
7,10,x7f477ade24f0,598,-38.0,0.0,1.0,0.09,8,[0],3
7,10,x7f477ade24f0,599,100.0,0.0,0.0,0.12,7,[6],3
7,10,x7f477ade24f0,600,-50.0,0.0,0.0,0.09,3,[2],3
7,10,x7f477ade24f0,601,280.0,1.0,1.0,0.09,8,[2],4
7,10,x7f477ade24f0,602,-50.0,0.0,0.0,0.07,2,[1],3
7,10,x7f477ade24f0,603,500.0,1.0,0.0,0.07,8,[20],3
7,10,x7f477ade24f0,604,-450.0,0.0,0.0,0.12,8,[6],3
7,10,x7f477ade24f0,605,-100.0,0.0,0.0,0.07,8,[20],1
7,10,x7f477ade24f0,606,-87.0,0.0,0.0,0.06,8,[6],1
7,10,x7f477ade24f0,607,470.0,1.0,1.0,0.06,7,[8],4
7,10,x7f477ade24f0,608,250.0,0.0,0.0,0.09,3,[0],3
7,10,x7f477ade24f0,609,650.0,1.0,1.0,0.06,8,[23],4
7,10,x7f477ade24f0,610,247.0,0.0,0.0,0.08,8,[23],3
7,10,x7f477ade24f0,611,247.0,0.0,0.0,0.08,8,[23],3
7,10,x7f477ade24f0,612,-150.0,0.0,1.0,0.12,9,[6],3
7,10,x7f477ade24f0,613,500.0,1.0,1.0,0.09,2,[19],3
7,10,x7f477ade24f0,614,400.0,0.0,0.0,0.07,8,[20],3
7,10,x7f477ade24f0,615,-96.0,1.0,0.0,0.09,8,[2],4
7,10,x7f477ade24f0,616,400.0,0.0,0.0,0.07,6,[20],3
7,10,x7f477ade24f0,617,88.0,0.0,0.0,0.09,3,[1],3
7,10,x7f477ade24f0,618,400.0,0.0,0.0,0.08,2,[23],3
7,10,x7f477ade24f0,619,250.0,0.0,0.0,0.09,2,[0],3
7,10,x7f477ade24f0,620,400.0,0.0,0.0,0.07,8,[20],0
7,10,x7f477ade24f0,621,547.0,0.0,1.0,0.08,7,[23],3
7,10,x7f477ade24f0,622,400.0,0.0,0.0,0.07,8,[20],3
7,10,x7f477ade24f0,623,242.0,0.0,1.0,0.12,8,[8],3
7,10,x7f477ade24f0,624,500.0,1.0,0.0,0.07,8,[20],3
7,10,x7f477ade24f0,625,500.0,1.0,0.0,0.08,2,[23],3
7,10,x7f477ade24f0,626,400.0,0.0,0.0,0.07,8,[20],3
7,10,x7f477ade24f0,627,500.0,1.0,0.0,0.07,8,[20],3
7,10,x7f477ade24f0,628,-98.0,1.0,0.0,0.09,8,[2],4
7,10,x7f477ade24f0,629,250.0,0.0,0.0,0.06,7,[7],3
7,10,x7f477ade24f0,630,700.0,0.0,1.0,0.07,8,[23],3
7,10,x7f477ade24f0,631,150.0,0.0,0.0,0.09,3,[0],2
7,10,x7f477ade24f0,632,300.0,0.0,1.0,0.07,8,[23],0
7,10,x7f477ade24f0,633,400.0,0.0,0.0,0.07,8,[23],3
7,10,x7f477ade24f0,634,247.0,0.0,0.0,0.08,8,[23],3
7,10,x7f477ade24f0,635,-264.0,0.0,0.0,0.06,8,[6],0
7,10,x7f477ade24f0,636,0.0,0.0,0.0,0.07,8,[23],3
7,10,x7f477ade24f0,637,100.0,0.0,0.0,0.12,8,[23],3
7,10,x7f477ade24f0,638,400.0,0.0,0.0,0.07,8,[23],3
7,10,x7f477ade24f0,639,300.0,0.0,1.0,0.07,8,[23],3
7,10,x7f477ade24f0,640,250.0,0.0,1.0,0.09,3,[2],3
7,10,x7f477ade24f0,641,100.0,0.0,0.0,0.12,8,[23],3
7,10,x7f477ade24f0,642,34.0,1.0,0.0,0.09,8,[2],4
7,10,x7f477ade24f0,643,400.0,0.0,0.0,0.07,8,[23],3
7,10,x7f477ade24f0,644,-70.0,1.0,0.0,0.07,8,[2],4
7,10,x7f477ade24f0,645,-17.0,0.0,0.0,0.12,5,[7],3
7,10,x7f477ade24f0,646,-164.0,1.0,0.0,0.12,8,[8],4
7,10,x7f477ade24f0,647,250.0,0.0,0.0,0.07,2,[1],2
7,10,x7f477ade24f0,648,-56.0,1.0,0.0,0.09,8,[2],4
7,10,x7f477ade24f0,649,100.0,0.0,0.0,0.12,6,[7],3
7,10,x7f477ade24f0,650,250.0,0.0,1.0,0.09,2,[2],3
7,10,x7f477ade24f0,651,-134.0,1.0,0.0,0.07,8,[2],4
7,10,x7f477ade24f0,652,250.0,0.0,0.0,0.07,3,[0],3
7,10,x7f477ade24f0,653,650.0,1.0,1.0,0.06,8,[23],3
7,10,x7f477ade24f0,654,-150.0,0.0,0.0,0.09,3,[0],3
7,10,x7f477ade24f0,655,200.0,1.0,0.0,0.06,5,[23],3
7,10,x7f477ade24f0,656,250.0,1.0,0.0,0.09,3,[0],4
7,10,x7f477ade24f0,657,300.0,0.0,1.0,0.07,8,[23],0
7,10,x7f477ade24f0,658,250.0,0.0,0.0,0.09,2,[1],3
7,10,x7f477ade24f0,659,400.0,0.0,0.0,0.07,3,[23],3
7,10,x7f477ade24f0,660,100.0,0.0,0.0,0.12,2,[8],2
7,10,x7f477ade24f0,661,-50.0,0.0,0.0,0.09,2,[2],3
7,10,x7f477ade24f0,662,500.0,1.0,0.0,0.07,8,[23],3
7,10,x7f477ade24f0,663,-150.0,0.0,0.0,0.09,3,[0],1
7,10,x7f477ade24f0,664,300.0,0.0,1.0,0.07,8,[20],0
7,10,x7f477ade24f0,665,-150.0,0.0,0.0,0.09,3,[0],1
7,10,x7f477ade24f0,666,100.0,0.0,0.0,0.12,2,[20],3
7,10,x7f477ade24f0,667,-550.0,0.0,0.0,0.12,8,[6],2
7,10,x7f477ade24f0,668,253.0,1.0,0.0,0.06,6,[7],4
7,10,x7f477ade24f0,669,-300.0,0.0,0.0,0.12,2,[20],3
7,10,x7f477ade24f0,670,800.0,1.0,1.0,0.07,2,[20],3
7,10,x7f477ade24f0,671,400.0,0.0,0.0,0.07,2,[20],3
7,10,x7f477ade24f0,672,550.0,0.0,1.0,0.09,3,[0],1
7,10,x7f477ade24f0,673,800.0,1.0,1.0,0.07,2,[20],3
7,10,x7f477ade24f0,674,295.0,0.0,0.0,0.09,6,[19],3
7,10,x7f477ade24f0,675,500.0,1.0,0.0,0.07,8,[23],3
7,10,x7f477ade24f0,676,500.0,1.0,0.0,0.07,3,[20],3
7,10,x7f477ade24f0,677,400.0,0.0,0.0,0.07,3,[23],3
7,10,x7f477ade24f0,678,-141.0,1.0,0.0,0.09,7,[1],4
7,10,x7f477ade24f0,679,-250.0,0.0,0.0,0.09,3,[0],1
7,10,x7f477ade24f0,680,250.0,0.0,0.0,0.06,5,[23],3
7,10,x7f477ade24f0,681,99.0,0.0,0.0,0.09,3,[1],3
7,10,x7f477ade24f0,682,350.0,1.0,0.0,0.06,4,[23],3
7,10,x7f477ade24f0,683,500.0,1.0,1.0,0.12,3,[7],4
7,10,x7f477ade24f0,684,-218.0,0.0,0.0,0.07,5,[1],4
7,10,x7f477ade24f0,685,50.0,0.0,0.0,0.09,3,[0],2
7,10,x7f477ade24f0,686,0.0,0.0,0.0,0.07,4,[20],0
7,10,x7f477ade24f0,687,400.0,0.0,0.0,0.07,5,[23],3
7,10,x7f477ade24f0,688,50.0,0.0,0.0,0.09,3,[0],1
7,10,x7f477ade24f0,689,347.0,1.0,0.0,0.08,5,[23],3
7,10,x7f477ade24f0,690,150.0,0.0,1.0,0.09,3,[0],1
7,10,x7f477ade24f0,691,-292.0,0.0,1.0,0.12,4,[6],2
7,10,x7f477ade24f0,692,-162.0,0.0,1.0,0.07,4,[1],3
7,10,x7f477ade24f0,693,195.0,1.0,0.0,0.09,3,[1],4
7,10,x7f477ade24f0,694,400.0,0.0,0.0,0.07,4,[23],3
7,10,x7f477ade24f0,695,400.0,0.0,0.0,0.03,2,[8],0
7,10,x7f477ade24f0,696,399.0,1.0,1.0,0.03,3,[9],4
7,10,x7f477ade24f0,697,0.0,0.0,0.0,0.07,4,[23],3
7,10,x7f477ade24f0,698,250.0,0.0,0.0,0.09,2,[1],0
7,10,x7f477ade24f0,699,400.0,0.0,0.0,0.07,4,[23],3
7,10,x7f477ade24f0,700,0.0,0.0,0.0,0.07,6,[20],0
7,10,x7f477ade24f0,701,550.0,0.0,1.0,0.09,3,[0],0
7,10,x7f477ade24f0,702,347.0,1.0,0.0,0.08,5,[23],3
7,10,x7f477ade24f0,703,249.0,0.0,1.0,0.09,3,[1],4
7,10,x7f477ade24f0,704,-204.0,1.0,0.0,0.12,6,[9],4
7,10,x7f477ade24f0,705,-178.0,1.0,0.0,0.12,4,[8],4
7,10,x7f477ade24f0,706,0.0,0.0,0.0,0.07,3,[20],3
7,10,x7f477ade24f0,707,800.0,1.0,1.0,0.07,6,[23],3
7,10,x7f477ade24f0,708,401.0,0.0,1.0,0.03,3,[7],3
7,10,x7f477ade24f0,709,700.0,0.0,1.0,0.07,4,[20],3
7,10,x7f477ade24f0,710,300.0,0.0,1.0,0.07,5,[23],3
7,10,x7f477ade24f0,711,95.0,0.0,0.0,0.03,3,[7],3
7,10,x7f477ade24f0,712,400.0,0.0,1.0,0.08,3,[23],1
7,10,x7f477ade24f0,713,-100.0,0.0,0.0,0.09,2,[2],4
7,10,x7f477ade24f0,714,500.0,1.0,0.0,0.07,3,[23],3
7,10,x7f477ade24f0,715,-245.0,0.0,0.0,0.12,7,[6],2
7,10,x7f477ade24f0,716,-300.0,0.0,0.0,0.12,3,[23],3
7,10,x7f477ade24f0,717,149.0,0.0,0.0,0.09,3,[0],0
7,10,x7f477ade24f0,718,-144.0,1.0,0.0,0.09,5,[2],4
7,10,x7f477ade24f0,719,32.0,0.0,0.0,0.06,4,[9],0
7,10,x7f477ade24f0,720,100.0,0.0,0.0,0.12,3,[23],3
7,10,x7f477ade24f0,721,250.0,0.0,0.0,0.09,3,[0],2
7,10,x7f477ade24f0,722,300.0,0.0,1.0,0.07,3,[23],3
7,10,x7f477ade24f0,723,400.0,0.0,0.0,0.07,6,[20],3
7,10,x7f477ade24f0,724,150.0,0.0,1.0,0.09,3,[1],4
7,10,x7f477ade24f0,725,250.0,0.0,0.0,0.09,2,[0],2
7,10,x7f477ade24f0,726,500.0,1.0,0.0,0.07,2,[23],3
7,10,x7f477ade24f0,727,800.0,1.0,1.0,0.07,7,[20],3
7,10,x7f477ade24f0,728,400.0,0.0,0.0,0.07,2,[23],3
7,10,x7f477ade24f0,729,250.0,0.0,0.0,0.09,3,[0],2
7,10,x7f477ade24f0,730,-400.0,0.0,0.0,0.09,2,[2],2
7,10,x7f477ade24f0,731,-265.0,0.0,0.0,0.06,7,[6],0
7,10,x7f477ade24f0,732,500.0,1.0,0.0,0.07,3,[23],3
7,10,x7f477ade24f0,733,395.0,1.0,0.0,0.09,8,[19],4
7,10,x7f477ade24f0,734,364.0,0.0,1.0,0.09,3,[1],3
7,10,x7f477ade24f0,735,400.0,0.0,0.0,0.07,2,[23],3
7,10,x7f477ade24f0,736,400.0,0.0,0.0,0.07,8,[20],3
7,10,x7f477ade24f0,737,500.0,1.0,0.0,0.07,3,[23],3
7,10,x7f477ade24f0,738,400.0,0.0,0.0,0.07,6,[20],3
7,10,x7f477ade24f0,739,400.0,0.0,0.0,0.07,4,[23],3
7,10,x7f477ade24f0,740,400.0,0.0,0.0,0.07,5,[20],3
7,10,x7f477ade24f0,741,150.0,0.0,0.0,0.09,3,[0],1
7,10,x7f477ade24f0,742,400.0,0.0,0.0,0.07,4,[23],3
7,10,x7f477ade24f0,743,500.0,1.0,0.0,0.07,5,[20],3
7,10,x7f477ade24f0,744,250.0,0.0,0.0,0.09,3,[0],1
7,10,x7f477ade24f0,745,500.0,1.0,0.0,0.07,4,[23],3
7,10,x7f477ade24f0,746,247.0,0.0,0.0,0.08,5,[20],3
7,10,x7f477ade24f0,747,144.0,0.0,0.0,0.09,3,[0],1
7,10,x7f477ade24f0,748,400.0,0.0,0.0,0.07,5,[20],3
7,10,x7f477ade24f0,749,0.0,0.0,0.0,0.07,5,[23],3
7,10,x7f477ade24f0,750,-95.0,1.0,0.0,0.09,6,[1],4
7,10,x7f477ade24f0,751,50.0,1.0,0.0,0.12,3,[9],4
7,10,x7f477ade24f0,752,250.0,0.0,0.0,0.07,3,[0],3
7,10,x7f477ade24f0,753,400.0,0.0,0.0,0.07,4,[20],3
7,10,x7f477ade24f0,754,400.0,0.0,0.0,0.07,4,[20],3
7,10,x7f477ade24f0,755,250.0,0.0,0.0,0.12,3,[7],3
7,10,x7f477ade24f0,756,500.0,1.0,0.0,0.07,5,[23],3
7,10,x7f477ade24f0,757,50.0,0.0,0.0,0.09,3,[0],1
7,10,x7f477ade24f0,758,-300.0,1.0,0.0,0.12,5,[2],4
7,10,x7f477ade24f0,759,700.0,0.0,1.0,0.07,6,[23],3
7,10,x7f477ade24f0,760,250.0,0.0,1.0,0.09,3,[2],3
7,10,x7f477ade24f0,761,118.0,0.0,0.0,0.0,4,[6],0
7,10,x7f477ade24f0,762,250.0,0.0,1.0,0.12,3,[7],3
7,10,x7f477ade24f0,763,-300.0,0.0,0.0,0.08,4,[19],3
7,10,x7f477ade24f0,764,400.0,0.0,1.0,0.09,4,[2],3
7,10,x7f477ade24f0,765,300.0,0.0,1.0,0.07,2,[20],0
7,10,x7f477ade24f0,766,-150.0,0.0,0.0,0.09,3,[0],1
7,10,x7f477ade24f0,767,0.0,0.0,0.0,0.07,5,[23],3
7,10,x7f477ade24f0,768,-150.0,0.0,0.0,0.09,3,[0],1
7,10,x7f477ade24f0,769,131.0,1.0,0.0,0.0,5,[7],4
7,10,x7f477ade24f0,770,22.0,1.0,0.0,0.12,4,[7],4
7,10,x7f477ade24f0,771,0.0,0.0,0.0,0.07,5,[20],3
7,10,x7f477ade24f0,772,-50.0,0.0,0.0,0.09,3,[2],3
7,10,x7f477ade24f0,773,400.0,0.0,1.0,0.09,2,[1],0
7,10,x7f477ade24f0,774,400.0,0.0,1.0,0.12,4,[23],3
7,10,x7f477ade24f0,775,0.0,0.0,0.0,0.07,5,[20],3
7,10,x7f477ade24f0,776,400.0,0.0,0.0,0.07,4,[23],3
7,10,x7f477ade24f0,777,250.0,0.0,1.0,0.09,3,[2],3
7,10,x7f477ade24f0,778,150.0,0.0,0.0,0.09,3,[0],1
7,10,x7f477ade24f0,779,400.0,0.0,0.0,0.07,6,[20],3
7,10,x7f477ade24f0,780,400.0,0.0,0.0,0.07,3,[23],3
7,10,x7f477ade24f0,781,400.0,0.0,0.0,0.07,3,[23],3
7,10,x7f477ade24f0,782,550.0,0.0,1.0,0.09,3,[0],3
7,10,x7f477ade24f0,783,700.0,0.0,1.0,0.07,7,[20],3
7,10,x7f477ade24f0,784,200.0,1.0,0.0,0.09,3,[1],3
7,10,x7f477ade24f0,785,-258.0,1.0,0.0,0.12,4,[9],4
7,10,x7f477ade24f0,786,200.0,1.0,0.0,0.12,5,[20],3
7,10,x7f477ade24f0,787,0.0,0.0,0.0,0.07,4,[23],3
7,10,x7f477ade24f0,788,247.0,0.0,0.0,0.08,3,[23],3
7,10,x7f477ade24f0,789,150.0,0.0,1.0,0.09,3,[0],3
7,10,x7f477ade24f0,790,-50.0,0.0,0.0,0.09,2,[2],3
7,10,x7f477ade24f0,791,0.0,0.0,0.0,0.07,4,[23],3
7,10,x7f477ade24f0,792,-300.0,0.0,0.0,0.09,4,[19],3
7,10,x7f477ade24f0,793,250.0,0.0,0.0,0.09,2,[1],4
7,10,x7f477ade24f0,794,0.0,0.0,0.0,0.07,5,[23],3
7,10,x7f477ade24f0,795,247.0,0.0,0.0,0.08,4,[20],3
7,10,x7f477ade24f0,796,800.0,1.0,1.0,0.07,3,[20],3
7,10,x7f477ade24f0,797,50.0,0.0,0.0,0.09,3,[0],1
7,10,x7f477ade24f0,798,-50.0,0.0,0.0,0.09,2,[2],3
7,10,x7f477ade24f0,799,700.0,0.0,1.0,0.07,7,[23],3
7,10,x7f477ade24f0,800,100.0,0.0,0.0,0.09,3,[1],3
7,10,x7f477ade24f0,801,800.0,1.0,1.0,0.07,7,[23],3
7,10,x7f477ade24f0,802,0.0,0.0,0.0,0.07,7,[23],3
7,10,x7f477ade24f0,803,400.0,0.0,0.0,0.07,7,[23],3
7,10,x7f477ade24f0,804,150.0,0.0,0.0,0.09,3,[0],1
7,10,x7f477ade24f0,805,100.0,0.0,0.0,0.12,6,[6],3
7,10,x7f477ade24f0,806,400.0,0.0,0.0,0.07,6,[23],3
7,10,x7f477ade24f0,807,100.0,0.0,0.0,0.09,5,[0],4
7,10,x7f477ade24f0,808,400.0,0.0,1.0,0.09,5,[2],3
7,10,x7f477ade24f0,809,-150.0,0.0,0.0,0.09,3,[0],0
7,10,x7f477ade24f0,810,400.0,0.0,0.0,0.07,6,[20],3
7,10,x7f477ade24f0,811,400.0,0.0,0.0,0.03,4,[6],0
7,10,x7f477ade24f0,812,50.0,0.0,0.0,0.07,3,[0],4
7,10,x7f477ade24f0,813,-66.0,1.0,0.0,0.12,5,[9],4
7,10,x7f477ade24f0,814,347.0,1.0,0.0,0.08,5,[23],3
7,10,x7f477ade24f0,815,295.0,0.0,0.0,0.09,5,[19],3
7,10,x7f477ade24f0,816,800.0,1.0,1.0,0.07,5,[23],3
7,10,x7f477ade24f0,817,300.0,0.0,1.0,0.07,8,[20],3
7,10,x7f477ade24f0,818,-350.0,0.0,0.0,0.09,3,[0],1
7,10,x7f477ade24f0,819,800.0,1.0,1.0,0.07,4,[23],3
7,10,x7f477ade24f0,820,200.0,1.0,1.0,0.09,4,[2],4
7,10,x7f477ade24f0,821,129.0,0.0,0.0,0.06,7,[6],0
7,10,x7f477ade24f0,822,250.0,0.0,0.0,0.09,3,[0],2
7,10,x7f477ade24f0,823,-50.0,0.0,0.0,0.12,2,[1],3
7,10,x7f477ade24f0,824,500.0,1.0,0.0,0.07,6,[20],3
7,10,x7f477ade24f0,825,190.0,0.0,0.0,0.09,3,[0],4
7,10,x7f477ade24f0,826,350.0,1.0,0.0,0.12,2,[7],4
7,10,x7f477ade24f0,827,250.0,1.0,1.0,0.09,7,[2],4
7,10,x7f477ade24f0,828,-50.0,0.0,0.0,0.07,2,[1],3
7,10,x7f477ade24f0,829,0.0,0.0,0.0,0.07,3,[23],3
7,10,x7f477ade24f0,830,-300.0,0.0,0.0,0.12,8,[23],3
7,10,x7f477ade24f0,831,0.0,0.0,0.0,0.07,8,[20],0
7,10,x7f477ade24f0,832,400.0,0.0,0.0,0.07,7,[20],3
7,10,x7f477ade24f0,833,0.0,0.0,0.0,0.07,2,[23],3
7,10,x7f477ade24f0,834,0.0,0.0,0.0,0.07,8,[20],0
7,10,x7f477ade24f0,835,0.0,0.0,0.0,0.07,8,[20],0
7,10,x7f477ade24f0,836,149.0,0.0,0.0,0.09,3,[0],1
7,10,x7f477ade24f0,837,250.0,0.0,0.0,0.09,3,[0],1
7,10,x7f477ade24f0,838,650.0,1.0,1.0,0.06,8,[20],3
7,10,x7f477ade24f0,839,500.0,1.0,0.0,0.07,8,[20],3
7,10,x7f477ade24f0,840,400.0,0.0,0.0,0.07,8,[20],3
7,10,x7f477ade24f0,841,250.0,1.0,1.0,0.09,8,[2],4
7,10,x7f477ade24f0,842,-212.0,0.0,0.0,0.09,8,[0],4
7,10,x7f477ade24f0,843,150.0,0.0,1.0,0.06,8,[8],3
7,10,x7f477ade24f0,844,100.0,0.0,0.0,0.12,2,[20],3
7,10,x7f477ade24f0,845,50.0,0.0,0.0,0.09,2,[0],2
7,10,x7f477ade24f0,846,700.0,0.0,1.0,0.07,8,[20],0
7,10,x7f477ade24f0,847,-195.0,1.0,0.0,0.12,8,[9],4
7,10,x7f477ade24f0,848,-100.0,0.0,1.0,0.09,2,[2],2
7,10,x7f477ade24f0,849,800.0,1.0,1.0,0.07,8,[20],3
7,10,x7f477ade24f0,850,-183.0,1.0,0.0,0.12,8,[9],4
7,10,x7f477ade24f0,851,300.0,0.0,1.0,0.07,8,[20],0
7,10,x7f477ade24f0,852,400.0,0.0,0.0,0.07,8,[20],3
7,10,x7f477ade24f0,853,134.0,1.0,1.0,0.12,8,[9],4
7,10,x7f477ade24f0,854,800.0,1.0,1.0,0.07,8,[20],4
7,10,x7f477ade24f0,855,-212.0,1.0,0.0,0.12,8,[9],4
7,10,x7f477ade24f0,856,-83.0,1.0,0.0,0.07,8,[2],4
7,10,x7f477ade24f0,857,500.0,1.0,0.0,0.07,8,[20],3
7,10,x7f477ade24f0,858,-150.0,1.0,0.0,0.09,3,[2],4
7,10,x7f477ade24f0,859,50.0,1.0,0.0,0.09,3,[2],3
7,10,x7f477ade24f0,860,250.0,0.0,1.0,0.12,5,[8],3
7,10,x7f477ade24f0,861,0.0,0.0,0.0,0.07,8,[23],0
7,10,x7f477ade24f0,862,400.0,0.0,0.0,0.08,2,[23],3
7,10,x7f477ade24f0,863,250.0,0.0,0.0,0.09,2,[0],2
7,10,x7f477ade24f0,864,100.0,0.0,0.0,0.09,3,[19],3
7,10,x7f477ade24f0,865,150.0,0.0,1.0,0.09,3,[0],3
7,10,x7f477ade24f0,866,100.0,0.0,0.0,0.12,2,[8],2
7,10,x7f477ade24f0,867,500.0,1.0,0.0,0.07,5,[23],3
7,10,x7f477ade24f0,868,500.0,1.0,0.0,0.07,5,[23],3
7,10,x7f477ade24f0,869,100.0,0.0,0.0,0.09,4,[1],3
7,10,x7f477ade24f0,870,0.0,0.0,0.0,0.07,5,[23],3
7,10,x7f477ade24f0,871,481.0,0.0,1.0,0.09,4,[1],3
7,10,x7f477ade24f0,872,300.0,0.0,1.0,0.07,5,[23],3
7,10,x7f477ade24f0,873,400.0,0.0,0.0,0.07,4,[23],3
7,10,x7f477ade24f0,874,272.0,1.0,0.0,0.03,4,[8],4
7,10,x7f477ade24f0,875,800.0,1.0,1.0,0.07,4,[23],3
7,10,x7f477ade24f0,876,-111.0,0.0,0.0,0.09,3,[1],2
7,10,x7f477ade24f0,877,79.0,1.0,0.0,0.03,3,[9],4
7,10,x7f477ade24f0,878,400.0,0.0,1.0,0.08,5,[19],3
7,10,x7f477ade24f0,879,500.0,1.0,0.0,0.08,3,[23],3
7,10,x7f477ade24f0,880,250.0,0.0,1.0,0.09,2,[2],3
7,10,x7f477ade24f0,881,700.0,0.0,1.0,0.07,4,[23],3
7,10,x7f477ade24f0,882,50.0,0.0,0.0,0.09,3,[0],4
7,10,x7f477ade24f0,883,365.0,1.0,0.0,0.04,3,[19],3
7,10,x7f477ade24f0,884,100.0,0.0,0.0,0.12,5,[6],3
7,10,x7f477ade24f0,885,0.0,0.0,1.0,0.12,3,[23],3
7,10,x7f477ade24f0,886,250.0,0.0,0.0,0.09,3,[0],4
7,10,x7f477ade24f0,887,100.0,0.0,0.0,0.06,2,[23],3
7,10,x7f477ade24f0,888,250.0,0.0,0.0,0.09,3,[0],3
7,10,x7f477ade24f0,889,0.0,0.0,0.0,0.06,4,[23],3
7,10,x7f477ade24f0,890,400.0,0.0,0.0,0.07,4,[20],3
7,10,x7f477ade24f0,891,250.0,0.0,0.0,0.09,2,[0],3
7,10,x7f477ade24f0,892,400.0,0.0,0.0,0.07,2,[20],3
7,10,x7f477ade24f0,893,0.0,0.0,0.0,0.07,7,[20],0
7,10,x7f477ade24f0,894,400.0,0.0,0.0,0.07,2,[23],3
7,10,x7f477ade24f0,895,700.0,0.0,1.0,0.07,7,[20],3
7,10,x7f477ade24f0,896,700.0,0.0,1.0,0.07,3,[23],3
7,10,x7f477ade24f0,897,-300.0,0.0,0.0,0.12,7,[6],3
7,10,x7f477ade24f0,898,-274.0,0.0,0.0,0.06,7,[6],0
7,10,x7f477ade24f0,899,150.0,0.0,1.0,0.12,2,[20],3
7,10,x7f477ade24f0,900,-81.0,1.0,0.0,0.09,7,[2],4
7,10,x7f477ade24f0,901,100.0,0.0,0.0,0.12,2,[23],3
7,10,x7f477ade24f0,902,0.0,0.0,0.0,0.07,7,[20],0
7,10,x7f477ade24f0,903,400.0,0.0,0.0,0.07,3,[23],3
7,10,x7f477ade24f0,904,50.0,1.0,0.0,0.09,2,[2],3
7,10,x7f477ade24f0,905,300.0,0.0,1.0,0.07,6,[23],3
7,10,x7f477ade24f0,906,0.0,0.0,1.0,0.04,5,[19],3
7,10,x7f477ade24f0,907,347.0,1.0,0.0,0.08,7,[20],3
7,10,x7f477ade24f0,908,-148.0,1.0,0.0,0.12,7,[7],4
7,10,x7f477ade24f0,909,-150.0,1.0,0.0,0.07,2,[2],4
7,10,x7f477ade24f0,910,250.0,0.0,0.0,0.09,2,[0],3
7,10,x7f477ade24f0,911,400.0,0.0,0.0,0.08,2,[23],3
7,10,x7f477ade24f0,912,50.0,1.0,0.0,0.09,3,[2],3
7,10,x7f477ade24f0,913,-300.0,0.0,0.0,0.08,2,[23],3
7,10,x7f477ade24f0,914,395.0,1.0,0.0,0.09,6,[19],3
7,10,x7f477ade24f0,915,400.0,0.0,0.0,0.07,3,[23],3
7,10,x7f477ade24f0,916,250.0,0.0,1.0,0.09,3,[2],3
7,10,x7f477ade24f0,917,295.0,0.0,0.0,0.09,7,[19],3
7,10,x7f477ade24f0,918,300.0,0.0,1.0,0.07,8,[23],3
7,10,x7f477ade24f0,919,-195.0,1.0,0.0,0.12,8,[9],4
7,10,x7f477ade24f0,920,0.0,1.0,0.0,0.03,7,[9],4
7,10,x7f477ade24f0,921,400.0,0.0,0.0,0.07,8,[20],3
7,10,x7f477ade24f0,922,400.0,0.0,0.0,0.07,3,[23],3
7,10,x7f477ade24f0,923,265.0,0.0,0.0,0.04,6,[19],3
7,10,x7f477ade24f0,924,-50.0,0.0,0.0,0.09,2,[1],3
7,10,x7f477ade24f0,925,100.0,0.0,0.0,0.12,8,[20],3
7,10,x7f477ade24f0,926,150.0,1.0,0.0,0.09,2,[1],4
7,10,x7f477ade24f0,927,100.0,0.0,0.0,0.12,7,[20],3
7,10,x7f477ade24f0,928,500.0,1.0,0.0,0.07,7,[20],3
7,10,x7f477ade24f0,929,-349.0,0.0,0.0,0.09,7,[0],0
7,10,x7f477ade24f0,930,0.0,0.0,0.0,0.07,6,[20],3
7,10,x7f477ade24f0,931,443.0,1.0,1.0,0.06,8,[8],4
7,10,x7f477ade24f0,932,250.0,1.0,0.0,0.07,3,[0],4
7,10,x7f477ade24f0,933,-150.0,0.0,0.0,0.06,7,[20],1
7,10,x7f477ade24f0,934,300.0,0.0,1.0,0.07,8,[20],3
7,10,x7f477ade24f0,935,135.0,0.0,0.0,0.09,3,[0],1
7,10,x7f477ade24f0,936,250.0,0.0,0.0,0.06,6,[20],3
7,10,x7f477ade24f0,937,44.0,0.0,1.0,0.09,6,[1],4
7,10,x7f477ade24f0,938,400.0,0.0,0.0,0.06,2,[9],3
7,10,x7f477ade24f0,939,400.0,0.0,1.0,0.08,6,[19],3
7,10,x7f477ade24f0,940,-300.0,0.0,0.0,0.12,3,[8],1
7,10,x7f477ade24f0,941,200.0,1.0,0.0,0.09,2,[1],3
7,10,x7f477ade24f0,942,500.0,1.0,0.0,0.07,5,[20],3
7,10,x7f477ade24f0,943,0.0,1.0,0.0,0.12,3,[6],2
7,10,x7f477ade24f0,944,-227.0,0.0,0.0,0.07,6,[1],4
7,10,x7f477ade24f0,945,400.0,0.0,0.0,0.07,6,[20],3
7,10,x7f477ade24f0,946,550.0,0.0,1.0,0.09,3,[0],1
7,10,x7f477ade24f0,947,350.0,1.0,0.0,0.06,6,[20],3
7,10,x7f477ade24f0,948,500.0,1.0,0.0,0.07,6,[20],3
7,10,x7f477ade24f0,949,250.0,0.0,0.0,0.09,3,[0],1
7,10,x7f477ade24f0,950,250.0,0.0,0.0,0.06,6,[20],3
7,10,x7f477ade24f0,951,300.0,0.0,1.0,0.07,8,[20],0
7,10,x7f477ade24f0,952,100.0,0.0,0.0,0.12,2,[6],3
7,10,x7f477ade24f0,953,400.0,0.0,1.0,0.12,5,[20],3
7,10,x7f477ade24f0,954,500.0,1.0,0.0,0.07,4,[20],3
7,10,x7f477ade24f0,955,500.0,1.0,0.0,0.07,4,[20],3
7,10,x7f477ade24f0,956,-300.0,0.0,0.0,0.12,5,[6],3
7,10,x7f477ade24f0,957,300.0,0.0,1.0,0.07,3,[20],3
7,10,x7f477ade24f0,958,-401.0,0.0,0.0,0.12,4,[7],2
7,10,x7f477ade24f0,959,695.0,1.0,1.0,0.09,6,[19],4
7,10,x7f477ade24f0,960,400.0,0.0,0.0,0.07,4,[20],3
7,10,x7f477ade24f0,961,99.0,1.0,0.0,0.09,3,[1],4
7,10,x7f477ade24f0,962,0.0,0.0,0.0,0.07,5,[20],0
7,10,x7f477ade24f0,963,0.0,1.0,0.0,0.09,3,[1],0
7,10,x7f477ade24f0,964,-103.0,1.0,0.0,0.12,5,[9],4
7,10,x7f477ade24f0,965,500.0,1.0,0.0,0.07,5,[20],4
7,10,x7f477ade24f0,966,0.0,0.0,0.0,0.07,5,[23],3
7,10,x7f477ade24f0,967,500.0,1.0,0.0,0.07,5,[23],3
7,10,x7f477ade24f0,968,-212.0,1.0,0.0,0.12,4,[8],4
7,10,x7f477ade24f0,969,247.0,0.0,0.0,0.08,5,[23],3
7,10,x7f477ade24f0,970,550.0,0.0,1.0,0.09,3,[0],3
7,10,x7f477ade24f0,971,400.0,0.0,0.0,0.07,6,[23],3
7,10,x7f477ade24f0,972,-100.0,1.0,0.0,0.09,4,[2],4
7,10,x7f477ade24f0,973,-48.0,0.0,0.0,0.12,5,[9],3
7,10,x7f477ade24f0,974,400.0,0.0,0.0,0.07,5,[23],3
7,10,x7f477ade24f0,975,500.0,1.0,0.0,0.07,5,[23],3
7,10,x7f477ade24f0,976,347.0,1.0,0.0,0.08,4,[23],3
7,10,x7f477ade24f0,977,800.0,1.0,1.0,0.07,5,[23],3
7,10,x7f477ade24f0,978,0.0,0.0,0.0,0.07,8,[20],0
7,10,x7f477ade24f0,979,400.0,0.0,0.0,0.07,4,[23],3
7,10,x7f477ade24f0,980,547.0,0.0,1.0,0.08,4,[20],3
7,10,x7f477ade24f0,981,150.0,0.0,0.0,0.09,3,[0],4
7,10,x7f477ade24f0,982,700.0,0.0,1.0,0.07,5,[20],3
7,10,x7f477ade24f0,983,500.0,1.0,0.0,0.07,5,[23],3
7,10,x7f477ade24f0,984,400.0,0.0,0.0,0.07,4,[23],3
7,10,x7f477ade24f0,985,128.0,0.0,0.0,0.09,3,[0],2
7,10,x7f477ade24f0,986,247.0,0.0,0.0,0.08,4,[23],3
7,10,x7f477ade24f0,987,50.0,0.0,0.0,0.09,2,[0],1
7,10,x7f477ade24f0,988,500.0,1.0,0.0,0.07,3,[23],3
7,10,x7f477ade24f0,989,400.0,0.0,0.0,0.07,3,[23],3
7,10,x7f477ade24f0,990,300.0,0.0,1.0,0.07,8,[20],0
7,10,x7f477ade24f0,991,500.0,1.0,0.0,0.07,2,[23],3
7,10,x7f477ade24f0,992,-300.0,0.0,0.0,0.12,8,[20],1
7,10,x7f477ade24f0,993,400.0,0.0,0.0,0.07,6,[20],3
7,10,x7f477ade24f0,994,-150.0,0.0,0.0,0.09,3,[0],1
7,10,x7f477ade24f0,995,800.0,1.0,1.0,0.07,7,[20],3
7,10,x7f477ade24f0,996,-153.0,0.0,0.0,0.08,3,[23],3
7,10,x7f477ade24f0,997,400.0,0.0,0.0,0.07,2,[23],3
7,10,x7f477ade24f0,998,-134.0,1.0,0.0,0.12,8,[8],4
7,10,x7f477ade24f0,999,398.0,0.0,1.0,0.07,3,[1],3
7,10,x7f477ade24f0,1000,-150.0,0.0,0.0,0.09,3,[0],3
7,10,x7f477ade24f0,1001,400.0,0.0,0.0,0.08,2,[23],3
7,10,x7f477ade24f0,1002,57.0,0.0,0.0,0.12,7,[7],3
7,10,x7f477ade24f0,1003,200.0,1.0,0.0,0.12,8,[20],3
7,10,x7f477ade24f0,1004,700.0,0.0,1.0,0.07,8,[20],3
7,10,x7f477ade24f0,1005,400.0,0.0,0.0,0.07,8,[20],3
7,10,x7f477ade24f0,1006,400.0,0.0,0.0,0.07,8,[23],3
7,10,x7f477ade24f0,1007,395.0,1.0,0.0,0.09,8,[19],3
7,10,x7f477ade24f0,1008,-150.0,1.0,0.0,0.09,8,[2],4
7,10,x7f477ade24f0,1009,547.0,0.0,1.0,0.08,8,[20],3
7,10,x7f477ade24f0,1010,500.0,1.0,0.0,0.07,7,[20],3
7,10,x7f477ade24f0,1011,400.0,0.0,0.0,0.08,3,[23],3
7,10,x7f477ade24f0,1012,-150.0,1.0,0.0,0.09,3,[2],4
7,10,x7f477ade24f0,1013,0.0,0.0,0.0,0.07,3,[23],3
7,10,x7f477ade24f0,1014,500.0,1.0,0.0,0.07,6,[20],3
7,10,x7f477ade24f0,1015,-150.0,0.0,0.0,0.09,3,[0],3
7,10,x7f477ade24f0,1016,-131.0,1.0,0.0,0.09,7,[1],4
7,10,x7f477ade24f0,1017,500.0,1.0,0.0,0.07,3,[23],3
7,10,x7f477ade24f0,1018,700.0,0.0,1.0,0.07,8,[20],3
7,10,x7f477ade24f0,1019,550.0,0.0,1.0,0.09,3,[0],4
7,10,x7f477ade24f0,1020,500.0,1.0,0.0,0.07,8,[20],3
7,10,x7f477ade24f0,1021,400.0,0.0,0.0,0.07,8,[20],3
7,10,x7f477ade24f0,1022,0.0,0.0,0.0,0.07,8,[20],0
7,10,x7f477ade24f0,1023,-50.0,0.0,0.0,0.09,3,[2],3
7,10,x7f477ade24f0,1024,44.0,0.0,0.0,0.09,7,[0],0
7,10,x7f477ade24f0,1025,0.0,0.0,0.0,0.07,8,[20],3
7,10,x7f477ade24f0,1026,500.0,1.0,0.0,0.07,8,[20],4
7,10,x7f477ade24f0,1027,0.0,0.0,0.0,0.07,8,[20],0
7,10,x7f477ade24f0,1028,357.0,0.0,1.0,0.09,3,[1],3
7,10,x7f477ade24f0,1029,400.0,0.0,0.0,0.07,6,[20],3
7,10,x7f477ade24f0,1030,250.0,0.0,1.0,0.09,3,[2],3
7,10,x7f477ade24f0,1031,400.0,0.0,0.0,0.07,3,[20],3
7,10,x7f477ade24f0,1032,250.0,0.0,1.0,0.09,3,[2],3
7,10,x7f477ade24f0,1033,250.0,0.0,1.0,0.12,5,[7],3
7,10,x7f477ade24f0,1034,420.0,1.0,1.0,0.06,3,[8],0
7,10,x7f477ade24f0,1035,400.0,0.0,0.0,0.07,3,[20],3
7,10,x7f477ade24f0,1036,99.0,0.0,0.0,0.09,3,[1],3
7,10,x7f477ade24f0,1037,700.0,0.0,1.0,0.07,4,[20],3
7,10,x7f477ade24f0,1038,250.0,0.0,0.0,0.09,3,[0],1
7,10,x7f477ade24f0,1039,100.0,0.0,0.0,0.12,4,[6],3
7,10,x7f477ade24f0,1040,400.0,0.0,1.0,0.07,3,[1],3
7,10,x7f477ade24f0,1041,100.0,0.0,0.0,0.06,4,[20],3
7,10,x7f477ade24f0,1042,201.0,0.0,0.0,0.09,4,[0],0
7,10,x7f477ade24f0,1043,-300.0,0.0,0.0,0.12,3,[20],3
7,10,x7f477ade24f0,1044,1.0,1.0,0.0,0.09,3,[1],4
7,10,x7f477ade24f0,1045,-50.0,0.0,0.0,0.12,3,[8],3
7,10,x7f477ade24f0,1046,0.0,1.0,0.0,0.06,5,[9],4
7,10,x7f477ade24f0,1047,500.0,1.0,0.0,0.07,8,[20],3
7,10,x7f477ade24f0,1048,250.0,0.0,0.0,0.09,2,[1],3
7,10,x7f477ade24f0,1049,100.0,0.0,0.0,0.12,2,[6],3
7,10,x7f477ade24f0,1050,142.0,1.0,0.0,0.06,7,[7],4
7,10,x7f477ade24f0,1051,500.0,1.0,0.0,0.07,7,[20],3
7,10,x7f477ade24f0,1052,-263.0,1.0,0.0,0.12,7,[9],4
7,10,x7f477ade24f0,1053,-105.0,0.0,1.0,0.07,3,[0],2
7,10,x7f477ade24f0,1054,53.0,1.0,1.0,0.09,3,[1],4
7,10,x7f477ade24f0,1055,200.0,1.0,0.0,0.12,7,[20],3
7,10,x7f477ade24f0,1056,400.0,0.0,0.0,0.04,3,[19],3
7,10,x7f477ade24f0,1057,500.0,1.0,0.0,0.07,3,[20],3
7,10,x7f477ade24f0,1058,88.0,0.0,0.0,0.09,3,[1],3
7,10,x7f477ade24f0,1059,131.0,1.0,0.0,0.0,6,[8],4
7,10,x7f477ade24f0,1060,250.0,0.0,0.0,0.09,3,[0],3
7,10,x7f477ade24f0,1061,500.0,1.0,0.0,0.07,7,[20],0
7,10,x7f477ade24f0,1062,0.0,0.0,1.0,0.09,3,[1],3
7,10,x7f477ade24f0,1063,199.0,1.0,0.0,0.09,3,[1],4
7,10,x7f477ade24f0,1064,700.0,0.0,1.0,0.07,5,[20],3
7,10,x7f477ade24f0,1065,100.0,0.0,0.0,0.09,3,[1],3
7,10,x7f477ade24f0,1066,400.0,0.0,0.0,0.03,2,[7],3
7,10,x7f477ade24f0,1067,99.0,0.0,0.0,0.07,3,[1],3
7,10,x7f477ade24f0,1068,121.0,0.0,0.0,0.0,6,[6],0
7,10,x7f477ade24f0,1069,247.0,0.0,0.0,0.08,8,[20],3
7,10,x7f477ade24f0,1070,255.0,0.0,1.0,0.12,3,[8],3
7,10,x7f477ade24f0,1071,177.0,1.0,0.0,0.06,6,[8],4
7,10,x7f477ade24f0,1072,0.0,0.0,0.0,0.06,2,[7],3
7,10,x7f477ade24f0,1073,400.0,0.0,0.0,0.03,3,[7],3
7,10,x7f477ade24f0,1074,250.0,0.0,0.0,0.07,3,[0],3
7,10,x7f477ade24f0,1075,400.0,0.0,0.0,0.07,4,[20],3
7,10,x7f477ade24f0,1076,700.0,0.0,1.0,0.07,3,[20],3
7,10,x7f477ade24f0,1077,0.0,0.0,0.0,0.03,5,[6],2
7,10,x7f477ade24f0,1078,145.0,1.0,0.0,0.03,4,[7],4
7,10,x7f477ade24f0,1079,200.0,1.0,0.0,0.12,3,[20],3
7,10,x7f477ade24f0,1080,250.0,0.0,0.0,0.09,3,[0],3
7,10,x7f477ade24f0,1081,124.0,1.0,1.0,0.12,8,[9],4
7,10,x7f477ade24f0,1082,294.0,1.0,0.0,0.06,6,[7],4
7,10,x7f477ade24f0,1083,-300.0,1.0,0.0,0.09,2,[2],2
7,10,x7f477ade24f0,1084,400.0,0.0,0.0,0.07,2,[20],3
7,10,x7f477ade24f0,1085,400.0,0.0,0.0,0.07,8,[23],3
7,10,x7f477ade24f0,1086,-105.0,0.0,0.0,0.09,8,[19],3
7,10,x7f477ade24f0,1087,700.0,0.0,1.0,0.07,2,[20],3
7,10,x7f477ade24f0,1088,147.0,0.0,1.0,0.08,8,[23],3
7,10,x7f477ade24f0,1089,500.0,1.0,0.0,0.07,8,[20],3
7,10,x7f477ade24f0,1090,-295.0,0.0,0.0,0.09,8,[0],4
7,10,x7f477ade24f0,1091,500.0,1.0,0.0,0.07,6,[20],3
7,10,x7f477ade24f0,1092,100.0,0.0,0.0,0.12,4,[8],3
7,10,x7f477ade24f0,1093,400.0,0.0,0.0,0.07,4,[23],3
7,10,x7f477ade24f0,1094,-150.0,1.0,0.0,0.09,3,[2],4
7,10,x7f477ade24f0,1095,550.0,0.0,1.0,0.06,4,[20],3
7,10,x7f477ade24f0,1096,399.0,0.0,1.0,0.09,3,[1],3
7,10,x7f477ade24f0,1097,250.0,1.0,1.0,0.09,5,[2],4
7,10,x7f477ade24f0,1098,250.0,0.0,1.0,0.03,3,[8],3
7,10,x7f477ade24f0,1099,250.0,0.0,0.0,0.07,2,[1],4
7,10,x7f477ade24f0,1100,400.0,0.0,0.0,0.07,4,[20],3
7,10,x7f477ade24f0,1101,400.0,0.0,0.0,0.07,4,[20],3
7,10,x7f477ade24f0,1102,0.0,0.0,1.0,0.09,3,[1],3
7,10,x7f477ade24f0,1103,400.0,0.0,0.0,0.07,3,[20],3
7,10,x7f477ade24f0,1104,400.0,0.0,0.0,0.07,2,[20],3
7,10,x7f477ade24f0,1105,0.0,0.0,0.0,0.07,8,[23],3
7,10,x7f477ade24f0,1106,-68.0,1.0,0.0,0.12,8,[6],4
7,10,x7f477ade24f0,1107,150.0,1.0,0.0,0.03,8,[8],4
7,10,x7f477ade24f0,1108,400.0,0.0,0.0,0.07,8,[23],3
7,10,x7f477ade24f0,1109,0.0,0.0,0.0,0.07,8,[23],3
7,10,x7f477ade24f0,1110,500.0,1.0,0.0,0.07,8,[20],4
7,10,x7f477ade24f0,1111,500.0,1.0,0.0,0.07,8,[23],3
7,10,x7f477ade24f0,1112,400.0,0.0,0.0,0.07,8,[23],3
7,10,x7f477ade24f0,1113,400.0,0.0,1.0,0.09,3,[1],3
7,10,x7f477ade24f0,1114,-100.0,0.0,0.0,0.03,7,[6],1
7,10,x7f477ade24f0,1115,300.0,0.0,1.0,0.07,8,[20],3
7,10,x7f477ade24f0,1116,249.0,0.0,1.0,0.12,8,[9],3
7,10,x7f477ade24f0,1117,800.0,1.0,1.0,0.07,8,[23],3
7,10,x7f477ade24f0,1118,700.0,0.0,1.0,0.07,8,[23],3
7,10,x7f477ade24f0,1119,250.0,0.0,0.0,0.09,3,[0],2
7,10,x7f477ade24f0,1120,400.0,0.0,0.0,0.03,7,[6],3
7,10,x7f477ade24f0,1121,500.0,1.0,0.0,0.07,8,[23],3
7,10,x7f477ade24f0,1122,500.0,1.0,0.0,0.07,8,[23],3
7,10,x7f477ade24f0,1123,251.0,0.0,1.0,0.12,5,[7],3
7,10,x7f477ade24f0,1124,250.0,0.0,0.0,0.09,2,[0],3
7,10,x7f477ade24f0,1125,400.0,0.0,0.0,0.07,8,[23],3
7,10,x7f477ade24f0,1126,800.0,1.0,1.0,0.07,8,[23],3
7,10,x7f477ade24f0,1127,500.0,1.0,0.0,0.07,8,[23],3
7,10,x7f477ade24f0,1128,347.0,1.0,0.0,0.08,8,[23],3
7,10,x7f477ade24f0,1129,0.0,0.0,0.0,0.07,8,[23],3
7,10,x7f477ade24f0,1130,0.0,0.0,0.0,0.07,8,[23],3
7,10,x7f477ade24f0,1131,547.0,0.0,1.0,0.08,8,[23],3
7,10,x7f477ade24f0,1132,400.0,0.0,0.0,0.07,8,[23],3
7,10,x7f477ade24f0,1133,300.0,0.0,1.0,0.07,8,[23],3
7,10,x7f477ade24f0,1134,0.0,0.0,0.0,0.07,8,[23],3
7,10,x7f477ade24f0,1135,400.0,0.0,0.0,0.07,8,[23],3
7,10,x7f477ade24f0,1136,700.0,0.0,1.0,0.07,8,[23],3
7,10,x7f477ade24f0,1137,500.0,1.0,0.0,0.07,8,[23],3
7,10,x7f477ade24f0,1138,500.0,1.0,0.0,0.07,8,[23],3
7,10,x7f477ade24f0,1139,300.0,0.0,1.0,0.07,8,[23],3
7,10,x7f477ade24f0,1140,136.0,0.0,0.0,0.09,3,[0],2
7,10,x7f477ade24f0,1141,300.0,0.0,1.0,0.07,8,[23],3
7,10,x7f477ade24f0,1142,0.0,0.0,0.0,0.07,8,[23],0
7,10,x7f477ade24f0,1143,0.0,0.0,0.0,0.07,8,[23],3
7,10,x7f477ade24f0,1144,247.0,0.0,0.0,0.08,8,[23],3
7,10,x7f477ade24f0,1145,700.0,0.0,1.0,0.07,8,[23],3
7,10,x7f477ade24f0,1146,400.0,0.0,0.0,0.07,8,[23],3
7,10,x7f477ade24f0,1147,0.0,0.0,0.0,0.07,8,[23],3
7,10,x7f477ade24f0,1148,74.0,1.0,0.0,0.03,8,[9],4
7,10,x7f477ade24f0,1149,400.0,0.0,0.0,0.07,8,[23],3
7,10,x7f477ade24f0,1150,147.0,0.0,0.0,0.03,8,[6],0
7,10,x7f477ade24f0,1151,247.0,0.0,0.0,0.08,8,[23],3
7,10,x7f477ade24f0,1152,0.0,0.0,0.0,0.03,7,[6],3
7,10,x7f477ade24f0,1153,-251.0,0.0,0.0,0.03,8,[6],0
7,10,x7f477ade24f0,1154,100.0,0.0,1.0,0.07,6,[2],3
7,10,x7f477ade24f0,1155,800.0,1.0,1.0,0.07,8,[23],3
7,10,x7f477ade24f0,1156,0.0,0.0,0.0,0.07,8,[23],3
7,10,x7f477ade24f0,1157,-300.0,0.0,0.0,0.12,8,[23],3
7,10,x7f477ade24f0,1158,156.0,1.0,0.0,0.03,8,[8],4
7,10,x7f477ade24f0,1159,350.0,1.0,1.0,0.09,8,[2],4
7,10,x7f477ade24f0,1160,0.0,0.0,0.0,0.07,8,[23],3
7,10,x7f477ade24f0,1161,500.0,1.0,0.0,0.07,8,[23],3
7,10,x7f477ade24f0,1162,500.0,1.0,0.0,0.07,8,[23],3
7,10,x7f477ade24f0,1163,100.0,0.0,0.0,0.12,7,[6],3
7,10,x7f477ade24f0,1164,100.0,0.0,0.0,0.12,8,[23],3
7,10,x7f477ade24f0,1165,400.0,0.0,0.0,0.07,8,[23],3
7,10,x7f477ade24f0,1166,388.0,0.0,1.0,0.09,8,[1],3
7,10,x7f477ade24f0,1167,400.0,0.0,0.0,0.07,8,[23],3
7,10,x7f477ade24f0,1168,50.0,1.0,0.0,0.09,2,[2],4
7,10,x7f477ade24f0,1169,300.0,0.0,1.0,0.07,8,[23],3
7,10,x7f477ade24f0,1170,0.0,0.0,0.0,0.07,8,[23],3
7,10,x7f477ade24f0,1171,500.0,1.0,0.0,0.07,8,[23],3
7,10,x7f477ade24f0,1172,-88.0,1.0,0.0,0.09,8,[0],4
7,10,x7f477ade24f0,1173,250.0,0.0,0.0,0.06,6,[7],3
7,10,x7f477ade24f0,1174,0.0,0.0,0.0,0.07,8,[23],3
7,10,x7f477ade24f0,1175,0.0,0.0,0.0,0.07,8,[23],0
7,10,x7f477ade24f0,1176,-150.0,0.0,0.0,0.07,3,[0],3
7,10,x7f477ade24f0,1177,400.0,0.0,0.0,0.07,8,[23],3
7,10,x7f477ade24f0,1178,-300.0,0.0,0.0,0.12,7,[6],3
7,10,x7f477ade24f0,1179,336.0,0.0,0.0,0.07,8,[20],3
7,10,x7f477ade24f0,1180,219.0,0.0,1.0,0.12,8,[9],3
7,10,x7f477ade24f0,1181,0.0,0.0,0.0,0.07,8,[23],3
7,10,x7f477ade24f0,1182,700.0,0.0,1.0,0.07,8,[23],3
7,10,x7f477ade24f0,1183,250.0,0.0,0.0,0.09,3,[0],3
7,10,x7f477ade24f0,1184,0.0,0.0,0.0,0.07,8,[23],3
7,10,x7f477ade24f0,1185,500.0,1.0,0.0,0.07,8,[23],3
7,10,x7f477ade24f0,1186,500.0,1.0,0.0,0.07,8,[23],3
7,10,x7f477ade24f0,1187,0.0,0.0,0.0,0.07,8,[23],3
7,10,x7f477ade24f0,1188,800.0,1.0,1.0,0.07,8,[23],3
7,10,x7f477ade24f0,1189,250.0,0.0,1.0,0.12,8,[8],3
7,10,x7f477ade24f0,1190,250.0,0.0,1.0,0.12,8,[8],3
7,10,x7f477ade24f0,1191,-170.0,0.0,0.0,0.09,8,[0],4
7,10,x7f477ade24f0,1192,150.0,0.0,1.0,0.06,8,[8],3
7,10,x7f477ade24f0,1193,-300.0,0.0,0.0,0.12,8,[23],3
7,10,x7f477ade24f0,1194,500.0,1.0,0.0,0.07,8,[23],3
7,10,x7f477ade24f0,1195,250.0,0.0,1.0,0.09,3,[2],3
7,10,x7f477ade24f0,1196,-300.0,0.0,0.0,0.12,8,[6],3
7,10,x7f477ade24f0,1197,138.0,1.0,0.0,0.06,8,[9],4
7,10,x7f477ade24f0,1198,100.0,0.0,0.0,0.12,2,[23],3
7,10,x7f477ade24f0,1199,-63.0,1.0,0.0,0.09,8,[2],4
7,10,x7f477ade24f0,1200,-158.0,0.0,0.0,0.07,7,[0],4
7,10,x7f477ade24f0,1201,400.0,0.0,0.0,0.07,8,[23],3
7,10,x7f477ade24f0,1202,250.0,0.0,0.0,0.07,3,[0],3
7,10,x7f477ade24f0,1203,247.0,0.0,0.0,0.08,8,[23],3
7,10,x7f477ade24f0,1204,400.0,0.0,0.0,0.07,8,[23],3
7,10,x7f477ade24f0,1205,500.0,1.0,0.0,0.07,8,[23],3
7,10,x7f477ade24f0,1206,500.0,1.0,0.0,0.07,8,[23],3
7,10,x7f477ade24f0,1207,0.0,0.0,0.0,0.07,8,[23],1
7,10,x7f477ade24f0,1208,250.0,0.0,1.0,0.09,3,[2],3
7,10,x7f477ade24f0,1209,700.0,0.0,1.0,0.07,8,[23],3
7,10,x7f477ade24f0,1210,700.0,0.0,1.0,0.07,8,[23],3
7,10,x7f477ade24f0,1211,-135.0,0.0,0.0,0.04,8,[19],3
7,10,x7f477ade24f0,1212,-300.0,0.0,0.0,0.12,8,[6],3
7,10,x7f477ade24f0,1213,123.0,1.0,0.0,0.06,7,[9],4
7,10,x7f477ade24f0,1214,500.0,1.0,0.0,0.07,8,[23],3
7,10,x7f477ade24f0,1215,550.0,0.0,1.0,0.09,3,[0],3
7,10,x7f477ade24f0,1216,500.0,1.0,0.0,0.07,8,[23],3
7,10,x7f477ade24f0,1217,700.0,0.0,1.0,0.07,8,[20],3
7,10,x7f477ade24f0,1218,250.0,0.0,0.0,0.09,3,[0],3
7,10,x7f477ade24f0,1219,100.0,0.0,0.0,0.12,8,[23],3
7,10,x7f477ade24f0,1220,700.0,0.0,1.0,0.07,8,[23],3
7,10,x7f477ade24f0,1221,400.0,0.0,0.0,0.07,8,[23],3
7,10,x7f477ade24f0,1222,500.0,1.0,0.0,0.08,2,[20],3
7,10,x7f477ade24f0,1223,0.0,0.0,0.0,0.07,8,[23],0
7,10,x7f477ade24f0,1224,250.0,0.0,1.0,0.09,3,[2],3
7,10,x7f477ade24f0,1225,-150.0,1.0,0.0,0.09,8,[2],4
7,10,x7f477ade24f0,1226,114.0,0.0,0.0,0.07,3,[1],3
7,10,x7f477ade24f0,1227,250.0,0.0,0.0,0.09,3,[0],3
7,10,x7f477ade24f0,1228,100.0,0.0,0.0,0.12,8,[23],3
7,10,x7f477ade24f0,1229,100.0,0.0,0.0,0.09,3,[1],3
7,10,x7f477ade24f0,1230,300.0,0.0,1.0,0.07,8,[23],0
7,10,x7f477ade24f0,1231,400.0,0.0,0.0,0.03,6,[6],3
7,10,x7f477ade24f0,1232,0.0,0.0,0.0,0.07,8,[23],3
7,10,x7f477ade24f0,1233,92.0,0.0,0.0,0.09,3,[1],3
7,10,x7f477ade24f0,1234,500.0,1.0,0.0,0.07,8,[23],3
7,10,x7f477ade24f0,1235,500.0,1.0,0.0,0.07,8,[23],3
7,10,x7f477ade24f0,1236,700.0,0.0,1.0,0.07,8,[20],3
7,10,x7f477ade24f0,1237,400.0,0.0,0.0,0.07,8,[23],3
7,10,x7f477ade24f0,1238,250.0,0.0,1.0,0.09,3,[2],3
7,10,x7f477ade24f0,1239,400.0,0.0,0.0,0.07,8,[23],3
7,10,x7f477ade24f0,1240,-260.0,1.0,0.0,0.09,8,[2],4
7,10,x7f477ade24f0,1241,-153.0,0.0,0.0,0.08,8,[23],3
7,10,x7f477ade24f0,1242,-50.0,0.0,0.0,0.07,2,[2],3
7,10,x7f477ade24f0,1243,395.0,1.0,0.0,0.09,8,[19],3
7,10,x7f477ade24f0,1244,0.0,0.0,0.0,0.07,8,[23],3
7,10,x7f477ade24f0,1245,0.0,0.0,0.0,0.07,8,[23],3
7,10,x7f477ade24f0,1246,100.0,0.0,0.0,0.09,3,[1],3
7,10,x7f477ade24f0,1247,0.0,0.0,0.0,0.07,8,[23],3
7,10,x7f477ade24f0,1248,200.0,1.0,0.0,0.12,8,[23],3
7,10,x7f477ade24f0,1249,0.0,0.0,0.0,0.07,8,[23],3
7,10,x7f477ade24f0,1250,100.0,0.0,0.0,0.12,8,[23],3
7,10,x7f477ade24f0,1251,0.0,0.0,0.0,0.07,8,[23],3
7,10,x7f477ade24f0,1252,-242.0,1.0,0.0,0.12,8,[9],4
7,10,x7f477ade24f0,1253,400.0,0.0,0.0,0.07,8,[23],3
7,10,x7f477ade24f0,1254,247.0,0.0,0.0,0.08,8,[23],3
7,10,x7f477ade24f0,1255,247.0,0.0,0.0,0.08,8,[23],3
7,10,x7f477ade24f0,1256,-150.0,1.0,0.0,0.09,3,[2],4
7,10,x7f477ade24f0,1257,300.0,0.0,1.0,0.07,8,[23],3
7,10,x7f477ade24f0,1258,547.0,0.0,1.0,0.08,8,[23],3
7,10,x7f477ade24f0,1259,500.0,1.0,0.0,0.07,8,[23],3
7,10,x7f477ade24f0,1260,800.0,1.0,1.0,0.07,8,[23],3
7,10,x7f477ade24f0,1261,-31.0,1.0,0.0,0.09,3,[2],4
7,10,x7f477ade24f0,1262,0.0,0.0,0.0,0.07,8,[23],3
7,10,x7f477ade24f0,1263,500.0,1.0,0.0,0.07,8,[23],3
7,10,x7f477ade24f0,1264,400.0,0.0,0.0,0.07,8,[23],3
7,10,x7f477ade24f0,1265,0.0,0.0,0.0,0.07,8,[23],3
7,10,x7f477ade24f0,1266,500.0,1.0,0.0,0.07,8,[23],3
7,10,x7f477ade24f0,1267,247.0,0.0,0.0,0.08,8,[23],3
7,10,x7f477ade24f0,1268,247.0,0.0,0.0,0.08,8,[23],3
7,10,x7f477ade24f0,1269,400.0,0.0,0.0,0.07,8,[23],3
7,10,x7f477ade24f0,1270,500.0,1.0,0.0,0.07,8,[23],3
7,10,x7f477ade24f0,1271,100.0,0.0,0.0,0.12,8,[23],3
7,10,x7f477ade24f0,1272,250.0,0.0,1.0,0.09,3,[2],3
7,10,x7f477ade24f0,1273,400.0,0.0,0.0,0.07,3,[23],3
7,10,x7f477ade24f0,1274,400.0,0.0,0.0,0.07,8,[23],3
7,10,x7f477ade24f0,1275,347.0,1.0,0.0,0.08,8,[23],3
7,10,x7f477ade24f0,1276,700.0,0.0,1.0,0.07,8,[23],3
7,10,x7f477ade24f0,1277,0.0,0.0,0.0,0.07,8,[23],3
7,10,x7f477ade24f0,1278,400.0,0.0,0.0,0.07,8,[23],3
7,10,x7f477ade24f0,1279,400.0,0.0,0.0,0.07,8,[23],3
7,10,x7f477ade24f0,1280,400.0,0.0,0.0,0.07,8,[23],3
7,10,x7f477ade24f0,1281,-315.0,0.0,0.0,0.09,7,[0],0
7,10,x7f477ade24f0,1282,0.0,0.0,0.0,0.07,8,[23],3
7,10,x7f477ade24f0,1283,800.0,1.0,1.0,0.07,8,[23],3
7,10,x7f477ade24f0,1284,400.0,0.0,0.0,0.07,8,[23],3
7,10,x7f477ade24f0,1285,400.0,0.0,0.0,0.07,8,[23],3
7,10,x7f477ade24f0,1286,0.0,0.0,0.0,0.07,8,[23],3
7,10,x7f477ade24f0,1287,300.0,0.0,1.0,0.07,8,[23],0
7,10,x7f477ade24f0,1288,500.0,1.0,0.0,0.07,8,[23],3
7,10,x7f477ade24f0,1289,400.0,0.0,0.0,0.07,8,[23],3
7,10,x7f477ade24f0,1290,500.0,1.0,0.0,0.07,8,[23],3
7,10,x7f477ade24f0,1291,547.0,0.0,1.0,0.08,8,[23],3
7,10,x7f477ade24f0,1292,100.0,0.0,0.0,0.12,7,[6],3
7,10,x7f477ade24f0,1293,700.0,0.0,1.0,0.07,8,[23],3
7,10,x7f477ade24f0,1294,543.0,0.0,1.0,0.07,8,[20],3
7,10,x7f477ade24f0,1295,150.0,0.0,0.0,0.09,3,[0],0
7,10,x7f477ade24f0,1296,500.0,1.0,0.0,0.07,8,[23],3
7,10,x7f477ade24f0,1297,-200.0,1.0,0.0,0.09,7,[2],4
7,10,x7f477ade24f0,1298,100.0,1.0,1.0,0.09,8,[2],4
7,10,x7f477ade24f0,1299,-150.0,0.0,1.0,0.07,8,[2],3
7,10,x7f477ade24f0,1300,-50.0,0.0,0.0,0.09,2,[1],3
7,10,x7f477ade24f0,1301,472.0,1.0,1.0,0.09,8,[1],3
7,10,x7f477ade24f0,1302,100.0,0.0,0.0,0.12,8,[23],3
7,10,x7f477ade24f0,1303,0.0,0.0,0.0,0.07,8,[23],3
7,10,x7f477ade24f0,1304,-261.0,1.0,0.0,0.12,8,[9],4
7,10,x7f477ade24f0,1305,0.0,0.0,0.0,0.06,8,[6],3
7,10,x7f477ade24f0,1306,400.0,0.0,1.0,0.12,2,[23],3
7,10,x7f477ade24f0,1307,-250.0,0.0,0.0,0.07,8,[20],0
7,10,x7f477ade24f0,1308,300.0,0.0,1.0,0.07,8,[23],0
7,10,x7f477ade24f0,1309,800.0,1.0,1.0,0.07,8,[23],3
7,10,x7f477ade24f0,1310,-251.0,0.0,0.0,0.09,7,[0],0
7,10,x7f477ade24f0,1311,214.0,1.0,0.0,0.09,7,[0],0
7,10,x7f477ade24f0,1312,216.0,1.0,0.0,0.09,7,[0],0
7,10,x7f477ade24f0,1313,400.0,0.0,0.0,0.07,8,[23],3
7,10,x7f477ade24f0,1314,500.0,1.0,0.0,0.07,8,[23],3
7,10,x7f477ade24f0,1315,800.0,1.0,1.0,0.07,8,[23],3
7,10,x7f477ade24f0,1316,-246.0,1.0,0.0,0.12,8,[9],4
7,10,x7f477ade24f0,1317,500.0,1.0,0.0,0.07,8,[23],3
7,10,x7f477ade24f0,1318,800.0,1.0,1.0,0.07,8,[23],3
7,10,x7f477ade24f0,1319,0.0,0.0,0.0,0.07,8,[23],3
7,10,x7f477ade24f0,1320,-150.0,1.0,0.0,0.09,3,[2],4
7,10,x7f477ade24f0,1321,0.0,0.0,0.0,0.07,8,[23],3
7,10,x7f477ade24f0,1322,250.0,0.0,1.0,0.09,3,[2],3
7,10,x7f477ade24f0,1323,0.0,0.0,0.0,0.07,8,[23],3
7,10,x7f477ade24f0,1324,-150.0,1.0,0.0,0.09,3,[2],4
7,10,x7f477ade24f0,1325,500.0,1.0,0.0,0.07,8,[23],4
7,10,x7f477ade24f0,1326,0.0,0.0,0.0,0.07,8,[23],3
7,10,x7f477ade24f0,1327,500.0,1.0,0.0,0.07,8,[23],3
7,10,x7f477ade24f0,1328,500.0,1.0,0.0,0.07,8,[23],3
7,10,x7f477ade24f0,1329,550.0,0.0,1.0,0.03,5,[6],3
7,10,x7f477ade24f0,1330,100.0,0.0,0.0,0.12,2,[23],3
7,10,x7f477ade24f0,1331,142.0,1.0,0.0,0.09,8,[19],4
7,10,x7f477ade24f0,1332,95.0,1.0,0.0,0.09,6,[2],4
7,10,x7f477ade24f0,1333,350.0,1.0,1.0,0.09,8,[2],4
7,10,x7f477ade24f0,1334,-67.0,1.0,0.0,0.09,8,[2],4
7,10,x7f477ade24f0,1335,0.0,0.0,0.0,0.07,8,[23],3
7,10,x7f477ade24f0,1336,250.0,0.0,0.0,0.09,2,[0],3
7,10,x7f477ade24f0,1337,550.0,0.0,1.0,0.06,8,[23],3
7,10,x7f477ade24f0,1338,500.0,1.0,0.0,0.07,8,[23],3
7,10,x7f477ade24f0,1339,500.0,1.0,0.0,0.07,8,[23],3
