0,3,x7fd498302850,1,-50.0,0.0,3,[4]
0,3,x7fd498302850,2,250.0,0.0,3,[4]
0,3,x7fd498302850,3,102.49801935994505,0.0,5,[4]
0,3,x7fd498302850,4,250.0,0.0,2,[0]
0,3,x7fd498302850,5,250.0,0.0,4,[4]
0,3,x7fd498302850,6,97.16830380107376,0.0,5,[4]
0,3,x7fd498302850,7,250.0,0.0,2,[0]
0,3,x7fd498302850,8,250.0,0.0,5,[4]
0,3,x7fd498302850,9,-50.0,0.0,2,[0]
0,3,x7fd498302850,10,99.99199441122524,0.0,5,[4]
0,3,x7fd498302850,11,250.0,0.0,2,[0]
0,3,x7fd498302850,12,250.0,0.0,5,[4]
0,3,x7fd498302850,13,250.0,1.0,2,[0]
0,3,x7fd498302850,14,102.49801935994505,0.0,5,[4]
0,3,x7fd498302850,15,250.0,0.0,2,[0]
0,3,x7fd498302850,16,250.0,0.0,4,[4]
0,3,x7fd498302850,17,397.1683038010738,1.0,4,[4]
0,3,x7fd498302850,18,250.0,0.0,5,[4]
0,3,x7fd498302850,19,-50.0,0.0,2,[0]
0,3,x7fd498302850,20,99.99199441122524,0.0,5,[4]
0,3,x7fd498302850,21,250.0,0.0,2,[0]
0,3,x7fd498302850,22,250.0,0.0,4,[4]
0,3,x7fd498302850,23,100.29551085069545,0.0,4,[4]
0,3,x7fd498302850,24,250.0,0.0,3,[4]
0,3,x7fd498302850,25,97.16830380107379,0.0,3,[4]
0,3,x7fd498302850,26,550.0,1.0,2,[4]
0,3,x7fd498302850,27,-50.0,0.0,2,[4]
0,3,x7fd498302850,28,250.0,0.0,2,[10]
0,3,x7fd498302850,29,-50.0,0.0,2,[4]
0,3,x7fd498302850,30,250.0,0.0,3,[4]
0,3,x7fd498302850,31,100.29551085069545,0.0,3,[4]
0,3,x7fd498302850,32,950.0,2.0,5,[4]
0,3,x7fd498302850,33,-50.0,0.0,2,[0]
0,3,x7fd498302850,34,797.1683038010739,2.0,5,[4]
0,3,x7fd498302850,35,250.0,0.0,2,[0]
0,3,x7fd498302850,36,950.0,2.0,5,[4]
0,3,x7fd498302850,37,250.0,1.0,2,[0]
0,3,x7fd498302850,38,99.99199441122524,0.0,5,[4]
0,3,x7fd498302850,39,250.0,0.0,2,[0]
0,3,x7fd498302850,40,250.0,0.0,5,[4]
0,3,x7fd498302850,41,-50.0,0.0,2,[0]
0,3,x7fd498302850,42,402.49801935994503,1.0,5,[4]
0,3,x7fd498302850,43,950.0,2.0,2,[0]
0,3,x7fd498302850,44,250.0,0.0,5,[4]
0,3,x7fd498302850,45,-50.0,0.0,2,[0]
0,3,x7fd498302850,46,97.16830380107376,0.0,5,[4]
0,3,x7fd498302850,47,250.0,0.0,2,[0]
0,3,x7fd498302850,48,950.0,2.0,5,[4]
0,3,x7fd498302850,49,-50.0,0.0,2,[0]
0,3,x7fd498302850,50,99.99199441122524,0.0,5,[4]
0,3,x7fd498302850,51,250.0,0.0,2,[0]
0,3,x7fd498302850,52,250.0,0.0,5,[4]
0,3,x7fd498302850,53,-50.0,0.0,2,[0]
0,3,x7fd498302850,54,100.29551085069548,0.0,4,[4]
0,3,x7fd498302850,55,250.0,0.0,4,[4]
0,3,x7fd498302850,56,97.16830380107376,0.0,4,[4]
0,3,x7fd498302850,57,250.0,0.0,3,[4]
0,3,x7fd498302850,58,99.86682317018658,0.0,4,[10]
0,3,x7fd498302850,59,-50.0,0.0,3,[4]
0,3,x7fd498302850,60,550.0,1.0,2,[4]
0,3,x7fd498302850,61,-50.0,0.0,2,[4]
0,3,x7fd498302850,62,97.16830380107376,0.0,3,[4]
0,3,x7fd498302850,63,250.0,0.0,4,[10]
0,3,x7fd498302850,64,250.0,0.0,3,[4]
0,3,x7fd498302850,65,-50.0,0.0,2,[4]
0,3,x7fd498302850,66,250.0,0.0,2,[4]
0,3,x7fd498302850,67,250.0,0.0,4,[4]
0,3,x7fd498302850,68,-50.0,0.0,3,[4]
0,3,x7fd498302850,69,250.0,0.0,5,[4]
0,3,x7fd498302850,70,-50.0,0.0,2,[0]
0,3,x7fd498302850,71,102.49801935994502,0.0,5,[4]
0,3,x7fd498302850,72,250.0,0.0,2,[0]
0,3,x7fd498302850,73,250.0,0.0,5,[4]
0,3,x7fd498302850,74,250.0,1.0,2,[0]
0,3,x7fd498302850,75,97.16830380107376,0.0,5,[4]
0,3,x7fd498302850,76,250.0,0.0,2,[0]
0,3,x7fd498302850,77,250.0,0.0,5,[4]
0,3,x7fd498302850,78,250.0,1.0,2,[0]
0,3,x7fd498302850,79,250.0,1.0,4,[4]
0,3,x7fd498302850,80,250.0,0.0,4,[4]
0,3,x7fd498302850,81,400.29551085069545,1.0,3,[4]
0,3,x7fd498302850,82,250.0,0.0,3,[4]
0,3,x7fd498302850,83,97.16830380107376,0.0,3,[4]
0,3,x7fd498302850,84,950.0,2.0,2,[4]
0,3,x7fd498302850,85,250.0,1.0,2,[4]
0,3,x7fd498302850,86,100.29551085069545,0.0,3,[4]
0,3,x7fd498302850,87,250.0,0.0,3,[4]
0,3,x7fd498302850,88,-50.0,0.0,2,[4]
0,3,x7fd498302850,89,250.0,0.0,2,[4]
0,3,x7fd498302850,90,100.29551085069545,0.0,3,[4]
0,3,x7fd498302850,91,250.0,0.0,5,[4]
0,3,x7fd498302850,92,-50.0,0.0,2,[0]
0,3,x7fd498302850,93,97.16830380107376,0.0,5,[4]
0,3,x7fd498302850,94,250.0,0.0,2,[0]
0,3,x7fd498302850,95,950.0,2.0,4,[4]
0,3,x7fd498302850,96,-50.0,0.0,4,[4]
0,3,x7fd498302850,97,250.0,0.0,3,[4]
0,3,x7fd498302850,98,100.29551085069548,0.0,3,[4]
0,3,x7fd498302850,99,250.0,0.0,2,[4]
0,3,x7fd498302850,100,-50.0,0.0,2,[4]
0,3,x7fd498302850,101,250.0,0.0,2,[4]
0,3,x7fd498302850,102,100.29551085069546,0.0,4,[4]
0,3,x7fd498302850,103,550.0,1.0,3,[4]
0,3,x7fd498302850,104,97.1683038010738,0.0,3,[4]
0,3,x7fd498302850,105,250.0,0.0,3,[4]
0,3,x7fd498302850,106,-50.0,0.0,2,[4]
0,3,x7fd498302850,107,250.0,0.0,3,[10]
0,3,x7fd498302850,108,250.0,0.0,2,[4]
0,3,x7fd498302850,109,800.2955108506955,2.0,3,[4]
0,3,x7fd498302850,110,250.0,0.0,2,[4]
0,3,x7fd498302850,111,-50.0,0.0,2,[4]
0,3,x7fd498302850,112,250.0,0.0,2,[10]
0,3,x7fd498302850,113,250.0,0.0,4,[4]
0,3,x7fd498302850,114,100.29551085069546,0.0,3,[4]
0,3,x7fd498302850,115,250.0,0.0,3,[4]
0,3,x7fd498302850,116,97.1683038010738,0.0,3,[4]
0,3,x7fd498302850,117,950.0,2.0,2,[4]
0,3,x7fd498302850,118,99.99199441122524,0.0,5,[4]
0,3,x7fd498302850,119,250.0,0.0,2,[0]
0,3,x7fd498302850,120,250.0,0.0,5,[4]
0,3,x7fd498302850,121,-50.0,0.0,2,[0]
0,3,x7fd498302850,122,802.4980193599451,2.0,5,[4]
0,3,x7fd498302850,123,550.0,1.0,2,[0]
0,3,x7fd498302850,124,250.0,0.0,5,[4]
0,3,x7fd498302850,125,650.0,2.0,2,[0]
0,3,x7fd498302850,126,97.1683038010737,0.0,4,[4]
0,3,x7fd498302850,127,550.0,1.0,4,[4]
0,3,x7fd498302850,128,650.0,2.0,3,[4]
0,3,x7fd498302850,129,250.0,0.0,3,[4]
0,3,x7fd498302850,130,-50.0,0.0,2,[4]
0,3,x7fd498302850,131,550.0,1.0,2,[4]
0,3,x7fd498302850,132,797.1683038010738,2.0,5,[4]
0,3,x7fd498302850,133,250.0,0.0,2,[0]
0,3,x7fd498302850,134,550.0,1.0,5,[4]
0,3,x7fd498302850,135,-50.0,0.0,2,[0]
0,3,x7fd498302850,136,-50.0,0.0,4,[4]
0,3,x7fd498302850,137,250.0,0.0,4,[4]
0,3,x7fd498302850,138,100.29551085069546,0.0,4,[4]
0,3,x7fd498302850,139,250.0,0.0,3,[4]
0,3,x7fd498302850,140,161.11194884816618,0.0,4,[10]
0,3,x7fd498302850,141,97.1683038010738,0.0,3,[4]
0,3,x7fd498302850,142,250.0,0.0,2,[4]
0,3,x7fd498302850,143,-50.0,0.0,2,[4]
0,3,x7fd498302850,144,-50.0,0.0,2,[4]
0,3,x7fd498302850,145,250.0,0.0,2,[4]
0,3,x7fd498302850,146,100.29551085069542,0.0,4,[4]
0,3,x7fd498302850,147,250.0,0.0,4,[4]
0,3,x7fd498302850,148,797.1683038010738,2.0,3,[4]
0,3,x7fd498302850,149,250.0,0.0,3,[4]
0,3,x7fd498302850,150,-50.0,0.0,2,[4]
0,3,x7fd498302850,151,250.0,0.0,2,[4]
0,3,x7fd498302850,152,-50.0,0.0,3,[10]
0,3,x7fd498302850,153,250.0,1.0,2,[4]
0,3,x7fd498302850,154,550.0,1.0,4,[4]
0,3,x7fd498302850,155,97.1683038010738,0.0,3,[4]
0,3,x7fd498302850,156,250.0,0.0,5,[4]
0,3,x7fd498302850,157,-50.0,0.0,2,[0]
0,3,x7fd498302850,158,99.99199441122524,0.0,5,[4]
0,3,x7fd498302850,159,950.0,2.0,2,[0]
0,3,x7fd498302850,160,250.0,0.0,5,[4]
0,3,x7fd498302850,161,250.0,1.0,2,[0]
0,3,x7fd498302850,162,102.49801935994518,0.0,5,[4]
0,3,x7fd498302850,163,550.0,1.0,2,[0]
0,3,x7fd498302850,164,950.0,2.0,5,[4]
0,3,x7fd498302850,165,-50.0,0.0,2,[0]
0,3,x7fd498302850,166,397.1683038010737,1.0,4,[4]
0,3,x7fd498302850,167,550.0,1.0,4,[4]
0,3,x7fd498302850,168,-50.0,0.0,3,[4]
0,3,x7fd498302850,169,950.0,2.0,3,[4]
0,3,x7fd498302850,170,-50.0,0.0,2,[4]
0,3,x7fd498302850,171,250.0,0.0,5,[4]
0,3,x7fd498302850,172,-50.0,0.0,2,[0]
0,3,x7fd498302850,173,97.1683038010737,0.0,5,[4]
0,3,x7fd498302850,174,550.0,1.0,2,[0]
0,3,x7fd498302850,175,950.0,2.0,4,[4]
0,3,x7fd498302850,176,-50.0,0.0,4,[4]
0,3,x7fd498302850,177,550.0,1.0,3,[4]
0,3,x7fd498302850,178,100.29551085069546,0.0,3,[4]
0,3,x7fd498302850,179,550.0,1.0,2,[4]
0,3,x7fd498302850,180,-50.0,0.0,2,[4]
0,3,x7fd498302850,181,550.0,1.0,3,[10]
0,3,x7fd498302850,182,250.0,0.0,2,[4]
0,3,x7fd498302850,183,250.0,0.0,2,[4]
0,3,x7fd498302850,184,141.5557566757396,0.0,3,[10]
0,3,x7fd498302850,185,-50.0,0.0,2,[4]
0,3,x7fd498302850,186,799.9919944112253,2.0,5,[4]
0,3,x7fd498302850,187,950.0,2.0,2,[0]
0,3,x7fd498302850,188,250.0,0.0,5,[4]
0,3,x7fd498302850,189,-50.0,0.0,2,[0]
0,3,x7fd498302850,190,102.49801935994512,0.0,5,[4]
0,3,x7fd498302850,191,250.0,0.0,2,[0]
0,3,x7fd498302850,192,950.0,2.0,5,[4]
0,3,x7fd498302850,193,-50.0,0.0,2,[0]
0,3,x7fd498302850,194,97.1683038010738,0.0,5,[4]
0,3,x7fd498302850,195,250.0,0.0,2,[0]
0,3,x7fd498302850,196,250.0,0.0,5,[4]
0,3,x7fd498302850,197,-50.0,0.0,2,[0]
0,3,x7fd498302850,198,99.99199441122524,0.0,5,[4]
0,3,x7fd498302850,199,250.0,0.0,2,[0]
0,3,x7fd498302850,200,250.0,0.0,5,[4]
0,3,x7fd498302850,201,650.0,2.0,2,[0]
0,3,x7fd498302850,202,102.49801935994518,0.0,5,[4]
0,3,x7fd498302850,203,250.0,0.0,2,[0]
0,3,x7fd498302850,204,250.0,0.0,5,[4]
0,3,x7fd498302850,205,-50.0,0.0,2,[0]
0,3,x7fd498302850,206,797.1683038010741,2.0,5,[4]
0,3,x7fd498302850,207,250.0,0.0,2,[0]
0,3,x7fd498302850,208,250.0,0.0,5,[4]
0,3,x7fd498302850,209,650.0,2.0,2,[0]
0,3,x7fd498302850,210,99.99199441122524,0.0,5,[4]
0,3,x7fd498302850,211,250.0,0.0,2,[0]
0,3,x7fd498302850,212,250.0,0.0,5,[4]
0,3,x7fd498302850,213,-50.0,0.0,2,[0]
0,3,x7fd498302850,214,802.4980193599449,2.0,5,[4]
0,3,x7fd498302850,215,250.0,0.0,2,[0]
0,3,x7fd498302850,216,250.0,0.0,5,[4]
0,3,x7fd498302850,217,-50.0,0.0,2,[0]
0,3,x7fd498302850,218,97.1683038010737,0.0,5,[4]
0,3,x7fd498302850,219,550.0,1.0,2,[0]
0,3,x7fd498302850,220,250.0,0.0,5,[4]
0,3,x7fd498302850,221,-50.0,0.0,2,[0]
0,3,x7fd498302850,222,99.99199441122524,0.0,5,[4]
0,3,x7fd498302850,223,250.0,0.0,2,[0]
0,3,x7fd498302850,224,550.0,1.0,5,[4]
0,3,x7fd498302850,225,-50.0,0.0,2,[0]
0,3,x7fd498302850,226,102.49801935994512,0.0,5,[4]
0,3,x7fd498302850,227,950.0,2.0,2,[0]
0,3,x7fd498302850,228,250.0,0.0,5,[4]
0,3,x7fd498302850,229,-50.0,0.0,2,[0]
0,3,x7fd498302850,230,97.1683038010738,0.0,5,[4]
0,3,x7fd498302850,231,550.0,1.0,2,[0]
0,3,x7fd498302850,232,950.0,2.0,5,[4]
0,3,x7fd498302850,233,-50.0,0.0,2,[0]
0,3,x7fd498302850,234,99.99199441122524,0.0,5,[4]
0,3,x7fd498302850,235,550.0,1.0,2,[0]
0,3,x7fd498302850,236,550.0,1.0,5,[4]
0,3,x7fd498302850,237,250.0,1.0,2,[0]
0,3,x7fd498302850,238,102.49801935994518,0.0,5,[4]
0,3,x7fd498302850,239,250.0,0.0,2,[0]
0,3,x7fd498302850,240,550.0,1.0,5,[4]
0,3,x7fd498302850,241,-50.0,0.0,2,[0]
0,3,x7fd498302850,242,397.16830380107405,1.0,5,[4]
0,3,x7fd498302850,243,950.0,2.0,2,[0]
0,3,x7fd498302850,244,250.0,0.0,5,[4]
0,3,x7fd498302850,245,650.0,2.0,2,[0]
0,3,x7fd498302850,246,99.99199441122524,0.0,5,[4]
0,3,x7fd498302850,247,250.0,0.0,2,[0]
0,3,x7fd498302850,248,950.0,2.0,5,[4]
0,3,x7fd498302850,249,-50.0,0.0,2,[0]
0,3,x7fd498302850,250,802.4980193599449,2.0,5,[4]
0,3,x7fd498302850,251,250.0,0.0,2,[0]
0,3,x7fd498302850,252,250.0,0.0,4,[4]
0,3,x7fd498302850,253,97.1683038010737,0.0,4,[4]
0,3,x7fd498302850,254,250.0,0.0,3,[4]
0,3,x7fd498302850,255,250.0,1.0,3,[4]
0,3,x7fd498302850,256,250.0,0.0,2,[4]
0,3,x7fd498302850,257,-50.0,0.0,2,[4]
0,3,x7fd498302850,258,250.0,0.0,3,[10]
0,3,x7fd498302850,259,250.0,0.0,2,[4]
0,3,x7fd498302850,260,250.0,0.0,4,[4]
0,3,x7fd498302850,261,800.2955108506955,2.0,4,[4]
0,3,x7fd498302850,262,250.0,0.0,5,[4]
0,3,x7fd498302850,263,250.0,1.0,2,[0]
0,3,x7fd498302850,264,797.1683038010741,2.0,5,[4]
0,3,x7fd498302850,265,550.0,1.0,2,[0]
0,3,x7fd498302850,266,250.0,0.0,5,[4]
0,3,x7fd498302850,267,-50.0,0.0,2,[0]
0,3,x7fd498302850,268,399.9919944112252,1.0,5,[4]
0,3,x7fd498302850,269,250.0,0.0,2,[0]
0,3,x7fd498302850,270,550.0,1.0,5,[4]
0,3,x7fd498302850,271,-50.0,0.0,2,[0]
0,3,x7fd498302850,272,100.29551085069548,0.0,4,[4]
0,3,x7fd498302850,273,250.0,0.0,4,[4]
0,3,x7fd498302850,274,97.16830380107406,0.0,5,[4]
0,3,x7fd498302850,275,250.0,0.0,2,[0]
0,3,x7fd498302850,276,250.0,0.0,5,[4]
0,3,x7fd498302850,277,-50.0,0.0,2,[0]
0,3,x7fd498302850,278,99.99199441122524,0.0,5,[4]
0,3,x7fd498302850,279,250.0,0.0,2,[0]
0,3,x7fd498302850,280,250.0,0.0,5,[4]
0,3,x7fd498302850,281,-50.0,0.0,2,[0]
0,3,x7fd498302850,282,102.49801935994512,0.0,5,[4]
0,3,x7fd498302850,283,250.0,0.0,2,[0]
0,3,x7fd498302850,284,250.0,0.0,5,[4]
0,3,x7fd498302850,285,-50.0,0.0,2,[0]
0,3,x7fd498302850,286,97.16830380107336,0.0,5,[4]
0,3,x7fd498302850,287,250.0,0.0,2,[0]
0,3,x7fd498302850,288,250.0,0.0,5,[4]
0,3,x7fd498302850,289,-50.0,0.0,2,[0]
0,3,x7fd498302850,290,99.99199441122524,0.0,5,[4]
0,3,x7fd498302850,291,250.0,0.0,2,[0]
0,3,x7fd498302850,292,250.0,0.0,5,[4]
0,3,x7fd498302850,293,-50.0,0.0,2,[0]
0,3,x7fd498302850,294,102.49801935994512,0.0,5,[4]
0,3,x7fd498302850,295,250.0,0.0,2,[0]
0,3,x7fd498302850,296,250.0,0.0,5,[4]
0,3,x7fd498302850,297,-50.0,0.0,2,[0]
0,3,x7fd498302850,298,97.16830380107406,0.0,5,[4]
0,3,x7fd498302850,299,250.0,0.0,2,[0]
0,3,x7fd498302850,300,250.0,0.0,5,[4]
0,3,x7fd498302850,301,250.0,1.0,2,[0]
0,3,x7fd498302850,302,99.99199441122524,0.0,5,[4]
0,3,x7fd498302850,303,250.0,0.0,2,[0]
0,3,x7fd498302850,304,250.0,0.0,5,[4]
0,3,x7fd498302850,305,650.0,2.0,2,[0]
0,3,x7fd498302850,306,402.49801935994526,1.0,5,[4]
0,3,x7fd498302850,307,250.0,0.0,2,[0]
0,3,x7fd498302850,308,250.0,0.0,5,[4]
0,3,x7fd498302850,309,-50.0,0.0,2,[0]
0,3,x7fd498302850,310,797.1683038010741,2.0,5,[4]
0,3,x7fd498302850,311,250.0,0.0,2,[0]
0,3,x7fd498302850,312,250.0,0.0,5,[4]
0,3,x7fd498302850,313,-50.0,0.0,2,[0]
0,3,x7fd498302850,314,99.99199441122524,0.0,5,[4]
0,3,x7fd498302850,315,250.0,0.0,2,[0]
0,3,x7fd498302850,316,250.0,0.0,5,[4]
0,3,x7fd498302850,317,-50.0,0.0,2,[0]
0,3,x7fd498302850,318,102.49801935994512,0.0,5,[4]
0,3,x7fd498302850,319,250.0,0.0,2,[0]
0,3,x7fd498302850,320,250.0,0.0,5,[4]
0,3,x7fd498302850,321,-50.0,0.0,2,[0]
0,3,x7fd498302850,322,97.16830380107336,0.0,5,[4]
0,3,x7fd498302850,323,550.0,1.0,2,[0]
0,3,x7fd498302850,324,250.0,0.0,5,[4]
0,3,x7fd498302850,325,-50.0,0.0,2,[0]
0,3,x7fd498302850,326,99.99199441122524,0.0,5,[4]
0,3,x7fd498302850,327,250.0,0.0,2,[0]
0,3,x7fd498302850,328,550.0,1.0,5,[4]
0,3,x7fd498302850,329,250.0,1.0,2,[0]
0,3,x7fd498302850,330,102.49801935994512,0.0,5,[4]
0,3,x7fd498302850,331,250.0,0.0,2,[0]
0,3,x7fd498302850,332,250.0,0.0,5,[4]
0,3,x7fd498302850,333,-50.0,0.0,2,[0]
0,3,x7fd498302850,334,397.16830380107405,1.0,5,[4]
0,3,x7fd498302850,335,250.0,0.0,2,[0]
0,3,x7fd498302850,336,250.0,0.0,5,[4]
0,3,x7fd498302850,337,-50.0,0.0,2,[0]
0,3,x7fd498302850,338,99.99199441122524,0.0,5,[4]
0,3,x7fd498302850,339,250.0,0.0,2,[0]
0,3,x7fd498302850,340,250.0,0.0,5,[4]
0,3,x7fd498302850,341,-50.0,0.0,2,[0]
0,3,x7fd498302850,342,102.49801935994525,0.0,5,[4]
0,3,x7fd498302850,343,550.0,1.0,2,[0]
0,3,x7fd498302850,344,250.0,0.0,5,[4]
0,3,x7fd498302850,345,-50.0,0.0,2,[0]
0,3,x7fd498302850,346,97.16830380107406,0.0,5,[4]
0,3,x7fd498302850,347,250.0,0.0,2,[0]
0,3,x7fd498302850,348,550.0,1.0,5,[4]
0,3,x7fd498302850,349,-50.0,0.0,2,[0]
0,3,x7fd498302850,350,99.99199441122524,0.0,5,[4]
0,3,x7fd498302850,351,250.0,0.0,2,[0]
0,3,x7fd498302850,352,250.0,0.0,5,[4]
0,3,x7fd498302850,353,-50.0,0.0,2,[0]
0,3,x7fd498302850,354,102.49801935994512,0.0,5,[4]
0,3,x7fd498302850,355,250.0,0.0,2,[0]
0,3,x7fd498302850,356,250.0,0.0,5,[4]
0,3,x7fd498302850,357,-50.0,0.0,2,[0]
0,3,x7fd498302850,358,97.16830380107336,0.0,5,[4]
0,3,x7fd498302850,359,250.0,0.0,2,[0]
0,3,x7fd498302850,360,250.0,0.0,5,[4]
0,3,x7fd498302850,361,-50.0,0.0,2,[0]
0,3,x7fd498302850,362,99.99199441122524,0.0,5,[4]
0,3,x7fd498302850,363,250.0,0.0,2,[0]
0,3,x7fd498302850,364,250.0,0.0,5,[4]
0,3,x7fd498302850,365,-50.0,0.0,2,[0]
0,3,x7fd498302850,366,102.49801935994512,0.0,5,[4]
0,3,x7fd498302850,367,950.0,2.0,2,[0]
0,3,x7fd498302850,368,250.0,0.0,5,[4]
0,3,x7fd498302850,369,-50.0,0.0,2,[0]
0,3,x7fd498302850,370,97.16830380107406,0.0,5,[4]
0,3,x7fd498302850,371,250.0,0.0,2,[0]
0,3,x7fd498302850,372,950.0,2.0,5,[4]
0,3,x7fd498302850,373,-50.0,0.0,2,[0]
0,3,x7fd498302850,374,99.99199441122524,0.0,5,[4]
0,3,x7fd498302850,375,250.0,0.0,2,[0]
0,3,x7fd498302850,376,250.0,0.0,5,[4]
0,3,x7fd498302850,377,650.0,2.0,2,[0]
0,3,x7fd498302850,378,102.49801935994525,0.0,5,[4]
0,3,x7fd498302850,379,250.0,0.0,2,[0]
0,3,x7fd498302850,380,250.0,0.0,5,[4]
0,3,x7fd498302850,381,-50.0,0.0,2,[0]
0,3,x7fd498302850,382,797.1683038010741,2.0,5,[4]
0,3,x7fd498302850,383,250.0,0.0,2,[0]
0,3,x7fd498302850,384,250.0,0.0,5,[4]
0,3,x7fd498302850,385,-50.0,0.0,2,[0]
0,3,x7fd498302850,386,99.99199441122524,0.0,5,[4]
0,3,x7fd498302850,387,250.0,0.0,2,[0]
0,3,x7fd498302850,388,250.0,0.0,5,[4]
0,3,x7fd498302850,389,-50.0,0.0,2,[0]
0,3,x7fd498302850,390,102.49801935994512,0.0,5,[4]
0,3,x7fd498302850,391,250.0,0.0,2,[0]
0,3,x7fd498302850,392,250.0,0.0,5,[4]
0,3,x7fd498302850,393,650.0,2.0,2,[0]
0,3,x7fd498302850,394,97.16830380107336,0.0,5,[4]
0,3,x7fd498302850,395,250.0,0.0,2,[0]
0,3,x7fd498302850,396,250.0,0.0,5,[4]
0,3,x7fd498302850,397,-50.0,0.0,2,[0]
0,3,x7fd498302850,398,799.9919944112253,2.0,5,[4]
0,3,x7fd498302850,399,250.0,0.0,2,[0]
0,3,x7fd498302850,400,250.0,0.0,5,[4]
0,3,x7fd498302850,401,-50.0,0.0,2,[0]
0,3,x7fd498302850,402,102.49801935994512,0.0,5,[4]
0,3,x7fd498302850,403,250.0,0.0,2,[0]
0,3,x7fd498302850,404,250.0,0.0,5,[4]
0,3,x7fd498302850,405,-50.0,0.0,2,[0]
0,3,x7fd498302850,406,97.16830380107406,0.0,5,[4]
0,3,x7fd498302850,407,250.0,0.0,2,[0]
0,3,x7fd498302850,408,250.0,0.0,5,[4]
0,3,x7fd498302850,409,250.0,1.0,2,[0]
0,3,x7fd498302850,410,99.99199441122524,0.0,5,[4]
0,3,x7fd498302850,411,250.0,0.0,2,[0]
0,3,x7fd498302850,412,250.0,0.0,5,[4]
0,3,x7fd498302850,413,-50.0,0.0,2,[0]
0,3,x7fd498302850,414,402.49801935994526,1.0,5,[4]
0,3,x7fd498302850,415,250.0,0.0,2,[0]
0,3,x7fd498302850,416,250.0,0.0,5,[4]
0,3,x7fd498302850,417,650.0,2.0,2,[0]
0,3,x7fd498302850,418,97.16830380107406,0.0,5,[4]
0,3,x7fd498302850,419,950.0,2.0,2,[0]
0,3,x7fd498302850,420,250.0,0.0,5,[4]
0,3,x7fd498302850,421,250.0,1.0,2,[0]
0,3,x7fd498302850,422,799.9919944112253,2.0,5,[4]
0,3,x7fd498302850,423,250.0,0.0,2,[0]
0,3,x7fd498302850,424,950.0,2.0,5,[4]
0,3,x7fd498302850,425,-50.0,0.0,2,[0]
0,3,x7fd498302850,426,402.4980193599451,1.0,5,[4]
0,3,x7fd498302850,427,550.0,1.0,2,[0]
0,3,x7fd498302850,428,250.0,0.0,5,[4]
0,3,x7fd498302850,429,-50.0,0.0,2,[0]
0,3,x7fd498302850,430,97.16830380107336,0.0,5,[4]
0,3,x7fd498302850,431,250.0,0.0,2,[0]
0,3,x7fd498302850,432,550.0,1.0,5,[4]
0,3,x7fd498302850,433,250.0,1.0,2,[0]
0,3,x7fd498302850,434,99.99199441122524,0.0,5,[4]
0,3,x7fd498302850,435,250.0,0.0,2,[0]
0,3,x7fd498302850,436,250.0,0.0,5,[4]
0,3,x7fd498302850,437,-50.0,0.0,2,[0]
0,3,x7fd498302850,438,402.4980193599451,1.0,5,[4]
0,3,x7fd498302850,439,250.0,0.0,2,[0]
0,3,x7fd498302850,440,250.0,0.0,5,[4]
0,3,x7fd498302850,441,-50.0,0.0,2,[0]
0,3,x7fd498302850,442,97.16830380107406,0.0,5,[4]
0,3,x7fd498302850,443,250.0,0.0,2,[0]
0,3,x7fd498302850,444,250.0,0.0,5,[4]
0,3,x7fd498302850,445,650.0,2.0,2,[0]
0,3,x7fd498302850,446,99.99199441122524,0.0,5,[4]
0,3,x7fd498302850,447,250.0,0.0,2,[0]
0,3,x7fd498302850,448,250.0,0.0,5,[4]
0,3,x7fd498302850,449,-50.0,0.0,2,[0]
0,3,x7fd498302850,450,802.4980193599453,2.0,5,[4]
0,3,x7fd498302850,451,250.0,0.0,2,[0]
0,3,x7fd498302850,452,250.0,0.0,5,[4]
0,3,x7fd498302850,453,-50.0,0.0,2,[0]
0,3,x7fd498302850,454,97.16830380107406,0.0,5,[4]
0,3,x7fd498302850,455,250.0,0.0,2,[0]
0,3,x7fd498302850,456,250.0,0.0,5,[4]
0,3,x7fd498302850,457,-50.0,0.0,2,[0]
0,3,x7fd498302850,458,99.99199441122524,0.0,5,[4]
0,3,x7fd498302850,459,250.0,0.0,2,[0]
0,3,x7fd498302850,460,250.0,0.0,5,[4]
0,3,x7fd498302850,461,-50.0,0.0,2,[0]
0,3,x7fd498302850,462,102.49801935994512,0.0,5,[4]
0,3,x7fd498302850,463,250.0,0.0,2,[0]
0,3,x7fd498302850,464,250.0,0.0,5,[4]
0,3,x7fd498302850,465,-50.0,0.0,2,[0]
0,3,x7fd498302850,466,97.16830380107336,0.0,5,[4]
0,3,x7fd498302850,467,250.0,0.0,2,[0]
0,3,x7fd498302850,468,250.0,0.0,5,[4]
0,3,x7fd498302850,469,-50.0,0.0,2,[0]
0,3,x7fd498302850,470,99.99199441122524,0.0,5,[4]
0,3,x7fd498302850,471,250.0,0.0,2,[0]
0,3,x7fd498302850,472,250.0,0.0,5,[4]
0,3,x7fd498302850,473,-50.0,0.0,2,[0]
0,3,x7fd498302850,474,102.49801935994512,0.0,5,[4]
0,3,x7fd498302850,475,250.0,0.0,2,[0]
0,3,x7fd498302850,476,250.0,0.0,5,[4]
0,3,x7fd498302850,477,-50.0,0.0,2,[0]
0,3,x7fd498302850,478,97.16830380107406,0.0,5,[4]
0,3,x7fd498302850,479,250.0,0.0,2,[0]
0,3,x7fd498302850,480,250.0,0.0,5,[4]
0,3,x7fd498302850,481,650.0,2.0,2,[0]
0,3,x7fd498302850,482,99.99199441122524,0.0,5,[4]
0,3,x7fd498302850,483,250.0,0.0,2,[0]
0,3,x7fd498302850,484,250.0,0.0,5,[4]
0,3,x7fd498302850,485,-50.0,0.0,2,[0]
0,3,x7fd498302850,486,802.4980193599453,2.0,5,[4]
0,3,x7fd498302850,487,250.0,0.0,2,[0]
0,3,x7fd498302850,488,250.0,0.0,5,[4]
0,3,x7fd498302850,489,-50.0,0.0,2,[0]
0,3,x7fd498302850,490,97.16830380107406,0.0,5,[4]
0,3,x7fd498302850,491,250.0,0.0,2,[0]
0,3,x7fd498302850,492,250.0,0.0,5,[4]
0,3,x7fd498302850,493,-50.0,0.0,2,[0]
0,3,x7fd498302850,494,99.99199441122524,0.0,5,[4]
0,3,x7fd498302850,495,250.0,0.0,2,[0]
0,3,x7fd498302850,496,250.0,0.0,5,[4]
0,3,x7fd498302850,497,650.0,2.0,2,[0]
0,3,x7fd498302850,498,102.49801935994512,0.0,5,[4]
0,3,x7fd498302850,499,250.0,0.0,2,[0]
0,3,x7fd498302850,500,250.0,0.0,5,[4]
0,3,x7fd498302850,501,250.0,1.0,2,[0]
0,3,x7fd498302850,502,797.1683038010733,2.0,5,[4]
0,3,x7fd498302850,503,250.0,0.0,2,[0]
0,3,x7fd498302850,504,250.0,0.0,5,[4]
0,3,x7fd498302850,505,250.0,1.0,2,[0]
0,3,x7fd498302850,506,399.9919944112252,1.0,5,[4]
0,3,x7fd498302850,507,250.0,0.0,2,[0]
0,3,x7fd498302850,508,250.0,0.0,5,[4]
0,3,x7fd498302850,509,-50.0,0.0,2,[0]
0,3,x7fd498302850,510,402.4980193599451,1.0,5,[4]
0,3,x7fd498302850,511,250.0,0.0,2,[0]
0,3,x7fd498302850,512,250.0,0.0,4,[4]
0,3,x7fd498302850,513,-50.0,0.0,2,[0]
0,3,x7fd498302850,514,97.16830380107406,0.0,4,[4]
0,3,x7fd498302850,515,250.0,0.0,4,[4]
0,3,x7fd498302850,516,-50.0,0.0,3,[4]
0,3,x7fd498302850,517,250.0,0.0,4,[10]
0,3,x7fd498302850,518,250.0,0.0,3,[4]
0,3,x7fd498302850,519,-50.0,0.0,2,[4]
0,3,x7fd498302850,520,250.0,0.0,2,[4]
0,3,x7fd498302850,521,-50.0,0.0,2,[4]
0,3,x7fd498302850,522,550.0,1.0,3,[10]
0,3,x7fd498302850,523,250.0,0.0,2,[4]
0,3,x7fd498302850,524,250.0,0.0,2,[4]
0,3,x7fd498302850,525,250.0,0.0,4,[4]
0,3,x7fd498302850,526,-50.0,0.0,4,[4]
0,3,x7fd498302850,527,250.0,0.0,3,[4]
0,3,x7fd498302850,528,800.2955108506955,2.0,3,[4]
0,3,x7fd498302850,529,250.0,0.0,2,[4]
0,3,x7fd498302850,530,-50.0,0.0,2,[4]
0,3,x7fd498302850,531,100.29551085069548,0.0,3,[4]
0,3,x7fd498302850,532,250.0,0.0,2,[4]
0,3,x7fd498302850,533,97.16830380107336,0.0,4,[4]
0,3,x7fd498302850,534,250.0,0.0,4,[4]
0,3,x7fd498302850,535,-50.0,0.0,3,[4]
0,3,x7fd498302850,536,250.0,0.0,3,[4]
0,3,x7fd498302850,537,-50.0,0.0,2,[4]
0,3,x7fd498302850,538,250.0,0.0,2,[4]
0,3,x7fd498302850,539,250.0,0.0,2,[10]
0,3,x7fd498302850,540,250.0,0.0,3,[10]
0,3,x7fd498302850,541,950.0,2.0,2,[4]
0,3,x7fd498302850,542,950.0,2.0,2,[10]
0,3,x7fd498302850,543,550.0,1.0,5,[4]
0,3,x7fd498302850,544,-50.0,0.0,2,[0]
0,3,x7fd498302850,545,100.29551085069548,0.0,4,[4]
0,3,x7fd498302850,546,250.0,0.0,4,[4]
0,3,x7fd498302850,547,97.16830380107406,0.0,3,[4]
0,3,x7fd498302850,548,250.0,0.0,4,[10]
0,3,x7fd498302850,549,250.0,0.0,3,[4]
0,3,x7fd498302850,550,99.99199441122524,0.0,5,[4]
0,3,x7fd498302850,551,550.0,1.0,2,[0]
0,3,x7fd498302850,552,250.0,0.0,5,[4]
0,3,x7fd498302850,553,-50.0,0.0,2,[0]
0,3,x7fd498302850,554,102.49801935994512,0.0,5,[4]
0,3,x7fd498302850,555,250.0,0.0,2,[0]
0,3,x7fd498302850,556,550.0,1.0,5,[4]
0,3,x7fd498302850,557,-50.0,0.0,2,[0]
0,3,x7fd498302850,558,97.16830380107336,0.0,5,[4]
0,3,x7fd498302850,559,250.0,0.0,2,[0]
0,3,x7fd498302850,560,250.0,0.0,5,[4]
0,3,x7fd498302850,561,650.0,2.0,2,[0]
0,3,x7fd498302850,562,99.99199441122524,0.0,5,[4]
0,3,x7fd498302850,563,250.0,0.0,2,[0]
0,3,x7fd498302850,564,250.0,0.0,5,[4]
0,3,x7fd498302850,565,250.0,1.0,2,[0]
0,3,x7fd498302850,566,802.4980193599451,2.0,5,[4]
0,3,x7fd498302850,567,550.0,1.0,2,[0]
0,3,x7fd498302850,568,250.0,0.0,5,[4]
0,3,x7fd498302850,569,-50.0,0.0,2,[0]
0,3,x7fd498302850,570,397.16830380107405,1.0,5,[4]
0,3,x7fd498302850,571,250.0,0.0,2,[0]
0,3,x7fd498302850,572,550.0,1.0,5,[4]
0,3,x7fd498302850,573,-50.0,0.0,2,[0]
0,3,x7fd498302850,574,99.99199441122524,0.0,5,[4]
0,3,x7fd498302850,575,250.0,0.0,2,[0]
0,3,x7fd498302850,576,250.0,0.0,5,[4]
0,3,x7fd498302850,577,-50.0,0.0,2,[0]
0,3,x7fd498302850,578,102.49801935994512,0.0,5,[4]
0,3,x7fd498302850,579,250.0,0.0,2,[0]
0,3,x7fd498302850,580,250.0,0.0,5,[4]
0,3,x7fd498302850,581,-50.0,0.0,2,[0]
0,3,x7fd498302850,582,97.16830380107355,0.0,5,[4]
0,3,x7fd498302850,583,950.0,2.0,2,[0]
0,3,x7fd498302850,584,250.0,0.0,5,[4]
0,3,x7fd498302850,585,250.0,1.0,2,[0]
0,3,x7fd498302850,586,99.99199441122524,0.0,5,[4]
0,3,x7fd498302850,587,250.0,0.0,2,[0]
0,3,x7fd498302850,588,950.0,2.0,5,[4]
0,3,x7fd498302850,589,250.0,1.0,2,[0]
0,3,x7fd498302850,590,402.4980193599451,1.0,5,[4]
0,3,x7fd498302850,591,250.0,0.0,2,[0]
0,3,x7fd498302850,592,250.0,0.0,5,[4]
0,3,x7fd498302850,593,-50.0,0.0,2,[0]
0,3,x7fd498302850,594,397.16830380107336,1.0,5,[4]
0,3,x7fd498302850,595,250.0,0.0,2,[0]
0,3,x7fd498302850,596,250.0,0.0,5,[4]
0,3,x7fd498302850,597,650.0,2.0,2,[0]
0,3,x7fd498302850,598,99.99199441122524,0.0,5,[4]
0,3,x7fd498302850,599,550.0,1.0,2,[0]
0,3,x7fd498302850,600,250.0,0.0,5,[4]
0,3,x7fd498302850,601,650.0,2.0,2,[0]
0,3,x7fd498302850,602,802.4980193599448,2.0,5,[4]
0,3,x7fd498302850,603,950.0,2.0,2,[0]
0,3,x7fd498302850,604,550.0,1.0,5,[4]
0,3,x7fd498302850,605,250.0,1.0,2,[0]
0,3,x7fd498302850,606,797.1683038010741,2.0,5,[4]
0,3,x7fd498302850,607,250.0,0.0,2,[0]
0,3,x7fd498302850,608,950.0,2.0,5,[4]
0,3,x7fd498302850,609,-50.0,0.0,2,[0]
0,3,x7fd498302850,610,399.9919944112252,1.0,5,[4]
0,3,x7fd498302850,611,250.0,0.0,2,[0]
0,3,x7fd498302850,612,250.0,0.0,5,[4]
0,3,x7fd498302850,613,-50.0,0.0,2,[0]
0,3,x7fd498302850,614,102.49801935994512,0.0,5,[4]
0,3,x7fd498302850,615,950.0,2.0,2,[0]
0,3,x7fd498302850,616,250.0,0.0,5,[4]
0,3,x7fd498302850,617,-50.0,0.0,2,[0]
0,3,x7fd498302850,618,97.16830380107355,0.0,5,[4]
0,3,x7fd498302850,619,550.0,1.0,2,[0]
0,3,x7fd498302850,620,950.0,2.0,5,[4]
0,3,x7fd498302850,621,-50.0,0.0,2,[0]
0,3,x7fd498302850,622,99.99199441122524,0.0,5,[4]
0,3,x7fd498302850,623,250.0,0.0,2,[0]
0,3,x7fd498302850,624,550.0,1.0,5,[4]
0,3,x7fd498302850,625,-50.0,0.0,2,[0]
0,3,x7fd498302850,626,102.49801935994512,0.0,5,[4]
0,3,x7fd498302850,627,550.0,1.0,2,[0]
0,3,x7fd498302850,628,250.0,0.0,5,[4]
0,3,x7fd498302850,629,-50.0,0.0,2,[0]
0,3,x7fd498302850,630,97.16830380107336,0.0,5,[4]
0,3,x7fd498302850,631,550.0,1.0,2,[0]
0,3,x7fd498302850,632,550.0,1.0,5,[4]
0,3,x7fd498302850,633,-50.0,0.0,2,[0]
0,3,x7fd498302850,634,99.99199441122524,0.0,5,[4]
0,3,x7fd498302850,635,250.0,0.0,2,[0]
0,3,x7fd498302850,636,550.0,1.0,5,[4]
0,3,x7fd498302850,637,650.0,2.0,2,[0]
0,3,x7fd498302850,638,102.49801935994475,0.0,5,[4]
0,3,x7fd498302850,639,250.0,0.0,2,[0]
0,3,x7fd498302850,640,250.0,0.0,5,[4]
0,3,x7fd498302850,641,250.0,1.0,2,[0]
0,3,x7fd498302850,642,797.1683038010741,2.0,5,[4]
0,3,x7fd498302850,643,950.0,2.0,2,[0]
0,3,x7fd498302850,644,250.0,0.0,5,[4]
0,3,x7fd498302850,645,650.0,2.0,2,[0]
0,3,x7fd498302850,646,399.9919944112252,1.0,5,[4]
0,3,x7fd498302850,647,250.0,0.0,2,[0]
0,3,x7fd498302850,648,950.0,2.0,5,[4]
0,3,x7fd498302850,649,250.0,1.0,2,[0]
0,3,x7fd498302850,650,802.4980193599451,2.0,5,[4]
0,3,x7fd498302850,651,250.0,0.0,2,[0]
0,3,x7fd498302850,652,250.0,0.0,5,[4]
0,3,x7fd498302850,653,-50.0,0.0,2,[0]
0,3,x7fd498302850,654,397.16830380107353,1.0,5,[4]
0,3,x7fd498302850,655,250.0,0.0,2,[0]
0,3,x7fd498302850,656,250.0,0.0,5,[4]
0,3,x7fd498302850,657,-50.0,0.0,2,[0]
0,3,x7fd498302850,658,99.99199441122524,0.0,5,[4]
0,3,x7fd498302850,659,250.0,0.0,2,[0]
0,3,x7fd498302850,660,250.0,0.0,5,[4]
0,3,x7fd498302850,661,-50.0,0.0,2,[0]
0,3,x7fd498302850,662,102.49801935994512,0.0,5,[4]
0,3,x7fd498302850,663,250.0,0.0,2,[0]
0,3,x7fd498302850,664,250.0,0.0,5,[4]
0,3,x7fd498302850,665,-50.0,0.0,2,[0]
0,3,x7fd498302850,666,97.16830380107336,0.0,5,[4]
0,3,x7fd498302850,667,950.0,2.0,2,[0]
0,3,x7fd498302850,668,250.0,0.0,5,[4]
0,3,x7fd498302850,669,-50.0,0.0,2,[0]
0,3,x7fd498302850,670,99.99199441122524,0.0,5,[4]
0,3,x7fd498302850,671,250.0,0.0,2,[0]
0,3,x7fd498302850,672,950.0,2.0,5,[4]
0,3,x7fd498302850,673,-50.0,0.0,2,[0]
0,3,x7fd498302850,674,102.49801935994475,0.0,5,[4]
0,3,x7fd498302850,675,250.0,0.0,2,[0]
0,3,x7fd498302850,676,250.0,0.0,5,[4]
0,3,x7fd498302850,677,-50.0,0.0,2,[0]
0,3,x7fd498302850,678,97.16830380107406,0.0,5,[4]
0,3,x7fd498302850,679,250.0,0.0,2,[0]
0,3,x7fd498302850,680,250.0,0.0,5,[4]
0,3,x7fd498302850,681,-50.0,0.0,2,[0]
0,3,x7fd498302850,682,99.99199441122524,0.0,5,[4]
0,3,x7fd498302850,683,250.0,0.0,2,[0]
0,3,x7fd498302850,684,250.0,0.0,5,[4]
0,3,x7fd498302850,685,250.0,1.0,2,[0]
0,3,x7fd498302850,686,102.49801935994512,0.0,5,[4]
0,3,x7fd498302850,687,250.0,0.0,2,[0]
0,3,x7fd498302850,688,250.0,0.0,5,[4]
0,3,x7fd498302850,689,650.0,2.0,2,[0]
0,3,x7fd498302850,690,397.16830380107353,1.0,5,[4]
0,3,x7fd498302850,691,250.0,0.0,2,[0]
0,3,x7fd498302850,692,250.0,0.0,5,[4]
0,3,x7fd498302850,693,250.0,1.0,2,[0]
0,3,x7fd498302850,694,799.9919944112253,2.0,5,[4]
0,3,x7fd498302850,695,250.0,0.0,2,[0]
0,3,x7fd498302850,696,250.0,0.0,5,[4]
0,3,x7fd498302850,697,250.0,1.0,2,[0]
0,3,x7fd498302850,698,402.4980193599451,1.0,5,[4]
0,3,x7fd498302850,699,250.0,0.0,2,[0]
0,3,x7fd498302850,700,250.0,0.0,5,[4]
0,3,x7fd498302850,701,-50.0,0.0,2,[0]
0,3,x7fd498302850,702,397.16830380107336,1.0,5,[4]
0,3,x7fd498302850,703,550.0,1.0,2,[0]
0,3,x7fd498302850,704,250.0,0.0,5,[4]
0,3,x7fd498302850,705,-50.0,0.0,2,[0]
0,3,x7fd498302850,706,-50.0,0.0,4,[4]
0,3,x7fd498302850,707,250.0,0.0,2,[0]
0,3,x7fd498302850,708,550.0,1.0,4,[4]
0,3,x7fd498302850,709,100.29551085069536,0.0,4,[4]
0,3,x7fd498302850,710,250.0,0.0,3,[4]
0,3,x7fd498302850,711,97.16830380107406,0.0,3,[4]
0,3,x7fd498302850,712,250.0,0.0,2,[4]
0,3,x7fd498302850,713,-50.0,0.0,2,[4]
0,3,x7fd498302850,714,250.0,0.0,3,[4]
0,3,x7fd498302850,715,97.16830380107386,0.0,3,[4]
0,3,x7fd498302850,716,250.0,0.0,2,[4]
0,3,x7fd498302850,717,-50.0,0.0,2,[4]
0,3,x7fd498302850,718,950.0,2.0,5,[4]
0,3,x7fd498302850,719,250.0,1.0,2,[0]
0,3,x7fd498302850,720,97.16830380107406,0.0,5,[4]
0,3,x7fd498302850,721,550.0,1.0,2,[0]
0,3,x7fd498302850,722,250.0,0.0,4,[4]
0,3,x7fd498302850,723,399.9919944112252,1.0,5,[4]
0,3,x7fd498302850,724,550.0,1.0,2,[0]
0,3,x7fd498302850,725,550.0,1.0,5,[4]
0,3,x7fd498302850,726,-50.0,0.0,2,[0]
0,3,x7fd498302850,727,102.49801935994425,0.0,5,[4]
0,3,x7fd498302850,728,250.0,0.0,2,[0]
0,3,x7fd498302850,729,550.0,1.0,5,[4]
0,3,x7fd498302850,730,650.0,2.0,2,[0]
0,3,x7fd498302850,731,97.16830380107406,0.0,5,[4]
0,3,x7fd498302850,732,250.0,0.0,2,[0]
0,3,x7fd498302850,733,250.0,0.0,5,[4]
0,3,x7fd498302850,734,-50.0,0.0,2,[0]
0,3,x7fd498302850,735,799.9919944112253,2.0,5,[4]
0,3,x7fd498302850,736,550.0,1.0,2,[0]
0,3,x7fd498302850,737,250.0,0.0,5,[4]
0,3,x7fd498302850,738,-50.0,0.0,2,[0]
0,3,x7fd498302850,739,102.49801935994498,0.0,5,[4]
0,3,x7fd498302850,740,250.0,0.0,2,[0]
0,3,x7fd498302850,741,550.0,1.0,4,[4]
0,3,x7fd498302850,742,97.16830380107304,0.0,4,[4]
0,3,x7fd498302850,743,250.0,0.0,3,[4]
0,3,x7fd498302850,744,-50.0,0.0,3,[4]
0,3,x7fd498302850,745,550.0,1.0,2,[4]
0,3,x7fd498302850,746,-50.0,0.0,2,[4]
0,3,x7fd498302850,747,-50.0,0.0,2,[4]
0,3,x7fd498302850,748,250.0,0.0,3,[4]
0,3,x7fd498302850,749,800.2955108506955,2.0,3,[4]
0,3,x7fd498302850,750,250.0,0.0,2,[4]
0,3,x7fd498302850,751,-50.0,0.0,2,[4]
0,3,x7fd498302850,752,250.0,0.0,5,[4]
0,3,x7fd498302850,753,-50.0,0.0,2,[0]
0,3,x7fd498302850,754,-50.0,0.0,4,[4]
0,3,x7fd498302850,755,250.0,0.0,5,[4]
0,3,x7fd498302850,756,-50.0,0.0,2,[0]
0,3,x7fd498302850,757,102.49801935994498,0.0,5,[4]
0,3,x7fd498302850,758,550.0,1.0,2,[0]
0,3,x7fd498302850,759,250.0,0.0,5,[4]
0,3,x7fd498302850,760,-50.0,0.0,2,[0]
0,3,x7fd498302850,761,97.16830380107265,0.0,4,[4]
0,3,x7fd498302850,762,550.0,1.0,4,[4]
0,3,x7fd498302850,763,-50.0,0.0,3,[4]
0,3,x7fd498302850,764,250.0,0.0,3,[4]
0,3,x7fd498302850,765,100.29551085069548,0.0,3,[4]
0,3,x7fd498302850,766,250.0,0.0,2,[4]
0,3,x7fd498302850,767,650.0,2.0,2,[4]
0,3,x7fd498302850,768,100.29551085069548,0.0,4,[4]
0,3,x7fd498302850,769,250.0,0.0,3,[4]
0,3,x7fd498302850,770,97.16830380107406,0.0,5,[4]
0,3,x7fd498302850,771,250.0,0.0,2,[0]
0,3,x7fd498302850,772,950.0,2.0,5,[4]
0,3,x7fd498302850,773,-50.0,0.0,2,[0]
0,3,x7fd498302850,774,99.99199441122524,0.0,5,[4]
0,3,x7fd498302850,775,250.0,0.0,2,[0]
0,3,x7fd498302850,776,250.0,0.0,5,[4]
0,3,x7fd498302850,777,250.0,1.0,2,[0]
0,3,x7fd498302850,778,102.49801935994498,0.0,5,[4]
0,3,x7fd498302850,779,250.0,0.0,2,[0]
0,3,x7fd498302850,780,250.0,0.0,5,[4]
0,3,x7fd498302850,781,-50.0,0.0,2,[0]
0,3,x7fd498302850,782,397.1683038010727,1.0,5,[4]
0,3,x7fd498302850,783,950.0,2.0,2,[0]
0,3,x7fd498302850,784,250.0,0.0,5,[4]
0,3,x7fd498302850,785,250.0,1.0,2,[0]
0,3,x7fd498302850,786,99.99199441122524,0.0,5,[4]
0,3,x7fd498302850,787,550.0,1.0,2,[0]
0,3,x7fd498302850,788,950.0,2.0,5,[4]
0,3,x7fd498302850,789,650.0,2.0,2,[0]
0,3,x7fd498302850,790,402.49801935994526,1.0,5,[4]
0,3,x7fd498302850,791,250.0,0.0,2,[0]
0,3,x7fd498302850,792,550.0,1.0,5,[4]
0,3,x7fd498302850,793,650.0,2.0,2,[0]
0,3,x7fd498302850,794,797.1683038010741,2.0,5,[4]
0,3,x7fd498302850,795,250.0,0.0,2,[0]
0,3,x7fd498302850,796,250.0,0.0,5,[4]
0,3,x7fd498302850,797,250.0,1.0,2,[0]
0,3,x7fd498302850,798,650.0,2.0,4,[4]
0,3,x7fd498302850,799,250.0,0.0,4,[4]
0,3,x7fd498302850,800,400.2955108506955,1.0,3,[4]
0,3,x7fd498302850,801,250.0,0.0,3,[4]
0,3,x7fd498302850,802,-50.0,0.0,2,[4]
0,3,x7fd498302850,803,950.0,2.0,5,[4]
0,3,x7fd498302850,804,-50.0,0.0,2,[0]
0,3,x7fd498302850,805,99.99199441122524,0.0,5,[4]
0,3,x7fd498302850,806,250.0,0.0,2,[0]
0,3,x7fd498302850,807,250.0,0.0,4,[4]
0,3,x7fd498302850,808,100.29551085069548,0.0,4,[4]
0,3,x7fd498302850,809,250.0,0.0,3,[4]
0,3,x7fd498302850,810,97.16830380107265,0.0,3,[4]
0,3,x7fd498302850,811,250.0,0.0,4,[10]
0,3,x7fd498302850,812,250.0,0.0,3,[4]
0,3,x7fd498302850,813,399.9919944112252,1.0,5,[4]
0,3,x7fd498302850,814,250.0,0.0,2,[0]
0,3,x7fd498302850,815,950.0,2.0,5,[4]
0,3,x7fd498302850,816,-50.0,0.0,2,[0]
0,3,x7fd498302850,817,802.4980193599453,2.0,5,[4]
0,3,x7fd498302850,818,550.0,1.0,2,[0]
0,3,x7fd498302850,819,250.0,0.0,4,[4]
0,3,x7fd498302850,820,97.16830380107406,0.0,4,[4]
0,3,x7fd498302850,821,550.0,1.0,3,[4]
0,3,x7fd498302850,822,-50.0,0.0,3,[4]
0,3,x7fd498302850,823,250.0,0.0,2,[4]
0,3,x7fd498302850,824,650.0,2.0,2,[4]
0,3,x7fd498302850,825,950.0,2.0,2,[4]
0,3,x7fd498302850,826,950.0,2.0,2,[10]
0,3,x7fd498302850,827,-50.0,0.0,2,[4]
0,3,x7fd498302850,828,250.0,0.0,2,[4]
0,3,x7fd498302850,829,250.0,0.0,2,[10]
0,3,x7fd498302850,830,-50.0,0.0,3,[4]
0,3,x7fd498302850,831,250.0,0.0,3,[4]
0,3,x7fd498302850,832,-50.0,0.0,2,[4]
0,3,x7fd498302850,833,250.0,0.0,2,[4]
0,3,x7fd498302850,834,-50.0,0.0,3,[4]
0,3,x7fd498302850,835,250.0,0.0,3,[4]
0,3,x7fd498302850,836,250.0,1.0,2,[4]
0,3,x7fd498302850,837,250.0,0.0,2,[4]
0,3,x7fd498302850,838,250.0,1.0,3,[4]
0,3,x7fd498302850,839,250.0,0.0,3,[4]
0,3,x7fd498302850,840,-50.0,0.0,2,[4]
0,3,x7fd498302850,841,250.0,0.0,3,[10]
0,3,x7fd498302850,842,950.0,2.0,2,[4]
0,3,x7fd498302850,843,650.0,2.0,4,[4]
0,3,x7fd498302850,844,250.0,0.0,3,[4]
0,3,x7fd498302850,845,100.29551085069548,0.0,3,[4]
0,3,x7fd498302850,846,250.0,0.0,4,[10]
0,3,x7fd498302850,847,250.0,0.0,3,[4]
0,3,x7fd498302850,848,-50.0,0.0,2,[4]
0,3,x7fd498302850,849,550.0,1.0,5,[4]
0,3,x7fd498302850,850,-50.0,0.0,2,[0]
0,3,x7fd498302850,851,-50.0,0.0,4,[4]
0,3,x7fd498302850,852,250.0,0.0,4,[4]
0,3,x7fd498302850,853,100.29551085069548,0.0,3,[4]
0,3,x7fd498302850,854,250.0,0.0,3,[4]
0,3,x7fd498302850,855,397.16830380107405,1.0,3,[4]
0,3,x7fd498302850,856,950.0,2.0,2,[4]
0,3,x7fd498302850,857,399.86682317018665,1.0,3,[10]
0,3,x7fd498302850,858,250.0,1.0,2,[4]
0,3,x7fd498302850,859,99.86682317018646,0.0,4,[10]
0,3,x7fd498302850,860,650.0,2.0,3,[4]
0,3,x7fd498302850,861,250.0,0.0,2,[4]
0,3,x7fd498302850,862,650.0,2.0,3,[10]
0,3,x7fd498302850,863,-50.0,0.0,2,[4]
0,3,x7fd498302850,864,-50.0,0.0,2,[4]
0,3,x7fd498302850,865,250.0,0.0,2,[4]
0,3,x7fd498302850,866,-50.0,0.0,2,[4]
0,3,x7fd498302850,867,250.0,0.0,2,[4]
0,3,x7fd498302850,868,-50.0,0.0,2,[4]
0,3,x7fd498302850,869,250.0,0.0,4,[4]
0,3,x7fd498302850,870,97.16830380107265,0.0,4,[4]
0,3,x7fd498302850,871,250.0,0.0,3,[4]
0,3,x7fd498302850,872,99.86682317018646,0.0,4,[10]
0,3,x7fd498302850,873,-50.0,0.0,3,[4]
0,3,x7fd498302850,874,950.0,2.0,2,[4]
0,3,x7fd498302850,875,250.0,1.0,2,[4]
0,3,x7fd498302850,876,97.16830380107406,0.0,5,[4]
0,3,x7fd498302850,877,250.0,0.0,2,[0]
0,3,x7fd498302850,878,250.0,0.0,5,[4]
0,3,x7fd498302850,879,-50.0,0.0,2,[0]
0,3,x7fd498302850,880,-50.0,0.0,4,[4]
0,3,x7fd498302850,881,250.0,0.0,4,[4]
0,3,x7fd498302850,882,100.29551085069548,0.0,3,[4]
0,3,x7fd498302850,883,250.0,0.0,3,[4]
0,3,x7fd498302850,884,97.16830380107406,0.0,3,[4]
0,3,x7fd498302850,885,250.0,0.0,2,[4]
0,3,x7fd498302850,886,99.86682317018662,0.0,3,[10]
0,3,x7fd498302850,887,-50.0,0.0,2,[4]
0,3,x7fd498302850,888,250.0,0.0,2,[4]
0,3,x7fd498302850,889,250.0,1.0,2,[4]
0,3,x7fd498302850,890,797.1683038010726,2.0,3,[4]
0,3,x7fd498302850,891,550.0,1.0,5,[4]
0,3,x7fd498302850,892,-50.0,0.0,2,[0]
0,3,x7fd498302850,893,99.99199441122524,0.0,5,[4]
0,3,x7fd498302850,894,950.0,2.0,2,[0]
0,3,x7fd498302850,895,250.0,0.0,5,[4]
0,3,x7fd498302850,896,-50.0,0.0,2,[0]
0,3,x7fd498302850,897,102.49801935994525,0.0,5,[4]
0,3,x7fd498302850,898,950.0,2.0,2,[0]
0,3,x7fd498302850,899,950.0,2.0,5,[4]
0,3,x7fd498302850,900,-50.0,0.0,2,[0]
0,3,x7fd498302850,901,97.16830380107406,0.0,5,[4]
0,3,x7fd498302850,902,250.0,0.0,2,[0]
0,3,x7fd498302850,903,950.0,2.0,5,[4]
0,3,x7fd498302850,904,-50.0,0.0,2,[0]
0,3,x7fd498302850,905,99.99199441122524,0.0,5,[4]
0,3,x7fd498302850,906,250.0,0.0,2,[0]
0,3,x7fd498302850,907,250.0,0.0,5,[4]
0,3,x7fd498302850,908,-50.0,0.0,2,[0]
0,3,x7fd498302850,909,102.49801935994525,0.0,5,[4]
0,3,x7fd498302850,910,250.0,0.0,2,[0]
0,3,x7fd498302850,911,250.0,0.0,5,[4]
0,3,x7fd498302850,912,-50.0,0.0,2,[0]
0,3,x7fd498302850,913,97.16830380107406,0.0,5,[4]
0,3,x7fd498302850,914,250.0,0.0,2,[0]
0,3,x7fd498302850,915,250.0,0.0,4,[4]
0,3,x7fd498302850,916,-50.0,0.0,4,[4]
0,3,x7fd498302850,917,250.0,0.0,3,[4]
0,3,x7fd498302850,918,102.49801935994498,0.0,5,[4]
0,3,x7fd498302850,919,250.0,0.0,2,[0]
0,3,x7fd498302850,920,250.0,0.0,5,[4]
0,3,x7fd498302850,921,-50.0,0.0,2,[0]
0,3,x7fd498302850,922,97.16830380107265,0.0,5,[4]
0,3,x7fd498302850,923,250.0,0.0,2,[0]
0,3,x7fd498302850,924,250.0,0.0,4,[4]
0,3,x7fd498302850,925,-50.0,0.0,2,[0]
0,3,x7fd498302850,926,99.99199441122524,0.0,5,[4]
0,3,x7fd498302850,927,950.0,2.0,2,[0]
0,3,x7fd498302850,928,250.0,0.0,5,[4]
0,3,x7fd498302850,929,-50.0,0.0,2,[0]
0,3,x7fd498302850,930,102.49801935994525,0.0,5,[4]
0,3,x7fd498302850,931,250.0,0.0,2,[0]
0,3,x7fd498302850,932,950.0,2.0,5,[4]
0,3,x7fd498302850,933,-50.0,0.0,2,[0]
0,3,x7fd498302850,934,97.16830380107406,0.0,5,[4]
0,3,x7fd498302850,935,250.0,0.0,2,[0]
0,3,x7fd498302850,936,250.0,0.0,5,[4]
0,3,x7fd498302850,937,-50.0,0.0,2,[0]
0,3,x7fd498302850,938,99.99199441122524,0.0,5,[4]
0,3,x7fd498302850,939,250.0,0.0,2,[0]
0,3,x7fd498302850,940,250.0,0.0,5,[4]
0,3,x7fd498302850,941,-50.0,0.0,2,[0]
0,3,x7fd498302850,942,102.49801935994525,0.0,5,[4]
0,3,x7fd498302850,943,250.0,0.0,2,[0]
0,3,x7fd498302850,944,250.0,0.0,5,[4]
0,3,x7fd498302850,945,650.0,2.0,2,[0]
0,3,x7fd498302850,946,97.16830380107406,0.0,5,[4]
0,3,x7fd498302850,947,250.0,0.0,2,[0]
0,3,x7fd498302850,948,250.0,0.0,5,[4]
0,3,x7fd498302850,949,-50.0,0.0,2,[0]
0,3,x7fd498302850,950,799.9919944112253,2.0,5,[4]
0,3,x7fd498302850,951,550.0,1.0,2,[0]
0,3,x7fd498302850,952,250.0,0.0,5,[4]
0,3,x7fd498302850,953,250.0,1.0,2,[0]
0,3,x7fd498302850,954,102.49801935994498,0.0,5,[4]
0,3,x7fd498302850,955,250.0,0.0,2,[0]
0,3,x7fd498302850,956,550.0,1.0,5,[4]
0,3,x7fd498302850,957,-50.0,0.0,2,[0]
0,3,x7fd498302850,958,397.1683038010727,1.0,5,[4]
0,3,x7fd498302850,959,250.0,0.0,2,[0]
0,3,x7fd498302850,960,250.0,0.0,5,[4]
0,3,x7fd498302850,961,-50.0,0.0,2,[0]
0,3,x7fd498302850,962,99.99199441122524,0.0,5,[4]
0,3,x7fd498302850,963,250.0,0.0,2,[0]
0,3,x7fd498302850,964,250.0,0.0,5,[4]
0,3,x7fd498302850,965,-50.0,0.0,2,[0]
0,3,x7fd498302850,966,102.49801935994525,0.0,5,[4]
0,3,x7fd498302850,967,250.0,0.0,2,[0]
0,3,x7fd498302850,968,250.0,0.0,5,[4]
0,3,x7fd498302850,969,650.0,2.0,2,[0]
0,3,x7fd498302850,970,97.16830380107406,0.0,5,[4]
0,3,x7fd498302850,971,550.0,1.0,2,[0]
0,3,x7fd498302850,972,250.0,0.0,5,[4]
0,3,x7fd498302850,973,-50.0,0.0,2,[0]
0,3,x7fd498302850,974,799.9919944112253,2.0,5,[4]
0,3,x7fd498302850,975,550.0,1.0,2,[0]
0,3,x7fd498302850,976,550.0,1.0,5,[4]
0,3,x7fd498302850,977,250.0,1.0,2,[0]
0,3,x7fd498302850,978,102.49801935994525,0.0,5,[4]
0,3,x7fd498302850,979,250.0,0.0,2,[0]
0,3,x7fd498302850,980,550.0,1.0,5,[4]
0,3,x7fd498302850,981,-50.0,0.0,2,[0]
0,3,x7fd498302850,982,397.16830380107405,1.0,5,[4]
0,3,x7fd498302850,983,550.0,1.0,2,[0]
0,3,x7fd498302850,984,250.0,0.0,5,[4]
0,3,x7fd498302850,985,-50.0,0.0,2,[0]
0,3,x7fd498302850,986,99.99199441122524,0.0,5,[4]
0,3,x7fd498302850,987,250.0,0.0,2,[0]
0,3,x7fd498302850,988,550.0,1.0,5,[4]
0,3,x7fd498302850,989,-50.0,0.0,2,[0]
0,3,x7fd498302850,990,102.49801935994498,0.0,5,[4]
0,3,x7fd498302850,991,250.0,0.0,2,[0]
0,3,x7fd498302850,992,250.0,0.0,5,[4]
0,3,x7fd498302850,993,-50.0,0.0,2,[0]
0,3,x7fd498302850,994,97.16830380107265,0.0,5,[4]
0,3,x7fd498302850,995,250.0,0.0,2,[0]
0,3,x7fd498302850,996,250.0,0.0,5,[4]
0,3,x7fd498302850,997,-50.0,0.0,2,[0]
0,3,x7fd498302850,998,99.99199441122524,0.0,5,[4]
0,3,x7fd498302850,999,250.0,0.0,2,[0]
0,3,x7fd498302850,1000,250.0,0.0,5,[4]
0,3,x7fd498302850,1001,-50.0,0.0,2,[0]
0,3,x7fd498302850,1002,102.49801935994525,0.0,5,[4]
0,3,x7fd498302850,1003,250.0,0.0,2,[0]
0,3,x7fd498302850,1004,250.0,0.0,5,[4]
0,3,x7fd498302850,1005,-50.0,0.0,2,[0]
0,3,x7fd498302850,1006,97.16830380107406,0.0,5,[4]
0,3,x7fd498302850,1007,550.0,1.0,2,[0]
0,3,x7fd498302850,1008,250.0,0.0,5,[4]
0,3,x7fd498302850,1009,-50.0,0.0,2,[0]
0,3,x7fd498302850,1010,99.99199441122524,0.0,5,[4]
0,3,x7fd498302850,1011,250.0,0.0,2,[0]
0,3,x7fd498302850,1012,550.0,1.0,5,[4]
0,3,x7fd498302850,1013,-50.0,0.0,2,[0]
0,3,x7fd498302850,1014,102.49801935994525,0.0,5,[4]
0,3,x7fd498302850,1015,250.0,0.0,2,[0]
0,3,x7fd498302850,1016,250.0,0.0,5,[4]
0,3,x7fd498302850,1017,250.0,1.0,2,[0]
0,3,x7fd498302850,1018,97.16830380107406,0.0,5,[4]
0,3,x7fd498302850,1019,250.0,0.0,2,[0]
0,3,x7fd498302850,1020,250.0,0.0,5,[4]
0,3,x7fd498302850,1021,-50.0,0.0,2,[0]
0,3,x7fd498302850,1022,399.9919944112252,1.0,5,[4]
0,3,x7fd498302850,1023,250.0,0.0,2,[0]
0,3,x7fd498302850,1024,250.0,0.0,5,[4]
0,3,x7fd498302850,1025,-50.0,0.0,2,[0]
0,3,x7fd498302850,1026,102.49801935994498,0.0,5,[4]
0,3,x7fd498302850,1027,250.0,0.0,2,[0]
0,3,x7fd498302850,1028,250.0,0.0,5,[4]
0,3,x7fd498302850,1029,250.0,1.0,2,[0]
0,3,x7fd498302850,1030,97.16830380107265,0.0,5,[4]
0,3,x7fd498302850,1031,550.0,1.0,2,[0]
0,3,x7fd498302850,1032,250.0,0.0,5,[4]
0,3,x7fd498302850,1033,-50.0,0.0,2,[0]
0,3,x7fd498302850,1034,399.9919944112252,1.0,5,[4]
0,3,x7fd498302850,1035,250.0,0.0,2,[0]
0,3,x7fd498302850,1036,550.0,1.0,5,[4]
0,3,x7fd498302850,1037,250.0,1.0,2,[0]
0,3,x7fd498302850,1038,102.49801935994525,0.0,5,[4]
0,3,x7fd498302850,1039,250.0,0.0,2,[0]
0,3,x7fd498302850,1040,250.0,0.0,5,[4]
0,3,x7fd498302850,1041,-50.0,0.0,2,[0]
0,3,x7fd498302850,1042,397.16830380107405,1.0,5,[4]
0,3,x7fd498302850,1043,250.0,0.0,2,[0]
0,3,x7fd498302850,1044,250.0,0.0,5,[4]
0,3,x7fd498302850,1045,-50.0,0.0,2,[0]
0,3,x7fd498302850,1046,99.99199441122524,0.0,5,[4]
0,3,x7fd498302850,1047,250.0,0.0,2,[0]
0,3,x7fd498302850,1048,250.0,0.0,5,[4]
0,3,x7fd498302850,1049,-50.0,0.0,2,[0]
0,3,x7fd498302850,1050,102.49801935994525,0.0,5,[4]
0,3,x7fd498302850,1051,250.0,0.0,2,[0]
0,3,x7fd498302850,1052,250.0,0.0,5,[4]
0,3,x7fd498302850,1053,-50.0,0.0,2,[0]
0,3,x7fd498302850,1054,97.16830380107406,0.0,5,[4]
0,3,x7fd498302850,1055,950.0,2.0,2,[0]
0,3,x7fd498302850,1056,250.0,0.0,5,[4]
0,3,x7fd498302850,1057,-50.0,0.0,2,[0]
0,3,x7fd498302850,1058,99.99199441122524,0.0,5,[4]
0,3,x7fd498302850,1059,250.0,0.0,2,[0]
0,3,x7fd498302850,1060,950.0,2.0,5,[4]
0,3,x7fd498302850,1061,-50.0,0.0,2,[0]
0,3,x7fd498302850,1062,102.49801935994498,0.0,5,[4]
0,3,x7fd498302850,1063,250.0,0.0,2,[0]
0,3,x7fd498302850,1064,250.0,0.0,5,[4]
0,3,x7fd498302850,1065,650.0,2.0,2,[0]
0,3,x7fd498302850,1066,97.16830380107265,0.0,5,[4]
0,3,x7fd498302850,1067,250.0,0.0,2,[0]
0,3,x7fd498302850,1068,250.0,0.0,5,[4]
0,3,x7fd498302850,1069,-50.0,0.0,2,[0]
0,3,x7fd498302850,1070,799.9919944112253,2.0,5,[4]
0,3,x7fd498302850,1071,250.0,0.0,2,[0]
0,3,x7fd498302850,1072,250.0,0.0,5,[4]
0,3,x7fd498302850,1073,-50.0,0.0,2,[0]
0,3,x7fd498302850,1074,102.49801935994525,0.0,5,[4]
0,3,x7fd498302850,1075,250.0,0.0,2,[0]
0,3,x7fd498302850,1076,250.0,0.0,5,[4]
0,3,x7fd498302850,1077,650.0,2.0,2,[0]
0,3,x7fd498302850,1078,97.16830380107406,0.0,5,[4]
0,3,x7fd498302850,1079,250.0,0.0,2,[0]
0,3,x7fd498302850,1080,250.0,0.0,5,[4]
0,3,x7fd498302850,1081,-50.0,0.0,2,[0]
0,3,x7fd498302850,1082,799.9919944112253,2.0,5,[4]
0,3,x7fd498302850,1083,250.0,0.0,2,[0]
0,3,x7fd498302850,1084,250.0,0.0,5,[4]
0,3,x7fd498302850,1085,-50.0,0.0,2,[0]
0,3,x7fd498302850,1086,102.49801935994525,0.0,5,[4]
0,3,x7fd498302850,1087,250.0,0.0,2,[0]
0,3,x7fd498302850,1088,250.0,0.0,5,[4]
0,3,x7fd498302850,1089,-50.0,0.0,2,[0]
0,3,x7fd498302850,1090,97.16830380107406,0.0,5,[4]
0,3,x7fd498302850,1091,950.0,2.0,2,[0]
0,3,x7fd498302850,1092,250.0,0.0,5,[4]
0,3,x7fd498302850,1093,650.0,2.0,2,[0]
0,3,x7fd498302850,1094,99.99199441122524,0.0,5,[4]
0,3,x7fd498302850,1095,250.0,0.0,2,[0]
0,3,x7fd498302850,1096,950.0,2.0,5,[4]
0,3,x7fd498302850,1097,-50.0,0.0,2,[0]
0,3,x7fd498302850,1098,802.4980193599449,2.0,5,[4]
0,3,x7fd498302850,1099,250.0,0.0,2,[0]
0,3,x7fd498302850,1100,250.0,0.0,5,[4]
0,3,x7fd498302850,1101,-50.0,0.0,2,[0]
0,3,x7fd498302850,1102,97.16830380107265,0.0,5,[4]
0,3,x7fd498302850,1103,250.0,0.0,2,[0]
0,3,x7fd498302850,1104,250.0,0.0,5,[4]
0,3,x7fd498302850,1105,-50.0,0.0,2,[0]
0,3,x7fd498302850,1106,99.99199441122524,0.0,5,[4]
0,3,x7fd498302850,1107,250.0,0.0,2,[0]
0,3,x7fd498302850,1108,250.0,0.0,5,[4]
0,3,x7fd498302850,1109,-50.0,0.0,2,[0]
0,3,x7fd498302850,1110,102.49801935994525,0.0,5,[4]
0,3,x7fd498302850,1111,250.0,0.0,2,[0]
0,3,x7fd498302850,1112,250.0,0.0,5,[4]
0,3,x7fd498302850,1113,-50.0,0.0,2,[0]
0,3,x7fd498302850,1114,97.16830380107406,0.0,5,[4]
0,3,x7fd498302850,1115,950.0,2.0,2,[0]
0,3,x7fd498302850,1116,250.0,0.0,5,[4]
0,3,x7fd498302850,1117,650.0,2.0,2,[0]
0,3,x7fd498302850,1118,99.99199441122524,0.0,5,[4]
0,3,x7fd498302850,1119,250.0,0.0,2,[0]
0,3,x7fd498302850,1120,950.0,2.0,5,[4]
0,3,x7fd498302850,1121,-50.0,0.0,2,[0]
0,3,x7fd498302850,1122,802.4980193599453,2.0,5,[4]
0,3,x7fd498302850,1123,950.0,2.0,2,[0]
0,3,x7fd498302850,1124,250.0,0.0,5,[4]
0,3,x7fd498302850,1125,-50.0,0.0,2,[0]
0,3,x7fd498302850,1126,97.16830380107406,0.0,5,[4]
0,3,x7fd498302850,1127,250.0,0.0,2,[0]
0,3,x7fd498302850,1128,950.0,2.0,5,[4]
0,3,x7fd498302850,1129,250.0,1.0,2,[0]
0,3,x7fd498302850,1130,99.99199441122524,0.0,5,[4]
0,3,x7fd498302850,1131,250.0,0.0,2,[0]
0,3,x7fd498302850,1132,250.0,0.0,5,[4]
0,3,x7fd498302850,1133,-50.0,0.0,2,[0]
0,3,x7fd498302850,1134,402.498019359945,1.0,5,[4]
0,3,x7fd498302850,1135,250.0,0.0,2,[0]
0,3,x7fd498302850,1136,250.0,0.0,5,[4]
0,3,x7fd498302850,1137,-50.0,0.0,2,[0]
0,3,x7fd498302850,1138,97.16830380107265,0.0,5,[4]
0,3,x7fd498302850,1139,250.0,0.0,2,[0]
0,3,x7fd498302850,1140,250.0,0.0,5,[4]
0,3,x7fd498302850,1141,-50.0,0.0,2,[0]
0,3,x7fd498302850,1142,99.99199441122524,0.0,5,[4]
0,3,x7fd498302850,1143,950.0,2.0,2,[0]
0,3,x7fd498302850,1144,250.0,0.0,5,[4]
0,3,x7fd498302850,1145,-50.0,0.0,2,[0]
0,3,x7fd498302850,1146,102.49801935994525,0.0,5,[4]
0,3,x7fd498302850,1147,550.0,1.0,2,[0]
0,3,x7fd498302850,1148,950.0,2.0,5,[4]
0,3,x7fd498302850,1149,-50.0,0.0,2,[0]
0,3,x7fd498302850,1150,97.16830380107406,0.0,5,[4]
0,3,x7fd498302850,1151,250.0,0.0,2,[0]
0,3,x7fd498302850,1152,550.0,1.0,5,[4]
0,3,x7fd498302850,1153,-50.0,0.0,2,[0]
0,3,x7fd498302850,1154,99.99199441122524,0.0,5,[4]
0,3,x7fd498302850,1155,250.0,0.0,2,[0]
0,3,x7fd498302850,1156,250.0,0.0,5,[4]
0,3,x7fd498302850,1157,-50.0,0.0,2,[0]
0,3,x7fd498302850,1158,102.49801935994525,0.0,5,[4]
0,3,x7fd498302850,1159,550.0,1.0,2,[0]
0,3,x7fd498302850,1160,250.0,0.0,5,[4]
0,3,x7fd498302850,1161,250.0,1.0,2,[0]
0,3,x7fd498302850,1162,97.16830380107406,0.0,5,[4]
0,3,x7fd498302850,1163,250.0,0.0,2,[0]
0,3,x7fd498302850,1164,550.0,1.0,5,[4]
0,3,x7fd498302850,1165,-50.0,0.0,2,[0]
0,3,x7fd498302850,1166,399.9919944112252,1.0,5,[4]
0,3,x7fd498302850,1167,250.0,0.0,2,[0]
0,3,x7fd498302850,1168,250.0,0.0,5,[4]
0,3,x7fd498302850,1169,-50.0,0.0,2,[0]
0,3,x7fd498302850,1170,102.49801935994498,0.0,5,[4]
0,3,x7fd498302850,1171,250.0,0.0,2,[0]
0,3,x7fd498302850,1172,250.0,0.0,5,[4]
0,3,x7fd498302850,1173,-50.0,0.0,2,[0]
0,3,x7fd498302850,1174,97.16830380107265,0.0,5,[4]
0,3,x7fd498302850,1175,250.0,0.0,2,[0]
0,3,x7fd498302850,1176,250.0,0.0,5,[4]
0,3,x7fd498302850,1177,-50.0,0.0,2,[0]
0,3,x7fd498302850,1178,99.99199441122524,0.0,5,[4]
0,3,x7fd498302850,1179,250.0,0.0,2,[0]
0,3,x7fd498302850,1180,250.0,0.0,5,[4]
0,3,x7fd498302850,1181,-50.0,0.0,2,[0]
0,3,x7fd498302850,1182,102.49801935994525,0.0,5,[4]
0,3,x7fd498302850,1183,250.0,0.0,2,[0]
0,3,x7fd498302850,1184,250.0,0.0,5,[4]
0,3,x7fd498302850,1185,250.0,1.0,2,[0]
0,3,x7fd498302850,1186,97.16830380107406,0.0,5,[4]
0,3,x7fd498302850,1187,250.0,0.0,2,[0]
0,3,x7fd498302850,1188,250.0,0.0,5,[4]
0,3,x7fd498302850,1189,-50.0,0.0,2,[0]
0,3,x7fd498302850,1190,399.9919944112252,1.0,5,[4]
0,3,x7fd498302850,1191,250.0,0.0,2,[0]
0,3,x7fd498302850,1192,250.0,0.0,5,[4]
0,3,x7fd498302850,1193,-50.0,0.0,2,[0]
0,3,x7fd498302850,1194,102.49801935994525,0.0,5,[4]
0,3,x7fd498302850,1195,250.0,0.0,2,[0]
0,3,x7fd498302850,1196,250.0,0.0,5,[4]
0,3,x7fd498302850,1197,-50.0,0.0,2,[0]
0,3,x7fd498302850,1198,97.16830380107406,0.0,5,[4]
0,3,x7fd498302850,1199,250.0,0.0,2,[0]
0,3,x7fd498302850,1200,250.0,0.0,5,[4]
0,3,x7fd498302850,1201,-50.0,0.0,2,[0]
0,3,x7fd498302850,1202,99.99199441122524,0.0,5,[4]
0,3,x7fd498302850,1203,250.0,0.0,2,[0]
0,3,x7fd498302850,1204,250.0,0.0,5,[4]
0,3,x7fd498302850,1205,-50.0,0.0,2,[0]
0,3,x7fd498302850,1206,102.49801935994498,0.0,5,[4]
0,3,x7fd498302850,1207,250.0,0.0,2,[0]
0,3,x7fd498302850,1208,250.0,0.0,5,[4]
0,3,x7fd498302850,1209,-50.0,0.0,2,[0]
0,3,x7fd498302850,1210,97.16830380107265,0.0,5,[4]
0,3,x7fd498302850,1211,250.0,0.0,2,[0]
0,3,x7fd498302850,1212,250.0,0.0,5,[4]
0,3,x7fd498302850,1213,250.0,1.0,2,[0]
0,3,x7fd498302850,1214,99.99199441122524,0.0,5,[4]
0,3,x7fd498302850,1215,250.0,0.0,2,[0]
0,3,x7fd498302850,1216,250.0,0.0,5,[4]
0,3,x7fd498302850,1217,-50.0,0.0,2,[0]
0,3,x7fd498302850,1218,402.49801935994526,1.0,5,[4]
0,3,x7fd498302850,1219,250.0,0.0,2,[0]
0,3,x7fd498302850,1220,250.0,0.0,5,[4]
0,3,x7fd498302850,1221,-50.0,0.0,2,[0]
0,3,x7fd498302850,1222,97.16830380107406,0.0,5,[4]
0,3,x7fd498302850,1223,250.0,0.0,2,[0]
0,3,x7fd498302850,1224,250.0,0.0,5,[4]
0,3,x7fd498302850,1225,-50.0,0.0,2,[0]
0,3,x7fd498302850,1226,99.99199441122524,0.0,5,[4]
0,3,x7fd498302850,1227,250.0,0.0,2,[0]
0,3,x7fd498302850,1228,250.0,0.0,5,[4]
0,3,x7fd498302850,1229,650.0,2.0,2,[0]
0,3,x7fd498302850,1230,102.49801935994525,0.0,5,[4]
0,3,x7fd498302850,1231,250.0,0.0,2,[0]
0,3,x7fd498302850,1232,250.0,0.0,5,[4]
0,3,x7fd498302850,1233,-50.0,0.0,2,[0]
0,3,x7fd498302850,1234,797.1683038010741,2.0,5,[4]
0,3,x7fd498302850,1235,250.0,0.0,2,[0]
0,3,x7fd498302850,1236,250.0,0.0,5,[4]
0,3,x7fd498302850,1237,-50.0,0.0,2,[0]
0,3,x7fd498302850,1238,99.99199441122524,0.0,5,[4]
0,3,x7fd498302850,1239,250.0,0.0,2,[0]
0,3,x7fd498302850,1240,250.0,0.0,5,[4]
0,3,x7fd498302850,1241,650.0,2.0,2,[0]
0,3,x7fd498302850,1242,102.49801935994498,0.0,5,[4]
0,3,x7fd498302850,1243,250.0,0.0,2,[0]
0,3,x7fd498302850,1244,250.0,0.0,5,[4]
0,3,x7fd498302850,1245,-50.0,0.0,2,[0]
0,3,x7fd498302850,1246,797.1683038010726,2.0,5,[4]
0,3,x7fd498302850,1247,250.0,0.0,2,[0]
0,3,x7fd498302850,1248,250.0,0.0,5,[4]
0,3,x7fd498302850,1249,-50.0,0.0,2,[0]
0,3,x7fd498302850,1250,99.99199441122524,0.0,5,[4]
0,3,x7fd498302850,1251,250.0,0.0,2,[0]
0,3,x7fd498302850,1252,250.0,0.0,5,[4]
0,3,x7fd498302850,1253,250.0,1.0,2,[0]
0,3,x7fd498302850,1254,102.49801935994525,0.0,5,[4]
0,3,x7fd498302850,1255,250.0,0.0,2,[0]
0,3,x7fd498302850,1256,250.0,0.0,5,[4]
0,3,x7fd498302850,1257,-50.0,0.0,2,[0]
0,3,x7fd498302850,1258,397.16830380107405,1.0,5,[4]
0,3,x7fd498302850,1259,250.0,0.0,2,[0]
0,3,x7fd498302850,1260,250.0,0.0,5,[4]
0,3,x7fd498302850,1261,-50.0,0.0,2,[0]
0,3,x7fd498302850,1262,99.99199441122524,0.0,5,[4]
0,3,x7fd498302850,1263,250.0,0.0,2,[0]
0,3,x7fd498302850,1264,250.0,0.0,5,[4]
0,3,x7fd498302850,1265,-50.0,0.0,2,[0]
0,3,x7fd498302850,1266,102.49801935994525,0.0,5,[4]
0,3,x7fd498302850,1267,950.0,2.0,2,[0]
0,3,x7fd498302850,1268,250.0,0.0,5,[4]
0,3,x7fd498302850,1269,650.0,2.0,2,[0]
0,3,x7fd498302850,1270,97.16830380107406,0.0,5,[4]
0,3,x7fd498302850,1271,250.0,0.0,2,[0]
0,3,x7fd498302850,1272,950.0,2.0,5,[4]
0,3,x7fd498302850,1273,-50.0,0.0,2,[0]
0,3,x7fd498302850,1274,799.9919944112253,2.0,5,[4]
0,3,x7fd498302850,1275,250.0,0.0,2,[0]
0,3,x7fd498302850,1276,250.0,0.0,5,[4]
0,3,x7fd498302850,1277,250.0,1.0,2,[0]
0,3,x7fd498302850,1278,102.49801935994498,0.0,5,[4]
0,3,x7fd498302850,1279,250.0,0.0,2,[0]
0,3,x7fd498302850,1280,250.0,0.0,5,[4]
0,3,x7fd498302850,1281,-50.0,0.0,2,[0]
0,3,x7fd498302850,1282,397.1683038010727,1.0,5,[4]
0,3,x7fd498302850,1283,250.0,0.0,2,[0]
0,3,x7fd498302850,1284,250.0,0.0,5,[4]
0,3,x7fd498302850,1285,-50.0,0.0,2,[0]
0,3,x7fd498302850,1286,99.99199441122524,0.0,5,[4]
0,3,x7fd498302850,1287,250.0,0.0,2,[0]
0,3,x7fd498302850,1288,250.0,0.0,5,[4]
0,3,x7fd498302850,1289,-50.0,0.0,2,[0]
0,3,x7fd498302850,1290,102.49801935994525,0.0,5,[4]
0,3,x7fd498302850,1291,250.0,0.0,2,[0]
0,3,x7fd498302850,1292,250.0,0.0,5,[4]
0,3,x7fd498302850,1293,250.0,1.0,2,[0]
0,3,x7fd498302850,1294,97.16830380107406,0.0,5,[4]
0,3,x7fd498302850,1295,250.0,0.0,2,[0]
0,3,x7fd498302850,1296,250.0,0.0,5,[4]
0,3,x7fd498302850,1297,-50.0,0.0,2,[0]
0,3,x7fd498302850,1298,399.9919944112252,1.0,5,[4]
0,3,x7fd498302850,1299,550.0,1.0,2,[0]
0,3,x7fd498302850,1300,250.0,0.0,5,[4]
0,3,x7fd498302850,1301,-50.0,0.0,2,[0]
0,3,x7fd498302850,1302,102.49801935994525,0.0,5,[4]
0,3,x7fd498302850,1303,250.0,0.0,2,[0]
0,3,x7fd498302850,1304,550.0,1.0,5,[4]
0,3,x7fd498302850,1305,-50.0,0.0,2,[0]
0,3,x7fd498302850,1306,97.16830380107406,0.0,5,[4]
0,3,x7fd498302850,1307,550.0,1.0,2,[0]
0,3,x7fd498302850,1308,250.0,0.0,5,[4]
0,3,x7fd498302850,1309,-50.0,0.0,2,[0]
0,3,x7fd498302850,1310,99.99199441122524,0.0,5,[4]
0,3,x7fd498302850,1311,250.0,0.0,2,[0]
0,3,x7fd498302850,1312,550.0,1.0,5,[4]
0,3,x7fd498302850,1313,-50.0,0.0,2,[0]
0,3,x7fd498302850,1314,102.49801935994498,0.0,5,[4]
0,3,x7fd498302850,1315,250.0,0.0,2,[0]
0,3,x7fd498302850,1316,250.0,0.0,5,[4]
0,3,x7fd498302850,1317,650.0,2.0,2,[0]
0,3,x7fd498302850,1318,97.16830380107265,0.0,5,[4]
0,3,x7fd498302850,1319,250.0,0.0,2,[0]
0,3,x7fd498302850,1320,250.0,0.0,5,[4]
0,3,x7fd498302850,1321,250.0,1.0,2,[0]
0,3,x7fd498302850,1322,799.9919944112253,2.0,5,[4]
0,3,x7fd498302850,1323,250.0,0.0,2,[0]
0,3,x7fd498302850,1324,250.0,0.0,5,[4]
0,3,x7fd498302850,1325,-50.0,0.0,2,[0]
0,3,x7fd498302850,1326,402.49801935994526,1.0,5,[4]
0,3,x7fd498302850,1327,250.0,0.0,2,[0]
0,3,x7fd498302850,1328,250.0,0.0,5,[4]
0,3,x7fd498302850,1329,650.0,2.0,2,[0]
0,3,x7fd498302850,1330,97.16830380107406,0.0,5,[4]
0,3,x7fd498302850,1331,250.0,0.0,2,[0]
0,3,x7fd498302850,1332,250.0,0.0,5,[4]
0,3,x7fd498302850,1333,-50.0,0.0,2,[0]
0,3,x7fd498302850,1334,799.9919944112253,2.0,5,[4]
0,3,x7fd498302850,1335,250.0,0.0,2,[0]
0,3,x7fd498302850,1336,250.0,0.0,5,[4]
0,3,x7fd498302850,1337,650.0,2.0,2,[0]
0,3,x7fd498302850,1338,102.49801935994525,0.0,5,[4]
0,3,x7fd498302850,1339,250.0,0.0,2,[0]
0,3,x7fd498302850,1340,250.0,0.0,5,[4]
0,3,x7fd498302850,1341,-50.0,0.0,2,[0]
0,3,x7fd498302850,1342,797.1683038010741,2.0,5,[4]
0,3,x7fd498302850,1343,250.0,0.0,2,[0]
0,3,x7fd498302850,1344,250.0,0.0,5,[4]
0,3,x7fd498302850,1345,-50.0,0.0,2,[0]
0,3,x7fd498302850,1346,99.99199441122524,0.0,5,[4]
0,3,x7fd498302850,1347,250.0,0.0,2,[0]
0,3,x7fd498302850,1348,250.0,0.0,5,[4]
0,3,x7fd498302850,1349,-50.0,0.0,2,[0]
0,3,x7fd498302850,1350,102.49801935994498,0.0,5,[4]
0,3,x7fd498302850,1351,250.0,0.0,2,[0]
0,3,x7fd498302850,1352,250.0,0.0,5,[4]
0,3,x7fd498302850,1353,-50.0,0.0,2,[0]
0,3,x7fd498302850,1354,97.16830380107265,0.0,5,[4]
0,3,x7fd498302850,1355,250.0,0.0,2,[0]
0,3,x7fd498302850,1356,250.0,0.0,5,[4]
0,3,x7fd498302850,1357,-50.0,0.0,2,[0]
0,3,x7fd498302850,1358,99.99199441122524,0.0,5,[4]
0,3,x7fd498302850,1359,250.0,0.0,2,[0]
0,3,x7fd498302850,1360,250.0,0.0,5,[4]
0,3,x7fd498302850,1361,250.0,1.0,2,[0]
0,3,x7fd498302850,1362,102.49801935994525,0.0,5,[4]
0,3,x7fd498302850,1363,250.0,0.0,2,[0]
0,3,x7fd498302850,1364,250.0,0.0,5,[4]
0,3,x7fd498302850,1365,-50.0,0.0,2,[0]
0,3,x7fd498302850,1366,397.16830380107405,1.0,5,[4]
0,3,x7fd498302850,1367,250.0,0.0,2,[0]
0,3,x7fd498302850,1368,250.0,0.0,5,[4]
0,3,x7fd498302850,1369,250.0,1.0,2,[0]
0,3,x7fd498302850,1370,99.99199441122524,0.0,5,[4]
0,3,x7fd498302850,1371,250.0,0.0,2,[0]
0,3,x7fd498302850,1372,250.0,0.0,5,[4]
0,3,x7fd498302850,1373,-50.0,0.0,2,[0]
0,3,x7fd498302850,1374,402.49801935994526,1.0,5,[4]
0,3,x7fd498302850,1375,250.0,0.0,2,[0]
0,3,x7fd498302850,1376,250.0,0.0,5,[4]
0,3,x7fd498302850,1377,-50.0,0.0,2,[0]
0,3,x7fd498302850,1378,97.16830380107406,0.0,5,[4]
0,3,x7fd498302850,1379,250.0,0.0,2,[0]
0,3,x7fd498302850,1380,250.0,0.0,5,[4]
0,3,x7fd498302850,1381,-50.0,0.0,2,[0]
0,3,x7fd498302850,1382,99.99199441122524,0.0,5,[4]
0,3,x7fd498302850,1383,250.0,0.0,2,[0]
0,3,x7fd498302850,1384,250.0,0.0,5,[4]
0,3,x7fd498302850,1385,650.0,2.0,2,[0]
0,3,x7fd498302850,1386,102.49801935994498,0.0,5,[4]
0,3,x7fd498302850,1387,950.0,2.0,2,[0]
0,3,x7fd498302850,1388,250.0,0.0,5,[4]
0,3,x7fd498302850,1389,-50.0,0.0,2,[0]
0,3,x7fd498302850,1390,797.1683038010726,2.0,5,[4]
0,3,x7fd498302850,1391,250.0,0.0,2,[0]
0,3,x7fd498302850,1392,950.0,2.0,5,[4]
0,3,x7fd498302850,1393,-50.0,0.0,2,[0]
0,3,x7fd498302850,1394,99.99199441122524,0.0,5,[4]
0,3,x7fd498302850,1395,550.0,1.0,2,[0]
0,3,x7fd498302850,1396,250.0,0.0,5,[4]
0,3,x7fd498302850,1397,-50.0,0.0,2,[0]
0,3,x7fd498302850,1398,102.49801935994525,0.0,5,[4]
0,3,x7fd498302850,1399,950.0,2.0,2,[0]
0,3,x7fd498302850,1400,550.0,1.0,5,[4]
0,3,x7fd498302850,1401,-50.0,0.0,2,[0]
0,3,x7fd498302850,1402,97.16830380107406,0.0,5,[4]
0,3,x7fd498302850,1403,250.0,0.0,2,[0]
0,3,x7fd498302850,1404,950.0,2.0,5,[4]
0,3,x7fd498302850,1405,-50.0,0.0,2,[0]
0,3,x7fd498302850,1406,99.99199441122524,0.0,5,[4]
0,3,x7fd498302850,1407,250.0,0.0,2,[0]
0,3,x7fd498302850,1408,250.0,0.0,5,[4]
0,3,x7fd498302850,1409,650.0,2.0,2,[0]
0,3,x7fd498302850,1410,102.49801935994525,0.0,5,[4]
0,3,x7fd498302850,1411,250.0,0.0,2,[0]
0,3,x7fd498302850,1412,250.0,0.0,5,[4]
0,3,x7fd498302850,1413,-50.0,0.0,2,[0]
0,3,x7fd498302850,1414,797.1683038010741,2.0,5,[4]
0,3,x7fd498302850,1415,250.0,0.0,2,[0]
0,3,x7fd498302850,1416,250.0,0.0,5,[4]
0,3,x7fd498302850,1417,650.0,2.0,2,[0]
0,3,x7fd498302850,1418,99.99199441122524,0.0,5,[4]
0,3,x7fd498302850,1419,250.0,0.0,2,[0]
0,3,x7fd498302850,1420,250.0,0.0,5,[4]
0,3,x7fd498302850,1421,-50.0,0.0,2,[0]
0,3,x7fd498302850,1422,802.4980193599449,2.0,5,[4]
0,3,x7fd498302850,1423,250.0,0.0,2,[0]
0,3,x7fd498302850,1424,250.0,0.0,5,[4]
0,3,x7fd498302850,1425,-50.0,0.0,2,[0]
0,3,x7fd498302850,1426,97.16830380107265,0.0,5,[4]
0,3,x7fd498302850,1427,250.0,0.0,2,[0]
0,3,x7fd498302850,1428,250.0,0.0,5,[4]
0,3,x7fd498302850,1429,-50.0,0.0,2,[0]
0,3,x7fd498302850,1430,99.99199441122524,0.0,5,[4]
0,3,x7fd498302850,1431,950.0,2.0,2,[0]
0,3,x7fd498302850,1432,250.0,0.0,5,[4]
0,3,x7fd498302850,1433,-50.0,0.0,2,[0]
0,3,x7fd498302850,1434,102.49801935994525,0.0,5,[4]
0,3,x7fd498302850,1435,550.0,1.0,2,[0]
0,3,x7fd498302850,1436,950.0,2.0,5,[4]
0,3,x7fd498302850,1437,650.0,2.0,2,[0]
0,3,x7fd498302850,1438,97.16830380107406,0.0,5,[4]
0,3,x7fd498302850,1439,250.0,0.0,2,[0]
0,3,x7fd498302850,1440,550.0,1.0,5,[4]
0,3,x7fd498302850,1441,-50.0,0.0,2,[0]
0,3,x7fd498302850,1442,799.9919944112253,2.0,5,[4]
0,3,x7fd498302850,1443,250.0,0.0,2,[0]
0,3,x7fd498302850,1444,250.0,0.0,5,[4]
0,3,x7fd498302850,1445,250.0,1.0,2,[0]
0,3,x7fd498302850,1446,102.49801935994525,0.0,5,[4]
0,3,x7fd498302850,1447,250.0,0.0,2,[0]
0,3,x7fd498302850,1448,250.0,0.0,5,[4]
0,3,x7fd498302850,1449,-50.0,0.0,2,[0]
0,3,x7fd498302850,1450,397.16830380107405,1.0,5,[4]
0,3,x7fd498302850,1451,250.0,0.0,2,[0]
0,3,x7fd498302850,1452,250.0,0.0,5,[4]
0,3,x7fd498302850,1453,250.0,1.0,2,[0]
0,3,x7fd498302850,1454,99.99199441122524,0.0,5,[4]
0,3,x7fd498302850,1455,250.0,0.0,2,[0]
0,3,x7fd498302850,1456,250.0,0.0,5,[4]
0,3,x7fd498302850,1457,-50.0,0.0,2,[0]
0,3,x7fd498302850,1458,402.498019359945,1.0,5,[4]
0,3,x7fd498302850,1459,250.0,0.0,2,[0]
0,3,x7fd498302850,1460,250.0,0.0,5,[4]
0,3,x7fd498302850,1461,-50.0,0.0,2,[0]
0,3,x7fd498302850,1462,97.16830380107406,0.0,5,[4]
0,3,x7fd498302850,1463,550.0,1.0,2,[0]
0,3,x7fd498302850,1464,250.0,0.0,5,[4]
0,3,x7fd498302850,1465,-50.0,0.0,2,[0]
0,3,x7fd498302850,1466,99.99199441122524,0.0,5,[4]
0,3,x7fd498302850,1467,250.0,0.0,2,[0]
0,3,x7fd498302850,1468,550.0,1.0,5,[4]
0,3,x7fd498302850,1469,-50.0,0.0,2,[0]
0,3,x7fd498302850,1470,102.49801935994525,0.0,5,[4]
0,3,x7fd498302850,1471,950.0,2.0,2,[0]
0,3,x7fd498302850,1472,250.0,0.0,5,[4]
0,3,x7fd498302850,1473,-50.0,0.0,2,[0]
0,3,x7fd498302850,1474,97.16830380107406,0.0,5,[4]
0,3,x7fd498302850,1475,250.0,0.0,2,[0]
0,3,x7fd498302850,1476,950.0,2.0,5,[4]
0,3,x7fd498302850,1477,-50.0,0.0,2,[0]
0,3,x7fd498302850,1478,99.99199441122524,0.0,5,[4]
0,3,x7fd498302850,1479,250.0,0.0,2,[0]
0,3,x7fd498302850,1480,250.0,0.0,5,[4]
0,3,x7fd498302850,1481,650.0,2.0,2,[0]
0,3,x7fd498302850,1482,102.49801935994525,0.0,5,[4]
0,3,x7fd498302850,1483,250.0,0.0,2,[0]
0,3,x7fd498302850,1484,250.0,0.0,5,[4]
0,3,x7fd498302850,1485,-50.0,0.0,2,[0]
0,3,x7fd498302850,1486,797.1683038010741,2.0,5,[4]
0,3,x7fd498302850,1487,250.0,0.0,2,[0]
0,3,x7fd498302850,1488,250.0,0.0,5,[4]
0,3,x7fd498302850,1489,650.0,2.0,2,[0]
0,3,x7fd498302850,1490,99.99199441122524,0.0,5,[4]
0,3,x7fd498302850,1491,250.0,0.0,2,[0]
0,3,x7fd498302850,1492,250.0,0.0,5,[4]
0,3,x7fd498302850,1493,-50.0,0.0,2,[0]
0,3,x7fd498302850,1494,802.4980193599449,2.0,5,[4]
0,3,x7fd498302850,1495,250.0,0.0,2,[0]
0,3,x7fd498302850,1496,250.0,0.0,5,[4]
0,3,x7fd498302850,1497,-50.0,0.0,2,[0]
0,3,x7fd498302850,1498,97.16830380107406,0.0,5,[4]
0,3,x7fd498302850,1499,550.0,1.0,2,[0]
0,3,x7fd498302850,1500,250.0,0.0,5,[4]
0,3,x7fd498302850,1501,-50.0,0.0,2,[0]
0,3,x7fd498302850,1502,99.99199441122524,0.0,5,[4]
0,3,x7fd498302850,1503,250.0,0.0,2,[0]
0,3,x7fd498302850,1504,550.0,1.0,5,[4]
0,3,x7fd498302850,1505,-50.0,0.0,2,[0]
0,3,x7fd498302850,1506,102.49801935994525,0.0,5,[4]
0,3,x7fd498302850,1507,250.0,0.0,2,[0]
0,3,x7fd498302850,1508,250.0,0.0,5,[4]
0,3,x7fd498302850,1509,-50.0,0.0,2,[0]
0,3,x7fd498302850,1510,97.16830380107406,0.0,5,[4]
0,3,x7fd498302850,1511,250.0,0.0,2,[0]
0,3,x7fd498302850,1512,250.0,0.0,5,[4]
0,3,x7fd498302850,1513,650.0,2.0,2,[0]
0,3,x7fd498302850,1514,99.99199441122524,0.0,5,[4]
0,3,x7fd498302850,1515,250.0,0.0,2,[0]
0,3,x7fd498302850,1516,250.0,0.0,5,[4]
0,3,x7fd498302850,1517,-50.0,0.0,2,[0]
0,3,x7fd498302850,1518,802.4980193599453,2.0,5,[4]
0,3,x7fd498302850,1519,950.0,2.0,2,[0]
0,3,x7fd498302850,1520,250.0,0.0,5,[4]
0,3,x7fd498302850,1521,-50.0,0.0,2,[0]
0,3,x7fd498302850,1522,97.16830380107406,0.0,5,[4]
0,3,x7fd498302850,1523,250.0,0.0,2,[0]
0,3,x7fd498302850,1524,950.0,2.0,5,[4]
0,3,x7fd498302850,1525,-50.0,0.0,2,[0]
0,3,x7fd498302850,1526,99.99199441122524,0.0,5,[4]
0,3,x7fd498302850,1527,250.0,0.0,2,[0]
0,3,x7fd498302850,1528,250.0,0.0,5,[4]
0,3,x7fd498302850,1529,-50.0,0.0,2,[0]
0,3,x7fd498302850,1530,102.49801935994498,0.0,5,[4]
0,3,x7fd498302850,1531,250.0,0.0,2,[0]
0,3,x7fd498302850,1532,250.0,0.0,5,[4]
0,3,x7fd498302850,1533,-50.0,0.0,2,[0]
0,3,x7fd498302850,1534,97.16830380107406,0.0,5,[4]
0,3,x7fd498302850,1535,550.0,1.0,2,[0]
0,3,x7fd498302850,1536,250.0,0.0,4,[4]
0,3,x7fd498302850,1537,250.0,1.0,2,[0]
0,3,x7fd498302850,1538,-50.0,0.0,4,[4]
0,3,x7fd498302850,1539,550.0,1.0,4,[4]
0,3,x7fd498302850,1540,400.2955108506955,1.0,3,[4]
0,3,x7fd498302850,1541,550.0,1.0,4,[10]
0,3,x7fd498302850,1542,250.0,0.0,3,[4]
0,3,x7fd498302850,1543,-50.0,0.0,2,[4]
0,3,x7fd498302850,1544,250.0,0.0,2,[4]
0,3,x7fd498302850,1545,100.29551085069548,0.0,4,[4]
0,3,x7fd498302850,1546,250.0,0.0,2,[0]
0,3,x7fd498302850,1547,950.0,2.0,5,[4]
0,3,x7fd498302850,1548,-50.0,0.0,2,[0]
0,3,x7fd498302850,1549,97.16830380107406,0.0,5,[4]
0,3,x7fd498302850,1550,250.0,0.0,2,[0]
0,3,x7fd498302850,1551,250.0,0.0,5,[4]
0,3,x7fd498302850,1552,-50.0,0.0,2,[0]
0,3,x7fd498302850,1553,99.99199441122524,0.0,5,[4]
0,3,x7fd498302850,1554,950.0,2.0,2,[0]
0,3,x7fd498302850,1555,250.0,0.0,4,[4]
0,3,x7fd498302850,1556,100.29551085069541,0.0,4,[4]
0,3,x7fd498302850,1557,950.0,2.0,3,[4]
0,3,x7fd498302850,1558,797.1683038010741,2.0,3,[4]
0,3,x7fd498302850,1559,950.0,2.0,4,[10]
0,3,x7fd498302850,1560,550.0,1.0,3,[4]
0,3,x7fd498302850,1561,250.0,1.0,2,[4]
0,3,x7fd498302850,1562,250.0,0.0,2,[4]
0,3,x7fd498302850,1563,-50.0,0.0,4,[4]
0,3,x7fd498302850,1564,250.0,0.0,5,[4]
0,3,x7fd498302850,1565,-50.0,0.0,2,[0]
0,3,x7fd498302850,1566,102.49801935994498,0.0,5,[4]
0,3,x7fd498302850,1567,250.0,0.0,2,[0]
0,3,x7fd498302850,1568,250.0,0.0,5,[4]
0,3,x7fd498302850,1569,650.0,2.0,2,[0]
0,3,x7fd498302850,1570,97.16830380107406,0.0,5,[4]
0,3,x7fd498302850,1571,250.0,0.0,2,[0]
0,3,x7fd498302850,1572,250.0,0.0,5,[4]
0,3,x7fd498302850,1573,650.0,2.0,2,[0]
0,3,x7fd498302850,1574,799.9919944112253,2.0,5,[4]
0,3,x7fd498302850,1575,250.0,0.0,2,[0]
0,3,x7fd498302850,1576,250.0,0.0,5,[4]
0,3,x7fd498302850,1577,-50.0,0.0,2,[0]
0,3,x7fd498302850,1578,802.4980193599453,2.0,5,[4]
0,3,x7fd498302850,1579,250.0,0.0,2,[0]
0,3,x7fd498302850,1580,250.0,0.0,5,[4]
0,3,x7fd498302850,1581,250.0,1.0,2,[0]
0,3,x7fd498302850,1582,97.16830380107406,0.0,5,[4]
0,3,x7fd498302850,1583,250.0,0.0,2,[0]
0,3,x7fd498302850,1584,250.0,0.0,5,[4]
0,3,x7fd498302850,1585,-50.0,0.0,2,[0]
0,3,x7fd498302850,1586,399.9919944112252,1.0,5,[4]
0,3,x7fd498302850,1587,250.0,0.0,2,[0]
0,3,x7fd498302850,1588,250.0,0.0,5,[4]
0,3,x7fd498302850,1589,-50.0,0.0,2,[0]
0,3,x7fd498302850,1590,102.49801935994525,0.0,5,[4]
0,3,x7fd498302850,1591,250.0,0.0,2,[0]
0,3,x7fd498302850,1592,250.0,0.0,5,[4]
0,3,x7fd498302850,1593,-50.0,0.0,2,[0]
0,3,x7fd498302850,1594,97.16830380107406,0.0,5,[4]
0,3,x7fd498302850,1595,250.0,0.0,2,[0]
0,3,x7fd498302850,1596,250.0,0.0,5,[4]
0,3,x7fd498302850,1597,-50.0,0.0,2,[0]
0,3,x7fd498302850,1598,99.99199441122524,0.0,5,[4]
0,3,x7fd498302850,1599,250.0,0.0,2,[0]
0,3,x7fd498302850,1600,250.0,0.0,5,[4]
0,3,x7fd498302850,1601,250.0,1.0,2,[0]
0,3,x7fd498302850,1602,102.49801935994498,0.0,5,[4]
0,3,x7fd498302850,1603,250.0,0.0,2,[0]
0,3,x7fd498302850,1604,250.0,0.0,5,[4]
0,3,x7fd498302850,1605,-50.0,0.0,2,[0]
0,3,x7fd498302850,1606,397.16830380107405,1.0,5,[4]
0,3,x7fd498302850,1607,250.0,0.0,2,[0]
0,3,x7fd498302850,1608,250.0,0.0,4,[4]
0,3,x7fd498302850,1609,-50.0,0.0,4,[4]
0,3,x7fd498302850,1610,250.0,0.0,3,[4]
0,3,x7fd498302850,1611,102.49801935994525,0.0,5,[4]
0,3,x7fd498302850,1612,250.0,0.0,2,[0]
0,3,x7fd498302850,1613,250.0,0.0,5,[4]
0,3,x7fd498302850,1614,-50.0,0.0,2,[0]
0,3,x7fd498302850,1615,97.16830380107406,0.0,5,[4]
0,3,x7fd498302850,1616,250.0,0.0,2,[0]
0,3,x7fd498302850,1617,250.0,0.0,4,[4]
0,3,x7fd498302850,1618,-50.0,0.0,2,[0]
0,3,x7fd498302850,1619,-50.0,0.0,4,[4]
0,3,x7fd498302850,1620,250.0,0.0,4,[4]
0,3,x7fd498302850,1621,102.49801935994525,0.0,5,[4]
0,3,x7fd498302850,1622,250.0,0.0,2,[0]
0,3,x7fd498302850,1623,250.0,0.0,5,[4]
0,3,x7fd498302850,1624,-50.0,0.0,2,[0]
0,3,x7fd498302850,1625,97.16830380107406,0.0,5,[4]
0,3,x7fd498302850,1626,250.0,0.0,2,[0]
0,3,x7fd498302850,1627,250.0,0.0,5,[4]
0,3,x7fd498302850,1628,-50.0,0.0,2,[0]
0,3,x7fd498302850,1629,-50.0,0.0,4,[4]
0,3,x7fd498302850,1630,250.0,0.0,2,[0]
0,3,x7fd498302850,1631,250.0,0.0,4,[4]
0,3,x7fd498302850,1632,100.29551085069541,0.0,4,[4]
0,3,x7fd498302850,1633,250.0,0.0,3,[4]
0,3,x7fd498302850,1634,97.16830380107406,0.0,3,[4]
0,3,x7fd498302850,1635,550.0,1.0,5,[4]
0,3,x7fd498302850,1636,250.0,1.0,2,[0]
0,3,x7fd498302850,1637,799.9919944112253,2.0,5,[4]
0,3,x7fd498302850,1638,250.0,0.0,2,[0]
0,3,x7fd498302850,1639,250.0,0.0,5,[4]
0,3,x7fd498302850,1640,-50.0,0.0,2,[0]
0,3,x7fd498302850,1641,402.49801935994526,1.0,5,[4]
0,3,x7fd498302850,1642,250.0,0.0,2,[0]
0,3,x7fd498302850,1643,250.0,0.0,5,[4]
0,3,x7fd498302850,1644,-50.0,0.0,2,[0]
0,3,x7fd498302850,1645,97.16830380107406,0.0,5,[4]
0,3,x7fd498302850,1646,250.0,0.0,2,[0]
0,3,x7fd498302850,1647,250.0,0.0,5,[4]
0,3,x7fd498302850,1648,250.0,1.0,2,[0]
0,3,x7fd498302850,1649,99.99199441122524,0.0,5,[4]
0,3,x7fd498302850,1650,250.0,0.0,2,[0]
0,3,x7fd498302850,1651,250.0,0.0,5,[4]
0,3,x7fd498302850,1652,-50.0,0.0,2,[0]
0,3,x7fd498302850,1653,402.49801935994526,1.0,5,[4]
0,3,x7fd498302850,1654,250.0,0.0,2,[0]
0,3,x7fd498302850,1655,250.0,0.0,5,[4]
0,3,x7fd498302850,1656,-50.0,0.0,2,[0]
0,3,x7fd498302850,1657,97.16830380107406,0.0,5,[4]
0,3,x7fd498302850,1658,250.0,0.0,2,[0]
0,3,x7fd498302850,1659,250.0,0.0,5,[4]
0,3,x7fd498302850,1660,-50.0,0.0,2,[0]
0,3,x7fd498302850,1661,99.99199441122524,0.0,5,[4]
0,3,x7fd498302850,1662,250.0,0.0,2,[0]
0,3,x7fd498302850,1663,250.0,0.0,4,[4]
0,3,x7fd498302850,1664,100.29551085069541,0.0,4,[4]
0,3,x7fd498302850,1665,250.0,0.0,5,[4]
0,3,x7fd498302850,1666,-50.0,0.0,2,[0]
0,3,x7fd498302850,1667,397.16830380107405,1.0,5,[4]
0,3,x7fd498302850,1668,250.0,0.0,2,[0]
0,3,x7fd498302850,1669,250.0,0.0,5,[4]
0,3,x7fd498302850,1670,-50.0,0.0,2,[0]
0,3,x7fd498302850,1671,99.99199441122524,0.0,5,[4]
0,3,x7fd498302850,1672,950.0,2.0,2,[0]
0,3,x7fd498302850,1673,250.0,0.0,4,[4]
0,3,x7fd498302850,1674,100.29551085069548,0.0,4,[4]
0,3,x7fd498302850,1675,950.0,2.0,3,[4]
0,3,x7fd498302850,1676,97.16830380107406,0.0,3,[4]
0,3,x7fd498302850,1677,250.0,0.0,5,[4]
0,3,x7fd498302850,1678,-50.0,0.0,2,[0]
0,3,x7fd498302850,1679,99.99199441122524,0.0,5,[4]
0,3,x7fd498302850,1680,250.0,0.0,2,[0]
0,3,x7fd498302850,1681,250.0,0.0,5,[4]
0,3,x7fd498302850,1682,-50.0,0.0,2,[0]
0,3,x7fd498302850,1683,102.49801935994525,0.0,5,[4]
0,3,x7fd498302850,1684,250.0,0.0,2,[0]
0,3,x7fd498302850,1685,250.0,0.0,5,[4]
0,3,x7fd498302850,1686,-50.0,0.0,2,[0]
0,3,x7fd498302850,1687,97.16830380107406,0.0,5,[4]
0,3,x7fd498302850,1688,250.0,0.0,2,[0]
0,3,x7fd498302850,1689,250.0,0.0,5,[4]
0,3,x7fd498302850,1690,-50.0,0.0,2,[0]
0,3,x7fd498302850,1691,99.99199441122524,0.0,5,[4]
0,3,x7fd498302850,1692,250.0,0.0,2,[0]
0,3,x7fd498302850,1693,250.0,0.0,5,[4]
0,3,x7fd498302850,1694,-50.0,0.0,2,[0]
0,3,x7fd498302850,1695,102.49801935994498,0.0,5,[4]
0,3,x7fd498302850,1696,250.0,0.0,2,[0]
0,3,x7fd498302850,1697,250.0,0.0,5,[4]
0,3,x7fd498302850,1698,250.0,1.0,2,[0]
0,3,x7fd498302850,1699,97.16830380107406,0.0,5,[4]
0,3,x7fd498302850,1700,250.0,0.0,2,[0]
0,3,x7fd498302850,1701,250.0,0.0,5,[4]
0,3,x7fd498302850,1702,-50.0,0.0,2,[0]
0,3,x7fd498302850,1703,399.9919944112252,1.0,5,[4]
0,3,x7fd498302850,1704,250.0,0.0,2,[0]
0,3,x7fd498302850,1705,250.0,0.0,5,[4]
0,3,x7fd498302850,1706,-50.0,0.0,2,[0]
0,3,x7fd498302850,1707,102.49801935994525,0.0,5,[4]
0,3,x7fd498302850,1708,250.0,0.0,2,[0]
0,3,x7fd498302850,1709,250.0,0.0,5,[4]
0,3,x7fd498302850,1710,250.0,1.0,2,[0]
0,3,x7fd498302850,1711,97.16830380107406,0.0,5,[4]
0,3,x7fd498302850,1712,250.0,0.0,2,[0]
0,3,x7fd498302850,1713,250.0,0.0,5,[4]
0,3,x7fd498302850,1714,650.0,2.0,2,[0]
0,3,x7fd498302850,1715,399.9919944112252,1.0,5,[4]
0,3,x7fd498302850,1716,250.0,0.0,2,[0]
0,3,x7fd498302850,1717,250.0,0.0,5,[4]
0,3,x7fd498302850,1718,-50.0,0.0,2,[0]
0,3,x7fd498302850,1719,802.4980193599453,2.0,5,[4]
0,3,x7fd498302850,1720,250.0,0.0,2,[0]
0,3,x7fd498302850,1721,250.0,0.0,5,[4]
0,3,x7fd498302850,1722,-50.0,0.0,2,[0]
0,3,x7fd498302850,1723,97.16830380107406,0.0,5,[4]
0,3,x7fd498302850,1724,250.0,0.0,2,[0]
0,3,x7fd498302850,1725,250.0,0.0,5,[4]
0,3,x7fd498302850,1726,650.0,2.0,2,[0]
0,3,x7fd498302850,1727,99.99199441122524,0.0,5,[4]
0,3,x7fd498302850,1728,250.0,0.0,2,[0]
0,3,x7fd498302850,1729,250.0,0.0,5,[4]
0,3,x7fd498302850,1730,-50.0,0.0,2,[0]
0,3,x7fd498302850,1731,802.4980193599449,2.0,5,[4]
0,3,x7fd498302850,1732,950.0,2.0,2,[0]
0,3,x7fd498302850,1733,250.0,0.0,5,[4]
0,3,x7fd498302850,1734,-50.0,0.0,2,[0]
0,3,x7fd498302850,1735,97.16830380107406,0.0,5,[4]
0,3,x7fd498302850,1736,250.0,0.0,2,[0]
0,3,x7fd498302850,1737,950.0,2.0,5,[4]
0,3,x7fd498302850,1738,-50.0,0.0,2,[0]
0,3,x7fd498302850,1739,99.99199441122524,0.0,5,[4]
0,3,x7fd498302850,1740,250.0,0.0,2,[0]
0,3,x7fd498302850,1741,250.0,0.0,5,[4]
0,3,x7fd498302850,1742,250.0,1.0,2,[0]
0,3,x7fd498302850,1743,102.49801935994525,0.0,5,[4]
0,3,x7fd498302850,1744,250.0,0.0,2,[0]
0,3,x7fd498302850,1745,250.0,0.0,5,[4]
0,3,x7fd498302850,1746,-50.0,0.0,2,[0]
0,3,x7fd498302850,1747,397.16830380107405,1.0,5,[4]
0,3,x7fd498302850,1748,250.0,0.0,2,[0]
0,3,x7fd498302850,1749,250.0,0.0,4,[4]
0,3,x7fd498302850,1750,-50.0,0.0,2,[0]
0,3,x7fd498302850,1751,-50.0,0.0,4,[4]
0,3,x7fd498302850,1752,250.0,0.0,4,[4]
0,3,x7fd498302850,1753,100.29551085069548,0.0,3,[4]
0,3,x7fd498302850,1754,250.0,0.0,4,[10]
0,3,x7fd498302850,1755,250.0,0.0,3,[4]
0,3,x7fd498302850,1756,-50.0,0.0,2,[4]
0,3,x7fd498302850,1757,250.0,0.0,2,[4]
0,3,x7fd498302850,1758,250.0,0.0,4,[4]
0,3,x7fd498302850,1759,100.29551085069532,0.0,3,[4]
0,3,x7fd498302850,1760,250.0,0.0,3,[4]
0,3,x7fd498302850,1761,250.0,1.0,2,[4]
0,3,x7fd498302850,1762,250.0,0.0,2,[4]
0,3,x7fd498302850,1763,-50.0,0.0,2,[10]
0,3,x7fd498302850,1764,950.0,2.0,3,[4]
0,3,x7fd498302850,1765,799.9919944112253,2.0,5,[4]
0,3,x7fd498302850,1766,550.0,1.0,2,[0]
0,3,x7fd498302850,1767,250.0,0.0,4,[4]
0,3,x7fd498302850,1768,100.29551085069563,0.0,4,[4]
0,3,x7fd498302850,1769,550.0,1.0,3,[4]
0,3,x7fd498302850,1770,797.1683038010744,2.0,3,[4]
0,3,x7fd498302850,1771,550.0,1.0,2,[4]
0,3,x7fd498302850,1772,-50.0,0.0,2,[4]
0,3,x7fd498302850,1773,250.0,0.0,3,[4]
0,3,x7fd498302850,1774,97.16830380107368,0.0,3,[4]
0,3,x7fd498302850,1775,250.0,0.0,2,[4]
0,3,x7fd498302850,1776,-50.0,0.0,2,[4]
0,3,x7fd498302850,1777,250.0,0.0,2,[10]
0,3,x7fd498302850,1778,550.0,1.0,2,[4]
0,3,x7fd498302850,1779,250.0,0.0,3,[4]
0,3,x7fd498302850,1780,100.00121609403578,0.0,4,[10]
0,3,x7fd498302850,1781,100.29551085069563,0.0,3,[4]
0,3,x7fd498302850,1782,950.0,2.0,4,[4]
0,3,x7fd498302850,1783,797.1683038010744,2.0,4,[4]
0,3,x7fd498302850,1784,250.0,0.0,3,[4]
0,3,x7fd498302850,1785,-50.0,0.0,3,[4]
0,3,x7fd498302850,1786,250.0,0.0,4,[4]
0,3,x7fd498302850,1787,100.29551085069534,0.0,4,[4]
0,3,x7fd498302850,1788,250.0,0.0,3,[4]
0,3,x7fd498302850,1789,797.1683038010736,2.0,3,[4]
0,3,x7fd498302850,1790,250.0,0.0,2,[4]
0,3,x7fd498302850,1791,-50.0,0.0,2,[4]
0,3,x7fd498302850,1792,250.0,0.0,3,[10]
0,3,x7fd498302850,1793,250.0,0.0,2,[4]
0,3,x7fd498302850,1794,100.29551085069517,0.0,4,[4]
0,3,x7fd498302850,1795,250.0,0.0,3,[4]
0,3,x7fd498302850,1796,161.11194884815293,0.0,4,[10]
0,3,x7fd498302850,1797,97.16830380107444,0.0,3,[4]
0,3,x7fd498302850,1798,950.0,2.0,2,[4]
0,3,x7fd498302850,1799,650.0,2.0,2,[4]
0,3,x7fd498302850,1800,250.0,0.0,3,[4]
0,3,x7fd498302850,1801,97.16830380107368,0.0,3,[4]
0,3,x7fd498302850,1802,250.0,0.0,2,[4]
0,3,x7fd498302850,1803,99.99199441122524,0.0,5,[4]
0,3,x7fd498302850,1804,250.0,0.0,2,[0]
0,3,x7fd498302850,1805,250.0,0.0,5,[4]
0,3,x7fd498302850,1806,-50.0,0.0,2,[0]
0,3,x7fd498302850,1807,102.49801935994454,0.0,5,[4]
0,3,x7fd498302850,1808,250.0,0.0,2,[0]
0,3,x7fd498302850,1809,250.0,0.0,5,[4]
0,3,x7fd498302850,1810,-50.0,0.0,2,[0]
0,3,x7fd498302850,1811,97.16830380107368,0.0,5,[4]
0,3,x7fd498302850,1812,250.0,0.0,2,[0]
0,3,x7fd498302850,1813,250.0,0.0,5,[4]
0,3,x7fd498302850,1814,-50.0,0.0,2,[0]
0,3,x7fd498302850,1815,99.99199441122522,0.0,5,[4]
0,3,x7fd498302850,1816,250.0,0.0,2,[0]
0,3,x7fd498302850,1817,250.0,0.0,5,[4]
0,3,x7fd498302850,1818,-50.0,0.0,2,[0]
0,3,x7fd498302850,1819,102.49801935994597,0.0,5,[4]
0,3,x7fd498302850,1820,550.0,1.0,2,[0]
0,3,x7fd498302850,1821,250.0,0.0,5,[4]
0,3,x7fd498302850,1822,-50.0,0.0,2,[0]
0,3,x7fd498302850,1823,97.16830380107444,0.0,5,[4]
0,3,x7fd498302850,1824,250.0,0.0,2,[0]
0,3,x7fd498302850,1825,550.0,1.0,5,[4]
0,3,x7fd498302850,1826,-50.0,0.0,2,[0]
0,3,x7fd498302850,1827,99.99199441122525,0.0,5,[4]
0,3,x7fd498302850,1828,950.0,2.0,2,[0]
0,3,x7fd498302850,1829,250.0,0.0,5,[4]
0,3,x7fd498302850,1830,-50.0,0.0,2,[0]
0,3,x7fd498302850,1831,102.49801935994597,0.0,5,[4]
0,3,x7fd498302850,1832,250.0,0.0,2,[0]
0,3,x7fd498302850,1833,950.0,2.0,5,[4]
0,3,x7fd498302850,1834,-50.0,0.0,2,[0]
0,3,x7fd498302850,1835,97.16830380107368,0.0,5,[4]
0,3,x7fd498302850,1836,550.0,1.0,2,[0]
0,3,x7fd498302850,1837,250.0,0.0,4,[4]
0,3,x7fd498302850,1838,-50.0,0.0,4,[4]
0,3,x7fd498302850,1839,550.0,1.0,3,[4]
0,3,x7fd498302850,1840,100.29551085069534,0.0,3,[4]
0,3,x7fd498302850,1841,250.0,0.0,5,[4]
0,3,x7fd498302850,1842,-50.0,0.0,2,[0]
0,3,x7fd498302850,1843,397.16830380107365,1.0,5,[4]
0,3,x7fd498302850,1844,250.0,0.0,2,[0]
0,3,x7fd498302850,1845,250.0,0.0,5,[4]
0,3,x7fd498302850,1846,650.0,2.0,2,[0]
0,3,x7fd498302850,1847,99.99199441122522,0.0,5,[4]
0,3,x7fd498302850,1848,250.0,0.0,2,[0]
0,3,x7fd498302850,1849,250.0,0.0,5,[4]
0,3,x7fd498302850,1850,-50.0,0.0,2,[0]
0,3,x7fd498302850,1851,802.4980193599459,2.0,5,[4]
0,3,x7fd498302850,1852,550.0,1.0,2,[0]
0,3,x7fd498302850,1853,250.0,0.0,4,[4]
0,3,x7fd498302850,1854,97.16830380107444,0.0,4,[4]
0,3,x7fd498302850,1855,550.0,1.0,5,[4]
0,3,x7fd498302850,1856,650.0,2.0,2,[0]
0,3,x7fd498302850,1857,99.99199441122525,0.0,5,[4]
0,3,x7fd498302850,1858,250.0,0.0,2,[0]
0,3,x7fd498302850,1859,550.0,1.0,5,[4]
0,3,x7fd498302850,1860,250.0,1.0,2,[0]
0,3,x7fd498302850,1861,800.2955108506957,2.0,4,[4]
0,3,x7fd498302850,1862,250.0,0.0,4,[4]
0,3,x7fd498302850,1863,397.16830380107365,1.0,3,[4]
0,3,x7fd498302850,1864,250.0,0.0,3,[4]
0,3,x7fd498302850,1865,-50.0,0.0,2,[4]
0,3,x7fd498302850,1866,250.0,0.0,2,[4]
0,3,x7fd498302850,1867,-50.0,0.0,3,[10]
0,3,x7fd498302850,1868,-50.0,0.0,2,[4]
0,3,x7fd498302850,1869,97.16830380107368,0.0,3,[4]
0,3,x7fd498302850,1870,250.0,0.0,3,[4]
0,3,x7fd498302850,1871,-50.0,0.0,2,[4]
0,3,x7fd498302850,1872,950.0,2.0,2,[4]
0,3,x7fd498302850,1873,250.0,0.0,2,[10]
0,3,x7fd498302850,1874,250.0,0.0,5,[4]
0,3,x7fd498302850,1875,-50.0,0.0,2,[0]
0,3,x7fd498302850,1876,102.49801935994597,0.0,5,[4]
0,3,x7fd498302850,1877,550.0,1.0,2,[0]
0,3,x7fd498302850,1878,250.0,0.0,5,[4]
0,3,x7fd498302850,1879,-50.0,0.0,2,[0]
0,3,x7fd498302850,1880,97.16830380107368,0.0,5,[4]
0,3,x7fd498302850,1881,250.0,0.0,2,[0]
0,3,x7fd498302850,1882,550.0,1.0,5,[4]
0,3,x7fd498302850,1883,-50.0,0.0,2,[0]
0,3,x7fd498302850,1884,-50.0,0.0,4,[4]
0,3,x7fd498302850,1885,250.0,0.0,2,[0]
0,3,x7fd498302850,1886,250.0,0.0,4,[4]
0,3,x7fd498302850,1887,100.29551085069534,0.0,4,[4]
0,3,x7fd498302850,1888,250.0,0.0,3,[4]
0,3,x7fd498302850,1889,97.16830380107368,0.0,3,[4]
0,3,x7fd498302850,1890,250.0,0.0,2,[4]
0,3,x7fd498302850,1891,-50.0,0.0,2,[4]
0,3,x7fd498302850,1892,250.0,0.0,4,[4]
0,3,x7fd498302850,1893,97.16830380107444,0.0,5,[4]
0,3,x7fd498302850,1894,950.0,2.0,2,[0]
0,3,x7fd498302850,1895,950.0,2.0,5,[4]
0,3,x7fd498302850,1896,650.0,2.0,2,[0]
0,3,x7fd498302850,1897,99.99199441122525,0.0,5,[4]
0,3,x7fd498302850,1898,250.0,0.0,2,[0]
0,3,x7fd498302850,1899,950.0,2.0,5,[4]
0,3,x7fd498302850,1900,650.0,2.0,2,[0]
0,3,x7fd498302850,1901,802.4980193599459,2.0,5,[4]
0,3,x7fd498302850,1902,250.0,0.0,2,[0]
0,3,x7fd498302850,1903,250.0,0.0,5,[4]
0,3,x7fd498302850,1904,-50.0,0.0,2,[0]
0,3,x7fd498302850,1905,797.1683038010736,2.0,5,[4]
0,3,x7fd498302850,1906,250.0,0.0,2,[0]
0,3,x7fd498302850,1907,250.0,0.0,5,[4]
0,3,x7fd498302850,1908,-50.0,0.0,2,[0]
0,3,x7fd498302850,1909,99.99199441122524,0.0,5,[4]
0,3,x7fd498302850,1910,250.0,0.0,2,[0]
0,3,x7fd498302850,1911,250.0,0.0,4,[4]
0,3,x7fd498302850,1912,100.29551085069534,0.0,4,[4]
0,3,x7fd498302850,1913,250.0,0.0,3,[4]
0,3,x7fd498302850,1914,97.16830380107368,0.0,3,[4]
0,3,x7fd498302850,1915,250.0,0.0,2,[4]
0,3,x7fd498302850,1916,-50.0,0.0,2,[4]
0,3,x7fd498302850,1917,550.0,1.0,2,[4]
0,3,x7fd498302850,1918,550.0,1.0,2,[10]
0,3,x7fd498302850,1919,250.0,1.0,3,[4]
0,3,x7fd498302850,1920,250.0,0.0,3,[4]
0,3,x7fd498302850,1921,102.49801935994454,0.0,5,[4]
0,3,x7fd498302850,1922,250.0,0.0,2,[0]
0,3,x7fd498302850,1923,250.0,0.0,5,[4]
0,3,x7fd498302850,1924,-50.0,0.0,2,[0]
0,3,x7fd498302850,1925,97.16830380107368,0.0,5,[4]
0,3,x7fd498302850,1926,950.0,2.0,2,[0]
0,3,x7fd498302850,1927,250.0,0.0,5,[4]
0,3,x7fd498302850,1928,-50.0,0.0,2,[0]
0,3,x7fd498302850,1929,99.99199441122522,0.0,5,[4]
0,3,x7fd498302850,1930,950.0,2.0,2,[0]
0,3,x7fd498302850,1931,950.0,2.0,4,[4]
0,3,x7fd498302850,1932,100.29551085069563,0.0,4,[4]
0,3,x7fd498302850,1933,950.0,2.0,3,[4]
0,3,x7fd498302850,1934,97.16830380107444,0.0,3,[4]
0,3,x7fd498302850,1935,950.0,2.0,2,[4]
0,3,x7fd498302850,1936,-50.0,0.0,2,[4]
0,3,x7fd498302850,1937,250.0,0.0,2,[4]
0,3,x7fd498302850,1938,250.0,0.0,2,[10]
0,3,x7fd498302850,1939,250.0,0.0,4,[10]
0,3,x7fd498302850,1940,250.0,0.0,3,[4]
0,3,x7fd498302850,1941,-50.0,0.0,2,[4]
0,3,x7fd498302850,1942,250.0,0.0,2,[4]
0,3,x7fd498302850,1943,100.29551085069534,0.0,4,[4]
0,3,x7fd498302850,1944,250.0,0.0,2,[0]
0,3,x7fd498302850,1945,250.0,0.0,4,[4]
0,3,x7fd498302850,1946,797.1683038010736,2.0,4,[4]
0,3,x7fd498302850,1947,250.0,0.0,3,[4]
0,3,x7fd498302850,1948,799.8668231701865,2.0,4,[10]
0,3,x7fd498302850,1949,-50.0,0.0,3,[4]
0,3,x7fd498302850,1950,950.0,2.0,2,[4]
0,3,x7fd498302850,1951,250.0,1.0,2,[4]
0,3,x7fd498302850,1952,250.0,0.0,2,[4]
0,3,x7fd498302850,1953,-50.0,0.0,2,[4]
0,3,x7fd498302850,1954,97.16830380107368,0.0,3,[4]
0,3,x7fd498302850,1955,250.0,0.0,2,[4]
0,3,x7fd498302850,1956,650.0,2.0,2,[4]
0,3,x7fd498302850,1957,250.0,0.0,2,[4]
0,3,x7fd498302850,1958,99.86682317018669,0.0,3,[10]
0,3,x7fd498302850,1959,-50.0,0.0,2,[4]
0,3,x7fd498302850,1960,550.0,1.0,2,[4]
0,3,x7fd498302850,1961,-50.0,0.0,2,[4]
0,3,x7fd498302850,1962,250.0,0.0,4,[4]
0,3,x7fd498302850,1963,-50.0,0.0,4,[4]
0,3,x7fd498302850,1964,250.0,0.0,5,[4]
0,3,x7fd498302850,1965,-50.0,0.0,2,[0]
0,3,x7fd498302850,1966,102.49801935994597,0.0,5,[4]
0,3,x7fd498302850,1967,250.0,0.0,2,[0]
0,3,x7fd498302850,1968,250.0,0.0,5,[4]
0,3,x7fd498302850,1969,250.0,1.0,2,[0]
0,3,x7fd498302850,1970,97.16830380107368,0.0,5,[4]
0,3,x7fd498302850,1971,550.0,1.0,2,[0]
0,3,x7fd498302850,1972,250.0,0.0,5,[4]
0,3,x7fd498302850,1973,-50.0,0.0,2,[0]
0,3,x7fd498302850,1974,399.9919944112252,1.0,5,[4]
0,3,x7fd498302850,1975,250.0,0.0,2,[0]
0,3,x7fd498302850,1976,550.0,1.0,5,[4]
0,3,x7fd498302850,1977,250.0,1.0,2,[0]
0,3,x7fd498302850,1978,102.49801935994454,0.0,5,[4]
0,3,x7fd498302850,1979,550.0,1.0,2,[0]
0,3,x7fd498302850,1980,250.0,0.0,5,[4]
0,3,x7fd498302850,1981,-50.0,0.0,2,[0]
0,3,x7fd498302850,1982,397.16830380107365,1.0,5,[4]
0,3,x7fd498302850,1983,250.0,0.0,2,[0]
0,3,x7fd498302850,1984,550.0,1.0,5,[4]
0,3,x7fd498302850,1985,-50.0,0.0,2,[0]
0,3,x7fd498302850,1986,99.99199441122522,0.0,5,[4]
0,3,x7fd498302850,1987,250.0,0.0,2,[0]
0,3,x7fd498302850,1988,250.0,0.0,5,[4]
0,3,x7fd498302850,1989,-50.0,0.0,2,[0]
0,3,x7fd498302850,1990,102.49801935994597,0.0,5,[4]
0,3,x7fd498302850,1991,250.0,0.0,2,[0]
0,3,x7fd498302850,1992,250.0,0.0,5,[4]
0,3,x7fd498302850,1993,-50.0,0.0,2,[0]
0,3,x7fd498302850,1994,97.16830380107444,0.0,5,[4]
0,3,x7fd498302850,1995,250.0,0.0,2,[0]
0,3,x7fd498302850,1996,250.0,0.0,5,[4]
0,3,x7fd498302850,1997,-50.0,0.0,2,[0]
0,3,x7fd498302850,1998,99.99199441122525,0.0,5,[4]
0,3,x7fd498302850,1999,550.0,1.0,2,[0]
0,3,x7fd498302850,2000,250.0,0.0,5,[4]
0,3,x7fd498302850,2001,250.0,1.0,2,[0]
0,3,x7fd498302850,2002,102.49801935994597,0.0,5,[4]
0,3,x7fd498302850,2003,250.0,0.0,2,[0]
0,3,x7fd498302850,2004,550.0,1.0,5,[4]
0,3,x7fd498302850,2005,-50.0,0.0,2,[0]
0,3,x7fd498302850,2006,397.16830380107365,1.0,5,[4]
0,3,x7fd498302850,2007,250.0,0.0,2,[0]
0,3,x7fd498302850,2008,250.0,0.0,5,[4]
0,3,x7fd498302850,2009,-50.0,0.0,2,[0]
0,3,x7fd498302850,2010,99.99199441122524,0.0,5,[4]
0,3,x7fd498302850,2011,250.0,0.0,2,[0]
0,3,x7fd498302850,2012,250.0,0.0,5,[4]
0,3,x7fd498302850,2013,650.0,2.0,2,[0]
0,3,x7fd498302850,2014,102.49801935994454,0.0,5,[4]
0,3,x7fd498302850,2015,550.0,1.0,2,[0]
0,3,x7fd498302850,2016,250.0,0.0,5,[4]
0,3,x7fd498302850,2017,-50.0,0.0,2,[0]
0,3,x7fd498302850,2018,797.1683038010736,2.0,5,[4]
0,3,x7fd498302850,2019,250.0,0.0,2,[0]
0,3,x7fd498302850,2020,550.0,1.0,5,[4]
0,3,x7fd498302850,2021,-50.0,0.0,2,[0]
0,3,x7fd498302850,2022,99.99199441122522,0.0,5,[4]
0,3,x7fd498302850,2023,250.0,0.0,2,[0]
0,3,x7fd498302850,2024,250.0,0.0,5,[4]
0,3,x7fd498302850,2025,-50.0,0.0,2,[0]
0,3,x7fd498302850,2026,102.49801935994597,0.0,5,[4]
0,3,x7fd498302850,2027,250.0,0.0,2,[0]
0,3,x7fd498302850,2028,250.0,0.0,5,[4]
0,3,x7fd498302850,2029,-50.0,0.0,2,[0]
0,3,x7fd498302850,2030,97.16830380107444,0.0,5,[4]
0,3,x7fd498302850,2031,250.0,0.0,2,[0]
0,3,x7fd498302850,2032,250.0,0.0,5,[4]
0,3,x7fd498302850,2033,250.0,1.0,2,[0]
0,3,x7fd498302850,2034,99.99199441122525,0.0,5,[4]
0,3,x7fd498302850,2035,250.0,0.0,2,[0]
0,3,x7fd498302850,2036,250.0,0.0,5,[4]
0,3,x7fd498302850,2037,-50.0,0.0,2,[0]
0,3,x7fd498302850,2038,402.49801935994594,1.0,5,[4]
0,3,x7fd498302850,2039,950.0,2.0,2,[0]
0,3,x7fd498302850,2040,250.0,0.0,5,[4]
0,3,x7fd498302850,2041,-50.0,0.0,2,[0]
0,3,x7fd498302850,2042,97.16830380107368,0.0,4,[4]
0,3,x7fd498302850,2043,250.0,0.0,2,[0]
0,3,x7fd498302850,2044,950.0,2.0,4,[4]
0,3,x7fd498302850,2045,-50.0,0.0,4,[4]
0,3,x7fd498302850,2046,250.0,0.0,3,[4]
0,3,x7fd498302850,2047,100.00121609403578,0.0,4,[10]
0,3,x7fd498302850,2048,100.29551085069534,0.0,3,[4]
0,3,x7fd498302850,2049,250.0,0.0,2,[4]
0,3,x7fd498302850,2050,650.0,2.0,2,[4]
0,3,x7fd498302850,2051,399.9919944112252,1.0,5,[4]
0,3,x7fd498302850,2052,250.0,0.0,2,[0]
0,3,x7fd498302850,2053,250.0,0.0,5,[4]
0,3,x7fd498302850,2054,-50.0,0.0,2,[0]
0,3,x7fd498302850,2055,100.29551085069563,0.0,4,[4]
0,3,x7fd498302850,2056,250.0,0.0,4,[4]
0,3,x7fd498302850,2057,97.16830380107444,0.0,3,[4]
0,3,x7fd498302850,2058,950.0,2.0,3,[4]
0,3,x7fd498302850,2059,-50.0,0.0,2,[4]
0,3,x7fd498302850,2060,250.0,0.0,2,[4]
0,3,x7fd498302850,2061,250.0,0.0,3,[4]
0,3,x7fd498302850,2062,99.99199441122524,0.0,5,[4]
0,3,x7fd498302850,2063,250.0,0.0,2,[0]
0,3,x7fd498302850,2064,550.0,1.0,5,[4]
0,3,x7fd498302850,2065,-50.0,0.0,2,[0]
0,3,x7fd498302850,2066,100.29551085069534,0.0,4,[4]
0,3,x7fd498302850,2067,250.0,0.0,5,[4]
0,3,x7fd498302850,2068,250.0,1.0,2,[0]
0,3,x7fd498302850,2069,97.16830380107368,0.0,5,[4]
0,3,x7fd498302850,2070,250.0,0.0,2,[0]
0,3,x7fd498302850,2071,250.0,0.0,5,[4]
0,3,x7fd498302850,2072,-50.0,0.0,2,[0]
0,3,x7fd498302850,2073,399.9919944112252,1.0,5,[4]
0,3,x7fd498302850,2074,250.0,0.0,2,[0]
0,3,x7fd498302850,2075,250.0,0.0,5,[4]
0,3,x7fd498302850,2076,-50.0,0.0,2,[0]
0,3,x7fd498302850,2077,102.49801935994597,0.0,5,[4]
0,3,x7fd498302850,2078,250.0,0.0,2,[0]
0,3,x7fd498302850,2079,250.0,0.0,5,[4]
0,3,x7fd498302850,2080,-50.0,0.0,2,[0]
0,3,x7fd498302850,2081,97.16830380107444,0.0,5,[4]
0,3,x7fd498302850,2082,250.0,0.0,2,[0]
0,3,x7fd498302850,2083,250.0,0.0,5,[4]
0,3,x7fd498302850,2084,650.0,2.0,2,[0]
0,3,x7fd498302850,2085,99.99199441122525,0.0,5,[4]
0,3,x7fd498302850,2086,950.0,2.0,2,[0]
0,3,x7fd498302850,2087,250.0,0.0,5,[4]
0,3,x7fd498302850,2088,-50.0,0.0,2,[0]
0,3,x7fd498302850,2089,802.4980193599459,2.0,5,[4]
0,3,x7fd498302850,2090,950.0,2.0,2,[0]
0,3,x7fd498302850,2091,950.0,2.0,5,[4]
0,3,x7fd498302850,2092,-50.0,0.0,2,[0]
0,3,x7fd498302850,2093,97.16830380107368,0.0,5,[4]
0,3,x7fd498302850,2094,250.0,0.0,2,[0]
0,3,x7fd498302850,2095,950.0,2.0,5,[4]
0,3,x7fd498302850,2096,-50.0,0.0,2,[0]
0,3,x7fd498302850,2097,99.99199441122524,0.0,5,[4]
0,3,x7fd498302850,2098,250.0,0.0,2,[0]
0,3,x7fd498302850,2099,250.0,0.0,5,[4]
0,3,x7fd498302850,2100,-50.0,0.0,2,[0]
0,3,x7fd498302850,2101,102.49801935994454,0.0,5,[4]
0,3,x7fd498302850,2102,250.0,0.0,2,[0]
0,3,x7fd498302850,2103,250.0,0.0,5,[4]
0,3,x7fd498302850,2104,-50.0,0.0,2,[0]
0,3,x7fd498302850,2105,97.16830380107368,0.0,5,[4]
0,3,x7fd498302850,2106,250.0,0.0,2,[0]
